model,term,coef,std_err,z,p
F1_on_logtokens_elaborate,Intercept,-0.13631631286402368,0.7467607576048616,-0.18254348728934364,0.8551562296993859
F1_on_logtokens_elaborate,C(step)[T.2],0.011066055990100519,0.04024300091003436,0.2749808846223807,0.7833309242666582
F1_on_logtokens_elaborate,C(step)[T.3],-0.011848190228171011,0.040997040068696235,-0.28900111345398893,0.7725805254847371
F1_on_logtokens_elaborate,log_ntokens,0.06603856769754439,0.10147420096775708,0.6507916994441554,0.5151809591501917
F1_on_logtokens_elaborate,Group Var,3.8965162524535994,1.6045659608430405,2.4283926915702274,0.015165912363418915
