model,term,coef,std_err,z,p
OFS_on_logtokens_elaborate,Intercept,1.8725018126768693,0.16785729808919542,11.155319631571015,6.744998573913364e-29
OFS_on_logtokens_elaborate,C(step)[T.2],-0.0232992347491574,0.009390972464137217,-2.4810247115656927,0.013100529053922911
OFS_on_logtokens_elaborate,C(step)[T.3],-0.05378505167895242,0.00955626112072722,-5.628252618829595,1.8204434713734103e-08
OFS_on_logtokens_elaborate,log_ntokens,-0.13722087045315953,0.022943942881571307,-5.980701362509756,2.2217888226632984e-09
OFS_on_logtokens_elaborate,Group Var,1.110012164679528,0.49367605154681793,2.2484626531944696,0.024546703953914978
