model,term,coef,std_err,z,p
OFS_on_instruction_no_tokens,Intercept,0.8504402805655374,0.01221949671806344,69.59699733855456,0.0
OFS_on_instruction_no_tokens,C(instruction_type)[T.formality],0.05871439572567791,0.005985958801826521,9.808686907060258,1.0330402382867757e-22
OFS_on_instruction_no_tokens,C(instruction_type)[T.paraphrase],0.06682221128011961,0.005985958801826521,11.163159235197186,6.175720759276305e-29
OFS_on_instruction_no_tokens,C(instruction_type)[T.shorten],0.05457055969167484,0.005985958801826521,9.116427542906491,7.764147759023489e-20
OFS_on_instruction_no_tokens,C(step)[T.2],-0.008271509249699795,0.005183992388388827,-1.5955866887895955,0.11058110138519547
OFS_on_instruction_no_tokens,C(step)[T.3],-0.018191140798759112,0.005183992388388827,-3.5090986706508023,0.00044962806435552794
OFS_on_instruction_no_tokens,Group Var,0.7593667895553793,0.3015211662197101,2.5184526813684776,0.011787172033009205
