model,term,coef,std_err,z,p
OFS_on_instruction_with_tokens,Intercept,1.149730533059446,0.061998581838588966,18.54446503393783,9.039562188697716e-77
OFS_on_instruction_with_tokens,C(instruction_type)[T.formality],0.0497438009108488,0.006143164523510725,8.097422870651195,5.61356720377972e-16
OFS_on_instruction_with_tokens,C(instruction_type)[T.paraphrase],0.04165242374591127,0.007787078819309471,5.348915133955823,8.848301809838923e-08
OFS_on_instruction_with_tokens,C(instruction_type)[T.shorten],0.008844287636131525,0.01099929083397451,0.8040779873565458,0.4213519365847751
OFS_on_instruction_with_tokens,C(step)[T.2],-0.011581897180978264,0.0051243089765433385,-2.2601871264973887,0.023809639499021363
OFS_on_instruction_with_tokens,C(step)[T.3],-0.02256326022590873,0.005157159225963971,-4.375133525510108,1.21358168861373e-05
OFS_on_instruction_with_tokens,log_ntokens,-0.040507330860350715,0.008242741657587795,-4.914303097569726,8.909881931337796e-07
OFS_on_instruction_with_tokens,Group Var,0.7038846274931195,0.28068620157726637,2.5077279308272535,0.012151018564851247
