metric,n,mean,std,shapiro_W,shapiro_p,var_qid,var_resid,icc_qid
f1,14256,0.2361794916011598,0.3754426749449221,0.9257612437165867,2.492136301636679e-44,0.05667966256024789,0.08446196267182328,0.40158006163704535
ofs,10692,0.8499568451056387,0.13017385287703062,0.892631772761033,2.0534268012819136e-50,0.005444200038120529,0.011518923422729458,0.32094325379906957
bs_base,10692,0.8463207599245294,0.04006119750904573,0.9833717427769078,8.314224970887829e-24,0.0006597274677541414,0.0009473233877838389,0.4105205914801554
bs_cons,10692,0.9145531304601512,0.055670443781969156,0.9084598404269559,9.816903362880893e-48,3.019487853258606e-06,0.0030961889031470356,0.0009742771289684209
