model,term,coef,std_err,z,p,odds_ratio
recovered_on_group,Intercept,0.23000000000000037,0.023558280298401166,9.763021624953236,1.622476483810099e-22,1.2586000099294783
recovered_on_group,C(group)[T.style],-0.022222222222222258,0.015332488942685968,-1.4493551767942339,0.14723841942617624,0.9780228724846005
recovered_on_group,Group Var,0.6202714732998091,0.08511777702319309,7.2872141988717125,3.164296152400913e-13,1.8594327596815783
