test,chi2,dof,p
chi2_2x2_group,1.1730004115790917,1,0.2787855933555971
