a,b,n_a_only,n_b_only,chi2,p,p_holm
elaborate,formality,31,16,4.170212765957447,0.04114063297202615,0.1645625318881046
elaborate,paraphrase,28,13,4.780487804878049,0.028783965875738372,0.14391982937869185
elaborate,shorten,33,15,6.020833333333333,0.014137969455911498,0.08482781673546899
formality,paraphrase,17,17,0.029411764705882353,0.8638317428547264,1.0
formality,shorten,17,14,0.12903225806451613,0.7194375444233914,1.0
paraphrase,shorten,18,15,0.12121212121212122,0.7277235466695502,1.0
