model,term,coef,std_err,z,p
recovered_on_instruction,Intercept,0.2511111111111111,0.025925931813024702,9.68571208634274,3.4678341216160053e-22
recovered_on_instruction,C(instruction_type)[T.formality],-0.05777777777777841,0.021659921504063224,-2.6674970990518028,0.007641854887184673
recovered_on_instruction,C(instruction_type)[T.paraphrase],-0.02888888888888947,0.021659921504063224,-1.3337485495259136,0.18228627787261797
recovered_on_instruction,C(instruction_type)[T.shorten],-0.042222222222222855,0.021659921504063227,-1.949324803153248,0.05125664835457737
recovered_on_instruction,Group Var,0.6217994089492705,0.08530701222628737,7.288960106818311,3.123565170240813e-13
