test,statistic,df,p,n_qid
cochran_q_instruction,10.153846153846153,3,0.017302652465656907,150
