model,term,coef,std_err,z,p
recovered_on_hop,Intercept,0.2854609929078041,0.03950524630305405,7.225900851698673,4.977908391549897e-13
recovered_on_hop,C(n_hop)[T.3],-0.10430157261794913,0.056171669547418465,-1.856835900700812,0.06333450434561329
recovered_on_hop,C(n_hop)[T.4],-0.09101654846335988,0.053362235560424624,-1.7056359709723456,0.08807587773261052
recovered_on_hop,Group Var,0.6095812091282794,0.08434311757318444,7.227397168468979,4.923386719248448e-13
