test,chi2,dof,p
chi2_3x2_hop,21.60559984825472,2,2.0342466236527822e-05
