test,z,p_two_sided
cochran_armitage_hop,-3.726954039492049,0.00019380778271260723
