test,chi2,dof,p
chi2_persistence_by_instruction,6.973322957132619,6,0.3233213310725592
chi2_first_step_by_instruction,4.959943710909442,6,0.5489608404067257
chi2_first_step_by_hop,3.028513337358639,4,0.5530651524761351
