model,term,coef,std_err,z,p
BS_base_LMM_step_x_group,Intercept,0.8755128012763141,0.0038102318167081146,229.7794053992026,0.0
BS_base_LMM_step_x_group,C(step)[T.2],-0.01659182508786579,0.00442416697555546,-3.7502709955432145,0.00017664356375708258
BS_base_LMM_step_x_group,C(step)[T.3],-0.024544093343947204,0.0044241669755554595,-5.547732144731192,2.8939877615088403e-08
BS_base_LMM_step_x_group,C(group)[T.style],0.020965145693884767,0.004424166975555462,4.738778126983454,2.150107676545916e-06
BS_base_LMM_step_x_group,C(step)[T.2]:C(group)[T.style],0.0022143721580507206,0.006256716939033689,0.3539191847142627,0.7233994490782378
BS_base_LMM_step_x_group,C(step)[T.3]:C(group)[T.style],0.004010716411802608,0.006256716939033689,0.6410257089914057,0.521505979754975
BS_base_LMM_step_x_group,Group Var,0.08057321352253494,0.0415018518697578,1.9414365839720094,0.052205344466183995
