metric,n_hop,n_qid,mean_at_min,mean_at_max,mean_diff_min_to_max,wilcoxon_p,wilcoxon_p_holm
bs_cons,2,5,0.8891311724980673,0.9584699044624966,0.06933873196442923,0.0625,0.1875
bs_cons,3,5,0.8801688333352408,0.9644999206066132,0.08433108727137248,0.0625,0.1875
bs_cons,4,5,0.8886861165364582,0.9563296765089035,0.06764355997244517,0.0625,0.1875
