contrast,n_pairs,mean_diff,wilcoxon_stat,p,rank_biserial,p_holm
step1->step2,15,0.056931804617246014,0.0,6.103515625e-05,1.0,0.0001220703125
step2->step3,15,0.01683932178550295,0.0,6.103515625e-05,1.0,0.0001220703125
