model,term,coef,std_err,z,p
F1_logit_style_step_x_instr,Intercept,0.4666666666666687,0.11701940338097122,3.987942624757514,6.664877658865935e-05
F1_logit_style_step_x_instr,C(step)[T.1],0.022222222222222202,0.061502432089075,0.3613226577777833,0.7178582577602469
F1_logit_style_step_x_instr,C(step)[T.2],-0.022222222222222247,0.06150243208907499,-0.36132265777778405,0.7178582577602464
F1_logit_style_step_x_instr,C(step)[T.3],-0.022222222222222244,0.06150243208907499,-0.361322657777784,0.7178582577602464
F1_logit_style_step_x_instr,C(instruction_type)[T.paraphrase],-3.124558225322373e-17,0.061502432089075014,-5.080381570597114e-16,0.9999999999999996
F1_logit_style_step_x_instr,C(step)[T.1]:C(instruction_type)[T.paraphrase],-0.04444444444444444,0.08697757357930012,-0.5109874030220339,0.6093598775354783
F1_logit_style_step_x_instr,C(step)[T.2]:C(instruction_type)[T.paraphrase],0.04444444444444445,0.08697757357930012,0.510987403022034,0.6093598775354782
F1_logit_style_step_x_instr,C(step)[T.3]:C(instruction_type)[T.paraphrase],0.02222222222222223,0.08697757357930014,0.255493701511017,0.7983418076962127
F1_logit_style_step_x_instr,Group Var,2.0801256355992512,0.8186636632927897,2.5408793975692894,0.01105740535078217
