model,term,coef,std_err,z,p
F1_logit_step_x_group,Intercept,0.4666666666666706,0.11118744814962896,4.19711644104522,2.703349596029973e-05
F1_logit_step_x_group,C(step)[T.2],-0.0111111111111111,0.044772732379959886,-0.24816692036611981,0.8040052596082862
F1_logit_step_x_group,C(step)[T.3],-0.022222222222222213,0.04477273237995988,-0.49633384073224,0.619658894235166
F1_logit_step_x_group,C(group)[T.style],-4.934324553889585e-18,0.044772732379959906,-1.1020825157631363e-16,0.9999999999999999
F1_logit_step_x_group,C(step)[T.2]:C(group)[T.style],0.011111111111111112,0.06331820535624032,0.17548051225706537,0.8607020821532965
F1_logit_step_x_group,C(step)[T.3]:C(group)[T.style],0.011111111111111117,0.06331820535624032,0.17548051225706546,0.8607020821532964
F1_logit_step_x_group,Group Var,1.8890491277501242,0.7340784120907574,2.5733615055779255,0.010071594685708793
