model,term,coef,std_err,z,p
F1_logit_content_step_x_instr,Intercept,0.4666666666666678,0.11339214528340359,4.115511400726365,3.8632190036144195e-05
F1_logit_content_step_x_instr,C(step)[T.1],0.0222222222222221,0.0672230441695689,0.3305744703582146,0.7409659327045164
F1_logit_content_step_x_instr,C(step)[T.2],0.022222222222222112,0.0672230441695689,0.33057447035821474,0.7409659327045163
F1_logit_content_step_x_instr,C(step)[T.3],-0.022222222222222317,0.0672230441695689,-0.33057447035821774,0.7409659327045139
F1_logit_content_step_x_instr,C(instruction_type)[T.shorten],-1.142416065725013e-16,0.06722304416956887,-1.6994411363509362e-15,0.9999999999999987
F1_logit_content_step_x_instr,C(step)[T.1]:C(instruction_type)[T.shorten],-0.0444444444444443,0.09506774076860988,-0.4675028993548911,0.6401401182160813
F1_logit_content_step_x_instr,C(step)[T.2]:C(instruction_type)[T.shorten],-0.06666666666666654,0.09506774076860991,-0.7012543490323373,0.48314429762085076
F1_logit_content_step_x_instr,C(step)[T.3]:C(instruction_type)[T.shorten],9.375216652390189e-17,0.09506774076860988,9.861617175913538e-16,0.9999999999999992
F1_logit_content_step_x_instr,Group Var,1.563540011429653,0.619212020410597,2.5250478994139613,0.011568252064261684
