metric,n_hop,n_qid,mean_at_min,mean_at_max,mean_diff_min_to_max,wilcoxon_p,wilcoxon_p_holm
f1,2,5,0.4,0.4,-8.326672684688674e-18,1.0,1.0
f1,3,5,0.4,0.35,-0.04999999999999999,0.875,1.0
f1,4,5,0.6,0.5999999999999999,-2.2204460492503132e-17,0.75,1.0
