contrast,n_pairs,mean_diff,wilcoxon_stat,p,rank_biserial,p_holm
step0->step1,15,0.0,39.0,0.20435706211624804,0.35,0.6130711863487441
step1->step2,15,-0.005555555555555562,60.0,1.0,0.0,1.0
step2->step3,15,-0.011111111111111108,52.5,0.6373518882339371,0.125,1.0
