model,term,coef,std_err,z,p
F1_step_GLMM_logit,Intercept,0.4666666666666642,0.10823106718603488,4.311762590906786,1.619582806610711e-05
F1_step_GLMM_logit,C(step)[T.1],-9.37721551071644e-18,0.031994714257796944,-2.9308639655787087e-16,0.9999999999999998
F1_step_GLMM_logit,C(step)[T.2],-0.005555555555555562,0.031994714257796944,-0.17363979283552133,0.862148556878521
F1_step_GLMM_logit,C(step)[T.3],-0.01666666666666667,0.031994714257796944,-0.5209193785065634,0.6024229352820614
F1_step_GLMM_logit,Group Var,1.8238663208570391,0.7041770307532208,2.5900678965716137,0.009595700396052089
