contrast,n_pairs,mean_diff,wilcoxon_stat,p,rank_biserial,p_holm
step1->step2,15,-0.008271509249699778,30.0,0.0946044921875,0.5,0.0946044921875
step2->step3,15,-0.009919631549059327,23.0,0.03533935546875,0.6166666666666667,0.0706787109375
