model,term,coef,std_err,z,p
OFS_LMM_content_step_x_instr,Intercept,0.8719947303697296,0.014035197518953041,62.12913848858867,0.0
OFS_LMM_content_step_x_instr,C(step)[T.2],-0.026331284439163192,0.012010488360836201,-2.192357516870358,0.02835370165622438
OFS_LMM_content_step_x_instr,C(step)[T.3],-0.06479471502185671,0.012010488360836203,-5.394844328989927,6.858298680527882e-08
OFS_LMM_content_step_x_instr,C(instruction_type)[T.shorten],0.029662490292376983,0.0120104883608362,2.469715585346257,0.013522051316755013
OFS_LMM_content_step_x_instr,C(step)[T.2]:C(instruction_type)[T.shorten],0.017844274178462297,0.016985395530618758,1.0505657137212543,0.29345809503597997
OFS_LMM_content_step_x_instr,C(step)[T.3]:C(instruction_type)[T.shorten],0.056879934019431595,0.016985395530618758,3.348755342017021,0.0008117544256232689
OFS_LMM_content_step_x_instr,Group Var,0.5770503500110439,0.24570723254418297,2.3485281407305703,0.018847774917607175
