model,term,coef,std_err,z,p
OFS_step_LMM,Intercept,0.8954670722399038,0.011767563692420234,76.09621631508104,0.0
OFS_step_LMM,C(step)[T.2],-0.00827150924969973,0.005890285005613208,-1.404262992676468,0.16024054998918913
OFS_step_LMM,C(step)[T.3],-0.01819114079875905,0.005890285005613208,-3.0883294749615025,0.00201285174873644
OFS_step_LMM,Group Var,0.5818620814905254,0.2334891771943407,2.492030202351617,0.012701523635950916
