model,term,coef,std_err,z,p
OFS_LMM_style_step_x_instr,Intercept,0.8991984798435366,0.012647345823884184,71.09780125925107,0.0
OFS_LMM_style_step_x_instr,C(step)[T.2],0.0035395864518870763,0.00729410744573782,0.48526656321129047,0.6274872706766249
OFS_LMM_style_step_x_instr,C(step)[T.3],-0.00013364715728774858,0.00729410744573782,-0.0183226197697215,0.9853814825277252
OFS_LMM_style_step_x_instr,C(instruction_type)[T.paraphrase],0.009819378240737664,0.007294107445737821,1.3462069641537073,0.1782357797528249
OFS_LMM_style_step_x_instr,C(step)[T.2]:C(instruction_type)[T.paraphrase],-0.005346915202708988,0.010315425675169,-0.5183416924402772,0.6042198885853354
OFS_LMM_style_step_x_instr,C(step)[T.3]:C(instruction_type)[T.paraphrase],0.00021222714382109856,0.010315425675169,0.020573765010198825,0.9835856685247867
OFS_LMM_style_step_x_instr,Group Var,1.670968925605617,0.6706291617388651,2.491643699586497,0.012715352002188554
