metric,steps,friedman_chi2,df,p,n_qid
f1,"[0, 1, 2, 3]",0.41489361702126204,3,0.9371489259597254,15
ofs,"[1, 2, 3]",13.333333333333343,2,0.0012726338013398027,15
bs_base,"[1, 2, 3]",30.0,2,3.0590232050182594e-07,15
bs_cons,"[1, 2, 3]",30.0,2,3.0590232050182594e-07,15
