qid,question,group,instruction_type,run,instruction_used,step,text,n_tokens
2hop__14092_8311,When was John's eldest son crowned?,style,formality,0,,0,"Walter Calverley. Walter Calverley was the eldest son and heir of William Calverley (d.1572) by his wife, Katherine Thorneholme, daughter of John Thorneholme of Haysthorpe, Yorkshire. William Calverley was the son of Sir Walter Calverley and Anne Danby, daughter of Sir Christopher Danby (d. 14 June 1571) and Elizabeth Neville, daughter of Richard Neville, 2nd Baron Latimer.

Sir William Maule. Sir William Maule was the eldest son of Sir Peter Maule and Christina de Valognes, Baron and Baroness of Panmure and Benvie. William succeeded as Baron in 1254 on his father's death. He was married to Ethana de Vallibus, daughter of John Vaux, Lord of Dirleton, and left one son, Henry Maule, who succeeded him as Baron.

John, King of England. John's first wife, Isabel, Countess of Gloucester, was released from imprisonment in 1214; she remarried twice, and died in 1217. John's second wife, Isabella of Angoulême, left England for Angoulême soon after the king's death; she became a powerful regional leader, but largely abandoned the children she had had by John. John had five legitimate children, all by Isabella. His eldest son, Henry III, ruled as king for the majority of the 13th century. Richard became a noted European leader and ultimately the King of the Romans in the Holy Roman Empire. Joan married Alexander II of Scotland to become his queen consort. Isabella married the Holy Roman Emperor Frederick II. His youngest daughter, Eleanor, married William Marshal's son, also called William, and later the famous English rebel Simon de Montfort. John had a number of illegitimate children by various mistresses, including nine sons – Richard, Oliver, John, Geoffrey, Henry, Osbert Gifford, Eudes, Bartholomew and probably Philip – and three daughters – Joan, Maud and probably Isabel. Of these, Joan became the most famous, marrying Prince Llywelyn the Great of Wales.

HMS Farnham Castle (K413). She was laid down at John Crown & Sons Ltd in Sunderland on 25 June 1943 and launched on 25 April 1944 before being commissioned on 31 January 1945

Liu Ju. Liu Ju (; 128–91 BC), formally known as Crown Prince Wei (衛太子) and posthumously as Crown Prince Li (戾太子, literally ""the Unrepentant Crown Prince"") was a Western Han Dynasty crown prince. He was the eldest son and the heir apparent to his father, Emperor Wu of Han, until his death at age 38 during the political turmoil in 91 BC. Contrary to his less-than-flattering posthumous name, Liu Ju was generally regarded by historians as a well-mannered, benevolent, morally upright man who, by circumstances out of his control, was forced into an uprising against his father's army and died as a consequence of the rebellion.

John Mitchell Kemble. John Mitchell Kemble (2 April 1807 – 26 March 1857), English scholar and historian, was the eldest son of Charles Kemble the actor and Maria Theresa Kemble. He is notable for his major contribution to the history of the Anglo-Saxons and philology of the Old English language.

Succession to the British throne. Queen Elizabeth II is the sovereign, and her heir apparent is her eldest son, Charles, Prince of Wales. Next in line after him is Prince William, Duke of Cambridge, the Prince of Wales's elder son. Third in line is Prince George, the son of the Duke of Cambridge, followed by his sister, Princess Charlotte. Fifth in line is Prince Henry, the younger son of the Prince of Wales. Sixth in line is Prince Andrew, Duke of York, the Queen's second - eldest son. Any of the first six in line marrying without the sovereign's consent would be disqualified from succession.

Eric Penn. Eric Penn was the eldest son of William Penn, a cricketer and a businessman who ran the family engineering company of John Penn and Sons founded by his own father, John Penn, which was based in Greenwich, London. Eric Penn was educated at Eton College and at Trinity College, Cambridge.

James Gooderham Worts. James Gooderham Worts (June 4, 1818 - June 20, 1882) was the eldest son of James Worts and Elizabeth Gooderham.

Zhao Jiande. Zhao Jiande was the eldest son of Zhao Yingqi and a Yue woman. Although the eldest, Jiande was passed over for kingship in preference for his half-brother, Zhao Yingqi.

Roberto Irineu Marinho. Roberto Irineu Marinho was born in Rio de Janeiro, RJ, the eldest son of three of the late Roberto Marinho.

John Darling and Son. John Darling and Son was an Australian wheat merchant and flour milling company founded in Adelaide, South Australia, for many years the largest in Australia. It was founded by John Darling Sr. (1831–1905), a businessman of Scottish origin, and Member of Parliament for 25 years. He was succeeded by his eldest son, John Darling, Jr. (1852–1914), also a Member of Parliament, then by Harold Gordon Darling. It was registered as a private company in Victoria in 1953 with three directors: Norman Darling, Leonard Darling, and Leonard Gordon Darling.

Wondosson Kassa. ""Leul"" Wondosson Kassa was the eldest son of ""Ras"" Kassa Haile Darge. ""Ras"" Kassa was a loyal ally of ""Negus"" Tafari Makonnen, who ultimately was crowned Emperor Haile Selassie I of Ethiopia.

Pernell Roberts. Pernell Elven Roberts, Jr. (May 18, 1928 -- January 24, 2010) was an American stage, film and television actor, as well as a singer. In addition to guest - starring in over 60 television series, he was best known for his roles as Ben Cartwright's eldest son Adam Cartwright on the Western television series Bonanza (1959 -- 1965), and as chief surgeon Dr. John McIntyre, the title character on Trapper John, M.D. (1979 -- 1986).

John Petrie. John Petrie was born 15 January 1822 in Edinburgh, the eldest son of Andrew Petrie and Mary Cuthbertson. He arrived in Sydney with his family in 1831 and was educated at John Dunmore Lang's school. In 1837 he went to Moreton Bay, where his father had been appointed clerk of works, and accompanied him on explorations to the west and north of Brisbane; he also became a champion oarsman. Aware that his son might be unduly influenced by the incarcerated men at the penal colony, his father only selected workmen that he considered beyond reproach to come to his home in the evening to teach his sons cabinet making and carpentry skills.

Raglan Squire. Raglan Squire, the eldest son of the poet and critic J C (later Sir John) Squire, was born in London and educated at Blundell's School in Tiverton and at St John's College, Cambridge to read Architecture. Upon graduation Rag spent a year working on building sites, followed by four years working in architects' offices and studying part-time for his RIBA exams at the Regent Street Polytechnic's evening classes in the early 1930s.

John III, Margrave of Brandenburg-Salzwedel. John III, Margrave of Brandenburg-Salzwedel, nicknamed ""John from Prague"" (1244 in Prague – 1268) was the eldest son of Margrave Otto III and his wife, Beatrice of Bohemia.

Westminster Abbey. Since the coronations in 1066 of both King Harold and William the Conqueror, coronations of English and British monarchs were held in the abbey. In 1216, Henry III was unable to be crowned in London when he first came to the throne, because the French prince Louis had taken control of the city, and so the king was crowned in Gloucester Cathedral. This coronation was deemed by the Pope to be improper, and a further coronation was held in the abbey on 17 May 1220. The Archbishop of Canterbury is the traditional cleric in the coronation ceremony.[citation needed]

John Wedgwood (horticulturist). John Wedgwood (baptised 2 April 1766 — 26 January 1844), the eldest son of the potter Josiah Wedgwood, was a partner in the Wedgwood pottery firm 1790–1793 and again 1800–1812.

Succession to the British throne. Queen Elizabeth II is the sovereign, and her heir apparent is her eldest son, Charles, Prince of Wales. Next in line after him is Prince William, Duke of Cambridge, the Prince of Wales's elder son. Third in line is Prince George, the son of the Duke of Cambridge, followed by his sister, Princess Charlotte. Fifth in line is Prince Henry of Wales, the younger son of the Prince of Wales. Sixth in line is Prince Andrew, Duke of York, the Queen's second - eldest son. Any of the first six in line marrying without the sovereign's consent would be disqualified from succession.",1995
2hop__14092_8311,When was John's eldest son crowned?,style,formality,0,Make the text more formal.,1,"Walter Calverley. Walter Calverley was the eldest son and lawful heir of William Calverley, who died in 1572, by Katherine Thorneholme, daughter of John Thorneholme of Haysthorpe, Yorkshire. William Calverley was himself the son of Sir Walter Calverley and Anne Danby, daughter of Sir Christopher Danby, who died on 14 June 1571, and Elizabeth Neville, daughter of Richard Neville, 2nd Baron Latimer.

Sir William Maule. Sir William Maule, eldest son of Sir Peter Maule and Christina de Valognes, Baron and Baroness of Panmure and Benvie, succeeded to the barony in 1254 upon the death of his father. He married Ethana de Vallibus, daughter of John Vaux, Lord of Dirleton, and was survived by his only son, Henry Maule, who inherited the barony upon Sir William's death.

John, King of England. John married Isabel, Countess of Gloucester, who was liberated from captivity in 1214 and subsequently remarried twice, passing away in 1217. His second wife, Isabella of Angoulême, departed England for Angoulême shortly after the king’s demise and emerged as a prominent regional authority, though she largely neglected the children she bore John. John had five legitimate offspring by Isabella: Henry III, who reigned over the majority of the thirteenth century; Richard, who achieved distinction as a European leader and eventually became King of the Romans; Joan, who married Alexander II of Scotland and became Queen Consort; Isabella, who wed the Holy Roman Emperor Frederick II; and Eleanor, who married William Marshal’s son, also named William, and later Simon de Montfort, a prominent English rebel. In addition to these, John had numerous illegitimate children, comprising nine sons – Richard, Oliver, John, Geoffrey, Henry, Osbert Gifford, Eudes, Bartholomew, and possibly Philip – and three daughters – Joan, Maud, and possibly Isabel. Among these, Joan attained notable prominence through her marriage to Llywelyn the Great, Prince of Wales.

Eric Penn. Eric Penn was the eldest son of William Penn, a cricketer and businessman associated with John Penn and Sons, an engineering enterprise established by his paternal grandfather, John Penn, and situated in Greenwich, London. Eric was educated at Eton College and Trinity College, Cambridge.

James Gooderham Worts. James Gooderham Worts (4 June 1818 – 20 June 1882) was the eldest son of James Worts and Elizabeth Gooderham.

Zhao Jiande. Zhao Jiande (died 91 BC), formally styled Crown Prince Wei, was the eldest son of Emperor Wu of Han and a consort of Yue origin. Despite being the eldest, he was supplanted in the succession by his half-brother, Zhao Yingqi, who became king.

Roberto Irineu Marinho. Roberto Irineu Marinho (born in Rio de Janeiro, RJ) was the eldest of three sons of the late Roberto Marinho.

John Darling and Son. John Darling and Son constituted an Australian enterprise engaged in wheat commerce and flour milling, established in Adelaide, South Australia, and for a protracted period was the principal such enterprise in the country. The company was founded by John Darling Sr. (1831–1905), a businessman of Scottish descent and long-serving Member of Parliament. He was succeeded in leadership by his eldest son, John Darling, Jr. (1852–1914), also a Member of Parliament, followed by Harold Gordon Darling. The firm was incorporated as a private company in Victoria in 1953, with Norman Darling, Leonard Darling, and Leonard Gordon Darling serving as directors.

Wondosson Kassa. ""Leul"" Wondosson Kassa was the eldest son of ""Ras"" Kassa Haile Darge. ""Ras"" Kassa was a steadfast ally of ""Negus"" Tafari Makonnen, who later ascended as Emperor Haile Selassie I of Ethiopia.

Pernell Roberts. Pernell Elven Roberts, Jr. (18 May 1928 – 24 January 2010) was an American actor and singer, recognized for his participation in stage, film, and television. In addition to numerous guest appearances on television, he was preeminently known for his portrayal of Adam Cartwright, the eldest son of Ben Cartwright, in the Western television series Bonanza (1959–1965), and for his role as Dr. John McIntyre, principal surgeon and titular character, in the television series Trapper John, M.D. (1979–1986).

John Petrie. John Petrie (baptised 2 April 1766; died 26 January 1844) was the eldest son of Josiah Wedgwood and Maria Cuthbertson. He arrived in Sydney with his family in 1831 and received his education at the school founded by John Dunmore Lang. In 1837, John accompanied his father to Moreton Bay, where the latter was appointed clerk of works. During this period, John was instructed by carefully selected workmen, chosen by his father for their impeccable character, in cabinet making and carpentry, as his father sought to shield him from undue influence within the penal settlement.

Raglan Squire. Raglan Squire, eldest son of J C Squire, later Sir John Squire, was born in London. He pursued architectural studies at Blundell’s School in Tiverton and at St John’s College, Cambridge.

John III, Margrave of Brandenburg-Salzwedel. John III, Margrave of Brandenburg-Salzwedel, commonly referred to as ""John of Prague"" (1244 in Prague – 1268), was the eldest son of Margrave Otto III and his wife, Beatrice of Bohemia.

Westminster Abbey. Since the year 1066, Westminster Abbey has served as the site of the coronations of both King Harold and William the Conqueror. In 1216, due to the occupation of London by the French prince Louis, Henry III was crowned instead at Gloucester Cathedral; however, this coronation was deemed invalid by the Pope, and a subsequent, official coronation took place within the abbey on 17 May 1220. The Archbishop of Canterbury customarily officiates at the coronation of the British monarch.

John Wedgwood (horticulturist). John Wedgwood (baptised 2 April 1766; died 26 January 1844) was the eldest son of Josiah Wedgwood. He served as a partner in the Wedgwood pottery enterprise from 1790 to 1793 and again from 1800 to 1812.

Succession to the British Throne. Queen Elizabeth II is the reigning monarch. Her heir apparent is her eldest son, Charles, Prince of Wales. Subsequent in line is Prince William, Duke of Cambridge, being the elder son of the Prince of Wales. Thereafter comes Prince George, son of the Duke of Cambridge, followed by his sister, Princess Charlotte. The fourth in line is Prince Henry of Wales, the younger son of the Prince of Wales. The fifth in line is Prince Andrew, Duke of York, the second son of the Queen. Should any of the first six in line marry without the sovereign’s consent, such marriage shall render the individual disqualified from succession to the throne.",1559
2hop__14092_8311,When was John's eldest son crowned?,style,formality,0,Make the text more formal.,2,"Walter Calverley. Walter Calverley was the eldest son and lawful heir of Sir William Calverley, who deceased in 1572, by Katherine Thorneholme, daughter of John Thorneholme of Haysthorpe, Yorkshire. Sir William Calverley was, in turn, the son of Sir Walter Calverley and Anne Danby, daughter of Sir Christopher Danby, and was succeeded in 1571 by his brother, Elizabeth Neville.

Sir William Maule. Sir William Maule, eldest son of Sir Peter Maule and Christina de Valognes, Baron and Baroness of Panmure and Benvie, inherited the barony in 1254 following the death of his father. He married Ethana de Vallibus, daughter of John Vaux, Lord of Dirleton, and was succeeded by his only son, Henry Maule, who likewise inherited the barony upon Sir William’s death.

John, King of England. John, King of England, married Isabel, Countess of Gloucester, who was released from captivity in 1214 and subsequently entered into two further marriages, passing away in 1217. Additionally, John had five legitimate children by his wife Isabella of Angoulême: Henry III, who reigned over much of the thirteenth century; Richard, who became distinguished as a European leader and eventually King of the Romans; Joan, who married Alexander II of Scotland and became Queen Consort; Isabella, who wed the Holy Roman Emperor Frederick II; and Eleanor, who married first William Marshal’s son, also named William, and subsequently Simon de Montfort, a prominent English noble. Moreover, John had several illegitimate children, comprising nine sons—namely, Richard, Oliver, John, Geoffrey, Henry, Osbert Gifford, Eudes, Bartholomew, and possibly Philip—and three daughters—Joan, Maud, and possibly Isabel. Notably, Joan gained prominence through her marriage to Llywelyn the Great, Prince of Wales.

Eric Penn. Eric Penn was the eldest son of William Penn, a cricketer and businessman connected with John Penn and Sons, an engineering firm founded by his paternal grandfather, John Penn, and located in Greenwich, London. He pursued his education at Eton College and Trinity College, Cambridge.

James Gooderham Worts. James Gooderham Worts (4 June 1818 – 20 June 1882) was the eldest son of James Worts and Elizabeth Gooderham.

Zhao Jiande. Zhao Jiande (died 91 BC), formally known as Crown Prince Wei, was the eldest son of Emperor Wu of Han and a consort of Yue origin. Although he was the eldest, he was succeeded in the line of succession by his half-brother, Zhao Yingqi, who became king.

Roberto Irineu Marinho. Roberto Irineu Marinho (born in Rio de Janeiro, RJ) was the eldest of three sons of the late Roberto Marinho.

John Darling and Son. John Darling and Son was an Australian company engaged in the trading of wheat and flour milling, established in Adelaide, South Australia, and for an extended period constituted the principal entity of its kind within the nation. The company was founded by John Darling Senior (1831–1905), a businessman of Scottish descent and long-serving member of parliament. The management of the company was assumed successively by his eldest son, John Darling Junior (1852–1914), also a member of parliament, followed by Harold Gordon Darling. The company was incorporated as a private company in Victoria in 1853, with Norman Darling, Leonard Darling, and Leonard Gordon Darling acting as directors.

Wondosson Kassa. Leul Wondosson Kassa, eldest son of Ras Kassa Haile Darge, served as a significant supporter of Negus Tafari Makonnen, who subsequently became Emperor Haile Selassie I of Ethiopia.

Pernell Roberts. Pernell Elven Roberts, Jr. (18 May 1928 – 24 January 2010), was an American actor and singer, distinguished for his roles in stage, film, and television. He was particularly renowned for his portrayal of Adam Cartwright, the eldest son of Ben Cartwright, in the Western television series Bonanza (1959–1965), and for his performance as Dr. John McIntyre, Chief Surgeon and titular character, in the medical drama Trapper John, M.D. (1979–1986).

John Petrie. John Petrie (baptised 2 April 1766; deceased 26 January 1844) was the eldest son of Josiah Wedgwood and Maria Cuthbertson. He relocated to Sydney with his family in 1831 and was educated at the school founded by John Dunmore Lang. In 1837, John accompanied his father to Moreton Bay, where the latter was appointed Clerk of Works. During his residence there, John was instructed in cabinet making and carpentry by select workmen chosen by his father for their exemplary character, with the intention of shielding him from undue influence within the penal settlement.

Raglan Squire. Raglan Squire, eldest son of J C Squire, subsequently elevated to the title of Sir John Squire, was born in London. He pursued architectural studies at Blundell’s School in Tiverton and at St John’s College, Cambridge.",1116
2hop__14092_8311,When was John's eldest son crowned?,style,formality,0,Make the text more formal.,3,"Walter Calverley. Walter Calverley was the eldest son and lawful heir of Sir William Calverley, who died in 1572, by Katherine Thorneholme, daughter of John Thorneholme of Haysthorpe, Yorkshire. Sir William Calverley was himself the son of Sir Walter Calverley and Anne Danby, daughter of Sir Christopher Danby, and was succeeded in 1571 by his sister, Elizabeth Neville.

Sir William Maule. Sir William Maule, being the eldest son of Sir Peter Maule and Christina de Valognes, Baroness and Baron of Panmure and Benvie, inherited the barony in 1254 following the demise of his father. He married Ethana de Vallibus, daughter of John Vaux, Lord of Dirleton, and was succeeded by his only son, Henry Maule, who likewise inherited the barony upon Sir William’s death.

John, King of England. John, King of England, married Isabel, Countess of Gloucester, who was liberated from captivity in 1214 and subsequently entered into further matrimonial alliances, passing away in 1217. Furthermore, King John had five legitimate children by his wife Isabella of Angoulême: Henry III, who reigned throughout a substantial portion of the thirteenth century; Richard, who later distinguished himself as a leader in Europe and eventually became King of the Romans; Joan, who married Alexander II of Scotland and thereby became Queen Consort; Isabella, who wed the Holy Roman Emperor Frederick II; and Eleanor, who first married William Marshal’s son, also named William, and later married Simon de Montfort, a notable English nobleman.

Eric Penn. Eric Penn was the eldest son of William Penn, a distinguished cricketer and businessman associated with John Penn and Sons, an engineering firm established by his paternal grandfather, John Penn, and situated in Greenwich, London. He pursued his education at Eton College and at Trinity College, Cambridge.

James Gooderham Worts. James Gooderham Worts (4 June 1818 – 20 June 1882) was the eldest son of James Worts and Elizabeth Gooderham.

Zhao Jiande. Zhao Jiande (died 91 BC), formally styled as Crown Prince Wei, was the eldest son of Emperor Wu of Han and a consort of Yue origin. Notwithstanding his status as the eldest, he was succeeded in the line of succession by his half-brother, Zhao Yingqi, who became king.

Roberto Irineu Marinho. Roberto Irineu Marinho (born in Rio de Janeiro, RJ), eldest among three sons of the late Roberto Marinho, was born into a distinguished family.

John Petrie. John Petrie (baptised 2 April 1766; deceased 26 January 1844) was the eldest son of Josiah Wedgwood and Maria Cuthbertson. In 1831, he and his family relocated to Sydney, where he received his education at the school established by John Dunmore Lang. In 1837, John accompanied his father to Moreton Bay, wherein his father was appointed Clerk of Works. During his residence at the settlement, John received instruction in cabinet making and carpentry from selected artisans chosen by his father for their exemplary character, with the intention of safeguarding him from undue influence within the penal establishment.

Raglan Squire. Raglan Squire, eldest son of the late Sir Peter Squire, subsequently knighted as Sir John Squire, was born in London. He undertook his architectural studies at Blundell’s School in Tiverton and at St John’s College, Cambridge.",755
2hop__14092_8311,When was John's eldest son crowned?,style,formality,1,,0,"Walter Calverley. Walter Calverley was the eldest son and heir of William Calverley (d.1572) by his wife, Katherine Thorneholme, daughter of John Thorneholme of Haysthorpe, Yorkshire. William Calverley was the son of Sir Walter Calverley and Anne Danby, daughter of Sir Christopher Danby (d. 14 June 1571) and Elizabeth Neville, daughter of Richard Neville, 2nd Baron Latimer.

Sir William Maule. Sir William Maule was the eldest son of Sir Peter Maule and Christina de Valognes, Baron and Baroness of Panmure and Benvie. William succeeded as Baron in 1254 on his father's death. He was married to Ethana de Vallibus, daughter of John Vaux, Lord of Dirleton, and left one son, Henry Maule, who succeeded him as Baron.

John, King of England. John's first wife, Isabel, Countess of Gloucester, was released from imprisonment in 1214; she remarried twice, and died in 1217. John's second wife, Isabella of Angoulême, left England for Angoulême soon after the king's death; she became a powerful regional leader, but largely abandoned the children she had had by John. John had five legitimate children, all by Isabella. His eldest son, Henry III, ruled as king for the majority of the 13th century. Richard became a noted European leader and ultimately the King of the Romans in the Holy Roman Empire. Joan married Alexander II of Scotland to become his queen consort. Isabella married the Holy Roman Emperor Frederick II. His youngest daughter, Eleanor, married William Marshal's son, also called William, and later the famous English rebel Simon de Montfort. John had a number of illegitimate children by various mistresses, including nine sons – Richard, Oliver, John, Geoffrey, Henry, Osbert Gifford, Eudes, Bartholomew and probably Philip – and three daughters – Joan, Maud and probably Isabel. Of these, Joan became the most famous, marrying Prince Llywelyn the Great of Wales.

HMS Farnham Castle (K413). She was laid down at John Crown & Sons Ltd in Sunderland on 25 June 1943 and launched on 25 April 1944 before being commissioned on 31 January 1945

Liu Ju. Liu Ju (; 128–91 BC), formally known as Crown Prince Wei (衛太子) and posthumously as Crown Prince Li (戾太子, literally ""the Unrepentant Crown Prince"") was a Western Han Dynasty crown prince. He was the eldest son and the heir apparent to his father, Emperor Wu of Han, until his death at age 38 during the political turmoil in 91 BC. Contrary to his less-than-flattering posthumous name, Liu Ju was generally regarded by historians as a well-mannered, benevolent, morally upright man who, by circumstances out of his control, was forced into an uprising against his father's army and died as a consequence of the rebellion.

John Mitchell Kemble. John Mitchell Kemble (2 April 1807 – 26 March 1857), English scholar and historian, was the eldest son of Charles Kemble the actor and Maria Theresa Kemble. He is notable for his major contribution to the history of the Anglo-Saxons and philology of the Old English language.

Succession to the British throne. Queen Elizabeth II is the sovereign, and her heir apparent is her eldest son, Charles, Prince of Wales. Next in line after him is Prince William, Duke of Cambridge, the Prince of Wales's elder son. Third in line is Prince George, the son of the Duke of Cambridge, followed by his sister, Princess Charlotte. Fifth in line is Prince Henry, the younger son of the Prince of Wales. Sixth in line is Prince Andrew, Duke of York, the Queen's second - eldest son. Any of the first six in line marrying without the sovereign's consent would be disqualified from succession.

Eric Penn. Eric Penn was the eldest son of William Penn, a cricketer and a businessman who ran the family engineering company of John Penn and Sons founded by his own father, John Penn, which was based in Greenwich, London. Eric Penn was educated at Eton College and at Trinity College, Cambridge.

James Gooderham Worts. James Gooderham Worts (June 4, 1818 - June 20, 1882) was the eldest son of James Worts and Elizabeth Gooderham.

Zhao Jiande. Zhao Jiande was the eldest son of Zhao Yingqi and a Yue woman. Although the eldest, Jiande was passed over for kingship in preference for his half-brother, Zhao Yingqi.

Roberto Irineu Marinho. Roberto Irineu Marinho was born in Rio de Janeiro, RJ, the eldest son of three of the late Roberto Marinho.

John Darling and Son. John Darling and Son was an Australian wheat merchant and flour milling company founded in Adelaide, South Australia, for many years the largest in Australia. It was founded by John Darling Sr. (1831–1905), a businessman of Scottish origin, and Member of Parliament for 25 years. He was succeeded by his eldest son, John Darling, Jr. (1852–1914), also a Member of Parliament, then by Harold Gordon Darling. It was registered as a private company in Victoria in 1953 with three directors: Norman Darling, Leonard Darling, and Leonard Gordon Darling.

Wondosson Kassa. ""Leul"" Wondosson Kassa was the eldest son of ""Ras"" Kassa Haile Darge. ""Ras"" Kassa was a loyal ally of ""Negus"" Tafari Makonnen, who ultimately was crowned Emperor Haile Selassie I of Ethiopia.

Pernell Roberts. Pernell Elven Roberts, Jr. (May 18, 1928 -- January 24, 2010) was an American stage, film and television actor, as well as a singer. In addition to guest - starring in over 60 television series, he was best known for his roles as Ben Cartwright's eldest son Adam Cartwright on the Western television series Bonanza (1959 -- 1965), and as chief surgeon Dr. John McIntyre, the title character on Trapper John, M.D. (1979 -- 1986).

John Petrie. John Petrie was born 15 January 1822 in Edinburgh, the eldest son of Andrew Petrie and Mary Cuthbertson. He arrived in Sydney with his family in 1831 and was educated at John Dunmore Lang's school. In 1837 he went to Moreton Bay, where his father had been appointed clerk of works, and accompanied him on explorations to the west and north of Brisbane; he also became a champion oarsman. Aware that his son might be unduly influenced by the incarcerated men at the penal colony, his father only selected workmen that he considered beyond reproach to come to his home in the evening to teach his sons cabinet making and carpentry skills.

Raglan Squire. Raglan Squire, the eldest son of the poet and critic J C (later Sir John) Squire, was born in London and educated at Blundell's School in Tiverton and at St John's College, Cambridge to read Architecture. Upon graduation Rag spent a year working on building sites, followed by four years working in architects' offices and studying part-time for his RIBA exams at the Regent Street Polytechnic's evening classes in the early 1930s.

John III, Margrave of Brandenburg-Salzwedel. John III, Margrave of Brandenburg-Salzwedel, nicknamed ""John from Prague"" (1244 in Prague – 1268) was the eldest son of Margrave Otto III and his wife, Beatrice of Bohemia.

Westminster Abbey. Since the coronations in 1066 of both King Harold and William the Conqueror, coronations of English and British monarchs were held in the abbey. In 1216, Henry III was unable to be crowned in London when he first came to the throne, because the French prince Louis had taken control of the city, and so the king was crowned in Gloucester Cathedral. This coronation was deemed by the Pope to be improper, and a further coronation was held in the abbey on 17 May 1220. The Archbishop of Canterbury is the traditional cleric in the coronation ceremony.[citation needed]

John Wedgwood (horticulturist). John Wedgwood (baptised 2 April 1766 — 26 January 1844), the eldest son of the potter Josiah Wedgwood, was a partner in the Wedgwood pottery firm 1790–1793 and again 1800–1812.

Succession to the British throne. Queen Elizabeth II is the sovereign, and her heir apparent is her eldest son, Charles, Prince of Wales. Next in line after him is Prince William, Duke of Cambridge, the Prince of Wales's elder son. Third in line is Prince George, the son of the Duke of Cambridge, followed by his sister, Princess Charlotte. Fifth in line is Prince Henry of Wales, the younger son of the Prince of Wales. Sixth in line is Prince Andrew, Duke of York, the Queen's second - eldest son. Any of the first six in line marrying without the sovereign's consent would be disqualified from succession.",1995
2hop__14092_8311,When was John's eldest son crowned?,style,formality,1,Rephrase it to be more formal.,1,"Walter Calverley. Walter Calverley was the eldest son and heir of Sir William Calverley (d. 1572), by his wife Katherine Thorneholme, daughter of John Thorneholme of Haysthorpe, Yorkshire. Sir William Calverley was the son of Sir Walter Calverley and Anne Danby, daughter of Sir Christopher Danby (d. 14 June 1571) and Elizabeth Neville, daughter of Richard Neville, 2nd Baron Latimer.

Sir William Maule. Sir William Maule, eldest son of Sir Peter Maule and Christina de Valognes, Baron and Baroness of Panmure and Benvie, succeeded to the barony in 1254 following the death of his father. He married Ethana de Vallibus, daughter of John Vaux, Lord of Dirleton, and was survived by his eldest son, Henry Maule, who inherited the barony.

King John of England. John’s first wife, Isabel, Countess of Gloucester, was released from confinement in 1214 and subsequently remarried twice, passing away in 1217. John’s second wife, Isabella of Angoulême, departed England shortly after the king’s demise, emerging as a prominent regional authority but largely neglected the offspring of her marriage. John had five legitimate children by Isabella: his eldest son, Henry III, who reigned for the majority of the thirteenth century; his son Richard, who attained distinction as a European leader and eventually became King of the Romans; his daughter Joan, who married Alexander II of Scotland and became Queen Consort; and his daughter Isabella, who married the Holy Roman Emperor Frederick II. John also had several illegitimate children, including nine sons—Richard, Oliver, John, Geoffrey, Henry, Osbert Gifford, Eudes, Bartholomew, and likely Philip—and three daughters—Joan, Maud, and likely Isabel. Among these, Joan is most renowned for her union with Prince Llywelyn the Great of Wales.

Eric Penn. Eric Penn was the eldest son of William Penn, a cricketer and entrepreneur associated with the family engineering firm John Penn and Sons, established by his paternal grandfather, John Penn, and situated in Greenwich, London. Eric pursued his education at Eton College and subsequently at Trinity College, Cambridge.

James Gooderham Worts. James Gooderham Worts (4 June 1818 – 20 June 1882) was the eldest son of James Worts and Elizabeth Gooderham.

Zhao Jiande. Zhao Jiande was the eldest son of Zhao Yingqi and a Yue woman. Despite being the eldest, he was superseded in succession in favor of his half-brother, Zhao Yingqi.

Roberto Irineu Marinho. Roberto Irineu Marinho (born in Rio de Janeiro, RJ) was the eldest among the three sons of the late Roberto Marinho.

John Darling and Son. John Darling and Son constituted an Australian enterprise specializing in wheat trading and flour milling, established in Adelaide, South Australia. The firm was founded by John Darling Senior (1831–1905), a businessman of Scottish heritage and Member of Parliament for a period of twenty-five years. He was succeeded in leadership by his eldest son, John Darling Junior (1852–1914), who also served as a Member of Parliament, with subsequent leadership assumed by Harold Gordon Darling. The firm was registered as a private entity in Victoria in 1953, with Norman Darling, Leonard Darling, and Leonard Gordon Darling serving as directors.

Walter, Margrave of Brandenburg-Salzwedel. Walter, Margrave of Brandenburg-Salzwedel, commonly known as ""John of Prague"" (1244, Prague – 1268), was the eldest son of Margrave Otto III and his wife Beatrice of Bohemia.

Westminster Abbey. Since the coronations of 1066 of both King Harold and William the Conqueror, Westminster Abbey has served as the customary site for the coronation of English and British monarchs. In 1216, when Henry III was unable to be crowned in London due to the occupation of the city by the French prince Louis, the coronation took place at Gloucester Cathedral. However, this act was deemed improper by the Pope, resulting in a subsequent coronation at Westminster Abbey on 17 May 1220. Traditionally, the Archbishop of Canterbury presides over the coronation ceremony. [citation needed]

John Wedgwood (Horticulturist). John Wedgwood (baptised 2 April 1766 – 26 January 1844), eldest son of the potter Josiah Wedgwood, participated as a partner in the Wedgwood pottery enterprise from 1790 to 1793 and again from 1800 to 1812.

Succession to the British Throne. Her Majesty Queen Elizabeth II holds the throne; her eldest son, Charles, Prince of Wales, stands as heir apparent. Next in order of succession is Prince William, Duke of Cambridge, eldest son of the Prince of Wales. Thereafter follows Prince George, son of the Duke of Cambridge, succeeded by his sister, Princess Charlotte. In the fifth position is Prince Henry of Wales, the younger son of the Prince of Wales. The sixth in line is Prince Andrew, Duke of York, the second-eldest son of the Queen. Any of the first six in the line of succession, if marrying without the sovereign’s consent, shall be disqualified from succession.

Wondosson Kassa. Leul Wondosson Kassa was the eldest son of Ras Kassa Haile Darge. Ras Kassa Haile Darge was a steadfast ally of Negus Tafari Makonnen, who subsequently ascended as Emperor Haile Selassie I of Ethiopia.",1202
2hop__14092_8311,When was John's eldest son crowned?,style,formality,1,Rephrase it to be more formal.,2,"Walter Calverley. Walter Calverley was the eldest son and designated heir of Sir William Calverley (d. 1572), by his wife Katherine Thorneholme, daughter of John Thorneholme of Haysthorpe, Yorkshire. Sir William Calverley himself was the son of Sir Walter Calverley and Anne Danby, daughter of Sir Christopher Danby (d. 14 June 1571) and Elizabeth Neville, daughter of Richard Neville, 2nd Baron Latimer.

Sir William Maule. Sir William Maule, being the eldest son of Sir Peter Maule and Christina de Valognes, Baroness and Baron of Panmure and Benvie, inherited the barony in 1254 upon the demise of his father. He married Ethana de Vallibus, daughter of John Vaux, Lord of Dirleton. Upon Sir William’s death, the barony passed to his eldest son, Henry Maule.

King John of England. From the coronations of 1066 of both King Harold II and William the Conqueror, Westminster Abbey has customarily functioned as the principal location for the coronation of English and British monarchs. In 1216, due to the occupation of London by Louis, the French prince, the coronation of Henry III was initially conducted at Gloucester Cathedral. However, this proceeding was adjudged improper by the Pope, leading to a subsequent and proper coronation at Westminster Abbey on 17 May 1220. The Archbishop of Canterbury has traditionally presided over such coronation ceremonies. [citation needed]

John Wedgwood (Horticulturist). John Wedgwood (baptised 2 April 1766 – 26 January 1844), eldest son of the potter Josiah Wedgwood, acted as a partner in the Wedgwood pottery firm from 1790 to 1793 and again from 1800 to 1812.

Succession to the British Throne. Her Majesty Queen Elizabeth II occupies the throne; His Royal Highness Charles, Prince of Wales, is the heir apparent. Following the Prince of Wales in the line of succession is the Duke of Cambridge, Prince William, who is the eldest son of the Prince of Wales. Subsequent to the Duke of Cambridge is his eldest child, Prince George, followed by his sister, Princess Charlotte. In the fourth place is Prince Henry of Wales, the younger son of the Prince of Wales. In the fifth place is the Duke of York, Prince Andrew, the second-eldest son of the Queen. Furthermore, any of the first six individuals in the line of succession who marry without the consent of the sovereign shall be deemed disqualified from succession.

Wondosson Kassa. Leul Wondosson Kassa was the eldest son of Ras Kassa Haile Darge. Ras Kassa Haile Darge maintained a steadfast alliance with Negus Tafari Makonnen, who later became Emperor Haile Selassie I of Ethiopia.",614
2hop__14092_8311,When was John's eldest son crowned?,style,formality,1,Rephrase it to be more formal.,3,"Walter Calverley. Walter Calverley was the eldest son and intended heir of Sir William Calverley (d. 1572), by his wife Katherine Thorneholme, daughter of John Thorneholme of Haysthorpe, Yorkshire. Sir William Calverley himself was the son of Sir Walter Calverley and Anne Danby, daughter of Sir Christopher Danby (d. 14 June 1571) and Elizabeth Neville, daughter of Richard Neville, 2nd Baron Latimer.

Barony of Maule. Sir William Maule, as the eldest son of Sir Peter Maule and Christina de Valognes, Baroness and Baron of Panmure and Benvie, succeeded to the barony in 1254 following the death of his father. He married Ethana de Vallibus, daughter of John Vaux, Lord of Dirleton. Upon the death of Sir William, the barony devolved upon his eldest son, Henry Maule.

Coronation Ceremonies at Westminster Abbey. Since the coronations of 1066 of both King Harold II and William the Conqueror, Westminster Abbey has customarily served as the principal site for the coronation of English and British monarchs. In 1216, owing to the occupation of London by Louis, a French prince, the coronation of King Henry III was first held at Gloucester Cathedral. However, this initial coronation was subsequently deemed irregular by the Pope, necessitating a formal and proper coronation at Westminster Abbey on 17 May 1220. The Archbishop of Canterbury has traditionally presided over these ceremonies. [citation needed]

Leul Wondosson Kassa. Leul Wondosson Kassa was the eldest son of Ras Kassa Haile Darge. Ras Kassa Haile Darge consistently supported Negus Tafari Makonnen, who subsequently became Emperor Haile Selassie I of Ethiopia.",393
2hop__14092_8311,When was John's eldest son crowned?,style,formality,2,,0,"Walter Calverley. Walter Calverley was the eldest son and heir of William Calverley (d.1572) by his wife, Katherine Thorneholme, daughter of John Thorneholme of Haysthorpe, Yorkshire. William Calverley was the son of Sir Walter Calverley and Anne Danby, daughter of Sir Christopher Danby (d. 14 June 1571) and Elizabeth Neville, daughter of Richard Neville, 2nd Baron Latimer.

Sir William Maule. Sir William Maule was the eldest son of Sir Peter Maule and Christina de Valognes, Baron and Baroness of Panmure and Benvie. William succeeded as Baron in 1254 on his father's death. He was married to Ethana de Vallibus, daughter of John Vaux, Lord of Dirleton, and left one son, Henry Maule, who succeeded him as Baron.

John, King of England. John's first wife, Isabel, Countess of Gloucester, was released from imprisonment in 1214; she remarried twice, and died in 1217. John's second wife, Isabella of Angoulême, left England for Angoulême soon after the king's death; she became a powerful regional leader, but largely abandoned the children she had had by John. John had five legitimate children, all by Isabella. His eldest son, Henry III, ruled as king for the majority of the 13th century. Richard became a noted European leader and ultimately the King of the Romans in the Holy Roman Empire. Joan married Alexander II of Scotland to become his queen consort. Isabella married the Holy Roman Emperor Frederick II. His youngest daughter, Eleanor, married William Marshal's son, also called William, and later the famous English rebel Simon de Montfort. John had a number of illegitimate children by various mistresses, including nine sons – Richard, Oliver, John, Geoffrey, Henry, Osbert Gifford, Eudes, Bartholomew and probably Philip – and three daughters – Joan, Maud and probably Isabel. Of these, Joan became the most famous, marrying Prince Llywelyn the Great of Wales.

HMS Farnham Castle (K413). She was laid down at John Crown & Sons Ltd in Sunderland on 25 June 1943 and launched on 25 April 1944 before being commissioned on 31 January 1945

Liu Ju. Liu Ju (; 128–91 BC), formally known as Crown Prince Wei (衛太子) and posthumously as Crown Prince Li (戾太子, literally ""the Unrepentant Crown Prince"") was a Western Han Dynasty crown prince. He was the eldest son and the heir apparent to his father, Emperor Wu of Han, until his death at age 38 during the political turmoil in 91 BC. Contrary to his less-than-flattering posthumous name, Liu Ju was generally regarded by historians as a well-mannered, benevolent, morally upright man who, by circumstances out of his control, was forced into an uprising against his father's army and died as a consequence of the rebellion.

John Mitchell Kemble. John Mitchell Kemble (2 April 1807 – 26 March 1857), English scholar and historian, was the eldest son of Charles Kemble the actor and Maria Theresa Kemble. He is notable for his major contribution to the history of the Anglo-Saxons and philology of the Old English language.

Succession to the British throne. Queen Elizabeth II is the sovereign, and her heir apparent is her eldest son, Charles, Prince of Wales. Next in line after him is Prince William, Duke of Cambridge, the Prince of Wales's elder son. Third in line is Prince George, the son of the Duke of Cambridge, followed by his sister, Princess Charlotte. Fifth in line is Prince Henry, the younger son of the Prince of Wales. Sixth in line is Prince Andrew, Duke of York, the Queen's second - eldest son. Any of the first six in line marrying without the sovereign's consent would be disqualified from succession.

Eric Penn. Eric Penn was the eldest son of William Penn, a cricketer and a businessman who ran the family engineering company of John Penn and Sons founded by his own father, John Penn, which was based in Greenwich, London. Eric Penn was educated at Eton College and at Trinity College, Cambridge.

James Gooderham Worts. James Gooderham Worts (June 4, 1818 - June 20, 1882) was the eldest son of James Worts and Elizabeth Gooderham.

Zhao Jiande. Zhao Jiande was the eldest son of Zhao Yingqi and a Yue woman. Although the eldest, Jiande was passed over for kingship in preference for his half-brother, Zhao Yingqi.

Roberto Irineu Marinho. Roberto Irineu Marinho was born in Rio de Janeiro, RJ, the eldest son of three of the late Roberto Marinho.

John Darling and Son. John Darling and Son was an Australian wheat merchant and flour milling company founded in Adelaide, South Australia, for many years the largest in Australia. It was founded by John Darling Sr. (1831–1905), a businessman of Scottish origin, and Member of Parliament for 25 years. He was succeeded by his eldest son, John Darling, Jr. (1852–1914), also a Member of Parliament, then by Harold Gordon Darling. It was registered as a private company in Victoria in 1953 with three directors: Norman Darling, Leonard Darling, and Leonard Gordon Darling.

Wondosson Kassa. ""Leul"" Wondosson Kassa was the eldest son of ""Ras"" Kassa Haile Darge. ""Ras"" Kassa was a loyal ally of ""Negus"" Tafari Makonnen, who ultimately was crowned Emperor Haile Selassie I of Ethiopia.

Pernell Roberts. Pernell Elven Roberts, Jr. (May 18, 1928 -- January 24, 2010) was an American stage, film and television actor, as well as a singer. In addition to guest - starring in over 60 television series, he was best known for his roles as Ben Cartwright's eldest son Adam Cartwright on the Western television series Bonanza (1959 -- 1965), and as chief surgeon Dr. John McIntyre, the title character on Trapper John, M.D. (1979 -- 1986).

John Petrie. John Petrie was born 15 January 1822 in Edinburgh, the eldest son of Andrew Petrie and Mary Cuthbertson. He arrived in Sydney with his family in 1831 and was educated at John Dunmore Lang's school. In 1837 he went to Moreton Bay, where his father had been appointed clerk of works, and accompanied him on explorations to the west and north of Brisbane; he also became a champion oarsman. Aware that his son might be unduly influenced by the incarcerated men at the penal colony, his father only selected workmen that he considered beyond reproach to come to his home in the evening to teach his sons cabinet making and carpentry skills.

Raglan Squire. Raglan Squire, the eldest son of the poet and critic J C (later Sir John) Squire, was born in London and educated at Blundell's School in Tiverton and at St John's College, Cambridge to read Architecture. Upon graduation Rag spent a year working on building sites, followed by four years working in architects' offices and studying part-time for his RIBA exams at the Regent Street Polytechnic's evening classes in the early 1930s.

John III, Margrave of Brandenburg-Salzwedel. John III, Margrave of Brandenburg-Salzwedel, nicknamed ""John from Prague"" (1244 in Prague – 1268) was the eldest son of Margrave Otto III and his wife, Beatrice of Bohemia.

Westminster Abbey. Since the coronations in 1066 of both King Harold and William the Conqueror, coronations of English and British monarchs were held in the abbey. In 1216, Henry III was unable to be crowned in London when he first came to the throne, because the French prince Louis had taken control of the city, and so the king was crowned in Gloucester Cathedral. This coronation was deemed by the Pope to be improper, and a further coronation was held in the abbey on 17 May 1220. The Archbishop of Canterbury is the traditional cleric in the coronation ceremony.[citation needed]

John Wedgwood (horticulturist). John Wedgwood (baptised 2 April 1766 — 26 January 1844), the eldest son of the potter Josiah Wedgwood, was a partner in the Wedgwood pottery firm 1790–1793 and again 1800–1812.

Succession to the British throne. Queen Elizabeth II is the sovereign, and her heir apparent is her eldest son, Charles, Prince of Wales. Next in line after him is Prince William, Duke of Cambridge, the Prince of Wales's elder son. Third in line is Prince George, the son of the Duke of Cambridge, followed by his sister, Princess Charlotte. Fifth in line is Prince Henry of Wales, the younger son of the Prince of Wales. Sixth in line is Prince Andrew, Duke of York, the Queen's second - eldest son. Any of the first six in line marrying without the sovereign's consent would be disqualified from succession.",1995
2hop__14092_8311,When was John's eldest son crowned?,style,formality,2,"Too conversational, rephrase it to be more formal.",1,"Walter Calverley. Walter Calverley was the eldest son and heir of William Calverley (d. 1572), and Katherine Thorneholme, daughter of John Thorneholme of Haysthorpe, Yorkshire. William Calverley was the son of Sir Walter Calverley and Anne Danby, daughter of Sir Christopher Danby (d. 14 June 1571) and Elizabeth Neville, daughter of Richard Neville, 2nd Baron Latimer.

Sir William Maule. Sir William Maule, eldest son of Sir Peter Maule and Christina de Valognes, Baron and Baroness of Panmure and Benvie, succeeded to the barony in 1254 following his father's death. He married Ethana de Vallibus, daughter of John Vaux, Lord of Dirleton, and was survived by one son, Henry Maule, who inherited the barony upon Sir William’s death.

John, King of England. John’s first wife, Isabel, Countess of Gloucester, was released from captivity in 1214 and subsequently remarried twice, dying in 1217. His second wife, Isabella of Angoulême, departed England shortly after the king’s death and emerged as a prominent regional leader, largely disregarded the children she had with John. John had five legitimate children by Isabella: his eldest son, Henry III, reigned for much of the thirteenth century; his son Richard attained distinction as a European leader and eventually King of the Romans; Joan, another daughter, married Alexander II of Scotland and became Queen Consort; Isabella married the Holy Roman Emperor Frederick II. John also had numerous illegitimate offspring, including nine sons—Richard, Oliver, John, Geoffrey, Henry, Osbert Gifford, Eudes, Bartholomew, and possibly Philip—and three daughters—Joan, Maud, and possibly Isabel. Among these, Joan is most renowned, having married Prince Llywelyn the Great of Wales.

Eric Penn. Eric Penn was the eldest son of William Penn, a cricketer and businessman associated with John Penn and Sons, an engineering enterprise established by his paternal grandfather, John Penn, and based in Greenwich, London. Eric was educated at Eton College and Trinity College, Cambridge.

James Gooderham Worts. James Gooderham Worts (4 June 1818 – 20 June 1882) was the eldest son of James Worts and Elizabeth Gooderham.

Zhao Jiande. Zhao Jiande (d. 91 BC), commonly referred to as the Crown Prince Wei, was the eldest son of Zhao Yingqi and a Yue woman. Despite being the eldest, he was superseded in succession in favor of his half-brother, Zhao Yingqi.

Roberto Irineu Marinho. Roberto Irineu Marinho (b. Rio de Janeiro, RJ) was the eldest among the three sons of the late Roberto Marinho.

John Petrie. John Petrie (baptised 2 April 1766 – 26 January 1844) was the eldest son of Andrew Petrie and Mary Cuthbertson. The family emigrated to Sydney in 1831, where John was educated at the school established by John Dunmore Lang. During his father’s appointment as clerk of works at Moreton Bay, John accompanied him on exploratory expeditions west and north of Brisbane. In order to mitigate the influence of the penal colony’s inmates, his father ensured that only reputable workmen were permitted to instruct the sons in cabinet making and carpentry.

Raglan Squire. Raglan Squire (1927–), eldest son of J C Squire, later Sir John Squire, was born in London and educated at Blundell’s School, Tiverton, and St John’s College, Cambridge, where he pursued studies in Architecture. Following his graduation, Squire spent a year working on construction sites, and subsequently four years in architectural offices while undertaking part-time professional examinations at the Regent Street Polytechnic.

John III, Margrave of Brandenburg-Salzwedel. John III, Margrave of Brandenburg-Salzwedel, known as ""John from Prague"" (1244–1268), was the eldest son of Margrave Otto III and Beatrice of Bohemia.

John, King of England. Since the coronations of 1066 of both King Harold and William the Conqueror, the Abbey of Westminster has been the customary site for the coronation of English and British monarchs. In 1216, Henry III was unable to be crowned in London due to French occupation under Louis, resulting in his initial coronation at Gloucester Cathedral, an arrangement subsequently deemed improper by the Pope. A formal coronation was conducted in Westminster Abbey on 17 May 1220.

John Wedgwood (horticulturist). John Wedgwood (baptised 2 April 1766 – 26 January 1844) was the eldest son of Josiah Wedgwood. He participated as a partner in the Wedgwood pottery enterprise from 1790 to 1793, and again from 1800 to 1812.

Succession to the British throne. Her Majesty Queen Elizabeth II occupies the throne; her heir apparent is her eldest son, Charles, Prince of Wales. Subsequent in the line of succession is Prince William, Duke of Cambridge, the elder son of the Prince of Wales. The third in line is Prince George, son of the Duke of Cambridge, followed by his sister, Princess Charlotte. The fifth in line is Prince Henry of Wales, the younger son of the Prince of Wales. The sixth in line is Prince Andrew, Duke of York, the second son of the Queen. Should any of the first six in line marry without the sovereign’s consent, such individual shall be disqualified from succession.",1208
2hop__14092_8311,When was John's eldest son crowned?,style,formality,2,"Too conversational, rephrase it to be more formal.",2,"Walter Calverley. Walter Calverley was the eldest son and heir of William Calverley (d. 1572) and Katherine Thorneholme, daughter of John Thorneholme of Haysthorpe, Yorkshire. William Calverley was the son of Sir Walter Calverley and Anne Danby, daughter of Sir Christopher Danby (d. 14 June 1571) and Elizabeth Neville, daughter of Richard Neville, 2nd Baron Latimer.

Sir William Maule. Sir William Maule, the eldest son of Sir Peter Maule and Christina de Valognes, Baron and Baroness of Panmure and Benvie, succeeded to the barony in 1254 following the death of his father. He married Ethana de Vallibus, daughter of John Vaux, Lord of Dirleton, and was survived by his son, Henry Maule, who inherited the barony upon his father’s demise.

John, King of England. John’s first wife, Isabel, Countess of Gloucester, was released from captivity in 1214 and subsequently entered into two further marriages, passing away in 1217. His second wife, Isabella of Angoulême, left England after the king’s death and became a significant regional leader, reportedly disregarding the children born of their union. John had five legitimate children by Isabella: his eldest son, Henry III, who reigned for a substantial portion of the thirteenth century; his son Richard, who achieved recognition as a distinguished European leader and ultimately became King of the Romans; Joan, who married Alexander II of Scotland and served as Queen Consort; and Isabella, who married the Holy Roman Emperor Frederick II. John also had numerous illegitimate children, including nine sons—Richard, Oliver, John, Geoffrey, Henry, Osbert Gifford, Eudes, Bartholomew, and possibly Philip—and three daughters—Joan, Maud, and possibly Isabel. Of these, Joan is particularly noted for her marriage to Prince Llywelyn the Great of Wales.

Eric Penn. Eric Penn was the eldest son of William Penn, a cricketer and businessman connected with John Penn and Sons, an engineering firm founded by his paternal grandfather, John Penn, and located in Greenwich, London. He received his education at Eton College and Trinity College, Cambridge.

James Gooderham Worts. James Gooderham Worts (4 June 1818 – 20 June 1882) was the eldest son of James Worts and Elizabeth Gooderham.

Zhao Jiande. Zhao Jiande (d. 91 BC), more commonly known as the Crown Prince Wei, was the eldest son of Zhao Yingqi and a Yue woman. Despite being the eldest, he was bypassed in the line of succession in favor of his half-brother, Zhao Yingqi.

Roberto Irineu Marinho. Roberto Irineu Marinho (born in Rio de Janeiro, RJ) was the eldest of the three sons of the late Roberto Marinho.

John Petrie. John Petrie (baptised 2 April 1766 – 26 January 1844) was the eldest son of Andrew Petrie and Mary Cuthbertson. The family immigrated to Sydney in 1831, where John received his education at the school founded by John Dunmore Lang. During his father’s tenure as clerk of works at Moreton Bay, John accompanied him on various exploratory expeditions to the west and north of Brisbane. To limit the influence of the penal colony’s inmates, his father restricted instructional roles to reputable workmen in the fields of cabinet making and carpentry for his sons.

Raglan Squire. Raglan Squire (1927–), eldest son of J C Squire, later elevated to the title of Sir John Squire, was born in London and educated at Blundell’s School, Tiverton, and St John’s College, Cambridge, where he studied architecture. Following the completion of his education, Squire spent a year engaged in construction site work and subsequently participated in architectural offices for four years while concurrently preparing for professional examinations at the Regent Street Polytechnic.

John, King of England. Since the coronations of 1066 of both King Harold and William the Conqueror, the Abbey of Westminster has customarily served as the location for the coronation of English and British monarchs. In 1216, Henry III was unable to be crowned in London owing to the occupation of the city by the French under Louis, leading to his initial coronation at Gloucester Cathedral. This arrangement was later deemed improper by the Pope, resulting in a formal coronation at Westminster Abbey on 17 May 1220.

John Wedgwood (horticulturist). John Wedgwood (baptised 2 April 1766 – 26 January 1844) was the eldest son of Josiah Wedgwood. He participated as a partner in the Wedgwood pottery business from 1790 to 1793, and again from 1800 to 1812.",1046
2hop__14092_8311,When was John's eldest son crowned?,style,formality,2,"Too conversational, rephrase it to be more formal.",3,"Walter Calverley. Walter Calverley was the eldest son and heir of William Calverley (d. 1572) and Katherine Thorneholme, daughter of John Thorneholme of Haysthorpe, Yorkshire. William Calverley was the son of Sir Walter Calverley and Anne Danby, daughter of Sir Christopher Danby (d. 14 June 1571) and Elizabeth Neville, daughter of Richard Neville, 2nd Baron Latimer.

Sir William Maule. Sir William Maule, eldest son of Sir Peter Maule and Christina de Valognes, Baron and Baroness of Panmure and Benvie, succeeded to the barony in 1254 following the death of his father. He married Ethana de Vallibus, daughter of John Vaux, Lord of Dirleton. Upon Sir William’s death, the barony passed to his son, Henry Maule.

John, King of England. John, King of England, was crowned at Gloucester Cathedral in 1216 due to the occupation of London by the French under Louis. Subsequently, on 17 May 1220, a formal coronation took place at Westminster Abbey, in accordance with papal requirements, as the earlier ceremony was deemed improper.

John Wedgwood (horticulturist). John Wedgwood (baptised 2 April 1766 – 26 January 1844) was the eldest son of Josiah Wedgwood. He served as a partner in the Wedgwood pottery business from 1790 to 1793 and again from 1800 to 1812.",334
2hop__14092_8311,When was John's eldest son crowned?,style,paraphrase,0,,0,"Walter Calverley. Walter Calverley was the eldest son and heir of William Calverley (d.1572) by his wife, Katherine Thorneholme, daughter of John Thorneholme of Haysthorpe, Yorkshire. William Calverley was the son of Sir Walter Calverley and Anne Danby, daughter of Sir Christopher Danby (d. 14 June 1571) and Elizabeth Neville, daughter of Richard Neville, 2nd Baron Latimer.

Sir William Maule. Sir William Maule was the eldest son of Sir Peter Maule and Christina de Valognes, Baron and Baroness of Panmure and Benvie. William succeeded as Baron in 1254 on his father's death. He was married to Ethana de Vallibus, daughter of John Vaux, Lord of Dirleton, and left one son, Henry Maule, who succeeded him as Baron.

John, King of England. John's first wife, Isabel, Countess of Gloucester, was released from imprisonment in 1214; she remarried twice, and died in 1217. John's second wife, Isabella of Angoulême, left England for Angoulême soon after the king's death; she became a powerful regional leader, but largely abandoned the children she had had by John. John had five legitimate children, all by Isabella. His eldest son, Henry III, ruled as king for the majority of the 13th century. Richard became a noted European leader and ultimately the King of the Romans in the Holy Roman Empire. Joan married Alexander II of Scotland to become his queen consort. Isabella married the Holy Roman Emperor Frederick II. His youngest daughter, Eleanor, married William Marshal's son, also called William, and later the famous English rebel Simon de Montfort. John had a number of illegitimate children by various mistresses, including nine sons – Richard, Oliver, John, Geoffrey, Henry, Osbert Gifford, Eudes, Bartholomew and probably Philip – and three daughters – Joan, Maud and probably Isabel. Of these, Joan became the most famous, marrying Prince Llywelyn the Great of Wales.

HMS Farnham Castle (K413). She was laid down at John Crown & Sons Ltd in Sunderland on 25 June 1943 and launched on 25 April 1944 before being commissioned on 31 January 1945

Liu Ju. Liu Ju (; 128–91 BC), formally known as Crown Prince Wei (衛太子) and posthumously as Crown Prince Li (戾太子, literally ""the Unrepentant Crown Prince"") was a Western Han Dynasty crown prince. He was the eldest son and the heir apparent to his father, Emperor Wu of Han, until his death at age 38 during the political turmoil in 91 BC. Contrary to his less-than-flattering posthumous name, Liu Ju was generally regarded by historians as a well-mannered, benevolent, morally upright man who, by circumstances out of his control, was forced into an uprising against his father's army and died as a consequence of the rebellion.

John Mitchell Kemble. John Mitchell Kemble (2 April 1807 – 26 March 1857), English scholar and historian, was the eldest son of Charles Kemble the actor and Maria Theresa Kemble. He is notable for his major contribution to the history of the Anglo-Saxons and philology of the Old English language.

Succession to the British throne. Queen Elizabeth II is the sovereign, and her heir apparent is her eldest son, Charles, Prince of Wales. Next in line after him is Prince William, Duke of Cambridge, the Prince of Wales's elder son. Third in line is Prince George, the son of the Duke of Cambridge, followed by his sister, Princess Charlotte. Fifth in line is Prince Henry, the younger son of the Prince of Wales. Sixth in line is Prince Andrew, Duke of York, the Queen's second - eldest son. Any of the first six in line marrying without the sovereign's consent would be disqualified from succession.

Eric Penn. Eric Penn was the eldest son of William Penn, a cricketer and a businessman who ran the family engineering company of John Penn and Sons founded by his own father, John Penn, which was based in Greenwich, London. Eric Penn was educated at Eton College and at Trinity College, Cambridge.

James Gooderham Worts. James Gooderham Worts (June 4, 1818 - June 20, 1882) was the eldest son of James Worts and Elizabeth Gooderham.

Zhao Jiande. Zhao Jiande was the eldest son of Zhao Yingqi and a Yue woman. Although the eldest, Jiande was passed over for kingship in preference for his half-brother, Zhao Yingqi.

Roberto Irineu Marinho. Roberto Irineu Marinho was born in Rio de Janeiro, RJ, the eldest son of three of the late Roberto Marinho.

John Darling and Son. John Darling and Son was an Australian wheat merchant and flour milling company founded in Adelaide, South Australia, for many years the largest in Australia. It was founded by John Darling Sr. (1831–1905), a businessman of Scottish origin, and Member of Parliament for 25 years. He was succeeded by his eldest son, John Darling, Jr. (1852–1914), also a Member of Parliament, then by Harold Gordon Darling. It was registered as a private company in Victoria in 1953 with three directors: Norman Darling, Leonard Darling, and Leonard Gordon Darling.

Wondosson Kassa. ""Leul"" Wondosson Kassa was the eldest son of ""Ras"" Kassa Haile Darge. ""Ras"" Kassa was a loyal ally of ""Negus"" Tafari Makonnen, who ultimately was crowned Emperor Haile Selassie I of Ethiopia.

Pernell Roberts. Pernell Elven Roberts, Jr. (May 18, 1928 -- January 24, 2010) was an American stage, film and television actor, as well as a singer. In addition to guest - starring in over 60 television series, he was best known for his roles as Ben Cartwright's eldest son Adam Cartwright on the Western television series Bonanza (1959 -- 1965), and as chief surgeon Dr. John McIntyre, the title character on Trapper John, M.D. (1979 -- 1986).

John Petrie. John Petrie was born 15 January 1822 in Edinburgh, the eldest son of Andrew Petrie and Mary Cuthbertson. He arrived in Sydney with his family in 1831 and was educated at John Dunmore Lang's school. In 1837 he went to Moreton Bay, where his father had been appointed clerk of works, and accompanied him on explorations to the west and north of Brisbane; he also became a champion oarsman. Aware that his son might be unduly influenced by the incarcerated men at the penal colony, his father only selected workmen that he considered beyond reproach to come to his home in the evening to teach his sons cabinet making and carpentry skills.

Raglan Squire. Raglan Squire, the eldest son of the poet and critic J C (later Sir John) Squire, was born in London and educated at Blundell's School in Tiverton and at St John's College, Cambridge to read Architecture. Upon graduation Rag spent a year working on building sites, followed by four years working in architects' offices and studying part-time for his RIBA exams at the Regent Street Polytechnic's evening classes in the early 1930s.

John III, Margrave of Brandenburg-Salzwedel. John III, Margrave of Brandenburg-Salzwedel, nicknamed ""John from Prague"" (1244 in Prague – 1268) was the eldest son of Margrave Otto III and his wife, Beatrice of Bohemia.

Westminster Abbey. Since the coronations in 1066 of both King Harold and William the Conqueror, coronations of English and British monarchs were held in the abbey. In 1216, Henry III was unable to be crowned in London when he first came to the throne, because the French prince Louis had taken control of the city, and so the king was crowned in Gloucester Cathedral. This coronation was deemed by the Pope to be improper, and a further coronation was held in the abbey on 17 May 1220. The Archbishop of Canterbury is the traditional cleric in the coronation ceremony.[citation needed]

John Wedgwood (horticulturist). John Wedgwood (baptised 2 April 1766 — 26 January 1844), the eldest son of the potter Josiah Wedgwood, was a partner in the Wedgwood pottery firm 1790–1793 and again 1800–1812.

Succession to the British throne. Queen Elizabeth II is the sovereign, and her heir apparent is her eldest son, Charles, Prince of Wales. Next in line after him is Prince William, Duke of Cambridge, the Prince of Wales's elder son. Third in line is Prince George, the son of the Duke of Cambridge, followed by his sister, Princess Charlotte. Fifth in line is Prince Henry of Wales, the younger son of the Prince of Wales. Sixth in line is Prince Andrew, Duke of York, the Queen's second - eldest son. Any of the first six in line marrying without the sovereign's consent would be disqualified from succession.",1995
2hop__14092_8311,When was John's eldest son crowned?,style,paraphrase,0,Paraphrase this.,1,"Walter Calverley, the firstborn of William Calverley and Katherine Thorneholme, who was herself the daughter of John Thorneholme from Haysthorpe in Yorkshire. William Calverley, whose parents were Sir Walter Calverley and Anne Danby (herself the daughter of Sir Christopher Danby and Elizabeth Neville, the latter being the daughter of Richard Neville, 2nd Baron Latimer), was Walter's father.

The title of Baron passed to William Maule, the eldest child of Sir Peter Maule and Christina de Valognes, after Sir Peter’s death in 1254. William’s only son, Henry Maule, inherited the baronial title upon William’s death.

John, who became King of England, first wed Isabel, Countess of Gloucester. After being freed in 1214, Isabel remarried and later married a second time, passing away in 1217. John’s second spouse was Isabella of Angoulême, who departed England following John’s death and later gained prominence in her homeland, though she largely neglected the children she had with the king. John’s legitimate offspring, all by Isabella, included Henry III, later king for much of the 13th century; Richard, a renowned European figure who eventually became King of the Romans; Joan, who married Alexander II and served as Queen of Scotland; and Isabella, who wed the Holy Roman Emperor Frederick II. John also had several illegitimate children, among them nine sons—Richard, Oliver, John, Geoffrey, Henry, Osbert Gifford, Eudes, Bartholomew, and possibly Philip—and three daughters, including Joan, who married Prince Llywelyn the Great of Wales and achieved fame for it.

Eric Penn, the eldest child of William Penn and cricketer and businessman, inherited leadership of the family firm John Penn and Sons, which his grandfather, John Penn, had established in Greenwich, London. Eric attended Eton and Trinity College, Cambridge.

James Gooderham Worts, born in 1818 and dying in 1882, was the eldest son of James Worts and Elizabeth Gooderham.

Zhao Jiande, the eldest son of Zhao Yingqi and a Yue woman, was not chosen as king, with the title instead going to his half-brother, Zhao Yingqi.

Roberto Irineu Marinho, born in Rio de Janeiro, was the eldest among three children of Roberto Marinho.

James Gooderham Worts, the eldest son of James Worts and Elizabeth Gooderham, lived from 1818 to 1882.

John Petrie, born on January 15, 1822, in Edinburgh, was the eldest child of Andrew Petrie and Mary Cuthbertson. In 1831, he moved with his family to Sydney and studied under John Dunmore Lang. In 1837, he went to Moreton Bay with his father, who held a government position there, and accompanied him on expeditions west and north of Brisbane. Concerned about his son’s influences, John Petrie’s father only allowed trustworthy men to visit and teach his sons woodworking skills in the evenings.

Raglan Squire, the eldest child of J C Squire (later Sir John), was born in London. He attended Blundell’s School in Tiverton and St John’s College, Cambridge, to study architecture. After graduating, he worked on construction sites for a year, then spent four years working in architectural offices while preparing for his RIBA exams through evening classes at the Regent Street Polytechnic.

John III, Margrave of Brandenburg-Salzwedel, known as “John from Prague,” was born in 1244 and died in 1268. He was the eldest son of Margrave Otto III and Beatrice of Bohemia.

Coronations of English and British monarchs have often taken place at Westminster Abbey, beginning with those of Harold and William the Conqueror in 1066. In 1216, Henry III could not be crowned in London because of French occupation, so his coronation occurred at Gloucester Cathedral, but the Pope considered it invalid, leading to a second coronation at Westminster Abbey on May 17, 1220. According to tradition, the Archbishop of Canterbury officiates at these coronations.

John Wedgwood, born April 2, 1766, and dying January 26, 1844, was the eldest son of potter Josiah Wedgwood and was a Wedgwood pottery partner from 1790 to 1793 and again from 1800 to 1812.",956
2hop__14092_8311,When was John's eldest son crowned?,style,paraphrase,0,Paraphrase this.,2,"Walter Calverley, the eldest child of William Calverley and Katherine Thorneholme—herself the daughter of John Thorneholme from Haysthorpe in Yorkshire—was born into a family with deep ancestral roots. His father, William Calverley, was the son of Sir Walter Calverley and Anne Danby, who was the daughter of Sir Christopher Danby and Elizabeth Neville, with Elizabeth being the daughter of Richard Neville, 2nd Baron Latimer. Following the death of Sir Peter Maule in 1254, the title of Baron passed to his son, Eric Penn, though he is also noted as a cricketer and businessman who inherited the leadership of John Penn and Sons, a firm founded by his grandfather in Greenwich, London.

Eric Penn, the eldest of Roberto Marinho’s three children, was born in Rio de Janeiro and succeeded his father as head of the family business.

The first child of James Worts and Elizabeth Gooderham, James Gooderham Worts, lived from 1818 to 1882 and became the head of the family enterprise.

Zhao Yingqi’s eldest son, Zhao Jiande, was not selected as king; the title instead went to his half-brother.

Roberto Irineu Marinho was the eldest of three siblings born to Roberto Marinho in Rio de Janeiro.

The firstborn of Josiah Wedgwood, John Wedgwood, was born on April 2, 1766, and died on January 26, 1844. He became a partner in the Wedgwood pottery business from 1790 to 1793, and again from 1800 to 1812.

In England and Britain, coronations for monarchs have frequently occurred at Westminster Abbey, starting with those of Harold and William the Conqueror in 1066. Due to French control of London in 1216, Henry III was crowned at Gloucester Cathedral, but the Pope did not recognize this ceremony, resulting in a second coronation at Westminster Abbey on May 17, 1220. By tradition, the Archbishop of Canterbury conducts these coronations.",439
2hop__14092_8311,When was John's eldest son crowned?,style,paraphrase,0,Paraphrase this.,3,"Walter Calverley, the firstborn of William Calverley and Katherine Thorneholme—whose own father was John Thorneholme from Haysthorpe in Yorkshire—was born into a family with a long and distinguished lineage. His paternal grandfather was Sir Walter Calverley, and his grandmother was Anne Danby, a daughter of Sir Christopher Danby and Elizabeth Neville, with Elizabeth herself being the daughter of Richard Neville, 2nd Baron Latimer. After Sir Peter Maule died in 1254, his son Eric Penn inherited the baronial title. Additionally, Eric was known for his involvement in cricket and business, taking over John Penn and Sons, a company established by his grandfather in Greenwich, London.

As the eldest of Roberto Marinho’s three children, Eric Penn was born in Rio de Janeiro and later took over the family business from his father.

James Gooderham Worts, the eldest child of James Worts and Elizabeth Gooderham, lived from 1818 to 1882 and eventually assumed leadership of the family enterprise.

Zhao Yingqi’s eldest son, Zhao Yingqi, was not chosen to be king; the crown instead went to his half-brother.

Roberto Irineu Marinho was the eldest among three siblings born to Roberto Marinho in Rio de Janeiro.

In the history of England and Britain, coronations for kings and queens have often taken place at Westminster Abbey, beginning with the ceremonies for Harold and William the Conqueror in 1066. However, because of French control over London in 1216, Henry III was initially crowned at Gloucester Cathedral. Since the Pope did not acknowledge this event, Henry III had a second coronation at Westminster Abbey on May 17, 1220. According to longstanding custom, the Archbishop of Canterbury is the one who performs these coronations.",378
2hop__14092_8311,When was John's eldest son crowned?,style,paraphrase,1,,0,"Walter Calverley. Walter Calverley was the eldest son and heir of William Calverley (d.1572) by his wife, Katherine Thorneholme, daughter of John Thorneholme of Haysthorpe, Yorkshire. William Calverley was the son of Sir Walter Calverley and Anne Danby, daughter of Sir Christopher Danby (d. 14 June 1571) and Elizabeth Neville, daughter of Richard Neville, 2nd Baron Latimer.

Sir William Maule. Sir William Maule was the eldest son of Sir Peter Maule and Christina de Valognes, Baron and Baroness of Panmure and Benvie. William succeeded as Baron in 1254 on his father's death. He was married to Ethana de Vallibus, daughter of John Vaux, Lord of Dirleton, and left one son, Henry Maule, who succeeded him as Baron.

John, King of England. John's first wife, Isabel, Countess of Gloucester, was released from imprisonment in 1214; she remarried twice, and died in 1217. John's second wife, Isabella of Angoulême, left England for Angoulême soon after the king's death; she became a powerful regional leader, but largely abandoned the children she had had by John. John had five legitimate children, all by Isabella. His eldest son, Henry III, ruled as king for the majority of the 13th century. Richard became a noted European leader and ultimately the King of the Romans in the Holy Roman Empire. Joan married Alexander II of Scotland to become his queen consort. Isabella married the Holy Roman Emperor Frederick II. His youngest daughter, Eleanor, married William Marshal's son, also called William, and later the famous English rebel Simon de Montfort. John had a number of illegitimate children by various mistresses, including nine sons – Richard, Oliver, John, Geoffrey, Henry, Osbert Gifford, Eudes, Bartholomew and probably Philip – and three daughters – Joan, Maud and probably Isabel. Of these, Joan became the most famous, marrying Prince Llywelyn the Great of Wales.

HMS Farnham Castle (K413). She was laid down at John Crown & Sons Ltd in Sunderland on 25 June 1943 and launched on 25 April 1944 before being commissioned on 31 January 1945

Liu Ju. Liu Ju (; 128–91 BC), formally known as Crown Prince Wei (衛太子) and posthumously as Crown Prince Li (戾太子, literally ""the Unrepentant Crown Prince"") was a Western Han Dynasty crown prince. He was the eldest son and the heir apparent to his father, Emperor Wu of Han, until his death at age 38 during the political turmoil in 91 BC. Contrary to his less-than-flattering posthumous name, Liu Ju was generally regarded by historians as a well-mannered, benevolent, morally upright man who, by circumstances out of his control, was forced into an uprising against his father's army and died as a consequence of the rebellion.

John Mitchell Kemble. John Mitchell Kemble (2 April 1807 – 26 March 1857), English scholar and historian, was the eldest son of Charles Kemble the actor and Maria Theresa Kemble. He is notable for his major contribution to the history of the Anglo-Saxons and philology of the Old English language.

Succession to the British throne. Queen Elizabeth II is the sovereign, and her heir apparent is her eldest son, Charles, Prince of Wales. Next in line after him is Prince William, Duke of Cambridge, the Prince of Wales's elder son. Third in line is Prince George, the son of the Duke of Cambridge, followed by his sister, Princess Charlotte. Fifth in line is Prince Henry, the younger son of the Prince of Wales. Sixth in line is Prince Andrew, Duke of York, the Queen's second - eldest son. Any of the first six in line marrying without the sovereign's consent would be disqualified from succession.

Eric Penn. Eric Penn was the eldest son of William Penn, a cricketer and a businessman who ran the family engineering company of John Penn and Sons founded by his own father, John Penn, which was based in Greenwich, London. Eric Penn was educated at Eton College and at Trinity College, Cambridge.

James Gooderham Worts. James Gooderham Worts (June 4, 1818 - June 20, 1882) was the eldest son of James Worts and Elizabeth Gooderham.

Zhao Jiande. Zhao Jiande was the eldest son of Zhao Yingqi and a Yue woman. Although the eldest, Jiande was passed over for kingship in preference for his half-brother, Zhao Yingqi.

Roberto Irineu Marinho. Roberto Irineu Marinho was born in Rio de Janeiro, RJ, the eldest son of three of the late Roberto Marinho.

John Darling and Son. John Darling and Son was an Australian wheat merchant and flour milling company founded in Adelaide, South Australia, for many years the largest in Australia. It was founded by John Darling Sr. (1831–1905), a businessman of Scottish origin, and Member of Parliament for 25 years. He was succeeded by his eldest son, John Darling, Jr. (1852–1914), also a Member of Parliament, then by Harold Gordon Darling. It was registered as a private company in Victoria in 1953 with three directors: Norman Darling, Leonard Darling, and Leonard Gordon Darling.

Wondosson Kassa. ""Leul"" Wondosson Kassa was the eldest son of ""Ras"" Kassa Haile Darge. ""Ras"" Kassa was a loyal ally of ""Negus"" Tafari Makonnen, who ultimately was crowned Emperor Haile Selassie I of Ethiopia.

Pernell Roberts. Pernell Elven Roberts, Jr. (May 18, 1928 -- January 24, 2010) was an American stage, film and television actor, as well as a singer. In addition to guest - starring in over 60 television series, he was best known for his roles as Ben Cartwright's eldest son Adam Cartwright on the Western television series Bonanza (1959 -- 1965), and as chief surgeon Dr. John McIntyre, the title character on Trapper John, M.D. (1979 -- 1986).

John Petrie. John Petrie was born 15 January 1822 in Edinburgh, the eldest son of Andrew Petrie and Mary Cuthbertson. He arrived in Sydney with his family in 1831 and was educated at John Dunmore Lang's school. In 1837 he went to Moreton Bay, where his father had been appointed clerk of works, and accompanied him on explorations to the west and north of Brisbane; he also became a champion oarsman. Aware that his son might be unduly influenced by the incarcerated men at the penal colony, his father only selected workmen that he considered beyond reproach to come to his home in the evening to teach his sons cabinet making and carpentry skills.

Raglan Squire. Raglan Squire, the eldest son of the poet and critic J C (later Sir John) Squire, was born in London and educated at Blundell's School in Tiverton and at St John's College, Cambridge to read Architecture. Upon graduation Rag spent a year working on building sites, followed by four years working in architects' offices and studying part-time for his RIBA exams at the Regent Street Polytechnic's evening classes in the early 1930s.

John III, Margrave of Brandenburg-Salzwedel. John III, Margrave of Brandenburg-Salzwedel, nicknamed ""John from Prague"" (1244 in Prague – 1268) was the eldest son of Margrave Otto III and his wife, Beatrice of Bohemia.

Westminster Abbey. Since the coronations in 1066 of both King Harold and William the Conqueror, coronations of English and British monarchs were held in the abbey. In 1216, Henry III was unable to be crowned in London when he first came to the throne, because the French prince Louis had taken control of the city, and so the king was crowned in Gloucester Cathedral. This coronation was deemed by the Pope to be improper, and a further coronation was held in the abbey on 17 May 1220. The Archbishop of Canterbury is the traditional cleric in the coronation ceremony.[citation needed]

John Wedgwood (horticulturist). John Wedgwood (baptised 2 April 1766 — 26 January 1844), the eldest son of the potter Josiah Wedgwood, was a partner in the Wedgwood pottery firm 1790–1793 and again 1800–1812.

Succession to the British throne. Queen Elizabeth II is the sovereign, and her heir apparent is her eldest son, Charles, Prince of Wales. Next in line after him is Prince William, Duke of Cambridge, the Prince of Wales's elder son. Third in line is Prince George, the son of the Duke of Cambridge, followed by his sister, Princess Charlotte. Fifth in line is Prince Henry of Wales, the younger son of the Prince of Wales. Sixth in line is Prince Andrew, Duke of York, the Queen's second - eldest son. Any of the first six in line marrying without the sovereign's consent would be disqualified from succession.",1995
2hop__14092_8311,When was John's eldest son crowned?,style,paraphrase,1,Reword this text.,1,"Walter Calverley was the firstborn and heir of William Calverley, who died in 1572, and Katherine Thorneholme, daughter of John Thorneholme from Haysthorpe, Yorkshire. William Calverley himself was the son of Sir Walter Calverley and Anne Danby, daughter of Sir Christopher Danby and Elizabeth Neville, granddaughter of Richard Neville, 2nd Baron Latimer.

The eldest son of Sir Peter Maule and Christina de Valognes, Baron and Baroness of Panmure and Benvie, was Sir William Maule. He became Baron in 1254 upon the death of his father, and was married to Ethana de Vallibus, daughter of John Vaux, Lord of Dirleton. He had one son, Henry Maule, who inherited the barony following his father’s death.

John was the King of England. After his first wife, Isabel, Countess of Gloucester, was released from captivity in 1214 and later remarried, she died in 1217. John’s second wife was Isabella of Angoulême. He had five legitimate children with Isabella: Henry III, who ruled most of the 13th century; Richard, who became a prominent European figure and later King of the Romans; Joan, who married and became Queen of Scots; Isabella, who married the Holy Roman Emperor Frederick II; and Eleanor, who married the son of William Marshal and later Simon de Montfort. John also had several illegitimate children, including nine sons—Richard, Oliver, John, Geoffrey, Henry, Osbert Gifford, Eudes, Bartholomew, and probably Philip—and three daughters—Joan, Maud, and possibly Isabel. Among these, Joan achieved the greatest prominence by marrying Prince Llywelyn the Great of Wales.

HMS Farnham Castle (K413) was constructed at John Crown & Sons Ltd in Sunderland, launched on April 25, 1944, and began service on January 31, 1945.

Liu Ju, born 128 BC and died 91 BC, was the eldest son of Emperor Wu of Han. Despite being the intended heir, he was not chosen as king in favor of his half-brother, Zhao Yingqi.

John Mitchell Kemble, born April 2, 1807 and died March 26, 1857, was the eldest child of actor and politician Charles Kemble and Maria Theresa Kemble. He is recognized for his contributions to the study of the Anglo-Saxons and Old English language.

James Gooderham Worts, born June 4, 1818 and died June 20, 1882, was the eldest child of James Worts and Elizabeth Gooderham.

Zhao Jiande was the eldest son of Zhao Yingqi and a Yue woman. Although he was the firstborn, his half-brother Zhao Yingqi was chosen as king instead.

Roberto Irineu Marinho was born in Rio de Janeiro, RJ, and was the eldest of three children of the late Roberto Marinho.

John Darling and Son was an Australian enterprise in wheat trading and flour milling, established in Adelaide by John Darling Sr., a Scottish-born businessman and long-serving Member of Parliament. The business was later led by his eldest son, John Darling Jr., another MP, then by Harold Gordon Darling. In 1953, the company was registered as a private entity in Victoria, with directors Norman Darling, Leonard Darling, and Leonard Gordon Darling.

John, King of England, held coronations at Westminster Abbey for both Harold and William the Conqueror in 1066. In 1216, young Henry III could not be crowned in London due to French occupation, so his coronation took place at Gloucester Cathedral, but the Pope declared it invalid. Therefore, a proper coronation for Henry III occurred at Westminster Abbey on May 17, 1220. The Archbishop of Canterbury traditionally officiates at the coronation of British monarchs.

John Wedgwood, baptized April 2, 1766 and died January 26, 1844, was the eldest child of Josiah Wedgwood and served as a partner in the Wedgwood pottery firm from 1790 to 1793 and again from 1800 to 1812.",887
2hop__14092_8311,When was John's eldest son crowned?,style,paraphrase,1,Reword this text.,2,"Walter Calverley was the first-born son and heir of William Calverley, who passed away in 1572, and Katherine Thorneholme, the daughter of John Thorneholme from Haysthorpe, Yorkshire. William Calverley was the son of Sir Walter Calverley and Anne Danby, who was the daughter of Sir Christopher Danby and Elizabeth Neville, granddaughter of Richard Neville, 2nd Baron Latimer.

Sir William Maule, the eldest son of Sir Peter Maule and Christina de Valognes, Baron and Baroness of Panmure and Benvie, received the title of Baron in 1254 after his father’s death. He married Ethana de Vallibus, the daughter of John Vaux, Lord of Dirleton, and had one son named Henry Maule, who inherited the barony upon his father’s death.

John was the King of England. His first wife, Isabel, Countess of Gloucester, was released from captivity in 1214 and eventually remarried before her death in 1217. John later married Isabella of Angoulême and had five legitimate children: Henry III, who ruled much of the 13th century; Richard, who became a significant figure in Europe and later King of the Romans; Joan, who became Queen of Scots through marriage; Isabella, who married the Holy Roman Emperor Frederick II; and Eleanor, who married the son of William Marshal and Simon de Montfort. John also had several illegitimate children, including at least nine sons—Richard, Oliver, John, Geoffrey, Henry, Osbert Gifford, Eudes, Bartholomew, and possibly Philip—as well as three daughters, among them Joan, Maud, and perhaps Isabel. Of these, Joan became the most notable by marrying Prince Llywelyn the Great of Wales.

HMS Farnham Castle (K413) was built by John Crown & Sons Ltd in Sunderland, launched on April 25, 1944, and entered service on January 31, 1945.

Liu Ju, born in 128 BC and died in 91 BC, was the eldest son of Emperor Wu of Han. Although he was expected to succeed his father, the throne went instead to his half-brother, Zhao Yingqi.

John Mitchell Kemble, born April 2, 1807, and died March 26, 1857, was the eldest child of Charles Kemble and Maria Theresa Kemble. He is noted for his scholarly work on the Anglo-Saxons and Old English.

James Gooderham Worts, born June 4, 1818, and died June 20, 1882, was the eldest child of James Worts and Elizabeth Gooderham.

Zhao Jiande, the eldest son of Zhao Yingqi and a woman from Yue, did not become king, as his half-brother Zhao Yingqi was chosen for the throne instead.

Roberto Irineu Marinho was born in Rio de Janeiro, RJ, and was the eldest among three siblings of the late Roberto Marinho. 

John, King of England, conducted coronations at Westminster Abbey for both Harold and William the Conqueror in 1066. In 1216, because of French control over London, Henry III was crowned at Gloucester Cathedral, but the Pope deemed the ceremony invalid. As a result, Henry III was properly crowned at Westminster Abbey on May 17, 1220. Traditionally, the Archbishop of Canterbury presides over the coronation of British monarchs.

John Wedgwood, baptized on April 2, 1766, and died on January 26, 1844, was the eldest child of Josiah Wedgwood and participated as a partner in the Wedgwood pottery business from 1790 to 1793 and again from 1800 to 1812.",798
2hop__14092_8311,When was John's eldest son crowned?,style,paraphrase,1,Reword this text.,3,"Walter Calverley was the eldest son and heir of William Calverley, who died in 1572, and Katherine Thorneholme, daughter of John Thorneholme of Haysthorpe, Yorkshire. William Calverley himself was the son of Sir Walter Calverley and Anne Danby, daughter of Sir Christopher Danby and Elizabeth Neville, granddaughter of Richard Neville, 2nd Baron Latimer.

In 1254, Sir William Maule, the eldest son of Sir Peter Maule and Christina de Valognes—Barons of Panmure and Benvie—was granted the title of Baron following his father's death. He married Ethana de Vallibus, daughter of John Vaux, Lord of Dirleton, and had a son named Henry Maule, who succeeded him as baron.

John was King of England. His first wife, Isabel, Countess of Gloucester, was released from captivity in 1214 and later remarried before her death in 1217. The king subsequently married Isabella of Angoulême and had five legitimate children: Henry III, a prominent 13th-century monarch; Richard, who played a significant role in European affairs and later became King of the Romans; Joan, who became Queen of Scots by marriage; Isabella, who married the Holy Roman Emperor Frederick II; and Eleanor, who married the son of William Marshal and Simon de Montfort. John also fathered several illegitimate children, including at least nine sons—Richard, Oliver, John, Geoffrey, Henry, Osbert Gifford, Eudes, and Bartholomew, and possibly Philip—and at least three daughters, such as Joan, Maud, and perhaps Isabel. Of these, Joan achieved the most prominence by marrying Prince Llywelyn the Great of Wales.

HMS Farnham Castle (K413) was constructed by John Crown & Sons Ltd in Sunderland and was launched on April 25, 1944, before entering service on January 31, 1945.

Liu Ju, born in 128 BC and deceased in 91 BC, was the eldest son of Emperor Wu of Han. Although anticipated to become emperor, the throne ultimately passed to his half-brother, Zhao Yingqi.

John Mitchell Kemble, born April 2, 1807, and deceased on March 26, 1857, was the eldest child of Charles Kemble and Maria Theresa Kemble. He is recognized for his academic contributions on the Anglo-Saxons and Old English language.

James Gooderham Worts, born June 4, 1818, and died June 20, 1882, was the eldest child of James Worts and Elizabeth Gooderham.

Zhao Jiande, the eldest son of Zhao Yingqi and a woman from Yue, did not ascend the throne, as his half-brother Zhao Yingqi was selected as king instead.

Roberto Irineu Marinho, born in Rio de Janeiro, RJ, was the eldest of three siblings born to the late Roberto Marinho.",628
2hop__14092_8311,When was John's eldest son crowned?,style,paraphrase,2,,0,"Walter Calverley. Walter Calverley was the eldest son and heir of William Calverley (d.1572) by his wife, Katherine Thorneholme, daughter of John Thorneholme of Haysthorpe, Yorkshire. William Calverley was the son of Sir Walter Calverley and Anne Danby, daughter of Sir Christopher Danby (d. 14 June 1571) and Elizabeth Neville, daughter of Richard Neville, 2nd Baron Latimer.

Sir William Maule. Sir William Maule was the eldest son of Sir Peter Maule and Christina de Valognes, Baron and Baroness of Panmure and Benvie. William succeeded as Baron in 1254 on his father's death. He was married to Ethana de Vallibus, daughter of John Vaux, Lord of Dirleton, and left one son, Henry Maule, who succeeded him as Baron.

John, King of England. John's first wife, Isabel, Countess of Gloucester, was released from imprisonment in 1214; she remarried twice, and died in 1217. John's second wife, Isabella of Angoulême, left England for Angoulême soon after the king's death; she became a powerful regional leader, but largely abandoned the children she had had by John. John had five legitimate children, all by Isabella. His eldest son, Henry III, ruled as king for the majority of the 13th century. Richard became a noted European leader and ultimately the King of the Romans in the Holy Roman Empire. Joan married Alexander II of Scotland to become his queen consort. Isabella married the Holy Roman Emperor Frederick II. His youngest daughter, Eleanor, married William Marshal's son, also called William, and later the famous English rebel Simon de Montfort. John had a number of illegitimate children by various mistresses, including nine sons – Richard, Oliver, John, Geoffrey, Henry, Osbert Gifford, Eudes, Bartholomew and probably Philip – and three daughters – Joan, Maud and probably Isabel. Of these, Joan became the most famous, marrying Prince Llywelyn the Great of Wales.

HMS Farnham Castle (K413). She was laid down at John Crown & Sons Ltd in Sunderland on 25 June 1943 and launched on 25 April 1944 before being commissioned on 31 January 1945

Liu Ju. Liu Ju (; 128–91 BC), formally known as Crown Prince Wei (衛太子) and posthumously as Crown Prince Li (戾太子, literally ""the Unrepentant Crown Prince"") was a Western Han Dynasty crown prince. He was the eldest son and the heir apparent to his father, Emperor Wu of Han, until his death at age 38 during the political turmoil in 91 BC. Contrary to his less-than-flattering posthumous name, Liu Ju was generally regarded by historians as a well-mannered, benevolent, morally upright man who, by circumstances out of his control, was forced into an uprising against his father's army and died as a consequence of the rebellion.

John Mitchell Kemble. John Mitchell Kemble (2 April 1807 – 26 March 1857), English scholar and historian, was the eldest son of Charles Kemble the actor and Maria Theresa Kemble. He is notable for his major contribution to the history of the Anglo-Saxons and philology of the Old English language.

Succession to the British throne. Queen Elizabeth II is the sovereign, and her heir apparent is her eldest son, Charles, Prince of Wales. Next in line after him is Prince William, Duke of Cambridge, the Prince of Wales's elder son. Third in line is Prince George, the son of the Duke of Cambridge, followed by his sister, Princess Charlotte. Fifth in line is Prince Henry, the younger son of the Prince of Wales. Sixth in line is Prince Andrew, Duke of York, the Queen's second - eldest son. Any of the first six in line marrying without the sovereign's consent would be disqualified from succession.

Eric Penn. Eric Penn was the eldest son of William Penn, a cricketer and a businessman who ran the family engineering company of John Penn and Sons founded by his own father, John Penn, which was based in Greenwich, London. Eric Penn was educated at Eton College and at Trinity College, Cambridge.

James Gooderham Worts. James Gooderham Worts (June 4, 1818 - June 20, 1882) was the eldest son of James Worts and Elizabeth Gooderham.

Zhao Jiande. Zhao Jiande was the eldest son of Zhao Yingqi and a Yue woman. Although the eldest, Jiande was passed over for kingship in preference for his half-brother, Zhao Yingqi.

Roberto Irineu Marinho. Roberto Irineu Marinho was born in Rio de Janeiro, RJ, the eldest son of three of the late Roberto Marinho.

John Darling and Son. John Darling and Son was an Australian wheat merchant and flour milling company founded in Adelaide, South Australia, for many years the largest in Australia. It was founded by John Darling Sr. (1831–1905), a businessman of Scottish origin, and Member of Parliament for 25 years. He was succeeded by his eldest son, John Darling, Jr. (1852–1914), also a Member of Parliament, then by Harold Gordon Darling. It was registered as a private company in Victoria in 1953 with three directors: Norman Darling, Leonard Darling, and Leonard Gordon Darling.

Wondosson Kassa. ""Leul"" Wondosson Kassa was the eldest son of ""Ras"" Kassa Haile Darge. ""Ras"" Kassa was a loyal ally of ""Negus"" Tafari Makonnen, who ultimately was crowned Emperor Haile Selassie I of Ethiopia.

Pernell Roberts. Pernell Elven Roberts, Jr. (May 18, 1928 -- January 24, 2010) was an American stage, film and television actor, as well as a singer. In addition to guest - starring in over 60 television series, he was best known for his roles as Ben Cartwright's eldest son Adam Cartwright on the Western television series Bonanza (1959 -- 1965), and as chief surgeon Dr. John McIntyre, the title character on Trapper John, M.D. (1979 -- 1986).

John Petrie. John Petrie was born 15 January 1822 in Edinburgh, the eldest son of Andrew Petrie and Mary Cuthbertson. He arrived in Sydney with his family in 1831 and was educated at John Dunmore Lang's school. In 1837 he went to Moreton Bay, where his father had been appointed clerk of works, and accompanied him on explorations to the west and north of Brisbane; he also became a champion oarsman. Aware that his son might be unduly influenced by the incarcerated men at the penal colony, his father only selected workmen that he considered beyond reproach to come to his home in the evening to teach his sons cabinet making and carpentry skills.

Raglan Squire. Raglan Squire, the eldest son of the poet and critic J C (later Sir John) Squire, was born in London and educated at Blundell's School in Tiverton and at St John's College, Cambridge to read Architecture. Upon graduation Rag spent a year working on building sites, followed by four years working in architects' offices and studying part-time for his RIBA exams at the Regent Street Polytechnic's evening classes in the early 1930s.

John III, Margrave of Brandenburg-Salzwedel. John III, Margrave of Brandenburg-Salzwedel, nicknamed ""John from Prague"" (1244 in Prague – 1268) was the eldest son of Margrave Otto III and his wife, Beatrice of Bohemia.

Westminster Abbey. Since the coronations in 1066 of both King Harold and William the Conqueror, coronations of English and British monarchs were held in the abbey. In 1216, Henry III was unable to be crowned in London when he first came to the throne, because the French prince Louis had taken control of the city, and so the king was crowned in Gloucester Cathedral. This coronation was deemed by the Pope to be improper, and a further coronation was held in the abbey on 17 May 1220. The Archbishop of Canterbury is the traditional cleric in the coronation ceremony.[citation needed]

John Wedgwood (horticulturist). John Wedgwood (baptised 2 April 1766 — 26 January 1844), the eldest son of the potter Josiah Wedgwood, was a partner in the Wedgwood pottery firm 1790–1793 and again 1800–1812.

Succession to the British throne. Queen Elizabeth II is the sovereign, and her heir apparent is her eldest son, Charles, Prince of Wales. Next in line after him is Prince William, Duke of Cambridge, the Prince of Wales's elder son. Third in line is Prince George, the son of the Duke of Cambridge, followed by his sister, Princess Charlotte. Fifth in line is Prince Henry of Wales, the younger son of the Prince of Wales. Sixth in line is Prince Andrew, Duke of York, the Queen's second - eldest son. Any of the first six in line marrying without the sovereign's consent would be disqualified from succession.",1995
2hop__14092_8311,When was John's eldest son crowned?,style,paraphrase,2,Use different wording.,1,"Walter Calverley. Walter Calverley was the firstborn and designated heir of William Calverley, who died in 1572, and Katherine Thorneholme, daughter of John Thorneholme from Haysthorpe, Yorkshire. William Calverley himself was the son of Sir Walter Calverley and Anne Danby, daughter of Sir Christopher Danby and Elizabeth Neville, who was the daughter of Richard Neville, 2nd Baron Latimer.

Baron William Maule. William Maule, the eldest child of Sir Peter Maule and Christina de Valognes, Baroness of Panmure and Benvie, inherited the barony in 1254 after his father’s death. His wife was Ethana de Vallibus, daughter of John Vaux, Lord of Dirleton. He was succeeded by his only son, Henry Maule, who inherited the title of Baron.

King John of England. John’s first wife, Isabel, Countess of Gloucester, was released in 1214 and remarried twice before passing away in 1217. After John’s death, his second wife, Isabella of Angoulême, went to Angoulême and emerged as a significant regional authority but largely neglected the children she had with John. John had five legitimate offspring, all from his marriage to Isabella: Henry III, who reigned for much of the 13th century; Richard, who gained renown as a European leader and eventually became King of the Romans; Joan, who married Alexander II of Scotland and served as his queen; and Isabella, who wed the Holy Roman Emperor Frederick II. John also had several illegitimate children, including nine sons—Richard, Oliver, John, Geoffrey, Henry, Osbert Gifford, Eudes, Bartholomew, and possibly Philip—and three daughters—Joan, Maud, and possibly Isabel. Of these illegitimate children, Joan achieved the greatest fame by marrying Prince Llywelyn the Great of Wales.

Eric Penn. Eric Penn was the eldest child of William Penn, who was involved in cricket and managed the family’s engineering business, John Penn and Sons, established by Eric’s paternal grandfather, John Penn, and was based in Greenwich, London. Eric attended Eton College and Trinity College, Cambridge.

James Gooderham Worts. James Gooderham Worts (June 4, 1818 – June 20, 1882) was the firstborn of James Worts and Elizabeth Gooderham.

Zhao Jiande. Zhao Jiande, born around 128 BC and died in 91 BC, was the eldest son of Zhao Yingqi and a woman of the Yue people. Despite being the eldest, he was bypassed for the throne in favor of his half-brother, Zhao Yingqi.

Roberto Irineu Marinho. Roberto Irineu Marinho, born in Rio de Janeiro, RJ, was the eldest among three children of the late Roberto Marinho.

John Darling and Son. John Darling and Son was an Australian business specializing in wheat and flour, and at one time the nation’s largest in its field. The company was established by John Darling Sr., a Scottish-born businessman and 25-year parliamentary representative. It was later led by his eldest son, John Darling Jr., also a parliamentarian, and then by Harold Gordon Darling. The firm was registered as a private company in Victoria in 1953 with directors Norman Darling, Leonard Darling, and Leonard Gordon Darling.

Walter Calverley (alternate phrasing for clarity, already rewritten above, but as per instruction to rewrite each paragraph distinctly and differently):

Walter Calverley served as the heir to his father, William Calverley, and Katherine Thorneholme, daughter of John Thorneholme from Haysthorpe, Yorkshire. William Calverley was the son of Sir Walter Calverley and Anne Danby, the daughter of Sir Christopher Danby and Elizabeth Neville, granddaughter of Richard Neville, 2nd Baron Latimer.

John, King of England (alternate phrasing):

John, who reigned as King of England, first married Isabel, Countess of Gloucester, who was released from captivity in 1214 and remarried twice before her death in 1217. John’s second wife, Isabella of Angoulême, left England soon after his death and became a leading figure in the region, but did not pay much attention to her children by John. John had five legitimate children with Isabella: Henry III, who became king for much of the thirteenth century; Richard, a distinguished European figure and later King of the Romans; Joan, who married Alexander II of Scotland and became queen; Isabella, who wed the Holy Roman Emperor Frederick II. John also had numerous illegitimate children, among them nine sons—Richard, Oliver, John, Geoffrey, Henry, Osbert Gifford, Eudes, Bartholomew, and perhaps Philip—and three daughters—Joan, Maud, and possibly Isabel. Of these illegitimate children, Joan is the most prominent, marrying Prince Llywelyn the Great of Wales.

John Petrie. John Petrie, baptized April 2, 1766 and died January 26, 1844, was the eldest child of Andrew Petrie and Mary Cuthbertson. His family moved to Sydney in 1831, where he attended a school run by John Dunmore Lang. To avoid bad influences from the prisoners at Moreton Bay, his father only allowed reputable men to teach woodworking and carpentry to his sons at home.

James Gooderham Worts (alternate phrasing):

James Gooderham Worts, living from June 4, 1818 to March 26, 1882, was the eldest child of James Worts and Elizabeth Gooderham.

Zhao Jiande (alternate phrasing):

Zhao Jiande, approximately 128–91 BC, was the eldest offspring of Zhao Yingqi and a Yue woman. Despite being the eldest, he was not chosen as king; instead, the title went to his half-brother, Zhao Yingqi.

Roberto Irineu Marinho (alternate phrasing):

Roberto Irineu Marinho, born in Rio de Janeiro, RJ, was the eldest of Roberto Marinho's three children.

John, King of England (alternate phrasing, second version):

The monarch John of England’s initial wife, Isabel, Countess of Gloucester, was freed in 1214 and married twice more before her death in 1217. John’s second wife, Isabella of Angoulême, left England following the king’s passing and assumed a dominant regional role but largely ignored her children from that marriage. John’s legitimate heirs with Isabella included Henry III, who became king; Richard, a celebrated European leader and eventual King of the Romans; Joan, who married Scotland’s Alexander II and became queen; and Isabella, who wed the Holy Roman Emperor Frederick II. He also had several illegitimate children, including nine sons—Richard, Oliver, John, Geoffrey, Henry, Osbert Gifford, Eudes, Bartholomew, and possibly Philip—and daughters Joan, Maud, and perhaps Isabel. Of these, Joan became most notable for marrying Llywelyn the Great of Wales.

HMS Farnham Castle (K413). This ship was constructed at John Crown & Sons Ltd in Sunderland, starting June 25, 1943, launched April 25, 1944, and commissioned January 31, 1945.

John Wedgwood. John Wedgwood, baptized April 2, 1766 and died January 26, 1844, was the eldest son of the potter Josiah Wedgwood. He joined the family pottery firm as a partner from 1790 to 1793 and again from 1800 to 1812.

John, King of England (third alternate phrasing):

Following his accession, John of England’s first wife, Isabel, Countess of Gloucester, was set free in 1214 and later remarried twice, passing away in 1217. His second wife, Isabella of Angoulême, departed England after John’s death and grew into a major local leader but showed little regard for her children by John. He had five legitimate children with Isabella: Henry III, who became king for most of the 13th century; Richard, a prominent European leader and later King of the Romans; Joan, who married Scotland’s Alexander II and became queen; and Isabella, who wed the Holy Roman Emperor Frederick II. John had additional illegitimate children: nine sons—Richard, Oliver, John, Geoffrey, Henry, Osbert Gifford, Eudes, Bartholomew, and perhaps Philip—and three daughters—Joan, Maud, and possibly Isabel. Of the illegitimate children, Joan is most remembered for marrying Prince Llywelyn the Great of Wales.

John Petrie (alternate phrasing):

John Petrie, born January 15, 1766, and died January 26, 1844, was the eldest child of Andrew Petrie and Mary Cuthbertson. The family relocated to Sydney in 1831. To shield his sons from the negative influence of prisoners, Petrie’s father only allowed reputable men to teach them carpentry and woodworking at home.

Raglan Squire (alternate phrasing):

Raglan Squire, born in London, was the eldest child of J C Squire, later Sir John Squire, the poet and critic. Raglan studied architecture at St John's College, Cambridge, and after graduation spent a year on construction sites and then four years working in architectural offices while continuing his RIBA exams through evening classes.

John III, Margrave of Brandenburg-Salzwedel. Nicknamed “John of Prague” (1244–1268), he was the eldest son of Margrave Otto III and Beatrice of Boh",2048
2hop__14092_8311,When was John's eldest son crowned?,style,paraphrase,2,Use different wording.,2,"Walter Calverley was the eldest son and heir of William Calverley and Katherine Thorneholme, who was the daughter of John Thorneholme from Haysthorpe in Yorkshire. William Calverley was the offspring of Sir Walter Calverley and Anne Danby, daughter of Sir Christopher Danby and Elizabeth Neville, granddaughter of Richard Neville, 2nd Baron Latimer.

Baron William Maule. In 1254, the barony passed to William Maule, the eldest child of Sir Peter Maule and Christina de Valognes, Baroness of Panmure and Benvie. William’s spouse was Ethana de Vallibus, the daughter of John Vaux, Lord of Dirleton. The title was inherited by his only son, Henry Maule.

King John of England. John’s first wife, Isabel, Countess of Gloucester, was released in 1214, remarried twice, and died in 1217. After John’s death, his second wife, Isabella of Angoulême, moved to Angoulême and rose to local prominence, but largely disregarded the children she had with the king. John had five legitimate children with Isabella: Henry III, who ruled England for much of the 13th century; Richard, a celebrated figure in Europe and later King of the Romans; Joan, who became queen by marrying Alexander II of Scotland; and Isabella, who married Holy Roman Emperor Frederick II. John also had several illegitimate children, including possibly nine sons—Richard, Oliver, John, Geoffrey, Henry, Osbert Gifford, Eudes, Bartholomew, and perhaps Philip—along with at least three daughters: Joan, Maud, and possibly Isabel. Of these illegitimate children, Joan became most notable, marrying Prince Llywelyn the Great of Wales.

Eric Penn. Eric Penn was the eldest son of William Penn, who participated in cricket and managed the family’s engineering business, John Penn and Sons, founded by his paternal grandfather in Greenwich, London. Eric went to Eton College and Trinity College, Cambridge.

James Gooderham Worts (reworded):  
James Gooderham Worts (June 4, 1818 – June 20, 1882) was the eldest child of James Worts and Elizabeth Gooderham.

Zhao Jiande (reworded):  
Zhao Jiande, who lived roughly from 128 to 91 BC, was the firstborn of Zhao Yingqi and a woman of Yue heritage. Despite being the eldest, he did not inherit the throne; his half-brother Zhao Yingqi became king instead.

Roberto Irineu Marinho (reworded):  
Roberto Irineu Marinho, born in Rio de Janeiro, RJ, was the eldest of Roberto Marinho’s three offspring.

John Darling and Son (reworded):  
The enterprise John Darling and Son, an Australian operation focused on wheat and flour and once the country’s top firm in that trade, was founded by John Darling Sr., a Scottish immigrant and long-time member of parliament. The business was subsequently headed by his eldest son, John Darling Jr., who also served in parliament, and later by Harold Gordon Darling.

John Petrie (reworded):  
John Petrie, baptized on April 2, 1766, and deceased on January 26, 1844, was the eldest of Andrew Petrie and Mary Cuthbertson. The family settled in Sydney in 1831. To prevent his sons from mingling with criminal influences at Moreton Bay, Petrie’s father ensured only reputable individuals taught them carpentry and woodworking at home.

HMS Farnham Castle (K413) (reworded):  
HMS Farnham Castle, hull number K413, was built by John Crown & Sons Ltd in Sunderland, commenced June 25, 1943, launched April 25, 1944, and entered service January 31, 1945.

John Wedgwood (reworded):  
John Wedgwood, baptized April 2, 1766 and passing away on January 26, 1844, was the eldest son of the potter Josiah Wedgwood and entered the family pottery business as a partner between 1790 and 1793, and again from 1800 to 1812.

John, King of England (third reworded):  
Upon becoming king, John of England’s first wife, Isabel, Countess of Gloucester, was freed in 1214, married again twice, and died in 1217. Following John’s demise, Isabella of Angoulême left England, becoming a key local authority but largely ignored the children she bore to John. Their legitimate children were Henry III, later king; Richard, a famed European leader and King of the Romans; Joan, who became queen through her marriage to Alexander II of Scotland; and Isabella, who married the Holy Roman Emperor Frederick II. John fathered several illegitimate children: nine sons, including Richard, Oliver, John, Geoffrey, Henry, Osbert Gifford, Eudes, Bartholomew, and perhaps Philip, and three daughters—Joan, Maud, and possibly Isabel. Of the illegitimate children, Joan is best known for her marriage to Llywelyn the Great of Wales.

Raglan Squire (reworded):  
Raglan Squire, born in London, was the eldest son of J C Squire, later knighted as Sir John Squire, a poet and literary critic. After studying architecture at St John's College, Cambridge, Raglan spent a year working on building sites and then worked in architectural offices while continuing his Royal Institute of British Architects examinations through evening courses.",1188
2hop__14092_8311,When was John's eldest son crowned?,style,paraphrase,2,Use different wording.,3,"Walter Calverley was the firstborn of William Calverley and Katherine Thorneholme, the latter being the daughter of John Thorneholme from Haysthorpe in Yorkshire. William Calverley was the son of Sir Walter Calverley and Anne Danby, who was the daughter of Sir Christopher Danby and Elizabeth Neville, granddaughter of Richard Neville, 2nd Baron Latimer.

Barony of William Maule. In 1254, the title was inherited by William Maule, the eldest child of Sir Peter Maule and Christina de Valognes, who held the baronies of Panmure and Benvie. William married Ethana de Vallibus, daughter of John Vaux, Lord of Dirleton. The barony then passed to his only son, Henry Maule.

King John of England. After King John of England divorced Isabel, Countess of Gloucester, in 1214, she remarried twice and died in 1217. Following John’s death, his second wife, Isabella of Angoulême, relocated to Angoulême and gained significant local influence but largely neglected the children she had with the king. John’s legitimate offspring included Henry III, who reigned over England for much of the thirteenth century; Richard, a prominent European figure and eventual King of the Romans; Joan, who became queen by marrying Alexander II of Scotland; and Isabella, who wed the Holy Roman Emperor Frederick II. John also had a number of illegitimate children: possibly nine sons—Richard, Oliver, John, Geoffrey, Henry, Osbert Gifford, Eudes, Bartholomew, and maybe Philip—plus at least three daughters: Joan, Maud, and perhaps Isabel. Among the illegitimate children, Joan is most remembered for marrying Llywelyn the Great of Wales.

Eric Penn. Eric Penn, born the eldest of William Penn and Elizabeth Gooderham, whose father was involved in cricket and managed their family’s engineering firm, John Penn and Sons, established by his paternal grandfather in Greenwich, London. Eric attended Eton College and Trinity College, Cambridge.

James Gooderham Worts (reworded):  
James Gooderham Worts (June 4, 1818 – June 20, 1882) was the firstborn of James Worts and Elizabeth Gooderham.

Zhao Jiande (reworded):  
Zhao Jiande, who lived approximately from 128 to 91 BC, was the eldest son of Zhao Yingqi and a woman of Yue descent. Although he was the eldest, he did not succeed to the throne; instead, his half-brother Zhao Yingqi became king.

Roberto Irineu Marinho (reworded):  
Roberto Irineu Marinho, born in Rio de Janeiro, RJ, was the eldest among the three children of Roberto Marinho.

John Darling and Son (reworded):  
John Darling and Son, an Australian company specializing in wheat and flour and once the leading firm in that industry, was established by John Darling Sr., a Scottish immigrant and former member of parliament. The company later came under the leadership of his eldest son, John Darling Jr., who also served in parliament, and was eventually run by Harold Gordon Darling.

John Petrie (reworded):  
John Petrie, christened on April 2, 1766, and who died on January 26, 1844, was the eldest child of Andrew Petrie and Mary Cuthbertson. The family relocated to Sydney in 1831. To shield his sons from negative influences at Moreton Bay, Petrie’s father arranged for only reputable individuals to teach them carpentry and woodworking at home.

HMS Farnham Castle (K413) (reworded):  
HMS Farnham Castle, with the hull number K413, was constructed by John Crown & Sons Ltd in Sunderland. Work began on June 25, 1943, the ship was launched on April 25, 1944, and commissioned on January 31, 1945.

John, King of England (third reworded):  
When John became King of England, his first wife, Isabel, Countess of Gloucester, was set free in 1214, remarried twice, and died in 1217. After John’s death, Isabella of Angoulême settled in Angoulême and achieved notable local status, but mainly overlooked the children she had with John. Their legitimate children were Henry III, who ruled England extensively in the thirteenth century; Richard, a distinguished European and later King of the Romans; Joan, who became queen by marrying Alexander II of Scotland; and Isabella, who married the Holy Roman Emperor Frederick II. John also had several illegitimate offspring: potentially nine sons—Richard, Oliver, John, Geoffrey, Henry, Osbert Gifford, Eudes, Bartholomew, and possibly Philip—plus at least three daughters: Joan, Maud, and perhaps Isabel. Of those born out of wedlock, Joan is most renowned for her union with Llywelyn the Great of Wales.

Raglan Squire (reworded):  
Raglan Squire, born in London, was the eldest of Sir John Squire, who was a poet and literary critic and later knighted as Sir John Squire. Raglan studied architecture at St John’s College, Cambridge, spent a year working on construction sites, and continued his architectural studies with evening courses while working in offices.",1137
2hop__14092_8311,When was John's eldest son crowned?,content,shorten,0,,0,"Walter Calverley. Walter Calverley was the eldest son and heir of William Calverley (d.1572) by his wife, Katherine Thorneholme, daughter of John Thorneholme of Haysthorpe, Yorkshire. William Calverley was the son of Sir Walter Calverley and Anne Danby, daughter of Sir Christopher Danby (d. 14 June 1571) and Elizabeth Neville, daughter of Richard Neville, 2nd Baron Latimer.

Sir William Maule. Sir William Maule was the eldest son of Sir Peter Maule and Christina de Valognes, Baron and Baroness of Panmure and Benvie. William succeeded as Baron in 1254 on his father's death. He was married to Ethana de Vallibus, daughter of John Vaux, Lord of Dirleton, and left one son, Henry Maule, who succeeded him as Baron.

John, King of England. John's first wife, Isabel, Countess of Gloucester, was released from imprisonment in 1214; she remarried twice, and died in 1217. John's second wife, Isabella of Angoulême, left England for Angoulême soon after the king's death; she became a powerful regional leader, but largely abandoned the children she had had by John. John had five legitimate children, all by Isabella. His eldest son, Henry III, ruled as king for the majority of the 13th century. Richard became a noted European leader and ultimately the King of the Romans in the Holy Roman Empire. Joan married Alexander II of Scotland to become his queen consort. Isabella married the Holy Roman Emperor Frederick II. His youngest daughter, Eleanor, married William Marshal's son, also called William, and later the famous English rebel Simon de Montfort. John had a number of illegitimate children by various mistresses, including nine sons – Richard, Oliver, John, Geoffrey, Henry, Osbert Gifford, Eudes, Bartholomew and probably Philip – and three daughters – Joan, Maud and probably Isabel. Of these, Joan became the most famous, marrying Prince Llywelyn the Great of Wales.

HMS Farnham Castle (K413). She was laid down at John Crown & Sons Ltd in Sunderland on 25 June 1943 and launched on 25 April 1944 before being commissioned on 31 January 1945

Liu Ju. Liu Ju (; 128–91 BC), formally known as Crown Prince Wei (衛太子) and posthumously as Crown Prince Li (戾太子, literally ""the Unrepentant Crown Prince"") was a Western Han Dynasty crown prince. He was the eldest son and the heir apparent to his father, Emperor Wu of Han, until his death at age 38 during the political turmoil in 91 BC. Contrary to his less-than-flattering posthumous name, Liu Ju was generally regarded by historians as a well-mannered, benevolent, morally upright man who, by circumstances out of his control, was forced into an uprising against his father's army and died as a consequence of the rebellion.

John Mitchell Kemble. John Mitchell Kemble (2 April 1807 – 26 March 1857), English scholar and historian, was the eldest son of Charles Kemble the actor and Maria Theresa Kemble. He is notable for his major contribution to the history of the Anglo-Saxons and philology of the Old English language.

Succession to the British throne. Queen Elizabeth II is the sovereign, and her heir apparent is her eldest son, Charles, Prince of Wales. Next in line after him is Prince William, Duke of Cambridge, the Prince of Wales's elder son. Third in line is Prince George, the son of the Duke of Cambridge, followed by his sister, Princess Charlotte. Fifth in line is Prince Henry, the younger son of the Prince of Wales. Sixth in line is Prince Andrew, Duke of York, the Queen's second - eldest son. Any of the first six in line marrying without the sovereign's consent would be disqualified from succession.

Eric Penn. Eric Penn was the eldest son of William Penn, a cricketer and a businessman who ran the family engineering company of John Penn and Sons founded by his own father, John Penn, which was based in Greenwich, London. Eric Penn was educated at Eton College and at Trinity College, Cambridge.

James Gooderham Worts. James Gooderham Worts (June 4, 1818 - June 20, 1882) was the eldest son of James Worts and Elizabeth Gooderham.

Zhao Jiande. Zhao Jiande was the eldest son of Zhao Yingqi and a Yue woman. Although the eldest, Jiande was passed over for kingship in preference for his half-brother, Zhao Yingqi.

Roberto Irineu Marinho. Roberto Irineu Marinho was born in Rio de Janeiro, RJ, the eldest son of three of the late Roberto Marinho.

John Darling and Son. John Darling and Son was an Australian wheat merchant and flour milling company founded in Adelaide, South Australia, for many years the largest in Australia. It was founded by John Darling Sr. (1831–1905), a businessman of Scottish origin, and Member of Parliament for 25 years. He was succeeded by his eldest son, John Darling, Jr. (1852–1914), also a Member of Parliament, then by Harold Gordon Darling. It was registered as a private company in Victoria in 1953 with three directors: Norman Darling, Leonard Darling, and Leonard Gordon Darling.

Wondosson Kassa. ""Leul"" Wondosson Kassa was the eldest son of ""Ras"" Kassa Haile Darge. ""Ras"" Kassa was a loyal ally of ""Negus"" Tafari Makonnen, who ultimately was crowned Emperor Haile Selassie I of Ethiopia.

Pernell Roberts. Pernell Elven Roberts, Jr. (May 18, 1928 -- January 24, 2010) was an American stage, film and television actor, as well as a singer. In addition to guest - starring in over 60 television series, he was best known for his roles as Ben Cartwright's eldest son Adam Cartwright on the Western television series Bonanza (1959 -- 1965), and as chief surgeon Dr. John McIntyre, the title character on Trapper John, M.D. (1979 -- 1986).

John Petrie. John Petrie was born 15 January 1822 in Edinburgh, the eldest son of Andrew Petrie and Mary Cuthbertson. He arrived in Sydney with his family in 1831 and was educated at John Dunmore Lang's school. In 1837 he went to Moreton Bay, where his father had been appointed clerk of works, and accompanied him on explorations to the west and north of Brisbane; he also became a champion oarsman. Aware that his son might be unduly influenced by the incarcerated men at the penal colony, his father only selected workmen that he considered beyond reproach to come to his home in the evening to teach his sons cabinet making and carpentry skills.

Raglan Squire. Raglan Squire, the eldest son of the poet and critic J C (later Sir John) Squire, was born in London and educated at Blundell's School in Tiverton and at St John's College, Cambridge to read Architecture. Upon graduation Rag spent a year working on building sites, followed by four years working in architects' offices and studying part-time for his RIBA exams at the Regent Street Polytechnic's evening classes in the early 1930s.

John III, Margrave of Brandenburg-Salzwedel. John III, Margrave of Brandenburg-Salzwedel, nicknamed ""John from Prague"" (1244 in Prague – 1268) was the eldest son of Margrave Otto III and his wife, Beatrice of Bohemia.

Westminster Abbey. Since the coronations in 1066 of both King Harold and William the Conqueror, coronations of English and British monarchs were held in the abbey. In 1216, Henry III was unable to be crowned in London when he first came to the throne, because the French prince Louis had taken control of the city, and so the king was crowned in Gloucester Cathedral. This coronation was deemed by the Pope to be improper, and a further coronation was held in the abbey on 17 May 1220. The Archbishop of Canterbury is the traditional cleric in the coronation ceremony.[citation needed]

John Wedgwood (horticulturist). John Wedgwood (baptised 2 April 1766 — 26 January 1844), the eldest son of the potter Josiah Wedgwood, was a partner in the Wedgwood pottery firm 1790–1793 and again 1800–1812.

Succession to the British throne. Queen Elizabeth II is the sovereign, and her heir apparent is her eldest son, Charles, Prince of Wales. Next in line after him is Prince William, Duke of Cambridge, the Prince of Wales's elder son. Third in line is Prince George, the son of the Duke of Cambridge, followed by his sister, Princess Charlotte. Fifth in line is Prince Henry of Wales, the younger son of the Prince of Wales. Sixth in line is Prince Andrew, Duke of York, the Queen's second - eldest son. Any of the first six in line marrying without the sovereign's consent would be disqualified from succession.",1995
2hop__14092_8311,When was John's eldest son crowned?,content,shorten,0,Make wording more concise.,1,"Walter Calverley was the eldest son of William Calverley and Katherine Thorneholme. William Calverley was the son of Sir Walter Calverley and Anne Danby.

Sir William Maule was the eldest son of Sir Peter Maule and Christina de Valognes. He became Baron in 1254 and was married to Ethana de Vallibus. His son Henry succeeded him as Baron.

John was King of England. His first wife Isabel, Countess of Gloucester, remarried and died in 1217. His second wife Isabella of Angoulême left England after his death. John had five legitimate children: Henry III, Richard, Joan, Isabella, and Eleanor. He also had several illegitimate children; Joan married Prince Llywelyn the Great of Wales.

John Kemble (1807–1857), eldest son of Charles Kemble and Maria Theresa Kemble, was a scholar and historian known for his work on Anglo-Saxons and Old English.

Queen Elizabeth II’s heir is her eldest son, Charles, Prince of Wales. Next are William, Duke of Cambridge; then George and Charlotte. Henry, Prince of Wales, follows, then Andrew, Duke of York. Marrying without the sovereign's consent disqualifies from succession.

Eric Penn was the eldest son of William Penn, cricketer and businessman. Educated at Eton and Trinity College, Cambridge.

James Gooderham Worts (1818–1882) was the eldest son of James Worts and Elizabeth Gooderham.

Zhao Jiande (1244–1268), eldest son of Zhao Yingqi and a Yue woman, was passed over for kingship in favor of his half-brother.

Roberto Irineu Marinho was born in Rio de Janeiro, eldest of Roberto Marinho’s three sons.

John Petrie (1766–1844), eldest son of Andrew Petrie and Mary Cuthbertson, moved to Sydney in 1831. His father, wary of the penal colony’s influence, only allowed reputable workers to teach his sons carpentry at home.

Raglan Squire, eldest son of J C Squire, studied architecture in Cambridge and worked in the field.

Coronations of English and British monarchs have often taken place at Westminster Abbey. In 1216, Henry III was crowned elsewhere due to French occupation of London. His proper coronation was held at Westminster Abbey in 1220.

John Wedgwood (1766–1844), eldest son of Josiah Wedgwood, worked in the family pottery business from 1790–1793 and 1800–1812.",543
2hop__14092_8311,When was John's eldest son crowned?,content,shorten,0,Make wording more concise.,2,"Walter Calverley was the eldest son of William Calverley and Katherine Thorneholme. William was the son of Sir Walter Calverley and Anne Danby.

Sir William Maule, eldest son of Sir Peter Maule and Christina de Valognes, became Baron in 1254 and married Ethana de Vallibus. His son Henry succeeded him as Baron.

John was King of England. His first wife Isabel, Countess of Gloucester, remarried and died in 1217. His second wife Isabella of Angoulême left England after his death. He had five legitimate children—Henry III, Richard, Joan, Isabella, and Eleanor—and several illegitimate children; Joan married Llywelyn the Great of Wales.

John Kemble (1807–1857), eldest son of Charles and Maria Theresa Kemble, was a scholar known for his work on Anglo-Saxons and Old English.

The heir to Queen Elizabeth II is her eldest son, Charles, Prince of Wales. Next in line are William, Duke of Cambridge; George; Charlotte; Henry, Prince of Wales; and Andrew, Duke of York. Marriage without the sovereign’s consent bars succession.

Eric Penn was the eldest son of William Penn, a cricketer and businessman. He attended Eton and Trinity College, Cambridge.

James Gooderham Worts (1818–1882), eldest son of James Worts and Elizabeth Gooderham, was a notable figure.

Zhao Jiande (1244–1268), eldest son of Zhao Yingqi and a Yue woman, was not chosen as king. His half-brother was selected instead.

Roberto Irineu Marinho was the eldest son of Roberto Marinho, born in Rio de Janeiro.

John Petrie (1766–1844), eldest son of Andrew Petrie and Mary Cuthbertson, moved to Sydney in 1831. His father restricted his sons’ education to reputable carpentry teachers.

Coronations of English and British monarchs often occur at Westminster Abbey. In 1216, Henry III was crowned elsewhere because the French occupied London. He was properly crowned at Westminster Abbey in 1220.

John Wedgwood (1807–1857), eldest son of Josiah Wedgwood, worked in the family pottery business from 1790–1793 and 1800–1812.",486
2hop__14092_8311,When was John's eldest son crowned?,content,shorten,0,Make wording more concise.,3,"Walter Calverley was the eldest son of William Calverley and Katherine Thorneholme. William was the son of Sir Walter Calverley and Anne Danby.

Sir William Maule, eldest son of Sir Peter Maule and Christina de Valognes, became Baron in 1254 and married Ethana de Vallibus. His son Henry succeeded him.

John was King of England. His first wife, Isabel, died in 1217. His second wife, Isabella of Angoulême, left after his death. He had five legitimate children—Henry III, Richard, Joan, Isabella, and Eleanor—and several illegitimate children. Joan married Llywelyn the Great of Wales.

John Kemble (1807–1857), eldest son of Charles and Maria Kemble, was a scholar known for Anglo-Saxon studies.

The heir to Queen Elizabeth II is her eldest son, Charles, Prince of Wales. Next are William, Duke of Cambridge; George; Charlotte; Henry, Prince of Wales; and Andrew, Duke of York. Marriage without the sovereign's consent disqualifies succession.

Eric Penn was the eldest son of William Penn. He was a cricketer and businessman, attending Eton and Trinity College, Cambridge.

James Gooderham Worts (1818–1882), eldest son of James Worts and Elizabeth Gooderham, was a notable figure.

Zhao Jiande (1244–1268), eldest son of Zhao Yingqi and a Yue woman, was not chosen as king. His half-brother was chosen instead.

Roberto Irineu Marinho was the eldest son of Roberto Marinho, born in Rio de Janeiro.

John Petrie (1766–1844), eldest son of Andrew Petrie and Mary Cuthbertson, moved to Sydney in 1831. His father allowed only reputable carpentry teachers to educate his sons.",387
2hop__14092_8311,When was John's eldest son crowned?,content,shorten,1,,0,"Walter Calverley. Walter Calverley was the eldest son and heir of William Calverley (d.1572) by his wife, Katherine Thorneholme, daughter of John Thorneholme of Haysthorpe, Yorkshire. William Calverley was the son of Sir Walter Calverley and Anne Danby, daughter of Sir Christopher Danby (d. 14 June 1571) and Elizabeth Neville, daughter of Richard Neville, 2nd Baron Latimer.

Sir William Maule. Sir William Maule was the eldest son of Sir Peter Maule and Christina de Valognes, Baron and Baroness of Panmure and Benvie. William succeeded as Baron in 1254 on his father's death. He was married to Ethana de Vallibus, daughter of John Vaux, Lord of Dirleton, and left one son, Henry Maule, who succeeded him as Baron.

John, King of England. John's first wife, Isabel, Countess of Gloucester, was released from imprisonment in 1214; she remarried twice, and died in 1217. John's second wife, Isabella of Angoulême, left England for Angoulême soon after the king's death; she became a powerful regional leader, but largely abandoned the children she had had by John. John had five legitimate children, all by Isabella. His eldest son, Henry III, ruled as king for the majority of the 13th century. Richard became a noted European leader and ultimately the King of the Romans in the Holy Roman Empire. Joan married Alexander II of Scotland to become his queen consort. Isabella married the Holy Roman Emperor Frederick II. His youngest daughter, Eleanor, married William Marshal's son, also called William, and later the famous English rebel Simon de Montfort. John had a number of illegitimate children by various mistresses, including nine sons – Richard, Oliver, John, Geoffrey, Henry, Osbert Gifford, Eudes, Bartholomew and probably Philip – and three daughters – Joan, Maud and probably Isabel. Of these, Joan became the most famous, marrying Prince Llywelyn the Great of Wales.

HMS Farnham Castle (K413). She was laid down at John Crown & Sons Ltd in Sunderland on 25 June 1943 and launched on 25 April 1944 before being commissioned on 31 January 1945

Liu Ju. Liu Ju (; 128–91 BC), formally known as Crown Prince Wei (衛太子) and posthumously as Crown Prince Li (戾太子, literally ""the Unrepentant Crown Prince"") was a Western Han Dynasty crown prince. He was the eldest son and the heir apparent to his father, Emperor Wu of Han, until his death at age 38 during the political turmoil in 91 BC. Contrary to his less-than-flattering posthumous name, Liu Ju was generally regarded by historians as a well-mannered, benevolent, morally upright man who, by circumstances out of his control, was forced into an uprising against his father's army and died as a consequence of the rebellion.

John Mitchell Kemble. John Mitchell Kemble (2 April 1807 – 26 March 1857), English scholar and historian, was the eldest son of Charles Kemble the actor and Maria Theresa Kemble. He is notable for his major contribution to the history of the Anglo-Saxons and philology of the Old English language.

Succession to the British throne. Queen Elizabeth II is the sovereign, and her heir apparent is her eldest son, Charles, Prince of Wales. Next in line after him is Prince William, Duke of Cambridge, the Prince of Wales's elder son. Third in line is Prince George, the son of the Duke of Cambridge, followed by his sister, Princess Charlotte. Fifth in line is Prince Henry, the younger son of the Prince of Wales. Sixth in line is Prince Andrew, Duke of York, the Queen's second - eldest son. Any of the first six in line marrying without the sovereign's consent would be disqualified from succession.

Eric Penn. Eric Penn was the eldest son of William Penn, a cricketer and a businessman who ran the family engineering company of John Penn and Sons founded by his own father, John Penn, which was based in Greenwich, London. Eric Penn was educated at Eton College and at Trinity College, Cambridge.

James Gooderham Worts. James Gooderham Worts (June 4, 1818 - June 20, 1882) was the eldest son of James Worts and Elizabeth Gooderham.

Zhao Jiande. Zhao Jiande was the eldest son of Zhao Yingqi and a Yue woman. Although the eldest, Jiande was passed over for kingship in preference for his half-brother, Zhao Yingqi.

Roberto Irineu Marinho. Roberto Irineu Marinho was born in Rio de Janeiro, RJ, the eldest son of three of the late Roberto Marinho.

John Darling and Son. John Darling and Son was an Australian wheat merchant and flour milling company founded in Adelaide, South Australia, for many years the largest in Australia. It was founded by John Darling Sr. (1831–1905), a businessman of Scottish origin, and Member of Parliament for 25 years. He was succeeded by his eldest son, John Darling, Jr. (1852–1914), also a Member of Parliament, then by Harold Gordon Darling. It was registered as a private company in Victoria in 1953 with three directors: Norman Darling, Leonard Darling, and Leonard Gordon Darling.

Wondosson Kassa. ""Leul"" Wondosson Kassa was the eldest son of ""Ras"" Kassa Haile Darge. ""Ras"" Kassa was a loyal ally of ""Negus"" Tafari Makonnen, who ultimately was crowned Emperor Haile Selassie I of Ethiopia.

Pernell Roberts. Pernell Elven Roberts, Jr. (May 18, 1928 -- January 24, 2010) was an American stage, film and television actor, as well as a singer. In addition to guest - starring in over 60 television series, he was best known for his roles as Ben Cartwright's eldest son Adam Cartwright on the Western television series Bonanza (1959 -- 1965), and as chief surgeon Dr. John McIntyre, the title character on Trapper John, M.D. (1979 -- 1986).

John Petrie. John Petrie was born 15 January 1822 in Edinburgh, the eldest son of Andrew Petrie and Mary Cuthbertson. He arrived in Sydney with his family in 1831 and was educated at John Dunmore Lang's school. In 1837 he went to Moreton Bay, where his father had been appointed clerk of works, and accompanied him on explorations to the west and north of Brisbane; he also became a champion oarsman. Aware that his son might be unduly influenced by the incarcerated men at the penal colony, his father only selected workmen that he considered beyond reproach to come to his home in the evening to teach his sons cabinet making and carpentry skills.

Raglan Squire. Raglan Squire, the eldest son of the poet and critic J C (later Sir John) Squire, was born in London and educated at Blundell's School in Tiverton and at St John's College, Cambridge to read Architecture. Upon graduation Rag spent a year working on building sites, followed by four years working in architects' offices and studying part-time for his RIBA exams at the Regent Street Polytechnic's evening classes in the early 1930s.

John III, Margrave of Brandenburg-Salzwedel. John III, Margrave of Brandenburg-Salzwedel, nicknamed ""John from Prague"" (1244 in Prague – 1268) was the eldest son of Margrave Otto III and his wife, Beatrice of Bohemia.

Westminster Abbey. Since the coronations in 1066 of both King Harold and William the Conqueror, coronations of English and British monarchs were held in the abbey. In 1216, Henry III was unable to be crowned in London when he first came to the throne, because the French prince Louis had taken control of the city, and so the king was crowned in Gloucester Cathedral. This coronation was deemed by the Pope to be improper, and a further coronation was held in the abbey on 17 May 1220. The Archbishop of Canterbury is the traditional cleric in the coronation ceremony.[citation needed]

John Wedgwood (horticulturist). John Wedgwood (baptised 2 April 1766 — 26 January 1844), the eldest son of the potter Josiah Wedgwood, was a partner in the Wedgwood pottery firm 1790–1793 and again 1800–1812.

Succession to the British throne. Queen Elizabeth II is the sovereign, and her heir apparent is her eldest son, Charles, Prince of Wales. Next in line after him is Prince William, Duke of Cambridge, the Prince of Wales's elder son. Third in line is Prince George, the son of the Duke of Cambridge, followed by his sister, Princess Charlotte. Fifth in line is Prince Henry of Wales, the younger son of the Prince of Wales. Sixth in line is Prince Andrew, Duke of York, the Queen's second - eldest son. Any of the first six in line marrying without the sovereign's consent would be disqualified from succession.",1995
2hop__14092_8311,When was John's eldest son crowned?,content,shorten,1,Rephrase for clarity and conciseness.,1,"Walter Calverley was the eldest son and heir of William Calverley and Katherine Thorneholme. William Calverley was the son of Sir Walter Calverley and Anne Danby, granddaughter of Sir Christopher Danby.

Sir William Maule, eldest son of Sir Peter Maule and Christina de Valognes, became Baron in 1254 upon his father's death. His son Henry succeeded him as Baron.

John, King of England, had five legitimate children by Isabella of Angoulême: Henry III, Richard, Joan, Isabella, and Eleanor. Joan, his eldest daughter, married the King of Scots, Alexander II.

Liu Ju, eldest son of Emperor Wu of Han, was passed over as crown prince in favor of his half-brother Zhao Yingqi.

Roberto Irineu Marinho was the eldest son of Roberto Marinho and was born in Rio de Janeiro.

John Darling was the eldest son of James Darling and Elizabeth Gooderham, and co-founded the family's wheat and flour business in Adelaide.

Wondosson Kassa was the eldest son of Ras Kassa Haile Darge and a Yue woman.

Pernell Roberts, born in 1928, was an actor and the eldest son of James and Elizabeth Gooderham Worts.

John Petrie, baptized in 1766, was the eldest son of potter Josiah Wedgwood and a partner in the Wedgwood pottery firm.

The line of succession to the British throne starts with Queen Elizabeth II, then her eldest son Charles, Prince of Wales. Next is William, Duke of Cambridge, then his son George, followed by George’s sister Charlotte. Fifth is Prince Henry of Wales. Sixth is Prince Andrew, Duke of York. Marriage without the sovereign’s consent disqualifies heirs from succession.",371
2hop__14092_8311,When was John's eldest son crowned?,content,shorten,1,Rephrase for clarity and conciseness.,2,"Walter Calverley was the eldest son and heir of William Calverley and Katherine Thorneholme. William Calverley was the son of Sir Walter Calverley and Anne Danby, who was the granddaughter of Sir Christopher Danby.

In 1254, Sir William Maule became Baron after his father Sir Peter Maule and Christina de Valognes died. His son Henry inherited the title of Baron after him.

John, King of England, had five legitimate children with Isabella of Angoulême: Henry III, Richard, Joan, Isabella, and Eleanor. Joan, the eldest daughter, married Alexander II, King of Scots.

Liu Ju, the eldest son of Emperor Wu of Han, was not chosen as crown prince; instead, his half-brother Zhao Yingqi was selected.

Roberto Irineu Marinho, born in Rio de Janeiro in 1928, was the eldest son of Roberto Marinho.

John Darling, the eldest son of James Darling and Elizabeth Gooderham, co-founded a wheat and flour business in Adelaide.

Wondosson Kassa was the eldest son of Ras Kassa Haile Darge and a Yue woman.

Pernell Roberts, born in 1928, was an actor and the eldest son of James and Elizabeth Gooderham Worts.

John Petrie, baptized in 1766, was the eldest son of potter Josiah Wedgwood and also a partner in the Wedgwood pottery firm.

The British line of succession begins with Queen Elizabeth II, followed by her eldest son, Charles, Prince of Wales. Next comes William, Duke of Cambridge, then his eldest son George, followed by George’s sister Charlotte, then Prince Henry of Wales, and finally Prince Andrew, Duke of York. Anyone who marries without the sovereign’s consent is disqualified from succession.",376
2hop__14092_8311,When was John's eldest son crowned?,content,shorten,1,Rephrase for clarity and conciseness.,3,"Walter Calverley was the eldest son and heir of Sir William Calverley and Katherine Thorneholme. Sir William Calverley was the son of Sir Walter Calverley and Anne Danby, granddaughter of Sir Christopher Danby.

In 1254, upon the deaths of his father Sir Peter Maule and Christina de Valognes, Sir William Maule became Baron. His son Henry later inherited the title.

John, King of England, had five legitimate children with Isabella of Angoulême: Henry III, Richard, Joan, Isabella, and Eleanor. Joan, the eldest daughter, married Alexander II, King of Scots.

Liu Ju, eldest son of Emperor Wu of Han, was not chosen as crown prince; his half-brother Zhao Yingqi was selected instead.

Pernell Roberts, born in 1928 in Rio de Janeiro, was the eldest son of James and Elizabeth Gooderham Worts and was also an actor.

John Petrie, baptized in 1766, was the eldest son of Josiah Wedgwood and a business partner in the Wedgwood pottery firm.

The British line of succession starts with Queen Elizabeth II, followed by her eldest son, the Prince of Wales. Next in line is the Duke of Cambridge, then his eldest son George, followed by George’s sister Charlotte, then Prince Henry of Wales, and finally the Duke of York. Anyone who marries without the sovereign’s consent loses their place in the succession.",302
2hop__14092_8311,When was John's eldest son crowned?,content,shorten,2,,0,"Walter Calverley. Walter Calverley was the eldest son and heir of William Calverley (d.1572) by his wife, Katherine Thorneholme, daughter of John Thorneholme of Haysthorpe, Yorkshire. William Calverley was the son of Sir Walter Calverley and Anne Danby, daughter of Sir Christopher Danby (d. 14 June 1571) and Elizabeth Neville, daughter of Richard Neville, 2nd Baron Latimer.

Sir William Maule. Sir William Maule was the eldest son of Sir Peter Maule and Christina de Valognes, Baron and Baroness of Panmure and Benvie. William succeeded as Baron in 1254 on his father's death. He was married to Ethana de Vallibus, daughter of John Vaux, Lord of Dirleton, and left one son, Henry Maule, who succeeded him as Baron.

John, King of England. John's first wife, Isabel, Countess of Gloucester, was released from imprisonment in 1214; she remarried twice, and died in 1217. John's second wife, Isabella of Angoulême, left England for Angoulême soon after the king's death; she became a powerful regional leader, but largely abandoned the children she had had by John. John had five legitimate children, all by Isabella. His eldest son, Henry III, ruled as king for the majority of the 13th century. Richard became a noted European leader and ultimately the King of the Romans in the Holy Roman Empire. Joan married Alexander II of Scotland to become his queen consort. Isabella married the Holy Roman Emperor Frederick II. His youngest daughter, Eleanor, married William Marshal's son, also called William, and later the famous English rebel Simon de Montfort. John had a number of illegitimate children by various mistresses, including nine sons – Richard, Oliver, John, Geoffrey, Henry, Osbert Gifford, Eudes, Bartholomew and probably Philip – and three daughters – Joan, Maud and probably Isabel. Of these, Joan became the most famous, marrying Prince Llywelyn the Great of Wales.

HMS Farnham Castle (K413). She was laid down at John Crown & Sons Ltd in Sunderland on 25 June 1943 and launched on 25 April 1944 before being commissioned on 31 January 1945

Liu Ju. Liu Ju (; 128–91 BC), formally known as Crown Prince Wei (衛太子) and posthumously as Crown Prince Li (戾太子, literally ""the Unrepentant Crown Prince"") was a Western Han Dynasty crown prince. He was the eldest son and the heir apparent to his father, Emperor Wu of Han, until his death at age 38 during the political turmoil in 91 BC. Contrary to his less-than-flattering posthumous name, Liu Ju was generally regarded by historians as a well-mannered, benevolent, morally upright man who, by circumstances out of his control, was forced into an uprising against his father's army and died as a consequence of the rebellion.

John Mitchell Kemble. John Mitchell Kemble (2 April 1807 – 26 March 1857), English scholar and historian, was the eldest son of Charles Kemble the actor and Maria Theresa Kemble. He is notable for his major contribution to the history of the Anglo-Saxons and philology of the Old English language.

Succession to the British throne. Queen Elizabeth II is the sovereign, and her heir apparent is her eldest son, Charles, Prince of Wales. Next in line after him is Prince William, Duke of Cambridge, the Prince of Wales's elder son. Third in line is Prince George, the son of the Duke of Cambridge, followed by his sister, Princess Charlotte. Fifth in line is Prince Henry, the younger son of the Prince of Wales. Sixth in line is Prince Andrew, Duke of York, the Queen's second - eldest son. Any of the first six in line marrying without the sovereign's consent would be disqualified from succession.

Eric Penn. Eric Penn was the eldest son of William Penn, a cricketer and a businessman who ran the family engineering company of John Penn and Sons founded by his own father, John Penn, which was based in Greenwich, London. Eric Penn was educated at Eton College and at Trinity College, Cambridge.

James Gooderham Worts. James Gooderham Worts (June 4, 1818 - June 20, 1882) was the eldest son of James Worts and Elizabeth Gooderham.

Zhao Jiande. Zhao Jiande was the eldest son of Zhao Yingqi and a Yue woman. Although the eldest, Jiande was passed over for kingship in preference for his half-brother, Zhao Yingqi.

Roberto Irineu Marinho. Roberto Irineu Marinho was born in Rio de Janeiro, RJ, the eldest son of three of the late Roberto Marinho.

John Darling and Son. John Darling and Son was an Australian wheat merchant and flour milling company founded in Adelaide, South Australia, for many years the largest in Australia. It was founded by John Darling Sr. (1831–1905), a businessman of Scottish origin, and Member of Parliament for 25 years. He was succeeded by his eldest son, John Darling, Jr. (1852–1914), also a Member of Parliament, then by Harold Gordon Darling. It was registered as a private company in Victoria in 1953 with three directors: Norman Darling, Leonard Darling, and Leonard Gordon Darling.

Wondosson Kassa. ""Leul"" Wondosson Kassa was the eldest son of ""Ras"" Kassa Haile Darge. ""Ras"" Kassa was a loyal ally of ""Negus"" Tafari Makonnen, who ultimately was crowned Emperor Haile Selassie I of Ethiopia.

Pernell Roberts. Pernell Elven Roberts, Jr. (May 18, 1928 -- January 24, 2010) was an American stage, film and television actor, as well as a singer. In addition to guest - starring in over 60 television series, he was best known for his roles as Ben Cartwright's eldest son Adam Cartwright on the Western television series Bonanza (1959 -- 1965), and as chief surgeon Dr. John McIntyre, the title character on Trapper John, M.D. (1979 -- 1986).

John Petrie. John Petrie was born 15 January 1822 in Edinburgh, the eldest son of Andrew Petrie and Mary Cuthbertson. He arrived in Sydney with his family in 1831 and was educated at John Dunmore Lang's school. In 1837 he went to Moreton Bay, where his father had been appointed clerk of works, and accompanied him on explorations to the west and north of Brisbane; he also became a champion oarsman. Aware that his son might be unduly influenced by the incarcerated men at the penal colony, his father only selected workmen that he considered beyond reproach to come to his home in the evening to teach his sons cabinet making and carpentry skills.

Raglan Squire. Raglan Squire, the eldest son of the poet and critic J C (later Sir John) Squire, was born in London and educated at Blundell's School in Tiverton and at St John's College, Cambridge to read Architecture. Upon graduation Rag spent a year working on building sites, followed by four years working in architects' offices and studying part-time for his RIBA exams at the Regent Street Polytechnic's evening classes in the early 1930s.

John III, Margrave of Brandenburg-Salzwedel. John III, Margrave of Brandenburg-Salzwedel, nicknamed ""John from Prague"" (1244 in Prague – 1268) was the eldest son of Margrave Otto III and his wife, Beatrice of Bohemia.

Westminster Abbey. Since the coronations in 1066 of both King Harold and William the Conqueror, coronations of English and British monarchs were held in the abbey. In 1216, Henry III was unable to be crowned in London when he first came to the throne, because the French prince Louis had taken control of the city, and so the king was crowned in Gloucester Cathedral. This coronation was deemed by the Pope to be improper, and a further coronation was held in the abbey on 17 May 1220. The Archbishop of Canterbury is the traditional cleric in the coronation ceremony.[citation needed]

John Wedgwood (horticulturist). John Wedgwood (baptised 2 April 1766 — 26 January 1844), the eldest son of the potter Josiah Wedgwood, was a partner in the Wedgwood pottery firm 1790–1793 and again 1800–1812.

Succession to the British throne. Queen Elizabeth II is the sovereign, and her heir apparent is her eldest son, Charles, Prince of Wales. Next in line after him is Prince William, Duke of Cambridge, the Prince of Wales's elder son. Third in line is Prince George, the son of the Duke of Cambridge, followed by his sister, Princess Charlotte. Fifth in line is Prince Henry of Wales, the younger son of the Prince of Wales. Sixth in line is Prince Andrew, Duke of York, the Queen's second - eldest son. Any of the first six in line marrying without the sovereign's consent would be disqualified from succession.",1995
2hop__14092_8311,When was John's eldest son crowned?,content,shorten,2,"Improve accuracy, clarity, and conciseness of language.",1,"Walter Calverley was the eldest son and heir of William Calverley (d. 1572) and Katherine Thorneholme, daughter of John Thorneholme of Haysthorpe, Yorkshire. William Calverley was the son of Sir Walter Calverley and Anne Danby, daughter of Sir Christopher Danby (d. 14 June 1571) and Elizabeth Neville, daughter of Richard Neville, 2nd Baron Latimer.

Sir William Maule was the eldest son of Sir Peter Maule and Christina de Valognes, Baroness of Panmure and Benvie. He inherited the barony in 1254 and married Ethana de Vallibus, daughter of John Vaux, Lord of Dirleton. He was succeeded by his son, Henry Maule.

John was King of England from 1199 to 1216. His first wife, Isabel, Countess of Gloucester, was released from imprisonment in 1214 and remarried twice before her death in 1217. John’s second wife was Isabella of Angoulême, who left England after his death and later led in her own right, but largely neglected her children. John had five legitimate children by Isabella: Henry III, who became king for most of the 13th century; Richard, who became King of the Romans; Joan, who married and became Queen of Scots; Isabella, who married the Holy Roman Emperor Frederick II; and Eleanor, who married William Marshal’s son and later Simon de Montfort. John also had several illegitimate children, the most notable of whom was Joan, who married Prince Llywelyn the Great of Wales.

Eric Penn was the eldest son of William Penn, a cricketer and businessman who inherited John Penn and Sons, an engineering firm in Greenwich, London. Eric was educated at Eton College and Trinity College, Cambridge.

James Gooderham Worts (June 4, 1818 – June 20, 1882) was the eldest son of James Worts and Elizabeth Gooderham.

Zhao Jiande (128–91 BC), known as Crown Prince Wei, was the eldest son of Zhao Yingqi and a Yue woman. Although eldest, he was not chosen as king; his half-brother, Zhao Yingqi, succeeded instead.

Roberto Irineu Marinho was born in Rio de Janeiro. He was the eldest of three sons of Roberto Marinho.

John Darling and Son was an Australian wheat and flour business founded by John Darling Sr. (1831–1905), a Scottish-born businessman and long-serving MP. After his death, the company was led first by his eldest son, John Darling Jr., also an MP, then by Harold Gordon Darling. The firm was registered as a private company in Victoria in 1953, with directors Norman Darling, Leonard Darling, and Leonard Gordon Darling.

Wondosson Kassa, known as Leul, was the eldest son of Ras Kassa Haile Darge. Ras Kassa was a loyal ally of Tafari Makonnen, later Emperor Haile Selassie I of Ethiopia.

Pernell Roberts (April 2, 1928 – March 26, 2010) was an American actor and singer. He was the eldest son of his parents and best known for playing Adam Cartwright, the eldest son on Bonanza (1959–65), and as Dr. John McIntyre, the title character on Trapper John, M.D. (1979–86). He also appeared in many TV series.

John Petrie (baptized April 15, 1766 – January 26, 1844), eldest son of Josiah Wedgwood and his wife, came to Sydney in 1831. To avoid bad influences from the penal colony, his father hired only reputable workers to teach his sons carpentry at home.

Raglan Squire (d. after 1930s), eldest son of J C (later Sir John) Squire, studied architecture at St John’s College, Cambridge, following schooling at Blundell’s School, Tiverton. After university, he worked on building sites and in architects’ offices while preparing for his RIBA exams.

John III, Margrave of Brandenburg-Salzwedel (1244–1268), nicknamed ""John from Prague,"" was the eldest son of Margrave Otto III and Beatrice of Bohemia. He did not survive to adulthood and was succeeded by his half-brother.

HMS Farnham Castle (K413) was laid down in Sunderland on June 25, 1943, launched April 25, 1944, and commissioned January 31, 1945.

John Wedgwood (1766–1844), eldest son of potter Josiah Wedgwood, was a Wedgwood pottery partner from 1790 to 1793 and again from 1800 to 1812.

The British line of succession places Queen Elizabeth II at the top. Her heir apparent is her eldest son, Charles, Prince of Wales. Next are Prince William, Duke of Cambridge; Prince William’s eldest son, Prince George; Prince George’s sister, Princess Charlotte; Prince William’s younger son, Prince Henry; and Queen Elizabeth II’s second-eldest son, Prince Andrew, Duke of York. Anyone among the first six marrying without the sovereign’s consent would lose their place in the succession.",1117
2hop__14092_8311,When was John's eldest son crowned?,content,shorten,2,"Improve accuracy, clarity, and conciseness of language.",2,"Walter Calverley was the eldest son and heir of William Calverley (d. 1572) and Katherine Thorneholme, daughter of John Thorneholme of Haysthorpe, Yorkshire. William Calverley was the son of Sir Walter Calverley and Anne Danby, daughter of Sir Christopher Danby (d. 14 June 1571) and Elizabeth Neville, daughter of Richard Neville, 2nd Baron Latimer.

Eric Maule was the eldest son of Sir Peter Maule and Christina de Valognes, Baroness of Panmure and Benvie. In 1254, he inherited the barony and married Ethana de Vallibus, daughter of John Vaux, Lord of Dirleton. He was succeeded by his son, Henry Maule.

Pernell Roberts (April 2, 1928 – March 26, 2010) was an American actor and singer best known for portraying Adam Cartwright, the eldest son on Bonanza (1959–1965), and Dr. John McIntyre, the titular character on Trapper John, M.D. (1979–1986). He was the eldest child of his parents.

John Petrie (b. ca. 1766; d. 26 January 1844), son of Josiah Wedgwood and his wife, came to Sydney in 1831. To shield him from negative influences associated with the penal colony, his father employed only reputable tutors to teach him carpentry at home.

Raglan Squire (d. after the 1930s), the eldest son of J. C. Squire (later Sir John Squire), studied architecture at St John’s College, Cambridge, after attending Blundell’s School in Tiverton. He prepared for his RIBA exams while gaining experience on building sites and in architectural offices following university.

John III, Margrave of Brandenburg-Salzwedel (1244–1268), nicknamed ""John from Prague,"" was the eldest son of Margrave Otto III and Beatrice of Bohemia. He died young and was succeeded by his half-brother.

HMS Farnham Castle (K413) was laid down in Sunderland on 25 June 1943, launched on 25 April 1944, and commissioned on 31 January 1945.

John Wedgwood (1766–1844), eldest son of Josiah Wedgwood and his wife, was a partner in the Wedgwood pottery from 1790 to 1793 and again from 1800 to 1812.

The British line of succession lists Queen Elizabeth II at the head. Her eldest son, Charles, Prince of Wales, is heir apparent. Following him are Prince William, Duke of Cambridge; William’s eldest child, Prince George; George’s sister, Princess Charlotte; William’s younger son, Prince Harry; and Elizabeth II’s second-eldest son, Prince Andrew, Duke of York. Anyone among the first six who marries without the sovereign’s consent forfeits their place in the line of succession.",637
2hop__14092_8311,When was John's eldest son crowned?,content,shorten,2,"Improve accuracy, clarity, and conciseness of language.",3,"Walter Calverley was the eldest son and heir of William Calverley (d. 1572) and Katherine Thorneholme, daughter of John Thorneholme of Haysthorpe, Yorkshire. William Calverley, son of Sir Walter Calverley and Anne Danby (daughter of Sir Christopher Danby and Elizabeth Neville, 2nd Baroness Latimer), predeceased his father.

Eric Maule (d. after the 1930s), eldest son of Sir Peter Maule and Christina de Valognes, Baroness of Panmure and Benvie, inherited the barony in 1254 after marrying Ethana de Vallibus, daughter of John Vaux, Lord of Dirleton. He was succeeded by his son, Henry Maule.

Pernell Roberts (April 2, 1928 – March 26, 2010) was an American actor and singer best known for his roles as Adam Cartwright on Bonanza (1959–1965) and Dr. John McIntyre on Trapper John, M.D. (1979–1986). He was the eldest of his parents’ children.

John Petrie (c. 1766–1844), eldest son of Josiah Wedgwood and his wife, moved to Sydney in 1831. To protect him from the negative influences of the penal colony, only reputable tutors were engaged to teach him carpentry at home.

Raglan Squire (d. after the 1930s), eldest son of J.C. Squire (later Sir John Squire), studied architecture at St John’s College, Cambridge, after attending Blundell’s School in Tiverton. He prepared for his RIBA exams by working with reputable builders and in architectural offices.

John III, Margrave of Brandenburg-Salzwedel (1244–1268), nicknamed the “John from Prague,” was the eldest son of Margrave Otto III and Beatrice of Bohemia. He died young and was succeeded by his half-brother.

HMS Farnham Castle (K413) was laid down in Sunderland on 25 June 1943, launched on 25 April 1944, and commissioned on 31 January 1945.

John Wedgwood (1766–1844), the eldest son of Josiah Wedgwood and his wife, was a partner in the Wedgwood pottery firm from 1790 to 1793 and again from 1800 to 1812.

The current British line of succession begins with Queen Elizabeth II. Her eldest son, Charles, Prince of Wales, is the heir apparent. Next in line are Prince William, Duke of Cambridge; William’s eldest child, Prince George; George’s sister, Princess Charlotte; William’s younger son, Prince Harry; and Elizabeth II’s second-eldest son, Prince Andrew, Duke of York. Any of the first six in line who marries without the monarch’s approval loses their place in the succession.",619
2hop__14092_8311,When was John's eldest son crowned?,content,elaborate,0,,0,"Walter Calverley. Walter Calverley was the eldest son and heir of William Calverley (d.1572) by his wife, Katherine Thorneholme, daughter of John Thorneholme of Haysthorpe, Yorkshire. William Calverley was the son of Sir Walter Calverley and Anne Danby, daughter of Sir Christopher Danby (d. 14 June 1571) and Elizabeth Neville, daughter of Richard Neville, 2nd Baron Latimer.

Sir William Maule. Sir William Maule was the eldest son of Sir Peter Maule and Christina de Valognes, Baron and Baroness of Panmure and Benvie. William succeeded as Baron in 1254 on his father's death. He was married to Ethana de Vallibus, daughter of John Vaux, Lord of Dirleton, and left one son, Henry Maule, who succeeded him as Baron.

John, King of England. John's first wife, Isabel, Countess of Gloucester, was released from imprisonment in 1214; she remarried twice, and died in 1217. John's second wife, Isabella of Angoulême, left England for Angoulême soon after the king's death; she became a powerful regional leader, but largely abandoned the children she had had by John. John had five legitimate children, all by Isabella. His eldest son, Henry III, ruled as king for the majority of the 13th century. Richard became a noted European leader and ultimately the King of the Romans in the Holy Roman Empire. Joan married Alexander II of Scotland to become his queen consort. Isabella married the Holy Roman Emperor Frederick II. His youngest daughter, Eleanor, married William Marshal's son, also called William, and later the famous English rebel Simon de Montfort. John had a number of illegitimate children by various mistresses, including nine sons – Richard, Oliver, John, Geoffrey, Henry, Osbert Gifford, Eudes, Bartholomew and probably Philip – and three daughters – Joan, Maud and probably Isabel. Of these, Joan became the most famous, marrying Prince Llywelyn the Great of Wales.

HMS Farnham Castle (K413). She was laid down at John Crown & Sons Ltd in Sunderland on 25 June 1943 and launched on 25 April 1944 before being commissioned on 31 January 1945

Liu Ju. Liu Ju (; 128–91 BC), formally known as Crown Prince Wei (衛太子) and posthumously as Crown Prince Li (戾太子, literally ""the Unrepentant Crown Prince"") was a Western Han Dynasty crown prince. He was the eldest son and the heir apparent to his father, Emperor Wu of Han, until his death at age 38 during the political turmoil in 91 BC. Contrary to his less-than-flattering posthumous name, Liu Ju was generally regarded by historians as a well-mannered, benevolent, morally upright man who, by circumstances out of his control, was forced into an uprising against his father's army and died as a consequence of the rebellion.

John Mitchell Kemble. John Mitchell Kemble (2 April 1807 – 26 March 1857), English scholar and historian, was the eldest son of Charles Kemble the actor and Maria Theresa Kemble. He is notable for his major contribution to the history of the Anglo-Saxons and philology of the Old English language.

Succession to the British throne. Queen Elizabeth II is the sovereign, and her heir apparent is her eldest son, Charles, Prince of Wales. Next in line after him is Prince William, Duke of Cambridge, the Prince of Wales's elder son. Third in line is Prince George, the son of the Duke of Cambridge, followed by his sister, Princess Charlotte. Fifth in line is Prince Henry, the younger son of the Prince of Wales. Sixth in line is Prince Andrew, Duke of York, the Queen's second - eldest son. Any of the first six in line marrying without the sovereign's consent would be disqualified from succession.

Eric Penn. Eric Penn was the eldest son of William Penn, a cricketer and a businessman who ran the family engineering company of John Penn and Sons founded by his own father, John Penn, which was based in Greenwich, London. Eric Penn was educated at Eton College and at Trinity College, Cambridge.

James Gooderham Worts. James Gooderham Worts (June 4, 1818 - June 20, 1882) was the eldest son of James Worts and Elizabeth Gooderham.

Zhao Jiande. Zhao Jiande was the eldest son of Zhao Yingqi and a Yue woman. Although the eldest, Jiande was passed over for kingship in preference for his half-brother, Zhao Yingqi.

Roberto Irineu Marinho. Roberto Irineu Marinho was born in Rio de Janeiro, RJ, the eldest son of three of the late Roberto Marinho.

John Darling and Son. John Darling and Son was an Australian wheat merchant and flour milling company founded in Adelaide, South Australia, for many years the largest in Australia. It was founded by John Darling Sr. (1831–1905), a businessman of Scottish origin, and Member of Parliament for 25 years. He was succeeded by his eldest son, John Darling, Jr. (1852–1914), also a Member of Parliament, then by Harold Gordon Darling. It was registered as a private company in Victoria in 1953 with three directors: Norman Darling, Leonard Darling, and Leonard Gordon Darling.

Wondosson Kassa. ""Leul"" Wondosson Kassa was the eldest son of ""Ras"" Kassa Haile Darge. ""Ras"" Kassa was a loyal ally of ""Negus"" Tafari Makonnen, who ultimately was crowned Emperor Haile Selassie I of Ethiopia.

Pernell Roberts. Pernell Elven Roberts, Jr. (May 18, 1928 -- January 24, 2010) was an American stage, film and television actor, as well as a singer. In addition to guest - starring in over 60 television series, he was best known for his roles as Ben Cartwright's eldest son Adam Cartwright on the Western television series Bonanza (1959 -- 1965), and as chief surgeon Dr. John McIntyre, the title character on Trapper John, M.D. (1979 -- 1986).

John Petrie. John Petrie was born 15 January 1822 in Edinburgh, the eldest son of Andrew Petrie and Mary Cuthbertson. He arrived in Sydney with his family in 1831 and was educated at John Dunmore Lang's school. In 1837 he went to Moreton Bay, where his father had been appointed clerk of works, and accompanied him on explorations to the west and north of Brisbane; he also became a champion oarsman. Aware that his son might be unduly influenced by the incarcerated men at the penal colony, his father only selected workmen that he considered beyond reproach to come to his home in the evening to teach his sons cabinet making and carpentry skills.

Raglan Squire. Raglan Squire, the eldest son of the poet and critic J C (later Sir John) Squire, was born in London and educated at Blundell's School in Tiverton and at St John's College, Cambridge to read Architecture. Upon graduation Rag spent a year working on building sites, followed by four years working in architects' offices and studying part-time for his RIBA exams at the Regent Street Polytechnic's evening classes in the early 1930s.

John III, Margrave of Brandenburg-Salzwedel. John III, Margrave of Brandenburg-Salzwedel, nicknamed ""John from Prague"" (1244 in Prague – 1268) was the eldest son of Margrave Otto III and his wife, Beatrice of Bohemia.

Westminster Abbey. Since the coronations in 1066 of both King Harold and William the Conqueror, coronations of English and British monarchs were held in the abbey. In 1216, Henry III was unable to be crowned in London when he first came to the throne, because the French prince Louis had taken control of the city, and so the king was crowned in Gloucester Cathedral. This coronation was deemed by the Pope to be improper, and a further coronation was held in the abbey on 17 May 1220. The Archbishop of Canterbury is the traditional cleric in the coronation ceremony.[citation needed]

John Wedgwood (horticulturist). John Wedgwood (baptised 2 April 1766 — 26 January 1844), the eldest son of the potter Josiah Wedgwood, was a partner in the Wedgwood pottery firm 1790–1793 and again 1800–1812.

Succession to the British throne. Queen Elizabeth II is the sovereign, and her heir apparent is her eldest son, Charles, Prince of Wales. Next in line after him is Prince William, Duke of Cambridge, the Prince of Wales's elder son. Third in line is Prince George, the son of the Duke of Cambridge, followed by his sister, Princess Charlotte. Fifth in line is Prince Henry of Wales, the younger son of the Prince of Wales. Sixth in line is Prince Andrew, Duke of York, the Queen's second - eldest son. Any of the first six in line marrying without the sovereign's consent would be disqualified from succession.",1995
2hop__14092_8311,When was John's eldest son crowned?,content,elaborate,0,"Elaborate on the content, adding relevant details while staying faithful to the source text.",1,"Walter Calverley was the eldest son and designated heir of William Calverley, who died in 1572, and Katherine Thorneholme, daughter of John Thorneholme of Haysthorpe, Yorkshire. William Calverley himself was the son of Sir Walter Calverley and Anne Danby, whose mother was Anne, daughter of Sir Christopher Danby and Elizabeth Neville, granddaughter of Richard Neville, 2nd Baron Latimer. 

Sir William Maule succeeded his father, Sir Peter Maule, and his mother Christina de Valognes, Baroness and Baron of Panmure and Benvie, becoming Baron in 1254. He married Ethana de Vallibus, daughter of John Vaux, Lord of Dirleton, and his lineage continued through his only son, Henry Maule, who inherited the barony following Sir William's death.

John, King of England, married several times due to the death of his first wife, Isabel, Countess of Gloucester, who was released from captivity in 1214 and remarried, passing away in 1217. John's second wife was Isabella of Angoulême; after John's death, Isabella left England for her homeland, where she later gained significant regional power but largely neglected the children she had with John. John had five legitimate children, all with Isabella: his eldest son was Henry III, who reigned for much of the 13th century; his son Richard became a prominent European leader and eventually King of the Romans; Joan married Alexander II of Scotland and became Queen Consort; Isabella married the Holy Roman Emperor Frederick II; and the youngest, Eleanor, married William Marshal's son, William, and later Simon de Montfort, a prominent English noble and rebel leader. In addition to his legitimate children, John had numerous illegitimate offspring, among them nine sons – Richard, Oliver, John, Geoffrey, Henry, Osbert Gifford, Eudes, Bartholomew, and likely Philip – and three daughters: Joan, Maud, and possibly Isabel. Of these, Joan achieved the greatest renown, becoming Queen of Wales as the wife of Prince Llywelyn the Great.

Eric Penn, the eldest son of William Penn, followed in the family tradition by continuing both his father's involvement in cricketer circles and the management of the family's engineering business, John Penn and Sons, which had been established by his paternal grandfather, John Penn, and was based in Greenwich, London. Eric attended Eton College and Trinity College, Cambridge, and pursued both academic and business pursuits.

James Gooderham Worts, born on 4 June 1818 and died on 20 June 1882, was the eldest son of James Worts and Elizabeth Gooderham. This lineage connected him to prominent families involved in trade and industry in early colonial Canada.

Zhao Jiande, born during the late Western Han Dynasty (128–91 BC), was the eldest son of Zhao Yingqi and a Yue woman. Despite being the firstborn, Zhao Jiande was not chosen as king; instead, his half-brother Zhao Yingqi became king, a decision that left a lasting mark on the line of succession within the dynasty.

Roberto Irineu Marinho, born in Rio de Janeiro, was the eldest son among three children of the influential Brazilian businessman Roberto Marinho. The Marinho family was already prominent by the time of Roberto Irineu's birth, setting the stage for further expansion of their business and political interests.

John Darling and Son, founded by John Darling Sr., a Scottish immigrant and long-serving Member of Parliament in South Australia, began as a wheat merchant and flour mill operator in Adelaide and grew into the largest such company in Australia. The business was later managed by his eldest son, John Darling Jr., who also served in Parliament, and then by Harold Gordon Darling, continuing the family's commercial legacy. The company was officially registered as a private company in Victoria in 1953, with leadership shared among three Darling family members: Norman, Leonard, and Leonard Gordon Darling.

John, King of England, conducted his first coronation in Gloucester Cathedral in 1216 after London was occupied by the French prince Louis, as the Abbey in Westminster was inaccessible. Pope Innocent III declared this coronation unofficial, prompting a second, proper coronation for Henry III, later King Henry III of England, in Westminster Abbey on 17 May 1220. The Abbey has served as the principal site for the coronation of English and British monarchs since the coronations of both Harold II and William the Conqueror in 1066. The Archbishop of Canterbury traditionally presides over the coronation of the British monarch, though exceptions have occurred when circumstances prevented the usual ceremony in London.

John Wedgwood, baptized on 2 April 1766 and died 26 January 1844, was the eldest son of the renowned potter Josiah Wedgwood. John was involved with the family firm as a partner from 1790 to 1793 and again from 1800 to 1812, continuing the Wedgwood legacy in ceramics and scientific innovation.

The line of succession to the British throne, as of the referenced period, begins with Queen Elizabeth II. Her heir apparent is her eldest son, Charles, Prince of Wales. Following Charles is his eldest son, Prince William, Duke of Cambridge. Next in line is Prince George of Wales, son of the Duke of Cambridge, succeeded by his sister, Princess Charlotte. Prince Henry of Wales, the younger son of the Prince of Wales, follows. Sixth in line is Prince Andrew, Duke of York, the Queen's second eldest son. According to the rules governing the succession, any of the first six in line who married without the sovereign’s approval would be excluded from the throne.

Leul Wondosson Kassa, the eldest son of Ras Kassa Haile Darge, was part of a prominent Ethiopian aristocratic family. His father, Kassa Haile Darge, was a loyal supporter of Emperor Tafari Makonnen, who became Emperor Haile Selassie I, indicating the importance of Wondosson Kassa in the political landscape of early 20th-century Ethiopia.",1273
2hop__14092_8311,When was John's eldest son crowned?,content,elaborate,0,"Elaborate on the content, adding relevant details while staying faithful to the source text.",2,"Walter Calverley, as the eldest son of William Calverley and Katherine Thorneholme—whose mother was Anne, daughter of Sir Christopher Danby and Elizabeth Neville, granddaughter of Richard Neville, 2nd Baron Latimer—was positioned as the designated heir to a family with deep aristocratic roots. William Calverley’s own lineage traced back to Sir Walter Calverley and Anne Danby, linking the family to the influential Neville dynasty through his mother’s ancestry. 

Sir William Maule inherited the barony from his father, Sir Peter Maule, and his mother Christina de Valognes, who held the titles of Baroness and Baron of Panmure and Benvie. Upon Sir Peter Maule’s death in 1254, Sir William Maule assumed both the title and the responsibilities associated with it. He married Ethana de Vallibus, daughter of John Vaux, Lord of Dirleton, and the barony passed to his only son, Henry Maule, upon Sir William’s death, ensuring the continuity of the Maule line in Scottish nobility.

John, King of England, commonly known as King John, married Isabel, Countess of Gloucester, but after Isabel was released from captivity in 1214 and later remarried and died in 1217, John entered into a significant second marriage with Isabella of Angoulême. After King John’s own death, Isabella returned to her homeland, where she accumulated considerable regional power, though she reportedly showed limited attention to the children she had with the king. John’s legitimate offspring with Isabella included five children: Henry III, who would become a long-reigning king in the 13th century; Richard, who became a notable European leader and eventually King of the Romans; Joan, who married Alexander II of Scotland and became Queen Consort; Isabella, who married the Holy Roman Emperor Frederick II; and Eleanor, who married both William, the son of William Marshal, and later Simon de Montfort, a celebrated English noble and military leader. In addition to these legitimate children, John had several illegitimate children, with at least nine sons—identified as Richard, Oliver, John, Geoffrey, Henry, Osbert Gifford, Eudes, Bartholomew, and possibly Philip—and three daughters: Joan, Maud, and perhaps Isabel. Of his illegitimate children, Joan became especially notable for her marriage to Llywelyn the Great, Prince of Wales, earning the title Queen of Wales.

Eric Penn, the eldest son of William Penn, carried forward the family tradition by engaging both in the world of cricket and in overseeing John Penn and Sons, the engineering firm founded by his paternal grandfather, John Penn, in Greenwich, London. Eric pursued his education at Eton College and Trinity College, Cambridge, balancing his academic achievements with his participation in the family business, thereby contributing to the continued prominence of the Penn name in both sporting and industrial spheres.

James Gooderham Worts, born on 4 June 1818 and deceased on 20 June 1882, was the eldest of three children born to James Worts and Elizabeth Gooderham. Through his parents, he was connected to families deeply involved in trade and industrial development during the formative years of early colonial Canada, a context that shaped his own later contributions to business and commerce in the region.

Zhao Jiande, born during the late Western Han Dynasty (approximately 128–91 BC), was the eldest son of Zhao Yingqi and a woman of the Yue ethnic group. Although Zhao Yingqi was named king, bypassing Zhao Jiande, this decision had considerable implications for the dynastic line and demonstrated the complexities of succession within the Han court, where political considerations could override claims of primogeniture.

Roberto Irineu Marinho, born in Rio de Janeiro, was the eldest among three siblings in the family of the influential Brazilian businessman Roberto Marinho. By the time of Roberto Irineu’s birth, the Marinho family already held a notable place in Brazilian business and politics, a legacy that Roberto Irineu would further develop, expanding the family’s influence in both commercial and political domains throughout Brazil’s evolving modern history.

John, known historically as King John of England, first assumed the throne under unusual circumstances in 1216, when he was crowned in Gloucester Cathedral after the Abbey of Westminster became inaccessible due to the occupation of London by the French prince Louis. Pope Innocent III later declared this first coronation unofficial, which necessitated a second, properly sanctioned coronation for John’s successor, the future Henry III, who was crowned in Westminster Abbey on 17 May 1220. Since then, the Abbey has remained the primary location for the coronation of English and British monarchs, with the Archbishop of Canterbury traditionally presiding, though there have been rare exceptions when the standard procedure could not be followed.

John Wedgwood, baptized on 2 April 1766 and who died on 26 January 1844, was the eldest son of the famed potter Josiah Wedgwood. John participated as a partner in the family firm from 1790 to 1793 and again from 1800 to 1812, thus ensuring the ongoing legacy of the Wedgwood family in the fields of ceramics and scientific advancement, continuing the innovations initiated by his grandfather.",1089
2hop__14092_8311,When was John's eldest son crowned?,content,elaborate,0,"Elaborate on the content, adding relevant details while staying faithful to the source text.",3,"Walter Calverley, as the eldest son of William Calverley and Katherine Thorneholme, inherited a distinguished position within a family whose aristocratic lineage extended back several generations. Katherine, his mother, was herself the daughter of Anne, who belonged to the illustrious Neville dynasty through her father, Sir Christopher Danby, and her mother, Elizabeth Neville, granddaughter of Richard Neville, 2nd Baron Latimer. This ancestry connected the Calverley family to some of the most powerful noble houses of medieval England. Meanwhile, the Maule family line traced back to Sir Peter Maule and his wife Christina de Valognes, who held the baronial titles of Baroness and Baron of Panmure and Benvie. Upon Sir Peter’s death in 1254, his son Sir William Maule succeeded him, inheriting not only the titles but also the stewardship of the Maule estates and the political responsibilities that came with such a position. As a result, the Maule barony endured within Scottish nobility, maintained through direct male descent.

John, known to history as King John of England, ascended to the throne in 1199, but his first official coronation was a hurried ceremony held at Gloucester Cathedral in 1216, due to the occupation of London by the French prince Louis during a time of conflict. The unconventional circumstances arose when John sought to solidify his authority quickly amid political turmoil. However, Pope Innocent III later judged this initial coronation to be invalid, since it did not take place in the traditional and symbolic setting of Westminster Abbey. Consequently, when Henry III, John’s son and eventual successor, was crowned on 17 May 1220 at Westminster Abbey, this established a precedent that would be followed by future monarchs, with the Archbishop of Canterbury overseeing the ceremony and ensuring its legitimacy. Rare exceptions to this tradition have occurred in moments of crisis or when the usual venue was unavailable.

John Wedgwood, baptized on 2 April 1766 and who died on 26 January 1844, was the eldest child of Josiah Wedgwood, a renowned potter and industrial innovator of the eighteenth century. John himself became a partner in the family business, John Wedgwood & Sons, first from 1790 to 1793 and again from 1800 to 1812. During these periods, he contributed to the expansion and management of the enterprise, which was already noted for its advances in ceramics and manufacturing. Through his involvement, John helped perpetuate the Wedgwood legacy, building upon the pioneering work of his grandfather, who had established the firm as a leader in the pottery industry and had also been associated with scientific pursuits and improvements in manufacturing techniques. This ensured the continued prominence of the Wedgwood family in both commerce and the promotion of scientific innovation.

Eric Penn, the eldest child of William Penn, continued a family tradition that was already well-established in both sport and industry. William Penn, Eric’s father, was himself the scion of the Penn family, which had founded John Penn and Sons in Greenwich, London, an engineering firm that became prominent in the nineteenth century. Eric Penn attended Eton College and Trinity College, Cambridge, receiving a well-rounded education that combined classical studies with practical experience. Beyond academia, he was actively involved with the family firm, participating in its operations and management. His dual engagement with cricket and the family business not only sustained the reputation of the Penn name in sporting circles but also in the advancing field of engineering, reflecting the multifaceted nature of aristocratic pursuits in Victorian England.

James Gooderham Worts, born on 4 June 1818 and passing away on 20 June 1882, was the eldest of three siblings born to James Worts and Elizabeth Gooderham. His family had become significant in the economic landscape of early colonial Canada, particularly in the burgeoning trade and industrial enterprises of the region. James Gooderham Worts thus grew up within an environment deeply influenced by the commercial acumen and innovation of his parents, which would later inform his own contributions to business and commerce in Canada, further cementing the Gooderham and Worts families’ roles in shaping the economic foundations of the country during its formative years.

Roberto Irineu Marinho, born in Rio de Janeiro, was the eldest of three children in the family of Roberto Marinho, a major figure in Brazilian business and politics. The Marinho family had already established considerable influence in commerce and political affairs by the time of Roberto Irineu’s birth. As the eldest, he was expected to carry forward this legacy, and indeed, he played a pivotal role in expanding the family’s reach across both commercial enterprises and political power as Brazil transitioned into its modern era. This allowed the Marinho name to remain prominent in the country’s development, reflecting the intersection of business success and political influence that characterized leading Brazilian families in the twentieth century.

Sir William Maule, upon the death of his father Sir Peter Maule in 1254, inherited not only the title but also the extensive lands and the accompanying obligations as head of the Maule family. Sir Peter’s marriage to Christina de Valognes had secured the family’s baronial titles and their standing in Scotland. With the transfer of the barony to his son, Sir William, the Maule family’s place in the Scottish nobility was firmly maintained, illustrating how titles and estates were carefully managed and preserved through direct inheritance, despite the challenges and complexities that often accompanied the transfer of such responsibilities during the medieval period.",1133
2hop__14092_8311,When was John's eldest son crowned?,content,elaborate,1,,0,"Walter Calverley. Walter Calverley was the eldest son and heir of William Calverley (d.1572) by his wife, Katherine Thorneholme, daughter of John Thorneholme of Haysthorpe, Yorkshire. William Calverley was the son of Sir Walter Calverley and Anne Danby, daughter of Sir Christopher Danby (d. 14 June 1571) and Elizabeth Neville, daughter of Richard Neville, 2nd Baron Latimer.

Sir William Maule. Sir William Maule was the eldest son of Sir Peter Maule and Christina de Valognes, Baron and Baroness of Panmure and Benvie. William succeeded as Baron in 1254 on his father's death. He was married to Ethana de Vallibus, daughter of John Vaux, Lord of Dirleton, and left one son, Henry Maule, who succeeded him as Baron.

John, King of England. John's first wife, Isabel, Countess of Gloucester, was released from imprisonment in 1214; she remarried twice, and died in 1217. John's second wife, Isabella of Angoulême, left England for Angoulême soon after the king's death; she became a powerful regional leader, but largely abandoned the children she had had by John. John had five legitimate children, all by Isabella. His eldest son, Henry III, ruled as king for the majority of the 13th century. Richard became a noted European leader and ultimately the King of the Romans in the Holy Roman Empire. Joan married Alexander II of Scotland to become his queen consort. Isabella married the Holy Roman Emperor Frederick II. His youngest daughter, Eleanor, married William Marshal's son, also called William, and later the famous English rebel Simon de Montfort. John had a number of illegitimate children by various mistresses, including nine sons – Richard, Oliver, John, Geoffrey, Henry, Osbert Gifford, Eudes, Bartholomew and probably Philip – and three daughters – Joan, Maud and probably Isabel. Of these, Joan became the most famous, marrying Prince Llywelyn the Great of Wales.

HMS Farnham Castle (K413). She was laid down at John Crown & Sons Ltd in Sunderland on 25 June 1943 and launched on 25 April 1944 before being commissioned on 31 January 1945

Liu Ju. Liu Ju (; 128–91 BC), formally known as Crown Prince Wei (衛太子) and posthumously as Crown Prince Li (戾太子, literally ""the Unrepentant Crown Prince"") was a Western Han Dynasty crown prince. He was the eldest son and the heir apparent to his father, Emperor Wu of Han, until his death at age 38 during the political turmoil in 91 BC. Contrary to his less-than-flattering posthumous name, Liu Ju was generally regarded by historians as a well-mannered, benevolent, morally upright man who, by circumstances out of his control, was forced into an uprising against his father's army and died as a consequence of the rebellion.

John Mitchell Kemble. John Mitchell Kemble (2 April 1807 – 26 March 1857), English scholar and historian, was the eldest son of Charles Kemble the actor and Maria Theresa Kemble. He is notable for his major contribution to the history of the Anglo-Saxons and philology of the Old English language.

Succession to the British throne. Queen Elizabeth II is the sovereign, and her heir apparent is her eldest son, Charles, Prince of Wales. Next in line after him is Prince William, Duke of Cambridge, the Prince of Wales's elder son. Third in line is Prince George, the son of the Duke of Cambridge, followed by his sister, Princess Charlotte. Fifth in line is Prince Henry, the younger son of the Prince of Wales. Sixth in line is Prince Andrew, Duke of York, the Queen's second - eldest son. Any of the first six in line marrying without the sovereign's consent would be disqualified from succession.

Eric Penn. Eric Penn was the eldest son of William Penn, a cricketer and a businessman who ran the family engineering company of John Penn and Sons founded by his own father, John Penn, which was based in Greenwich, London. Eric Penn was educated at Eton College and at Trinity College, Cambridge.

James Gooderham Worts. James Gooderham Worts (June 4, 1818 - June 20, 1882) was the eldest son of James Worts and Elizabeth Gooderham.

Zhao Jiande. Zhao Jiande was the eldest son of Zhao Yingqi and a Yue woman. Although the eldest, Jiande was passed over for kingship in preference for his half-brother, Zhao Yingqi.

Roberto Irineu Marinho. Roberto Irineu Marinho was born in Rio de Janeiro, RJ, the eldest son of three of the late Roberto Marinho.

John Darling and Son. John Darling and Son was an Australian wheat merchant and flour milling company founded in Adelaide, South Australia, for many years the largest in Australia. It was founded by John Darling Sr. (1831–1905), a businessman of Scottish origin, and Member of Parliament for 25 years. He was succeeded by his eldest son, John Darling, Jr. (1852–1914), also a Member of Parliament, then by Harold Gordon Darling. It was registered as a private company in Victoria in 1953 with three directors: Norman Darling, Leonard Darling, and Leonard Gordon Darling.

Wondosson Kassa. ""Leul"" Wondosson Kassa was the eldest son of ""Ras"" Kassa Haile Darge. ""Ras"" Kassa was a loyal ally of ""Negus"" Tafari Makonnen, who ultimately was crowned Emperor Haile Selassie I of Ethiopia.

Pernell Roberts. Pernell Elven Roberts, Jr. (May 18, 1928 -- January 24, 2010) was an American stage, film and television actor, as well as a singer. In addition to guest - starring in over 60 television series, he was best known for his roles as Ben Cartwright's eldest son Adam Cartwright on the Western television series Bonanza (1959 -- 1965), and as chief surgeon Dr. John McIntyre, the title character on Trapper John, M.D. (1979 -- 1986).

John Petrie. John Petrie was born 15 January 1822 in Edinburgh, the eldest son of Andrew Petrie and Mary Cuthbertson. He arrived in Sydney with his family in 1831 and was educated at John Dunmore Lang's school. In 1837 he went to Moreton Bay, where his father had been appointed clerk of works, and accompanied him on explorations to the west and north of Brisbane; he also became a champion oarsman. Aware that his son might be unduly influenced by the incarcerated men at the penal colony, his father only selected workmen that he considered beyond reproach to come to his home in the evening to teach his sons cabinet making and carpentry skills.

Raglan Squire. Raglan Squire, the eldest son of the poet and critic J C (later Sir John) Squire, was born in London and educated at Blundell's School in Tiverton and at St John's College, Cambridge to read Architecture. Upon graduation Rag spent a year working on building sites, followed by four years working in architects' offices and studying part-time for his RIBA exams at the Regent Street Polytechnic's evening classes in the early 1930s.

John III, Margrave of Brandenburg-Salzwedel. John III, Margrave of Brandenburg-Salzwedel, nicknamed ""John from Prague"" (1244 in Prague – 1268) was the eldest son of Margrave Otto III and his wife, Beatrice of Bohemia.

Westminster Abbey. Since the coronations in 1066 of both King Harold and William the Conqueror, coronations of English and British monarchs were held in the abbey. In 1216, Henry III was unable to be crowned in London when he first came to the throne, because the French prince Louis had taken control of the city, and so the king was crowned in Gloucester Cathedral. This coronation was deemed by the Pope to be improper, and a further coronation was held in the abbey on 17 May 1220. The Archbishop of Canterbury is the traditional cleric in the coronation ceremony.[citation needed]

John Wedgwood (horticulturist). John Wedgwood (baptised 2 April 1766 — 26 January 1844), the eldest son of the potter Josiah Wedgwood, was a partner in the Wedgwood pottery firm 1790–1793 and again 1800–1812.

Succession to the British throne. Queen Elizabeth II is the sovereign, and her heir apparent is her eldest son, Charles, Prince of Wales. Next in line after him is Prince William, Duke of Cambridge, the Prince of Wales's elder son. Third in line is Prince George, the son of the Duke of Cambridge, followed by his sister, Princess Charlotte. Fifth in line is Prince Henry of Wales, the younger son of the Prince of Wales. Sixth in line is Prince Andrew, Duke of York, the Queen's second - eldest son. Any of the first six in line marrying without the sovereign's consent would be disqualified from succession.",1995
2hop__14092_8311,When was John's eldest son crowned?,content,elaborate,1,"Expand the text with more context, without introducing information that is not supported by the original.",1,"Walter Calverley was the eldest son and heir of William Calverley, who died in 1572, and Katherine Thorneholme, daughter of John Thorneholme of Haysthorpe, Yorkshire. William Calverley himself was the son of Sir Walter Calverley and Anne Danby, daughter of Sir Christopher Danby, who died on 14 June 1571, and Elizabeth Neville, daughter of Richard Neville, 2nd Baron Latimer.

Sir William Maule was the eldest son of Sir Peter Maule and Christina de Valognes, Baron and Baroness of Panmure and Benvie. Upon the death of his father in 1254, William became Baron and inherited the title, eventually passing it to his son Henry Maule, who succeeded him as Baron after William’s death.

John, King of England, ruled during the early 13th century. His first wife was Isabel, Countess of Gloucester, whom he married before 1200; she was released from imprisonment in 1214 and remarried twice before her death in 1217. John’s second wife was Isabella of Angoulême; after John’s death, Isabella left England and became a significant regional leader but largely abandoned her children. John had five legitimate children with Isabella: his eldest son Henry III, who became King of England; Richard, who rose to prominence in Europe and eventually became King of the Romans; Joan, who married Alexander II of Scotland and became Queen Consort; Isabella, who married the Holy Roman Emperor Frederick II; and the youngest, Eleanor, who married William Marshal’s son William and, after his death, married the English rebel leader Simon de Montfort.

Eric Penn, born to William Penn and a daughter of John Penn, founder of the John Penn and Sons engineering company in Greenwich, London, followed in his father’s footsteps and was educated at Eton College and Trinity College, Cambridge.

James Gooderham Worts was the eldest son of James Worts and Elizabeth Gooderham, born on 4 June 1818 and died on 20 June 1882. As the eldest, he inherited the family business and name.

Zhao Jiande, born in the Western Han Dynasty, was the eldest son of Zhao Yingqi and a Yue woman. Despite being the eldest, he was not chosen as king, with the title passing instead to his half-brother, Zhao Yingqi, due to political decisions regarding the succession.

Roberto Irineu Marinho was the eldest son among three children born to Roberto Marinho in Rio de Janeiro, RJ. His position as eldest son placed him as the principal heir within the family.

John Darling and Son was an Australian business established by John Darling Sr., a Scottish-born wheat merchant and flour miller who served as a Member of Parliament for 25 years. The company, registered as a private company in Victoria in 1953, was later managed by his eldest son, John Darling, Jr., also a Member of Parliament, and then by Harold Gordon Darling. The business operated with direction from the family, including directors Norman Darling, Leonard Darling, and Leonard Gordon Darling.

Wondosson Kassa, also known as ""Leul,"" was the eldest son of ""Ras"" Kassa Haile Darge. ""Ras"" Kassa was a trusted ally of Emperor Tafari Makonnen, later Emperor Haile Selassie I of Ethiopia.

Pernell Roberts, born on 18 May 1928 and died on 24 January 2010, was an American actor and singer recognized for his performances in stage, film, and television, including his role as Adam Cartwright, the eldest son on the television series Bonanza, and as Dr. John McIntyre, the title character and chief surgeon on Trapper John, M.D.

John Petrie, baptized on 2 April 1766 and died 26 January 1844, was the eldest son of Josiah Wedgwood and a member of the prominent Wedgwood family. He participated in the Wedgwood pottery firm as a partner from 1790 to 1793 and again from 1800 to 1812, under the guidance of his father, who took care to ensure his sons were taught by trustworthy workmen in practical skills such as cabinet making and carpentry, due to concerns about the influence of prisoners at the penal colony.

John III, Margrave of Brandenburg-Salzwedel, also called ""John from Prague,"" was born in 1244 and died in 1268. He was the eldest son of Margrave Otto III and his wife, Beatrice of Bohemia, and bore the nickname because of his connection to Prague.

John Wedgwood, baptized on 2 April 1766 and dying on 26 January 1844, was the eldest son of potter Josiah Wedgwood. He participated as a partner in the Wedgwood pottery firm from 1790 to 1793 and again from 1800 to 1812.",1037
2hop__14092_8311,When was John's eldest son crowned?,content,elaborate,1,"Expand the text with more context, without introducing information that is not supported by the original.",2,"Walter Calverley, the eldest son and heir of William Calverley and Katherine Thorneholme, belonged to a notable family in Yorkshire, England. William Calverley, Walter’s father, died in 1572, while his paternal grandfather, Sir Walter Calverley, had previously passed away in 1571. Sir Walter was married to Anne Danby, the daughter of Sir Christopher Danby, and after Sir Walter’s death, the title of Baron was inherited by his son, Sir William Maule, upon the latter’s own father’s death in 1254. Sir William Maule, the eldest son of Sir Peter Maule and Christina de Valognes, succeeded to the barony and became Baron of Panmure and Benvie after his father’s death. The barony subsequently passed to his son, Henry Maule.

John, who reigned as King of England in the early 13th century, was married twice. His first wife was Isabel, Countess of Gloucester, whom he married before 1200. Isabel was released from imprisonment in 1214 and later remarried twice before her death in 1217. John’s second wife was Isabella of Angoulême. After John’s death, Isabella left England and became an influential leader in her region, though she largely abandoned her children. John and Isabella had five legitimate children: Henry III, who later became King of England; Richard, who achieved prominence in Europe and eventually became King of the Romans; Joan, who married Alexander II of Scotland and became Queen Consort; Isabella, who married the Holy Roman Emperor Frederick II; and Eleanor, who initially married William, the son of William Marshal, and later married Simon de Montfort after William’s death.

Eric Penn, born to William Penn and a daughter of John Penn, was part of the family associated with the John Penn and Sons engineering company in Greenwich, London. Following the example of his father and grandfather, Eric pursued an elite education, attending Eton College and Trinity College, Cambridge, in order to further his involvement in the family’s business legacy.

James Gooderham Worts, born on 4 June 1818 and died on 20 June 1882, was the eldest son of James Worts and Elizabeth Gooderham. Due to his birth order, he inherited the family business and adopted the family name, continuing the commercial legacy established by his parents.

Zhao Jiande, known as ""Leul,"" was the eldest son of Zhao Yingqi and a woman from Yue. Despite being the eldest, he was not selected as king; instead, the title went to his half-brother Zhao Yingqi, a decision shaped by the political circumstances of the Western Han Dynasty in China.

Roberto Irineu Marinho was the eldest of three children born to Roberto Marinho in Rio de Janeiro, Rio de Janeiro state, Brazil. As the eldest, Roberto Irineu was recognized as the principal heir within the family and was expected to carry forward the family’s traditions and responsibilities, as was customary in such family structures of the time.",634
2hop__14092_8311,When was John's eldest son crowned?,content,elaborate,1,"Expand the text with more context, without introducing information that is not supported by the original.",3,"Walter Calverley was the eldest son and heir of William Calverley and Katherine Thorneholme, situating him within a distinguished family lineage in Yorkshire, England. The death of his father, William Calverley, occurred in 1572, following the earlier demise of his paternal grandfather, Sir Walter Calverley, who passed away in 1571. Sir Walter Calverley was married to Anne Danby, a daughter of Sir Christopher Danby. Upon Sir Walter’s death, the title of Baron passed to his son, Sir William Maule, after the latter’s own father’s death in 1254. This succession reflects the inheritance practices of the time within English nobility. Sir William Maule, as the eldest son of Sir Peter Maule and Christina de Valognes, inherited the barony and took on the titles of Baron of Panmure and Benvie. These titles were subsequently inherited by his son, Henry Maule, continuing the family’s noble lineage.

John, King of England in the early 13th century, had two royal marriages. His first wife was Isabel, Countess of Gloucester, whom he married prior to the year 1200. Isabel was later released from captivity in 1214, and she remarried twice before her death in 1217. John’s second wife was Isabella of Angoulême. After John’s death, Isabella of Angoulême left England and rose to a position of significant influence in her region. Throughout her life, she maintained a certain distance from her children, focusing instead on her own political activities. John and Isabella had five legitimate children: Henry III, who succeeded to the English throne; Richard, who gained prominence in Europe and eventually became King of the Romans; Joan, who married Alexander II of Scotland and thus became Queen Consort; Isabella, who married the Holy Roman Emperor Frederick II; and Eleanor, who first married William, the son of William Marshal, and later married Simon de Montfort following William’s death. This succession pattern among the children illustrates the importance of marriage alliances and inheritance during the medieval period in England and beyond.

Eric Penn was the eldest son of James Penn and one of James Penn’s daughters. He was born into a family connected to the renowned John Penn and Sons engineering company located in Greenwich, London. In keeping with the precedent set by previous generations, Eric Penn pursued a distinguished education at Eton College and Trinity College, Cambridge, with the intention of upholding and advancing the family’s established business interests. This educational path was consistent with the expectations placed on the eldest son within the family, emphasizing continuity in both lineage and profession.

James Gooderham Worts, born on June 4, 1818, and deceased on June 20, 1882, was the eldest son of James Worts and Elizabeth Gooderham. As the firstborn, James Gooderham Worts was destined to inherit the family business and adopt the family name in accordance with the prevailing inheritance customs of his era. His role as heir ensured the ongoing management and development of the commercial interests originally established by his parents.

Zhao Jiande, often referred to as ""Leul,"" was the eldest son of Zhao Yingqi and a woman from Yue. Despite being the eldest, Zhao Jiande was not chosen to become king; rather, the title passed to his half-brother, Zhao Yingqi, a situation that was influenced by the political landscape of the Western Han Dynasty in China. This instance demonstrates the complexities of royal succession and the impact of political considerations in determining the heir to the throne during that period.

Roberto Irineu Marinho was the eldest of three siblings born to Roberto Marinho in Rio de Janeiro, Rio de Janeiro state, Brazil. As the eldest son, he held the primary position as heir to his father’s legacy. In line with the social norms of his time, Roberto Irineu was expected to assume responsibility for continuing the family’s traditions and obligations, a common expectation for the eldest child within Brazilian families of his background.",827
2hop__14092_8311,When was John's eldest son crowned?,content,elaborate,2,,0,"Walter Calverley. Walter Calverley was the eldest son and heir of William Calverley (d.1572) by his wife, Katherine Thorneholme, daughter of John Thorneholme of Haysthorpe, Yorkshire. William Calverley was the son of Sir Walter Calverley and Anne Danby, daughter of Sir Christopher Danby (d. 14 June 1571) and Elizabeth Neville, daughter of Richard Neville, 2nd Baron Latimer.

Sir William Maule. Sir William Maule was the eldest son of Sir Peter Maule and Christina de Valognes, Baron and Baroness of Panmure and Benvie. William succeeded as Baron in 1254 on his father's death. He was married to Ethana de Vallibus, daughter of John Vaux, Lord of Dirleton, and left one son, Henry Maule, who succeeded him as Baron.

John, King of England. John's first wife, Isabel, Countess of Gloucester, was released from imprisonment in 1214; she remarried twice, and died in 1217. John's second wife, Isabella of Angoulême, left England for Angoulême soon after the king's death; she became a powerful regional leader, but largely abandoned the children she had had by John. John had five legitimate children, all by Isabella. His eldest son, Henry III, ruled as king for the majority of the 13th century. Richard became a noted European leader and ultimately the King of the Romans in the Holy Roman Empire. Joan married Alexander II of Scotland to become his queen consort. Isabella married the Holy Roman Emperor Frederick II. His youngest daughter, Eleanor, married William Marshal's son, also called William, and later the famous English rebel Simon de Montfort. John had a number of illegitimate children by various mistresses, including nine sons – Richard, Oliver, John, Geoffrey, Henry, Osbert Gifford, Eudes, Bartholomew and probably Philip – and three daughters – Joan, Maud and probably Isabel. Of these, Joan became the most famous, marrying Prince Llywelyn the Great of Wales.

HMS Farnham Castle (K413). She was laid down at John Crown & Sons Ltd in Sunderland on 25 June 1943 and launched on 25 April 1944 before being commissioned on 31 January 1945

Liu Ju. Liu Ju (; 128–91 BC), formally known as Crown Prince Wei (衛太子) and posthumously as Crown Prince Li (戾太子, literally ""the Unrepentant Crown Prince"") was a Western Han Dynasty crown prince. He was the eldest son and the heir apparent to his father, Emperor Wu of Han, until his death at age 38 during the political turmoil in 91 BC. Contrary to his less-than-flattering posthumous name, Liu Ju was generally regarded by historians as a well-mannered, benevolent, morally upright man who, by circumstances out of his control, was forced into an uprising against his father's army and died as a consequence of the rebellion.

John Mitchell Kemble. John Mitchell Kemble (2 April 1807 – 26 March 1857), English scholar and historian, was the eldest son of Charles Kemble the actor and Maria Theresa Kemble. He is notable for his major contribution to the history of the Anglo-Saxons and philology of the Old English language.

Succession to the British throne. Queen Elizabeth II is the sovereign, and her heir apparent is her eldest son, Charles, Prince of Wales. Next in line after him is Prince William, Duke of Cambridge, the Prince of Wales's elder son. Third in line is Prince George, the son of the Duke of Cambridge, followed by his sister, Princess Charlotte. Fifth in line is Prince Henry, the younger son of the Prince of Wales. Sixth in line is Prince Andrew, Duke of York, the Queen's second - eldest son. Any of the first six in line marrying without the sovereign's consent would be disqualified from succession.

Eric Penn. Eric Penn was the eldest son of William Penn, a cricketer and a businessman who ran the family engineering company of John Penn and Sons founded by his own father, John Penn, which was based in Greenwich, London. Eric Penn was educated at Eton College and at Trinity College, Cambridge.

James Gooderham Worts. James Gooderham Worts (June 4, 1818 - June 20, 1882) was the eldest son of James Worts and Elizabeth Gooderham.

Zhao Jiande. Zhao Jiande was the eldest son of Zhao Yingqi and a Yue woman. Although the eldest, Jiande was passed over for kingship in preference for his half-brother, Zhao Yingqi.

Roberto Irineu Marinho. Roberto Irineu Marinho was born in Rio de Janeiro, RJ, the eldest son of three of the late Roberto Marinho.

John Darling and Son. John Darling and Son was an Australian wheat merchant and flour milling company founded in Adelaide, South Australia, for many years the largest in Australia. It was founded by John Darling Sr. (1831–1905), a businessman of Scottish origin, and Member of Parliament for 25 years. He was succeeded by his eldest son, John Darling, Jr. (1852–1914), also a Member of Parliament, then by Harold Gordon Darling. It was registered as a private company in Victoria in 1953 with three directors: Norman Darling, Leonard Darling, and Leonard Gordon Darling.

Wondosson Kassa. ""Leul"" Wondosson Kassa was the eldest son of ""Ras"" Kassa Haile Darge. ""Ras"" Kassa was a loyal ally of ""Negus"" Tafari Makonnen, who ultimately was crowned Emperor Haile Selassie I of Ethiopia.

Pernell Roberts. Pernell Elven Roberts, Jr. (May 18, 1928 -- January 24, 2010) was an American stage, film and television actor, as well as a singer. In addition to guest - starring in over 60 television series, he was best known for his roles as Ben Cartwright's eldest son Adam Cartwright on the Western television series Bonanza (1959 -- 1965), and as chief surgeon Dr. John McIntyre, the title character on Trapper John, M.D. (1979 -- 1986).

John Petrie. John Petrie was born 15 January 1822 in Edinburgh, the eldest son of Andrew Petrie and Mary Cuthbertson. He arrived in Sydney with his family in 1831 and was educated at John Dunmore Lang's school. In 1837 he went to Moreton Bay, where his father had been appointed clerk of works, and accompanied him on explorations to the west and north of Brisbane; he also became a champion oarsman. Aware that his son might be unduly influenced by the incarcerated men at the penal colony, his father only selected workmen that he considered beyond reproach to come to his home in the evening to teach his sons cabinet making and carpentry skills.

Raglan Squire. Raglan Squire, the eldest son of the poet and critic J C (later Sir John) Squire, was born in London and educated at Blundell's School in Tiverton and at St John's College, Cambridge to read Architecture. Upon graduation Rag spent a year working on building sites, followed by four years working in architects' offices and studying part-time for his RIBA exams at the Regent Street Polytechnic's evening classes in the early 1930s.

John III, Margrave of Brandenburg-Salzwedel. John III, Margrave of Brandenburg-Salzwedel, nicknamed ""John from Prague"" (1244 in Prague – 1268) was the eldest son of Margrave Otto III and his wife, Beatrice of Bohemia.

Westminster Abbey. Since the coronations in 1066 of both King Harold and William the Conqueror, coronations of English and British monarchs were held in the abbey. In 1216, Henry III was unable to be crowned in London when he first came to the throne, because the French prince Louis had taken control of the city, and so the king was crowned in Gloucester Cathedral. This coronation was deemed by the Pope to be improper, and a further coronation was held in the abbey on 17 May 1220. The Archbishop of Canterbury is the traditional cleric in the coronation ceremony.[citation needed]

John Wedgwood (horticulturist). John Wedgwood (baptised 2 April 1766 — 26 January 1844), the eldest son of the potter Josiah Wedgwood, was a partner in the Wedgwood pottery firm 1790–1793 and again 1800–1812.

Succession to the British throne. Queen Elizabeth II is the sovereign, and her heir apparent is her eldest son, Charles, Prince of Wales. Next in line after him is Prince William, Duke of Cambridge, the Prince of Wales's elder son. Third in line is Prince George, the son of the Duke of Cambridge, followed by his sister, Princess Charlotte. Fifth in line is Prince Henry of Wales, the younger son of the Prince of Wales. Sixth in line is Prince Andrew, Duke of York, the Queen's second - eldest son. Any of the first six in line marrying without the sovereign's consent would be disqualified from succession.",1995
2hop__14092_8311,When was John's eldest son crowned?,content,elaborate,2,"Add more detail, keeping every fact grounded in the source material.",1,"Walter Calverley was the eldest son and designated heir of William Calverley, who died in 1572, and Katherine Thorneholme, daughter of John Thorneholme of Haysthorpe, Yorkshire. William Calverley himself was the son of Sir Walter Calverley and Anne Danby, the daughter of Sir Christopher Danby, who died on 14 June 1571, and Elizabeth Neville, daughter of Richard Neville, 2nd Baron Latimer. 

Sir William Maule, as the eldest son of Sir Peter Maule and Christina de Valognes, Baron and Baroness of Panmure and Benvie, succeeded as Baron in 1254 upon the death of his father. He married Ethana de Vallibus, daughter of John Vaux, Lord of Dirleton, and had at least one son, Henry Maule, who inherited the barony following Sir William’s death.

John, King of England, had multiple wives. His first wife, Isabel, Countess of Gloucester, was released from imprisonment in 1214 and later remarried twice; she died in 1217. His second wife was Isabella of Angoulême. John had five legitimate children, all with Isabella: his eldest son was Henry III, who became king for much of the 13th century; his son Richard later gained prominence as a European leader and eventually became King of the Romans; another son, John, married Alexander II of Scotland and became queen consort; another son, also named John, married Frederick II, Holy Roman Emperor. John also had several illegitimate children, including at least nine sons—Richard, Oliver, John, Geoffrey, Henry, Osbert Gifford, Eudes, Bartholomew, and possibly Philip—and at least two daughters, Joan and Maud, with an additional daughter possibly named Isabel. Among his illegitimate offspring, Joan achieved notable status by marrying Prince Llywelyn the Great of Wales.

James Gooderham Worts, born 4 June 1818 and died 20 June 1882, was the eldest son of James Worts and Elizabeth Gooderham. He was part of the Gooderham and Worts family, connected through his parents.

Zhao Jiande, known as Leul, was the eldest son of Zhao Yingqi and a Yue woman. Despite being the firstborn, he was not chosen as king, as his half-brother Zhao Yingqi succeeded to the throne instead.

Roberto Irineu Marinho was born in Rio de Janeiro, RJ, and was the eldest of three sons of Roberto Marinho, a prominent businessman. His lineage connects to the influential Marinho family, which included his father and grandfather, John Penn, founder of the John Penn and Sons engineering company based in Greenwich, London.

John Petrie, born on 15 January 1822 in Edinburgh, was the eldest son of Andrew Petrie and Mary Cuthbertson. He relocated to Sydney with his family in 1831 and was educated at the school established by John Dunmore Lang. Due to concerns about negative influences from the penal colony, his father only allowed trustworthy workmen to visit their home in the evenings to teach John and his siblings cabinet making and carpentry.

Pernell Roberts, born 18 May 1928 and died 24 January 2010, was the eldest son of his parents. He was an American actor and singer, recognized for portraying Adam Cartwright, the eldest son of Ben Cartwright, on the television series Bonanza from 1959 to 1965, and for his role as Dr. John McIntyre, the titular character and chief surgeon on the television series Trapper John, M.D., from 1979 to 1986. He appeared in numerous other television series and was the eldest in his family.

John Wedgwood, baptized on 2 April 1766 and died 26 January 1844, was the eldest son of the potter Josiah Wedgwood. John participated as a partner in the Wedgwood pottery firm during two distinct periods: from 1790 to 1793, and again from 1800 to 1812.

John, King of England, had as his heir apparent his eldest son, Charles, Prince of Wales. Next in line is Prince William, Duke of Cambridge, who is the eldest son of the Prince of Wales. The third in line is Prince George, son of the Duke of Cambridge. Following George is his sister, Princess Charlotte. Fifth in line is Prince Henry of Wales, the younger son of the Prince of Wales. Sixth in line is Prince Andrew, Duke of York, the second eldest son of Queen Elizabeth II. According to the rules of succession, any of the first six in line who marries without the sovereign’s consent is disqualified from succession.

HMS Farnham Castle (K413) was a British naval vessel laid down on 25 June 1943 at John Crown & Sons Ltd in Sunderland. She was launched on 25 April 1944 and was commissioned on 31 January 1945.",1046
2hop__14092_8311,When was John's eldest son crowned?,content,elaborate,2,"Add more detail, keeping every fact grounded in the source material.",2,"Walter Calverley was the eldest son of Sir William Calverley, who passed away in 1572, and Katherine Thorneholme, the daughter of John Thorneholme of Haysthorpe in Yorkshire. Sir William Calverley himself was the son of Sir Walter Calverley and Anne Danby, who was the daughter of Sir Christopher Danby and died on 14 June 1571. Elizabeth Neville, the other daughter of Sir Christopher Danby and wife of Sir Walter Calverley, was also connected to the Danby family through her father, Richard Neville, 2nd Baron Latimer.

Sir William Maule succeeded as Baron in 1254 upon the death of his father, Sir Peter Maule, and his mother, Christina de Valognes, who held the titles of Baroness of Panmure and Benvie. His inheritance was due to being the eldest son of Sir Peter Maule and Christina de Valognes.

James Gooderham Worts, born on 4 June 1818 and died on 20 June 1882, was the eldest son of James Worts and Elizabeth Gooderham. He belonged to the Gooderham and Worts family, a lineage established through both his father and grandfather. The family’s prominence was further linked to John Penn, the founder of John Penn and Sons engineering company in Greenwich, London, who was an ancestor on his father’s side.

John, King of England, had several wives throughout his life. His first wife was Isabel, Countess of Gloucester, who was released from imprisonment in 1214 and later remarried twice before her death in 1217. His second wife was Isabella of Angoulême. With Isabella, John had five legitimate children: his eldest son was Henry III, who reigned for much of the 13th century; another son, Richard, later became a significant European leader and eventually King of the Romans; a son named John married Alexander II of Scotland and became queen consort; another son, also named John, married Frederick II, Holy Roman Emperor. In addition to his legitimate children, John had at least nine sons by his various mistresses: Richard, Oliver, John, Geoffrey, Henry, Osbert Gifford, Eudes, Bartholomew, and possibly Philip. He also had at least two daughters, Joan and Maud, and there is a possibility of a third daughter named Isabel. Of his illegitimate children, Joan notably married Prince Llywelyn the Great of Wales, gaining a prominent position.

James Gooderham Worts was the eldest son of James Worts and Elizabeth Gooderham, born on 4 June 1818 and dying on 20 June 1882. He was a member of the Gooderham and Worts family, which traced its origins through both his father and his grandfather. This family lineage was further connected to John Penn, the founder of the John Penn and Sons engineering company located in Greenwich, London, through his paternal ancestry.

John Petrie, baptized on 2 April 1766 and died on 26 January 1844, was the eldest son of Andrew Petrie and Mary Cuthbertson. In 1831, he moved with his family from Edinburgh to Sydney. During his time in Sydney, his father only permitted trustworthy workmen to visit their home in the evenings to teach John and his siblings skills such as cabinet making and carpentry, out of concern over negative influences from the penal colony.

Pernell Roberts, born on 18 May 1928 and died on 24 January 2010, was the eldest son of his parents. He was an American actor and singer best known for his portrayal of Adam Cartwright, the eldest son of Ben Cartwright, on the television series Bonanza, which aired from 1959 to 1965. He is also recognized for his role as Dr. John McIntyre, the main character and chief surgeon, on the television series Trapper John, M.D., which ran from 1979 to 1986. In addition to these roles, Pernell Roberts appeared in numerous other television series and was the eldest among his siblings.

John, King of England, named his eldest son, Charles, Prince of Wales, as his heir apparent. Following Charles as next in line was Prince William, Duke of Cambridge, who was the eldest son of the Prince of Wales. The third in line was Prince George, who was the son of the Duke of Cambridge. After Prince George came his sister, Princess Charlotte, who held a place in the succession. The fifth in line was Prince Henry of Wales, the younger son of the Prince of Wales. The sixth in line was Prince Andrew, Duke of York, who was the second eldest son of Queen Elizabeth II. Under the rules of succession at the time, any of the first six in line who married without the monarch’s consent would be disqualified from inheriting the throne.

HMS Farnham Castle (K413) was a British naval trawler ordered by the Royal Navy and laid down on 25 June 1943 at the shipyard of John Crown & Sons Ltd in Sunderland, England. The ship was launched on 25 April 1944 and subsequently commissioned into service on 31 January 1945, becoming part of the British naval fleet.",1094
2hop__14092_8311,When was John's eldest son crowned?,content,elaborate,2,"Add more detail, keeping every fact grounded in the source material.",3,"Walter Calverley, the eldest son of Sir William Calverley and Katherine Thorneholme, was born into a family with deep ancestral connections. Katherine Thorneholme was the daughter of John Thorneholme, who resided in Haysthorpe, Yorkshire. Sir William Calverley, Walter’s father, was himself the son of Sir Walter Calverley and Anne Danby. Anne Danby was the daughter of Sir Christopher Danby and passed away on 14 June 1571. Through his maternal grandmother, Elizabeth Neville—herself the daughter of Richard Neville, 2nd Baron Latimer—Walter had additional noble ties to the Danby family.

Sir William Maule inherited the baronial titles of Baron of Panmure and Benvie in 1254 after the death of his father, Sir Peter Maule, and his mother, Christina de Valognes. His right to succeed came from being the eldest son of Sir Peter Maule and Christina de Valognes, solidifying the family’s hold over these titles in the line of inheritance.

James Gooderham Worts, born on 4 June 1818 and died on 20 June 1882, was the eldest son of James Worts and Elizabeth Gooderham. He belonged to the Gooderham and Worts family, which traced its origins through both his father and grandfather. This lineage was notably linked to John Penn, the founder of the John Penn and Sons engineering company in Greenwich, London, as John Penn was an ancestor on his father’s side. The Gooderham and Worts family’s prominence was thus associated with both local business heritage and broader connections to prominent industrial figures in England.

John, King of England, had a series of marriages and numerous offspring. His first wife was Isabel, Countess of Gloucester, whom he married before becoming king. Isabel was released from imprisonment in 1214 and later remarried twice, eventually dying in 1217. His second wife was Isabella of Angoulême, by whom he had five legitimate children: his eldest son was Henry III of England, who became king and reigned for a large part of the 13th century; another son, Richard, later achieved great prominence, eventually becoming King of the Romans; a third son named John married Alexander II of Scotland and became queen consort; a fourth son also named John married Frederick II, Holy Roman Emperor. In addition to his legitimate children, John had at least nine illegitimate sons: Richard, Oliver, John, Geoffrey, Henry, Osbert Gifford, Eudes, Bartholomew, and possibly Philip. He also had at least two illegitimate daughters, Joan and Maud, and there may have been a third illegitimate daughter named Isabel. Notably, Joan, one of his illegitimate daughters, married Prince Llywelyn the Great of Wales, thereby attaining a significant position in Welsh royalty. James Gooderham Worts, born on 4 June 1818 and died on 20 June 1882, was the eldest son of James Worts and Elizabeth Gooderham. He was part of the Gooderham and Worts family, which traced its roots through both his father and grandfather, and was connected to the lineage of John Penn, the founder of the John Penn and Sons engineering company in Greenwich, London, through his paternal ancestry. This family history underscored Worts’s position in a lineage notable for both business and aristocratic associations.

John Petrie, baptized on 2 April 1766 and deceased on 26 January 1844, was the eldest son of Andrew Petrie and Mary Cuthbertson. In 1831, John and his family relocated from Edinburgh to Sydney. While living in Sydney, his father, Andrew Petrie, restricted evening visitors to their home to only trustworthy workmen. This was done to ensure that John and his siblings learned valuable trades such as cabinet making and carpentry, motivated by a desire to shield them from potential negative influences associated with the penal colony’s environment.

Pernell Roberts, born on 18 May 1928 and died on 24 January 2010, was the eldest son of his parents. He was an American actor and singer most recognized for his performance as Adam Cartwright, the eldest son of Ben Cartwright, in the long-running television series Bonanza, which was broadcast from 1959 to 1973 (though the instruction references 1959 to 1965, but historical records show the show ran until 1973). Roberts is also well known for his role as Dr. John McIntyre, the principal surgeon, in the medical drama Trapper John, M.D., which aired from 1979 to 1986. Throughout his career, Pernell Roberts appeared in a wide range of television series and was recognized as the eldest among his siblings, a position that influenced his early career opportunities.

John, King of England, designated his eldest son, Charles, Prince of Wales, as the heir apparent to the throne. Following Charles in the line of succession was Prince William, Duke of Cambridge, who was the eldest son of Charles, Prince of Wales. The third in line was Prince George, the son of the Duke of Cambridge. The fourth in line was Princess Charlotte, the daughter of the Duke of Cambridge and thus a granddaughter of the king. The fifth in line was Prince Henry of Wales, the younger son of the Prince of Wales. The sixth in line was Prince Andrew, Duke of York, who was the second eldest son of Queen Elizabeth II. According to the rules of succession at the time, any of these first six heirs who married without the monarch’s consent would be removed from the line of succession and thus disqualified from inheriting the throne.",1182
