model,term,coef,std_err,z,p
BS_baseline_step_LMM,Intercept,0.8533180317392964,0.0015754030425332304,541.6506180965416,0.0
BS_baseline_step_LMM,C(step)[T.2],-0.008415984435112892,0.0007182693820116809,-11.717030749023388,1.0426260000888999e-31
BS_baseline_step_LMM,C(step)[T.3],-0.012575831009214403,0.0007182693820116809,-17.508516058408137,1.2336834234775439e-68
BS_baseline_step_LMM,Group Var,0.7184506962080337,0.06220666798218831,11.549416156058195,7.432360995546869e-31
