model,term,coef,std_err,z,p
BS_base_LMM_step_x_group,Intercept,0.8437717330509215,0.0016436518878628994,513.3518473598482,0.0
BS_base_LMM_step_x_group,C(step)[T.2],-0.00765244604227428,0.0009694292341620283,-7.893764467386865,2.9320527860172865e-15
BS_base_LMM_step_x_group,C(step)[T.3],-0.01148809357122985,0.0009694292341620283,-11.85036840895367,2.1424682627482135e-32
BS_base_LMM_step_x_group,C(group)[T.style],0.019092597376751657,0.0009694292341620186,19.69467879030431,2.3951123160247455e-86
BS_base_LMM_step_x_group,C(step)[T.2]:C(group)[T.style],-0.0015270767856795115,0.0013709799707128907,-1.1138578376790236,0.26534017966684764
BS_base_LMM_step_x_group,C(step)[T.3]:C(group)[T.style],-0.0021754748759714275,0.0013709799707128907,-1.5868028143694983,0.11255731123239056
BS_base_LMM_step_x_group,Group Var,0.7915554855699483,0.06830362252103887,11.588777525322811,4.6978963842948895e-31
