metric,n_hop,n_qid,mean_at_min,mean_at_max,mean_diff_min_to_max,wilcoxon_p,wilcoxon_p_holm
bs_base,2,100,0.8566114429632823,0.8427680831154187,-0.013843359847863512,6.311606041551027e-18,1.8934818124653082e-17
bs_base,3,97,0.8546396382793119,0.8420065038187806,-0.012633134460531142,1.2964643521681758e-17,2.5929287043363516e-17
bs_base,4,100,0.8487426621715229,0.8374899443487327,-0.011252717822790151,2.0195637546078607e-17,2.5929287043363516e-17
