contrast,n_pairs,mean_diff,wilcoxon_stat,p,rank_biserial,p_holm
step1->step2,297,-0.00841598443511359,259.0,2.5562589002125317e-49,0.9882945788986057,5.1125178004250634e-49
step2->step3,297,-0.004159846574101517,908.0,1.5412447020900122e-46,0.9589632341310194,1.5412447020900122e-46
