model,term,coef,std_err,z,p
BS_base_LMM_content_step_x_instr,Intercept,0.8462508552938653,0.0016131163088509094,524.6062237735886,0.0
BS_base_LMM_content_step_x_instr,C(step)[T.2],-0.00832132725870723,0.0011262579862595754,-7.388473476084513,1.4852404369909055e-13
BS_base_LMM_content_step_x_instr,C(step)[T.3],-0.013764827941803484,0.0011262579862595756,-12.22173614725518,2.3794808480246995e-34
BS_base_LMM_content_step_x_instr,C(instruction_type)[T.shorten],-0.004958244485887298,0.0011262579862595836,-4.402405617876352,1.0705716690588998e-05
BS_base_LMM_content_step_x_instr,C(step)[T.2]:C(instruction_type)[T.shorten],0.0013377624328691528,0.001592769318899316,0.8398971633843463,0.40096604822870285
BS_base_LMM_content_step_x_instr,C(step)[T.3]:C(instruction_type)[T.shorten],0.004553468741150557,0.001592769318899316,2.8588375523815555,0.004251964647286273
BS_base_LMM_content_step_x_instr,Group Var,1.0342831855289119,0.09217407977709978,11.220976526481957,3.2169830904828047e-29
