model,term,coef,std_err,z,p
BS_base_LMM_style_step_x_instr,Intercept,0.8809363332929351,0.001932253711565281,455.9113164178144,0.0
BS_base_LMM_style_step_x_instr,C(step)[T.2],-0.010866376219107701,0.0012549536131715713,-8.658787149626782,4.768102046184782e-18
BS_base_LMM_style_step_x_instr,C(step)[T.3],-0.01688281768634149,0.0012549536131715713,-13.452941614052591,2.9586395054183323e-41
BS_base_LMM_style_step_x_instr,C(instruction_type)[T.paraphrase],-0.03614400573049809,0.0012549536131715726,-28.801069100198383,2.0798389769392427e-182
BS_base_LMM_style_step_x_instr,C(step)[T.2]:C(instruction_type)[T.paraphrase],0.0033737067823064273,0.0017747724198963512,1.9009236026461667,0.05731202005548759
BS_base_LMM_style_step_x_instr,C(step)[T.3]:C(instruction_type)[T.paraphrase],0.006438498478279062,0.0017747724198963512,3.6277882201116682,0.0002858595847851225
BS_base_LMM_style_step_x_instr,Group Var,1.2471200652973524,0.1101793344254424,11.319001624041123,1.056684459267135e-29
