model,term,coef,std_err,z,p
BS_cons_LMM_step_x_group,Intercept,0.8437717330509305,0.0009005027050203443,937.0007756188448,0.0
BS_cons_LMM_step_x_group,C(step)[T.2],0.09051282491480643,0.0011076094310391294,81.7190810933144,0.0
BS_cons_LMM_step_x_group,C(step)[T.3],0.10562523022110129,0.0011076094310391294,95.3632456180935,0.0
BS_cons_LMM_step_x_group,C(group)[T.style],0.01909259737675101,0.001107609431039118,17.237662339908972,1.3852616756557494e-66
BS_cons_LMM_step_x_group,C(step)[T.2]:C(group)[T.style],-0.011872542660377454,0.0015663962791878697,-7.5795268528938395,3.4681741737775604e-14
BS_cons_LMM_step_x_group,C(step)[T.3]:C(group)[T.style],-0.012992975286361006,0.00156639627918787,-8.294820065007737,1.0874968959203055e-16
BS_cons_LMM_step_x_group,Group Var,0.05366427914027535,0.006789454173989664,7.904063826789303,2.699546857868055e-15
