model,term,coef,std_err,z,p
BS_cons_LMM_content_step_x_instr,Intercept,0.8462508552938856,0.0010218248991936587,828.1759976309817,0.0
BS_cons_LMM_content_step_x_instr,C(step)[T.2],0.07898206254581319,0.0013526695287944801,58.38976990647762,0.0
BS_cons_LMM_content_step_x_instr,C(step)[T.3],0.08667869874255328,0.0013526695287944801,64.07973041264755,0.0
BS_cons_LMM_content_step_x_instr,C(instruction_type)[T.shorten],-0.004958244485887827,0.0013526695287944563,-3.665525378032858,0.000246831331528781
BS_cons_LMM_content_step_x_instr,C(step)[T.2]:C(instruction_type)[T.shorten],0.023061524737965865,0.0019129635930299651,12.055391342518154,1.8166756900906955e-33
BS_cons_LMM_content_step_x_instr,C(step)[T.3]:C(instruction_type)[T.shorten],0.03789306295707562,0.0019129635930299651,19.808564624618057,2.5114206159333762e-87
BS_cons_LMM_content_step_x_instr,Group Var,0.047099760656104196,0.008682276319393178,5.424817055280739,5.8013927729701115e-08
