metric,n_hop,n_qid,mean_at_min,mean_at_max,mean_diff_min_to_max,wilcoxon_p,wilcoxon_p_holm
bs_cons,2,100,0.8566114429632823,0.9526912872493268,0.09607984428604445,3.89655984509591e-18,1.168967953528773e-17
bs_cons,3,97,0.8546396382793119,0.9513739472402329,0.09673430896092117,1.2181190987082889e-17,1.2181190987082889e-17
bs_cons,4,100,0.8487426621715229,0.9532429036498071,0.10450024147828418,3.89655984509591e-18,1.168967953528773e-17
