contrast,n_pairs,mean_diff,wilcoxon_stat,p,rank_biserial,p_holm
step1->step2,297,0.08457655358461687,0.0,1.8832162645600487e-50,1.0,3.7664325291200973e-50
step2->step3,297,0.014552188993303062,670.0,1.5063761985378113e-47,0.9697195670350033,1.5063761985378113e-47
