model,term,coef,std_err,z,p
BS_cons_LMM_style_step_x_instr,Intercept,0.8809363332929296,0.001225787171293088,718.6698914164897,0.0
BS_cons_LMM_style_step_x_instr,C(step)[T.2],0.0672549885665271,0.0015925093994774177,42.23208264177081,0.0
BS_cons_LMM_style_step_x_instr,C(step)[T.3],0.07941782247070357,0.0015925093994774175,49.86960987279859,0.0
BS_cons_LMM_style_step_x_instr,C(instruction_type)[T.paraphrase],-0.03614400573049788,0.0015925093994774316,-22.696258962338447,4.8777875024029425e-114
BS_cons_LMM_style_step_x_instr,C(step)[T.2]:C(instruction_type)[T.paraphrase],0.0227705873758045,0.0022521483909476153,10.110607039629185,4.95761353083497e-24
BS_cons_LMM_style_step_x_instr,C(step)[T.3]:C(instruction_type)[T.paraphrase],0.026428864928074156,0.0022521483909476153,11.734957178800252,8.436901397411333e-32
BS_cons_LMM_style_step_x_instr,Group Var,0.061646457905007286,0.00991251787660029,6.219051372460199,5.001695414139803e-10
