model,term,coef,std_err,z,p
BS_consecutive_step_LMM,Intercept,0.8533180317392935,0.000715132606710953,1193.2304914243593,0.0
BS_consecutive_step_LMM,C(step)[T.2],0.08457655358462787,0.0007969051643119762,106.13126551595221,0.0
BS_consecutive_step_LMM,C(step)[T.3],0.09912874257793108,0.0007969051643119762,124.39214478364667,0.0
BS_consecutive_step_LMM,Group Var,0.05088400673622544,0.0065574235266460485,7.759756027570677,8.50929188556202e-15
