x,y,r,ci_low,ci_high,p
answer_f1,factscore,0.04307929868398784,0.02,0.06,1.1132976944413587e-05
answer_f1,bert_f1_baseline,0.10188463278962089,0.08,0.12,2.138204049638835e-25
factscore,bert_f1_baseline,0.19667295330290338,0.18,0.22,3.656400679546516e-91
