x,y,r,ci_low,ci_high,p
answer_f1,factscore,0.09371026530614254,0.05,0.14,4.254455721235264e-05
answer_f1,bert_f1_baseline,0.19272237100792486,0.15,0.24,2.2699292819125654e-17
factscore,bert_f1_baseline,0.25171518616863997,0.21,0.29,7.114010254808013e-29
