model,term,coef,std_err,z,p
F1_on_OFS_BS_LMM,Intercept,-1.2025977603315428,0.1849072879776004,-6.503787781892215,7.832236931003664e-11
F1_on_OFS_BS_LMM,C(step)[T.2],-0.020509954723264882,0.015377974484501797,-1.3337227697922889,0.1822947296089833
F1_on_OFS_BS_LMM,C(step)[T.3],-0.026918754624253603,0.015560692565132962,-1.7299200862415849,0.08364455402556355
F1_on_OFS_BS_LMM,factscore,0.14714752209899648,0.06431054727911105,2.288077591073339,0.022133002979624044
F1_on_OFS_BS_LMM,bert_f1_baseline,1.5263974727526086,0.21699861511216836,7.034134627834382,2.0050146275559166e-12
F1_on_OFS_BS_LMM,Group Var,0.7475076318398158,0.1520697602396776,4.9155573774935055,8.853021605408442e-07
