model,term,coef,std_err,z,p
F1_on_OFS_BS_LMM,Intercept,-0.4932036386080194,0.07290165356402525,-6.765328555611808,1.3300701329212162e-11
F1_on_OFS_BS_LMM,C(step)[T.2],-0.017491738218817512,0.006236895026061525,-2.804558702002589,0.005038551176720238
F1_on_OFS_BS_LMM,C(step)[T.3],-0.027370857307366367,0.006295068371344565,-4.3479841191177115,1.373945501104757e-05
F1_on_OFS_BS_LMM,factscore,0.05453264742059692,0.024215602762538403,2.251963246810402,0.024324594699107863
F1_on_OFS_BS_LMM,bert_f1_baseline,0.7751551322012439,0.08493642371712933,9.126298215507708,7.088155389193493e-20
F1_on_OFS_BS_LMM,Group Var,0.7458123637920346,0.06450190647420273,11.562640618852393,6.371872984327813e-31
