metric,n_hop,n_qid,mean_at_min,mean_at_max,mean_diff_min_to_max,wilcoxon_p,wilcoxon_p_holm
f1,2,100,0.53,0.2966666666666667,-0.2333333333333333,4.977573560115154e-05,0.0001493272068034546
f1,3,97,0.5257731958762887,0.29381443298969073,-0.23195876288659795,6.98731584244293e-05,0.0001493272068034546
f1,4,100,0.43,0.24833333333333332,-0.18166666666666667,0.00793536627398635,0.00793536627398635
