model,term,coef,std_err,z,p
F1_logit_step_x_group,Intercept,0.3176206509539853,0.019649528329907722,16.164288812497766,9.007134713017631e-59
F1_logit_step_x_group,C(step)[T.2],-0.01964085297418597,0.011348479243171145,-1.730703520121843,0.08350465710101138
F1_logit_step_x_group,C(step)[T.3],-0.040404040404040074,0.011348479243171143,-3.5603043842506814,0.00037042516873489874
F1_logit_step_x_group,C(group)[T.style],0.017396184062851087,0.01134847924317125,1.5329088321079618,0.12529831942160186
F1_logit_step_x_group,C(step)[T.2]:C(group)[T.style],-0.020202020202020624,0.01604917325800227,-1.2587576865959564,0.2081178680897019
F1_logit_step_x_group,C(step)[T.3]:C(group)[T.style],-0.012906846240179973,0.01604917325800227,-0.8042062997696469,0.42127784111668
F1_logit_step_x_group,Group Var,0.8326604449475095,0.07172841048747282,11.60851661550386,3.7303074423587355e-31
