model,term,coef,std_err,z,p
F1_logit_style_step_x_instr,Intercept,0.4949494949494935,0.021933592860227304,22.56581938506741,9.391746746394007e-113
F1_logit_style_step_x_instr,C(step)[T.1],-0.152637485970819,0.016243963054538506,-9.39656692509976,5.637240504339855e-21
F1_logit_style_step_x_instr,C(step)[T.2],-0.20202020202020163,0.016243963054538502,-12.436632694984981,1.6532781436806932e-35
F1_logit_style_step_x_instr,C(step)[T.3],-0.22334455667788972,0.016243963054538506,-13.749388368344512,5.136189797989641e-43
F1_logit_style_step_x_instr,C(instruction_type)[T.paraphrase],-1.5933634387736005e-16,0.016243963054538617,-9.808957539634452e-15,0.9999999999999922
F1_logit_style_step_x_instr,C(step)[T.1]:C(instruction_type)[T.paraphrase],-0.014590347923681248,0.022972432858415995,-0.6351241948819559,0.5253474182770913
F1_logit_style_step_x_instr,C(step)[T.2]:C(instruction_type)[T.paraphrase],0.004489337822671366,0.022972432858415995,0.19542282919445725,0.8450619460263799
F1_logit_style_step_x_instr,C(step)[T.3]:C(instruction_type)[T.paraphrase],0.020202020202020644,0.022972432858415995,0.8794027313750357,0.3791829516832784
F1_logit_style_step_x_instr,Group Var,0.8821368514746772,0.07758177954800421,11.370412700173363,5.870933961642058e-30
