model,term,coef,std_err,z,p
F1_logit_content_step_x_instr,Intercept,0.49494949494949203,0.021579544765332758,22.9360489450464,2.0305506289172082e-116
F1_logit_content_step_x_instr,C(step)[T.1],-0.17171717171716974,0.0165350310602239,-10.385052866955094,2.9000860470185746e-25
F1_logit_content_step_x_instr,C(step)[T.2],-0.18967452300785434,0.0165350310602239,-11.471071467420996,1.843622553781733e-30
F1_logit_content_step_x_instr,C(step)[T.3],-0.2132435465768779,0.016535031060223904,-12.896470880532494,4.711861994578586e-38
F1_logit_content_step_x_instr,C(instruction_type)[T.shorten],5.598237351600443e-17,0.016535031060223953,3.3856829970324955e-15,0.9999999999999973
F1_logit_content_step_x_instr,C(step)[T.1]:C(instruction_type)[T.shorten],-0.011223344556677955,0.02338406517962909,-0.47995694805260447,0.6312580060841724
F1_logit_content_step_x_instr,C(step)[T.2]:C(instruction_type)[T.shorten],-0.01459034792368133,0.02338406517962909,-0.6239440324683853,0.5326643413757273
F1_logit_content_step_x_instr,C(step)[T.3]:C(instruction_type)[T.shorten],-0.008978675645342363,0.02338406517962909,-0.3839655584420835,0.7010039748674648
F1_logit_content_step_x_instr,Group Var,0.8021565475327572,0.07085134719252516,11.321683769160355,1.024843548522242e-29
