model,term,coef,std_err,z,p
F1_step_GLMM_logit,Intercept,0.49494949494949364,0.01916671001639165,25.823393504999327,4.8433975241376894e-147
F1_step_GLMM_logit,C(step)[T.1],-0.16863075196408472,0.008251099549276159,-20.437367281416225,7.782570356214695e-93
F1_step_GLMM_logit,C(step)[T.2],-0.1983726150392812,0.008251099549276159,-24.041961177972183,1.013128930765779e-127
F1_step_GLMM_logit,C(step)[T.3],-0.21548821548821498,0.008251099549276159,-26.11630294863174,2.3805038864936418e-150
F1_step_GLMM_logit,Group Var,0.8159990674255435,0.06951380004444307,11.73866292597788,8.075301019620385e-32
