contrast,n_pairs,mean_diff,wilcoxon_stat,p,rank_biserial,p_holm
step0->step1,297,-0.16863075196408528,13794.0,3.624791811963998e-09,0.37658463832960476,1.0874375435891995e-08
step1->step2,297,-0.029741863075196412,21709.5,0.7582206473637778,0.018846179920005368,0.9295566308372947
step2->step3,297,-0.01711560044893378,21143.0,0.46477831541864734,0.04444896391205111,0.9295566308372947
