model,term,coef,std_err,z,p
F1_on_logtokens,Intercept,0.06968542292981464,0.029976722418180432,2.3246511729231436,0.02009062012195534
F1_on_logtokens,C(step)[T.1],-0.08522824648379919,0.00861592848739364,-9.891939865622208,4.5119864439654335e-23
F1_on_logtokens,C(step)[T.2],-0.1037523423204243,0.008987189861694724,-11.544469841750912,7.872538397855197e-31
F1_on_logtokens,C(step)[T.3],-0.11403988938440335,0.009195234766777355,-12.402063925157487,2.5467808525571444e-35
F1_on_logtokens,log_ntokens,0.03758988846089125,0.003367617173642166,11.162162004369637,6.245400694015644e-29
F1_on_logtokens,Group Var,0.7239020999191057,0.06188241675219066,11.698025673722242,1.3045334157292735e-31
