model,term,coef,std_err,z,p
F1_on_instr_no_tokens,Intercept,0.20995432868567415,0.01459539371932156,14.384971911222515,6.430420659412314e-47
F1_on_instr_no_tokens,C(instruction_type)[T.formality],0.01725051480259379,0.007180783544496785,2.402316501492968,0.016291605897474176
F1_on_instr_no_tokens,C(instruction_type)[T.paraphrase],0.007696131860390549,0.007180783544496785,1.0717676995414682,0.2838243844494228
F1_on_instr_no_tokens,C(instruction_type)[T.shorten],-0.003442431487193046,0.007180783544496784,-0.4793949665606144,0.6316576736204365
F1_on_instr_no_tokens,C(step)[T.2],-0.02482244420077304,0.006218740968611462,-3.9915546130739488,6.564156731038003e-05
F1_on_instr_no_tokens,C(step)[T.3],-0.038501382085866495,0.006218740968611462,-6.191186010190611,5.971319087951284e-10
F1_on_instr_no_tokens,Group Var,0.7514025902038327,0.06496207891792859,11.566787927971568,6.071329254322065e-31
