model,term,coef,std_err,z,p
BSbase_on_instr_no_tokens,Intercept,0.8458860753751374,0.0016235838444074657,520.999317829408,0.0
BSbase_on_instr_no_tokens,C(instruction_type)[T.formality],0.03279779843074559,0.0007223695591795526,45.4030738338371,0.0
BSbase_on_instr_no_tokens,C(instruction_type)[T.paraphrase],-7.547221289023269e-05,0.0007223695591795528,-0.10447867290525355,0.9167894921994613
BSbase_on_instr_no_tokens,C(instruction_type)[T.shorten],-0.0029945007612140005,0.0007223695591795528,-4.1453861436451875,3.3924153467531925e-05
BSbase_on_instr_no_tokens,C(step)[T.2],-0.008415984435114082,0.0006255903891700634,-13.45286721280854,2.9616185311370366e-41
BSbase_on_instr_no_tokens,C(step)[T.3],-0.012575831009215593,0.0006255903891700634,-20.10234048815753,7.039412613287194e-90
BSbase_on_instr_no_tokens,Group Var,0.9559152855036522,0.08200110203129508,11.657346813934703,2.1049980983819114e-31
