model,term,coef,std_err,z,p
F1_on_instr_with_tokens,Intercept,-0.08548427309317308,0.027642893276318904,-3.0924502814763493,0.0019851148370852952
F1_on_instr_with_tokens,C(instruction_type)[T.formality],0.0027059498747912234,0.007222429920493226,0.37465920813066633,0.7079139332305514
F1_on_instr_with_tokens,C(instruction_type)[T.paraphrase],0.026331167814582074,0.007281849374609056,3.6160000653674227,0.0002991902987097825
F1_on_instr_with_tokens,C(instruction_type)[T.shorten],0.017573852353586977,0.007322902705443566,2.3998478554854,0.016401887503330295
F1_on_instr_with_tokens,C(step)[T.2],-0.01693394776847973,0.006205665256906218,-2.7287884646427103,0.006356746608108114
F1_on_instr_with_tokens,C(step)[T.3],-0.026365268207520175,0.006249031982063444,-4.219096378958571,2.452834104686722e-05
F1_on_instr_with_tokens,log_ntokens,0.04708023181156124,0.0037517056657112324,12.549020633961693,4.024568194317541e-36
F1_on_instr_with_tokens,Group Var,0.7510264273207521,0.06493069849552205,11.566584754552528,6.085719274402557e-31
