model,term,coef,std_err,z,p
BSbase_on_instr_with_tokens,Intercept,0.681990367051458,0.002128850579478861,320.35614599987946,0.0
BSbase_on_instr_with_tokens,C(instruction_type)[T.formality],0.02472914471809885,0.0005494947068373687,45.00342662157402,0.0
BSbase_on_instr_with_tokens,C(instruction_type)[T.paraphrase],0.010262386140622047,0.0005540374282240634,18.522911301349374,1.3493892500961124e-76
BSbase_on_instr_with_tokens,C(instruction_type)[T.shorten],0.008664364077966794,0.0005571759230118777,15.550499797497691,1.5786901404731632e-54
BSbase_on_instr_with_tokens,C(step)[T.2],-0.004039810493742532,0.00047211919521647104,-8.556759679915665,1.1608417353209444e-17
BSbase_on_instr_with_tokens,C(step)[T.3],-0.005843274842172607,0.00047543479507083393,-12.290381147433752,1.020238551969958e-34
BSbase_on_instr_with_tokens,log_ntokens,0.026117940899866354,0.00028613230691279165,91.27924484188591,0.0
BSbase_on_instr_with_tokens,Group Var,0.8215818696617775,0.07090788639493527,11.586607801081778,4.818397875212508e-31
