model,term,coef,std_err,z,p
OFS_step_LMM,Intercept,0.8633391484176154,0.004641355992926472,186.01011207357573,0.0
OFS_step_LMM,C(step)[T.2.0],-0.014798703028788282,0.0025303921667131266,-5.848383196669146,4.963740053978873e-09
OFS_step_LMM,C(step)[T.3.0],-0.025348206907133335,0.0025303921667131266,-10.01750133460917,1.2769026705795149e-23
OFS_step_LMM,Group Var,0.47740834995688364,0.04211357398349111,11.336210746303125,8.682301620992227e-30
