metric,n_hop,n_qid,mean_at_min,mean_at_max,mean_diff_min_to_max,wilcoxon_p,wilcoxon_p_holm
ofs,2,100,0.8751593844823787,0.8486633757328971,-0.026496008749482023,1.1281372528141459e-12,3.3844117584424375e-12
ofs,3,97,0.8733628295925494,0.8528018826137084,-0.02056094697884093,6.559268306909309e-10,6.559268306909309e-10
ofs,4,100,0.8417959416131601,0.8129518944179283,-0.028844047195231856,3.7070625821242335e-11,7.414125164248467e-11
