model,term,coef,std_err,z,p
OFS_LMM_content_step_x_instr,Intercept,0.874296024842717,0.005433912580236859,160.89622568138688,0.0
OFS_LMM_content_step_x_instr,C(step)[T.2.0],-0.016976015999989696,0.004972607139498959,-3.4139065330828053,0.0006403854071855975
OFS_LMM_content_step_x_instr,C(step)[T.3.0],-0.03986896832741932,0.00497260713949896,-8.017719318851423,1.0772662295355766e-15
OFS_LMM_content_step_x_instr,C(instruction_type)[T.shorten],-0.02441251146717568,0.004972607139499008,-4.9093987886674775,9.135603404052256e-07
OFS_LMM_content_step_x_instr,C(step)[T.2.0]:C(instruction_type)[T.shorten],0.002216155057294638,0.007032328457032764,0.31513816097118524,0.7526567552988883
OFS_LMM_content_step_x_instr,C(step)[T.3.0]:C(instruction_type)[T.shorten],0.015651360804047734,0.007032328457032765,2.225629945995398,0.026038978636019974
OFS_LMM_content_step_x_instr,Group Var,0.46276320808549504,0.04383945227450364,10.555861993618727,4.772388573257805e-26
