model,term,coef,std_err,z,p
OFS_LMM_step_x_group,Intercept,0.8781792954938731,0.011605293439183303,75.67058085139405,0.0
OFS_LMM_step_x_group,C(step)[T.2],-0.01590171839681687,0.007860515770732724,-2.0229866411596267,0.043074524833042624
OFS_LMM_step_x_group,C(step)[T.3],-0.03120330151976263,0.007860515770732723,-3.9696252039774227,7.198577337989667e-05
OFS_LMM_step_x_group,C(group)[T.style],0.006409513519180288,0.007843506075026693,0.8171745464171741,0.41382868637634584
OFS_LMM_step_x_group,C(step)[T.2]:C(group)[T.style],-0.0014713262476322932,0.011082504578276099,-0.13276116758989512,0.8943822662079854
OFS_LMM_step_x_group,C(step)[T.3]:C(group)[T.style],0.0036828561779924988,0.011082504578276099,0.332312624098674,0.7396532083941798
OFS_LMM_step_x_group,Group Var,0.5689523870873013,0.11647351222135761,4.884822104497105,1.0352227820983807e-06
