model,term,coef,std_err,z,p
OFS_step_LMM,Intercept,0.8814413266483021,0.010909849378526215,80.7931710206043,0.0
OFS_step_LMM,C(step)[T.2],-0.016641894791331414,0.005540710539466734,-3.00356690225747,0.002668348744253104
OFS_step_LMM,C(step)[T.3],-0.029350576325926057,0.005540710539466734,-5.297258558601927,1.1755418577400902e-07
OFS_step_LMM,Group Var,0.5691707273070957,0.11651565354470184,4.88492927766766,1.0346598495011544e-06
