model,term,coef,std_err,z,p
OFS_LMM_step_x_group,Intercept,0.862089769109139,0.004973320641662413,173.34288923325312,0.0
OFS_LMM_step_x_group,C(step)[T.2.0],-0.015867938471345176,0.0035752619552676746,-4.438258977909541,9.06894613956505e-06
OFS_LMM_step_x_group,C(step)[T.3.0],-0.03204328792539821,0.003575261955267675,-8.962500741571306,3.1739685576411955e-19
OFS_LMM_step_x_group,C(group)[T.style],0.0024987586169562016,0.003575261955267649,0.6989022477848456,0.4846131226692375
OFS_LMM_step_x_group,C(step)[T.2.0]:C(group)[T.style],0.0021384708851098625,0.005056183946176047,0.42294167061053456,0.6723378188329066
OFS_LMM_step_x_group,C(step)[T.3.0]:C(group)[T.style],0.013390162036525861,0.005056183946176047,2.6482743070795,0.008090384965788585
OFS_LMM_step_x_group,Group Var,0.4783277131587257,0.0421903542293643,11.337371346975127,8.567948562307063e-30
