model,term,coef,std_err,z,p
OFS_LMM_content_step_x_instr,Intercept,0.8884439277324404,0.012750771942200749,69.67765808687952,0.0
OFS_LMM_content_step_x_instr,C(step)[T.2],-0.019370157481190864,0.011020785765287134,-1.7576022158240545,0.07881521607006113
OFS_LMM_content_step_x_instr,C(step)[T.3],-0.03547370830496359,0.011020785765287136,-3.2188002798037654,0.001287281105154805
OFS_LMM_content_step_x_instr,C(instruction_type)[T.shorten],-0.02085797055420752,0.011020785765287106,-1.8926028505068342,0.058410704411974816
OFS_LMM_content_step_x_instr,C(step)[T.2]:C(instruction_type)[T.shorten],0.006936878168748078,0.015585744697277396,0.4450783907656238,0.6562631045301041
OFS_LMM_content_step_x_instr,C(step)[T.3]:C(instruction_type)[T.shorten],0.008540813570402057,0.015585744697277398,0.547988802350523,0.5836995916260794
OFS_LMM_content_step_x_instr,Group Var,0.5590605335223092,0.1228114180322201,4.552186942224194,5.309112725994643e-06
