model,term,coef,std_err,z,p
OFS_LMM_style_step_x_instr,Intercept,0.8791749406466335,0.005935341669496388,148.12541376766794,0.0
OFS_LMM_style_step_x_instr,C(step)[T.2.0],-0.007053066834067564,0.004730901475124301,-1.4908505009359236,0.1360007495511656
OFS_LMM_style_step_x_instr,C(step)[T.3.0],-0.01223912526347541,0.004730901475124301,-2.587059850607824,0.00967987769685382
OFS_LMM_style_step_x_instr,C(instruction_type)[T.paraphrase],-0.029172825841093163,0.004730901475124279,-6.1664412151654036,6.984402869695381e-10
OFS_LMM_style_step_x_instr,C(step)[T.2.0]:C(instruction_type)[T.paraphrase],-0.013352801504332462,0.0066905050283716395,-1.9957837932575797,0.045957461629806975
OFS_LMM_style_step_x_instr,C(step)[T.3.0]:C(instruction_type)[T.paraphrase],-0.012828001250790684,0.0066905050283716395,-1.9173442358076833,0.05519421359721538
OFS_LMM_style_step_x_instr,Group Var,0.7159973744266991,0.06525547540327892,10.97221911267728,5.198073236812204e-28
