contrast,n_pairs,mean_diff,wilcoxon_stat,p,rank_biserial,p_holm
step1->step2,55,-0.016631534654178,159.0,3.0668324429024003e-07,0.7935064935064935,6.133664885804801e-07
step2->step3,55,-0.013120062638001572,263.0,2.1576061071343676e-05,0.6584415584415584,2.1576061071343676e-05
