model,term,coef,std_err,z,p
OFS_LMM_style_step_x_instr,Intercept,0.8988228114878382,0.013452285672226281,66.8156202884954,0.0
OFS_LMM_style_step_x_instr,C(step)[T.2],-0.015231682757755634,0.010437307144932375,-1.4593498635470425,0.14446883774986724
OFS_LMM_style_step_x_instr,C(step)[T.3],-0.029381821835807388,0.010437307144932373,-2.8150768610918138,0.004876556912657918
OFS_LMM_style_step_x_instr,C(instruction_type)[T.paraphrase],-0.028717499995301373,0.010474033504600366,-2.741780421333212,0.00611071759475864
OFS_LMM_style_step_x_instr,C(step)[T.2]:C(instruction_type)[T.paraphrase],-0.004308998152365303,0.014805789943464922,-0.29103466743881756,0.7710248057430992
OFS_LMM_style_step_x_instr,C(step)[T.3]:C(instruction_type)[T.paraphrase],0.0037455919634609854,0.014805789943464919,0.2529815685460431,0.8002824561912114
OFS_LMM_style_step_x_instr,Group Var,0.7741162802591143,0.16427182701257634,4.71241048655196,2.4480362554253647e-06
