contrast,n_pairs,mean_diff,wilcoxon_stat,p,rank_biserial,p_holm
step1->step2,297,-0.01479870302878952,8338.0,1.2970000689327622e-20,0.6231667909520259,2.5940001378655244e-20
step2->step3,297,-0.010549503878345022,9824.0,9.958630936406395e-17,0.5560075023162272,9.958630936406395e-17
