metric,steps,friedman_chi2,df,p,n_qid
f1,"[0, 1, 2, 3]",43.99029126213608,3,1.5163661324050081e-09,297
ofs,"[1, 2, 3]",183.0774410774411,2,1.7588904445996527e-40,297
bs_base,"[1, 2, 3]",483.8451178451178,2,8.597409481574444e-106,297
bs_cons,"[1, 2, 3]",563.7239057239058,2,3.880692341759562e-123,297
