metric,steps,friedman_chi2,df,p,n_qid
f1,"[0, 1, 2, 3]",43.99029126213608,3,1.5163661324050081e-09,297
ofs,"[1, 2, 3]",52.618181818181824,2,3.7506539327178805e-12,55
bs_base,"[1, 2, 3]",483.8451178451178,2,8.597409481574444e-106,297
bs_cons,"[1, 2, 3]",563.7239057239058,2,3.880692341759562e-123,297
