metric,friedman_chi2,friedman_p,var_qid,var_run,var_resid,icc_qid,icc_run
f1,7.122520420069977,0.028403008394679123,0.058441826180091756,0.004164603681432324,0.07307580754472419,0.4307256962833697,0.03069380164304794
ofs,4.509090909090901,0.1049212243645802,0.005965411233516602,0.0008518320793020292,0.00886696081569442,0.3803451666809029,0.054311463452164824
bs_base,37.360269360269285,7.714727441553748e-09,0.0006860508681384924,8.823755851641243e-05,0.0008055803678728792,0.43424547058260626,0.055851193986514724
bs_cons,9.824915824915479,0.007354389652050165,8.901896776165546e-05,2.6367123979651554e-05,0.0010737890817302876,0.07485774152329445,0.02217261558082921
