step,n_pairs,mean_elaborate,mean_shorten,mean_diff,wilcoxon_stat,p,p_holm
1,297,710.4096520763187,457.97867564534226,252.4309764309764,5743.0,1.954061688432067e-28,1.954061688432067e-28
2,297,647.2446689113357,351.712682379349,295.53198653198655,2690.0,2.484233308060303e-39,4.968466616120606e-39
3,297,619.4758698092031,307.7418630751964,311.73400673400675,1439.5,2.528966806652513e-44,7.58690041995754e-44
