model,term,coef,std_err,z,p
F1_on_logtokens_elaborate,Intercept,-0.22303392864642968,0.044753250785103095,-4.983636378000734,6.24002962106326e-07
F1_on_logtokens_elaborate,C(step)[T.2],-0.023518735110085617,0.011770130899952207,-1.9981710747313028,0.045698116308705516
F1_on_logtokens_elaborate,C(step)[T.3],-0.04170604103020008,0.011771122861276203,-3.543080938132217,0.00039548130356956216
F1_on_logtokens_elaborate,log_ntokens,0.0706980055806508,0.006864679886108918,10.29880588076836,7.13413577291798e-25
F1_on_logtokens_elaborate,Group Var,0.8216164211545411,0.08131990296131582,10.103509611237326,5.329981191644303e-24
