model,term,coef,std_err,z,p
OFS_on_logtokens_elaborate,Intercept,0.844601122497055,0.038642530722151534,21.856775597072733,6.7013925335895e-106
OFS_on_logtokens_elaborate,C(step)[T.2],-0.0194017776734031,0.00985939063125204,-1.9678475474847148,0.04908558149668774
OFS_on_logtokens_elaborate,C(step)[T.3],-0.035591715623930764,0.009859857514735329,-3.609759630982473,0.00030648087706159184
OFS_on_logtokens_elaborate,log_ntokens,0.007035707746058614,0.005937819362279376,1.1848975721211206,0.2360579474660598
OFS_on_logtokens_elaborate,Group Var,0.5180849580619631,0.12955946238525737,3.9988199126775337,6.365909296377098e-05
