model,term,coef,std_err,z,p
OFS_on_instruction_no_tokens,Intercept,0.8855432104182048,0.011585823363799283,76.43334294092094,0.0
OFS_on_instruction_no_tokens,C(instruction_type)[T.formality],0.01373925657753787,0.006363511617198955,2.1590683578551424,0.030844864050189644
OFS_on_instruction_no_tokens,C(instruction_type)[T.paraphrase],-0.015167135680209795,0.006365930239878804,-2.382548207204129,0.01719328068528288
OFS_on_instruction_no_tokens,C(instruction_type)[T.shorten],-0.01569873997449085,0.006373554242438482,-2.4631060437142542,0.013773917098319537
OFS_on_instruction_no_tokens,C(step)[T.2],-0.016641894791331355,0.005502702365825609,-3.0243130892714483,0.0024919840085246706
OFS_on_instruction_no_tokens,C(step)[T.3],-0.029350576325925998,0.005502702365825609,-5.333847694217844,9.615318222271236e-08
OFS_on_instruction_no_tokens,Group Var,0.577154859410718,0.11807062266758514,4.88821729208318,1.017531856572707e-06
