model,term,coef,std_err,z,p
OFS_on_instruction_with_tokens,Intercept,0.5008325171451522,0.02407584046517917,20.802285921004714,4.126655376124128e-96
OFS_on_instruction_with_tokens,C(instruction_type)[T.formality],-0.0032374684081534883,0.00603105763973906,-0.5367994473840845,0.5914061534348046
OFS_on_instruction_with_tokens,C(instruction_type)[T.paraphrase],0.006128289228291676,0.006078831090236782,1.0081361263902082,0.31338911651945056
OFS_on_instruction_with_tokens,C(instruction_type)[T.shorten],0.012058766891086153,0.0061715477321943,1.9539291299945347,0.05070959902620554
OFS_on_instruction_with_tokens,C(step)[T.2],-0.0056713841402761134,0.005185498014535033,-1.0937009568568214,0.2740861544909612
OFS_on_instruction_with_tokens,C(step)[T.3],-0.012470642813376955,0.005237718463887683,-2.3809303419719607,0.017268977113217766
OFS_on_instruction_with_tokens,log_ntokens,0.06009529943325034,0.0034559948584550375,17.388712048059947,1.0046657937906632e-67
OFS_on_instruction_with_tokens,Group Var,0.4039963265371947,0.08462043935357835,4.774216839611704,1.8040791895160159e-06
