metric,n_short,n_long,mean_short,mean_long,mean_diff,mw_stat,p,p_holm
F1,723,1950,0.116767465120006,0.21557103285828141,-0.09880356773827541,608188.5,1.8830891306569486e-11,3.766178261313897e-11
OFS,107,379,0.8648143442074463,0.8716725799219306,-0.006858235714484295,23018.5,0.032547598929151766,0.032547598929151766
BS_base,723,1950,0.8009752564410451,0.8529459802615337,-0.05197072382048862,148634.0,3.2199729383960135e-216,9.65991881518804e-216
