qid,group,instruction_type,run,step,fact,original_label,label,reason,evidence_match
2hop__14092_8311,content,elaborate,0,1,William Calverley was the son of Sir Walter Calverley and Anne Danby.,NOT_SUPPORTED,SUPPORTED,The ground truth explicitly states that William Calverley was the son of Sir Walter Calverley and Anne Danby.,"William Calverley was the son of Sir Walter Calverley and Anne Danby, daughter of Sir Christopher Danby"
2hop__14092_8311,content,elaborate,0,1,"Anne Danby was the granddaughter of Richard Neville, 2nd Baron Latimer.",NOT_SUPPORTED,DISTORTED,"The ground truth states that Anne Danby was the daughter of Sir Christopher Danby, not her granddaughter. This claim incorrectly states a familial relationship.",Ground truth states Anne Danby was the daughter of Sir Christopher Danby.
2hop__14092_8311,content,elaborate,0,1,"Sir William Maule succeeded his mother, Christina de Valognes, Baroness and Baron of Panmure and Benvie.",NOT_SUPPORTED,DISTORTED,"The claim states that Sir William Maule succeeded his mother, which is incorrect. He succeeded as Baron based on his father's death, not his mother's.","Sir William Maule was the eldest son of Sir Peter Maule and Christina de Valognes, Baron and Baroness of Panmure and Benvie. William succeeded as Baron in 1254 on his father's death."
2hop__14092_8311,content,elaborate,0,1,John was King of England.,NOT_SUPPORTED,INVENTED,"The claim that 'John' was King of England is not supported by the text. The text describes various individuals and their lineages, but it does not state that any 'John' was a king.",none
2hop__14092_8311,content,elaborate,0,1,John married several times.,NOT_SUPPORTED,DISTORTED,"The ground truth states that John married several times, but it doesn't detail *which* wives he married or the specifics of those marriages. The claim simply asserts he ‘married several times’ which is a generalization based on the information provided, but it’s not a specific fact from the text.",none
2hop__14092_8311,content,elaborate,0,1,"John's first wife was Isabel, Countess of Gloucester.",NOT_SUPPORTED,DISTORTED,"The claim states 'John's first wife was Isabel, Countess of Gloucester.' While the ground truth mentions John's first wife was Isabel, Countess of Gloucester, it does not state that this was his *first* wife. The text describes Isabel remarried twice.","John's first wife, Isabel, Countess of Gloucester, was released from imprisonment in 1214; she remarried twice, and died in 1217."
2hop__14092_8311,content,elaborate,0,1,John had a second wife named Isabella of Angoulême.,NOT_SUPPORTED,DISTORTED,"The ground truth states that John had two wives, Isabel and Isabella. The claim states he had a 'second wife named Isabella of Angoulême,' implying a new wife, which is not explicitly stated and could be a misunderstanding of the information about his first wife.",mention of Isabel and Isabella as wives
2hop__14092_8311,content,elaborate,0,1,John's eldest son was Henry III.,NOT_SUPPORTED,INVENTED,"The claim states that John's eldest son was Henry III, but the ground truth does not mention John or Henry III. It describes John as a king with multiple children, including Henry and Richard.",none
2hop__14092_8311,content,elaborate,0,1,John's son Richard became a prominent European leader.,NOT_SUPPORTED,INVENTED,"The claim states that ‘John’s son Richard became a prominent European leader.’ While John is mentioned as having sons, the ground truth does not provide any information about Richard becoming a leader. It only mentions Richard and Oliver as illegitimate sons.",none
2hop__14092_8311,content,elaborate,0,1,John's daughter Joan married Alexander II of Scotland.,NOT_SUPPORTED,DISTORTED,"The ground truth states that John's daughter Joan married Alexander II of Scotland. This claim states that John's daughter Joan married Alexander II of Scotland, which is a direct restatement of the provided information. However, the ground truth does not explicitly state that John was a king, only that he was a king's second son.",John's daughter Joan married Alexander II of Scotland
2hop__14092_8311,content,elaborate,0,1,John's daughter Isabella married the Holy Roman Emperor Frederick II.,NOT_SUPPORTED,DISTORTED,"The ground truth states that John's second wife, Isabella of Angoulême, left England. It does not state that she married the Holy Roman Emperor Frederick II. This is a change of relationship and factual meaning.","John's second wife, Isabella of Angoulême, left England for Angoulême"
2hop__14092_8311,content,elaborate,0,1,Eric Penn continued his father's involvement in cricketer circles.,NOT_SUPPORTED,DISTORTED,"The claim states Eric Penn 'continued his father's involvement in cricketer circles,' which is not explicitly stated in the ground truth. While Eric Penn was educated at Eton and Cambridge, and his father was a cricketer, the claim implies a direct continuation of his father's cricket activities, which isn't detailed in the text.",mention of Eric Penn's education and father's profession
2hop__14092_8311,content,elaborate,0,1,These prominent families were involved in trade.,NOT_SUPPORTED,DISTORTED,"While the text mentions families involved in various activities, it doesn't explicitly state that 'these prominent families were involved in trade.' It describes their lineage, occupations (e.g., potter, cricketer, scholar), and family relationships, but doesn't detail their commercial activities.",none
2hop__14092_8311,content,elaborate,0,1,These prominent families were involved in industry.,NOT_SUPPORTED,SUPPORTED,"Several families mentioned in the text (Calverleys, Maule, Kemble, Wedgwood) were involved in various industries – William Calverley was a landowner, Sir William Maule was a Baron, John Mitchell Kemble was a scholar and historian, and John Wedgwood was a potter. The text describes their activities and roles within these industries.","Walter Calverley. Walter Calverley was the eldest son and heir of William Calverley (d.1572) by his wife, Katherine Thorneholme, daughter of John Thorneholme of Haysthorpe, Yorkshire. William Calverley was the son of Sir Walter Calverley and Anne Danby, daughter of Sir Christopher Danby (d. 14 June 1571) and Elizabeth Neville, daughter of Richard Neville, 2nd Baron Latimer."
2hop__14092_8311,content,elaborate,0,1,Zhao Yingqi became king.,NOT_SUPPORTED,INVENTED,"The claim that Zhao Yingqi ‘became king’ is not directly stated in the ground truth. It states he was passed over for kingship, but doesn't say he ascended to the throne.",none
2hop__14092_8311,content,elaborate,0,1,The decision left a lasting mark on the line of succession within the dynasty.,NOT_SUPPORTED,DISTORTED,"The claim refers to 'the line of succession within the dynasty,' which is a broad concept. While the ground truth does describe succession, it doesn't detail a specific 'decision' or 'lasting mark' on that line. It simply establishes family relationships and inheritance.",mention of succession in the final paragraph
2hop__14092_8311,content,elaborate,0,1,Harold Gordon Darling continued the family's commercial legacy.,NOT_SUPPORTED,DISTORTED,"The claim states that Harold Gordon Darling 'continued the family's commercial legacy.' While the text mentions him as succeeding his father as a member of the company, it doesn't explicitly state that he 'continued' the legacy in a way that implies ongoing activity or expansion. It simply notes his succession.","The text mentions Harold Gordon Darling as succeeding his father and being a director, but doesn't elaborate on his actions beyond that."
2hop__14092_8311,content,elaborate,0,1,John was King of England.,NOT_SUPPORTED,INVENTED,"The claim that 'John' was King of England is not supported by the text. The text describes various individuals and their lineages, but it does not state that any 'John' was a king.",none
2hop__14092_8311,content,elaborate,0,1,John conducted his first coronation in Gloucester Cathedral.,NOT_SUPPORTED,DISTORTED,"The claim states that 'John conducted his first coronation in Gloucester Cathedral,' which is not explicitly stated in the ground truth. While the text mentions a coronation being held in Gloucester Cathedral due to circumstances, it doesn't specify that John was the one who conducted it.",none
2hop__14092_8311,content,elaborate,0,1,The Abbey in Westminster was inaccessible.,NOT_SUPPORTED,DISTORTED,"The ground truth states that Westminster Abbey was used for coronations, but it doesn't explicitly state that it was inaccessible at any point. The claim introduces a new element – the idea of inaccessibility – which isn't directly supported by the text.",The text mentions the abbey's role in coronations and a specific instance where it was used due to a city takeover.
2hop__14092_8311,content,elaborate,0,1,John's first coronation was in 1216.,NOT_SUPPORTED,UNVERIFIABLE,"The ground truth does not contain information about John's first coronation. It describes his wives and children, and mentions coronations in the abbey but not a specific coronation for John.",none
2hop__14092_8311,content,elaborate,0,1,Pope Innocent III declared this coronation unofficial.,NOT_SUPPORTED,DISTORTED,"The claim states that Pope Innocent III declared a coronation ‘unofficial’. While the text mentions that a coronation in 1220 was deemed improper by the Pope, it doesn't explicitly state that Innocent III made this declaration. It describes a situation where a coronation was considered improper, not a specific papal pronouncement.",The text mentions a coronation deemed improper by the Pope in 1220.
2hop__14092_8311,content,elaborate,0,1,Henry III was crowned on 17 May 1212.,NOT_SUPPORTED,INVENTED,"The claim states that Henry III was crowned on 17 May 1212, which is not mentioned in the ground truth text. The text states that Henry III was crowned in 1220.",none
2hop__14092_8311,content,elaborate,0,1,John was involved with the family firm as a partner.,NOT_SUPPORTED,SUPPORTED,"John Wedgwood is described as a partner in the Wedgwood pottery firm, which is a direct statement of his involvement in the family firm.","John Wedgwood (baptised 2 April 1766 — 26 January 1844), the eldest son of the potter Josiah Wedgwood, was a partner in the Wedgwood pottery firm 1790–1793 and again 1800–1812."
2hop__14092_8311,content,elaborate,0,1,John continued the Wedgwood legacy in scientific innovation.,NOT_SUPPORTED,DISTORTED,"The claim states that John continued the Wedgwood legacy in scientific innovation, which is not explicitly stated in the ground truth. While he was a partner in the Wedgwood pottery firm, the text doesn't detail any specific scientific innovations he was involved in.",mention of his role in the Wedgwood pottery firm
2hop__14092_8311,content,elaborate,0,1,Princess Charlotte succeeded Prince George of Wales.,NOT_SUPPORTED,DISTORTED,"The claim states that Princess Charlotte succeeded Prince George of Wales. While Charlotte is indeed a princess and George is a prince, the text does not state that Charlotte succeeded George. It describes the order of succession, but not a specific outcome.",mention of Charlotte and George in the succession line
2hop__14092_8311,content,elaborate,0,1,Emperor Tafari Makonnen became Emperor Haile Selassie I.,NOT_SUPPORTED,SUPPORTED,The ground truth states that 'Leul' Wondosson Kassa was the eldest son of 'Ras' Kassa Haile Darge. This claim directly repeats this fact.,Leul Wondosson Kassa was the eldest son of 'Ras' Kassa Haile Darge.
2hop__14092_8311,content,elaborate,0,2,"Anne was the granddaughter of Richard Neville, 2nd Baron Latimer.",NOT_SUPPORTED,INVENTED,"The ground truth states that Walter Calverley was the *son* of William Calverley, not his granddaughter. Anne was William's wife, not his daughter.",none
2hop__14092_8311,content,elaborate,0,2,Sir William Maule inherited the barony from his mother.,NOT_SUPPORTED,DISTORTED,"The claim states that Sir William Maule inherited the barony from his mother. The ground truth states that he succeeded as Baron on his father's death, indicating inheritance through his father, not his mother.","Sir William Maule was the eldest son of Sir Peter Maule and Christina de Valognes, Baron and Baroness of Panmure and Benvie."
2hop__14092_8311,content,elaborate,0,2,Sir Peter Maule died in 1254.,NOT_SUPPORTED,SUPPORTED,The ground truth states that Sir William Maule died in 1254. This claim directly reflects that fact.,"Sir William Maule was the eldest son of Sir Peter Maule and Christina de Valognes, Baron and Baroness of Panmure and Benvie. William succeeded as Baron in 1254 on his father's death."
2hop__14092_8311,content,elaborate,0,2,Sir William Maule assumed the title of Sir Peter Maule.,NOT_SUPPORTED,DISTORTED,"The claim states that Sir William Maule 'assumed the title of Sir Peter Maule,' which is incorrect. Sir William Maule was the son of Sir Peter Maule, not the other way around.",Sir William Maule was the eldest son of Sir Peter Maule...
2hop__14092_8311,content,elaborate,0,2,"John, King of England, commonly known as King John, married Isabel, Countess of Gloucester.",NOT_SUPPORTED,DISTORTED,"The ground truth states that John was a king, but the claim states he was a ‘King of England’, which is redundant as he was already a king. It’s a slight alteration of the established fact.",John was a king
2hop__14092_8311,content,elaborate,0,2,"Isabel, Countess of Gloucester, was later remarried.",NOT_SUPPORTED,DISTORTED,"The ground truth states that Isabel, Countess of Gloucester, remarried twice, but it does not explicitly state that she was remarried *after* being imprisoned. It only mentions her initial release and subsequent remarriages.",The text mentions Isabel's remarriages but not a remarriage after imprisonment.
2hop__14092_8311,content,elaborate,0,2,"John, King of England, commonly known as King John, entered into a significant second marriage with Isabella of Angoulême.",NOT_SUPPORTED,DISTORTED,"The ground truth states that John married Isabel, Countess of Gloucester, and Isabella of Angoulême. The claim states he entered into a 'significant second marriage' with Isabella of Angoulême, implying a later marriage after his first. While the ground truth mentions Isabella, it doesn't explicitly state this was a 'second marriage'. It's a slight rephrasing and interpretation of the information.","John married Isabel, Countess of Gloucester, and Isabella of Angoulême."
2hop__14092_8311,content,elaborate,0,2,King John died.,NOT_SUPPORTED,INVENTED,"The text does not state that King John died. It describes his reign and family, but it does not mention his death.",none
2hop__14092_8311,content,elaborate,0,2,Isabella returned to her homeland.,NOT_SUPPORTED,DISTORTED,"The ground truth states that Isabella of Angoulême ‘left England for Angoulême soon after the king’s death; she became a powerful regional leader, but largely abandoned the children she had had by John.’ This claim states she ‘returned to her homeland,’ which is a slightly different phrasing but implies a return, and suggests a change in her focus away from her children, aligning with the provided text.",Isabella of Angoulême left England for Angoulême
2hop__14092_8311,content,elaborate,0,2,Henry III was one of John's children.,NOT_SUPPORTED,SUPPORTED,"The text states that John III, Margrave of Brandenburg-Salzwedel was the eldest son of Margrave Otto III. The claim states that Henry III was one of John's children. While Henry III is a king, the text does not explicitly state that he was John III's child. However, the text does state that John III was the eldest son of Margrave Otto III, and the text does not mention any children of Otto III. Therefore, it is reasonable to infer that Henry III was a child of John III.","John III, Margrave of Brandenburg-Salzwedel was the eldest son of Margrave Otto III and his wife, Beatrice of Bohemia."
2hop__14092_8311,content,elaborate,0,2,Richard was one of John's children.,NOT_SUPPORTED,DISTORTED,"The claim states 'Richard was one of John's children.' While John had many children, Richard is not explicitly mentioned as one of them in the provided text. It's a potential misinterpretation or a fabricated connection.",none
2hop__14092_8311,content,elaborate,0,2,John had three daughters.,NOT_SUPPORTED,INVENTED,The ground truth text does not mention John having any daughters. It describes his children as sons.,none
2hop__14092_8311,content,elaborate,0,2,Joan became notable.,NOT_SUPPORTED,SUPPORTED,"The text states that Joan married Alexander II of Scotland, making her notable for that relationship.",Joan married Alexander II of Scotland
2hop__14092_8311,content,elaborate,0,2,Eric balanced his academic achievements with his participation in the family business.,NOT_SUPPORTED,SUPPORTED,"The text states that Eric Penn was educated at Eton College and Trinity College, Cambridge. This implies he balanced his academic achievements with his participation in the family business.","Eric Penn was educated at Eton College and at Trinity College, Cambridge."
2hop__14092_8311,content,elaborate,0,2,James Gooderham Worts was deceased on 20 June 18 82.,NOT_SUPPORTED,DISTORTED,"The claim states James Gooderham Worts was deceased on 20 June 18 82, which is incorrect. The ground truth states he died on 20 June 1882.","June 4, 1818 - June 20, 1882"
2hop__14092_8311,content,elaborate,0,2,The context shaped his own later contributions to business and commerce in the region.,NOT_SUPPORTED,DISTORTED,"The claim states 'The context shaped his own later contributions to business and commerce in the region.' While the text describes individuals involved in business and commerce, it doesn't explicitly state that their 'context' shaped their later contributions. It implies this through their actions and lineage, but it's an inference, not a direct statement.",none
2hop__14092_8311,content,elaborate,0,2,Zhao Yingqi was named king.,NOT_SUPPORTED,SUPPORTED,"The text states that Zhao Jiande was passed over for kingship in favor of his half-brother, Zhao Yingqi. This directly supports the claim that Zhao Yingqi was named king.","Contrary to his less-than-flattering posthumous name, Liu Ju was generally regarded by historians as a well-mannered, benevolent, morally upright man who, by circumstances out of his control, was forced into an uprising against his father's army and died as a consequence of the rebellion."
2hop__14092_8311,content,elaborate,0,2,Zhao Yingqi was named king bypassing Zhao Jiande.,NOT_SUPPORTED,SUPPORTED,"The text states that Liu Ju was passed over for kingship in favor of his half-brother, Zhao Yingqi. This directly supports the claim that Zhao Yingqi was named king bypassing Liu Ju.","Contrary to his less-than-flattering posthumous name, Liu Ju was generally regarded by historians as a well-mannered, benevolent, morally upright man who, by circumstances out of his control, was forced into an uprising against his father's army and died as a consequence of the rebellion."
2hop__14092_8311,content,elaborate,0,2,The decision demonstrated the complexities of succession within the Han court.,NOT_SUPPORTED,DISTORTED,"The claim refers to 'the decision' within the Han court, which is not explicitly stated in the ground truth. While the text describes political turmoil and Liu Ju's fate, it doesn't detail a specific 'decision' that led to his circumstances.",none
2hop__14092_8311,content,elaborate,0,2,Political considerations could override claims of primogeniture.,NOT_SUPPORTED,DISTORTED,"The claim states that 'Political considerations could override claims of primogeniture.' While succession rules can be influenced by political factors, the ground truth doesn't explicitly state this as a *regular* occurrence or a guaranteed outcome. It describes the established order of succession.",Succession to the British throne.
2hop__14092_8311,content,elaborate,0,2,The Marinho family's influence expanded in political domains.,NOT_SUPPORTED,DISTORTED,"The claim states the Marinho family's influence expanded in political domains, which is not explicitly stated in the ground truth. While the ground truth mentions Roberto Irineu Marinho being born into a prominent family, it doesn't detail any political influence or activity.",none
2hop__14092_8311,content,elaborate,0,2,The Marinho family's influence expanded throughout Brazil's evolving modern history.,NOT_SUPPORTED,DISTORTED,"The claim states the Marinho family's influence expanded throughout Brazil's evolving modern history, which is not directly stated in the ground truth. The ground truth only mentions Roberto Irineu Marinho's birth and his family connection to the Marinho family.",none
2hop__14092_8311,content,elaborate,0,2,John was crowned in Gloucester Cathedral after the Abbey of Westminster became inaccessible.,NOT_SUPPORTED,DISTORTED,"The claim states that John was crowned in Gloucester Cathedral after the Abbey of Westminster became inaccessible. While the text mentions that Henry III was crowned in Gloucester Cathedral due to circumstances in London, it doesn't state that Westminster was inaccessible at that time or that John was specifically involved in that event.",The text mentions Henry III being crowned in Gloucester Cathedral due to circumstances in London.
2hop__14092_8311,content,elaborate,0,2,John was crowned in 1216.,NOT_SUPPORTED,UNVERIFIABLE,"The ground truth does not contain any information about who was crowned in 1216. It mentions John, King of England, but doesn't state that he was crowned in that year.",none
2hop__14092_8311,content,elaborate,0,2,John was crowned in 1216 when he first assumed the throne.,NOT_SUPPORTED,INVENTED,"The claim states 'John was crowned in 1216 when he first assumed the throne.' However, the ground truth describes John as a King, but it does not state that he was crowned in 1216. It describes his reign and mentions previous coronations in other locations.",none
2hop__14092_8311,content,elaborate,0,2,John was first assumed the throne under unusual circumstances.,NOT_SUPPORTED,DISTORTED,"The claim states 'John was first assumed the throne under unusual circumstances,' which implies a specific event or situation. While the text mentions John's lineage and succession, it doesn't detail any unusual circumstances surrounding his initial assumption of the throne. It simply states he was the heir.","John had five legitimate children, all by Isabella. He was the son of Sir Walter Calverley and Anne Danby..."
2hop__14092_8311,content,elaborate,0,2,John was first assumed the throne when he was crowned in Gloucester Cathedral after the Abbey of Westminster became inaccessible.,NOT_SUPPORTED,DISTORTED,"The claim states that John was crowned in Gloucester Cathedral after Westminster Abbey became inaccessible. While the text mentions a coronation in Gloucester Cathedral due to circumstances in London, it doesn't state that Westminster Abbey was inaccessible at that time. It simply describes a situation where a coronation occurred elsewhere.",The text mentions a coronation in Gloucester Cathedral due to circumstances in London.
2hop__14092_8311,content,elaborate,0,2,Pope Innocent III declared the first coronation of John unofficial.,NOT_SUPPORTED,DISTORTED,"The ground truth does not mention Pope Innocent III declaring the first coronation of John unofficial. It describes the circumstances surrounding the initial coronation and its subsequent invalidation by the Pope, but it doesn't attribute this declaration to a specific Pope.",none
2hop__14092_8311,content,elaborate,0,2,"A second, properly sanctioned coronation was necessary for John's successor.",NOT_SUPPORTED,DISTORTED,"The claim states a 'second, properly sanctioned coronation was necessary for John's successor.' While the text describes two coronations (one deemed improper), it doesn't state that a 'second, properly sanctioned' coronation was *necessary* for the succession. It simply notes that a coronation in Gloucester was held due to circumstances.",The text mentions a coronation in Gloucester Cathedral in 1220 and a subsequent coronation in the abbey.
2hop__14092_8311,content,elaborate,0,2,John's successor was crowned in Westminster Abbey on 17 May 12 20.,NOT_SUPPORTED,DISTORTED,"The claim states 'John's successor was crowned in Westminster Abbey on 17 May 12 20.' However, the ground truth describes Henry III being crowned in Westminster Abbey on 17 May 1220, a different date.",The text mentions '1220' and 'Westminster Abbey' as relevant to the coronation of Henry III.
2hop__14092_8311,content,elaborate,0,2,There have been rare exceptions when the standard procedure could not be followed.,NOT_SUPPORTED,DISTORTED,"The claim 'There have been rare exceptions when the standard procedure could not be followed' suggests a deviation from established rules. While the text describes instances where coronations were held elsewhere due to circumstances, it doesn't explicitly state that these were ‘exceptions’ or that the standard procedure was routinely disregarded. It implies a deviation, which is a distortion of the presented facts.","The text describes instances where coronations were held outside of London due to political circumstances, but it doesn't frame these as exceptions to a rule."
2hop__14092_8311,content,elaborate,0,2,John ensured the ongoing legacy of the Wedgwood family in the fields of ceramics and scientific advancement.,NOT_SUPPORTED,DISTORTED,"The claim states that John ensured the ongoing legacy of the Wedgwood family in ceramics and scientific advancement. While John Wedgwood (the son of Josiah Wedgwood) was involved in the pottery firm, the claim introduces a connection to ‘scientific advancement’ which is not explicitly stated or implied in the provided text. It’s a speculative addition.",mention of John Wedgwood's involvement in the Wedgwood pottery firm
2hop__14092_8311,content,elaborate,0,2,John continued the innovations initiated by his grandfather.,NOT_SUPPORTED,INVENTED,"The claim that 'John continued the innovations initiated by his grandfather' is not supported by the provided text. The text describes John Wedgwood as a partner in the Wedgwood pottery firm, but it doesn't state that he continued any specific innovations of his grandfather, Josiah Wedgwood.",none
2hop__14092_8311,content,elaborate,0,3,Katherine was the daughter of Anne.,NOT_SUPPORTED,DISTORTED,"The ground truth states that Walter Calverley was the son of William Calverley, not that Katherine was the daughter of Anne.","Walter Calverley was the eldest son and heir of William Calverley (d.1572) by his wife, Katherine Thorneholme..."
2hop__14092_8311,content,elaborate,0,3,Sir Peter died in 1254.,NOT_SUPPORTED,DISTORTED,"The ground truth states that Sir Peter Maule died in 1254. The claim states he died in 1254, which is consistent with the ground truth, but it's a direct quote and doesn't add any new information.","Sir William Maule. Sir William Maule was the eldest son of Sir Peter Maule and Christina de Valognes, Baron and Baroness of Panmure and Benvie. William succeeded as Baron in 1254 on his father's death."
2hop__14092_8311,content,elaborate,0,3,Sir William Maule succeeded Sir Peter.,NOT_SUPPORTED,SUPPORTED,"The text states that Sir William Maule succeeded as Baron in 1254, and that he was the eldest son of Sir Peter Maule. This directly supports the claim that Sir William Maule succeeded Sir Peter.","Sir William Maule was the eldest son of Sir Peter Maule and Christina de Valognes, Baron and Baroness of Panmure and Benvie. William succeeded as Baron in 1254 on his father's death."
2hop__14092_8311,content,elaborate,0,3,John ascended to the throne in 1216.,NOT_SUPPORTED,INVENTED,"The claim that 'John ascended to the throne in 1216' is not present in the ground truth. The text describes John as a king, but it does not state that he ascended to the throne in 1216. This is new information.",none
2hop__14092_8311,content,elaborate,0,3,John's first official coronation was held in 1216.,NOT_SUPPORTED,UNVERIFIABLE,"The ground truth does not contain information about John's first official coronation. It describes his wives and children, and mentions coronations in the abbey but not a specific coronation for John.",none
2hop__14092_8311,content,elaborate,0,3,John sought to solidify his authority.,NOT_SUPPORTED,INVENTED,"The claim that 'John sought to solidify his authority' is not supported by the text. The text describes John as a king, but it doesn't provide any information about his actions or motivations for seeking to solidify authority.",none
2hop__14092_8311,content,elaborate,0,3,John sought to solidify his authority quickly.,NOT_SUPPORTED,UNVERIFIABLE,"The claim 'John sought to solidify his authority quickly' is an interpretation of his actions and motivations, not a directly stated fact in the provided text. It requires inferring his intentions, which is beyond what can be determined from the given information.",none
2hop__14092_8311,content,elaborate,0,3,John sought to solidify his authority amid political turmoil.,NOT_SUPPORTED,DISTORTED,"The claim states 'John sought to solidify his authority amid political turmoil.' While John (King of England) faced political turmoil, the text doesn't describe him actively seeking to solidify authority. It describes his family, marriages, and children, and the circumstances surrounding his death.",none
2hop__14092_8311,content,elaborate,0,3,The circumstances were unconventional.,NOT_SUPPORTED,DISTORTED,"The claim 'The circumstances were unconventional' refers to the events surrounding Liu Ju's death and uprising. While his death was certainly unusual, the text doesn't explicitly describe the circumstances as 'unconventional' – it simply states he died due to political turmoil and rebellion. It's an interpretation, not a directly stated fact.",Liu Ju was the crown prince who died during political turmoil.
2hop__14092_8311,content,elaborate,0,3,The initial coronation did not take place in the traditional and symbolic setting of Westminster Abbey.,NOT_SUPPORTED,DISTORTED,"The ground truth states that coronations were held in Westminster Abbey since 1066. The claim states the initial coronation did not take place in Westminster Abbey, which is a direct contradiction of this established fact.",The text mentions coronations in Westminster Abbey since 1066.
2hop__14092_8311,content,elaborate,0,3,Henry III was John’s son.,NOT_SUPPORTED,INVENTED,"The claim states 'Henry III was John’s son,' but the text describes John as a king and has multiple children, including Henry III, but it does not establish a direct father-son relationship between them. It only states that Henry III ruled as king.",none
2hop__14092_8311,content,elaborate,0,3,Henry III was crowned on 17 May 12.,NOT_SUPPORTED,DISTORTED,"The claim states 'Henry III was crowned on 17 May 12', which is incorrect. Henry III was crowned in 1220, not 17 May 12.","The text states 'In 1216, Henry III was unable to be crowned in London...' and 'a further coronation was held in the abbey on 17 May 1220.'"
2hop__14092_8311,content,elaborate,0,3,The Archbishop of Canterbury ensures the legitimacy of the ceremony.,NOT_SUPPORTED,DISTORTED,"The ground truth describes the role of the Archbishop of Canterbury in a coronation ceremony, but the claim attributes a specific action (ensuring legitimacy) to him that isn't explicitly stated. It’s an interpretation, not a direct statement.",The text mentions 'The Archbishop of Canterbury is the traditional cleric in the coronation ceremony.'
2hop__14092_8311,content,elaborate,0,3,Rare exceptions to this tradition have occurred.,NOT_SUPPORTED,DISTORTED,"The claim 'Rare exceptions to this tradition have occurred' suggests that there are unusual instances of deviations from the established coronation process. While the text mentions instances where coronations were held elsewhere due to circumstances (e.g., Henry III being crowned in Gloucester), it doesn't state that these were 'rare exceptions' to a general tradition. It simply describes specific events.","The text describes specific instances of coronations outside of London, but doesn't frame them as exceptions to a broader tradition."
2hop__14092_8311,content,elaborate,0,3,These exceptions have occurred in moments of crisis.,NOT_SUPPORTED,DISTORTED,"The claim 'These exceptions have occurred in moments of crisis' is a general statement about historical events and doesn't directly relate to any specific person or event described in the ground truth. It introduces a broad, unspecific idea about crises, which isn't supported by the provided text.",none
2hop__14092_8311,content,elaborate,0,3,These exceptions have occurred when the usual venue was unavailable.,NOT_SUPPORTED,DISTORTED,"The claim states that exceptions have occurred when the usual venue was unavailable for coronations. While the ground truth mentions a coronation being held in Gloucester Cathedral due to circumstances, it doesn't detail specific exceptions or reasons for alternative venues. It implies a general pattern of unavailability, which is a distortion of the specific event described.",The ground truth mentions a coronation in Gloucester Cathedral due to Louis's control of London.
2hop__14092_8311,content,elaborate,0,3,He contributed to the expansion and management of the enterprise.,NOT_SUPPORTED,DISTORTED,"The claim states he 'contributed to the expansion and management of the enterprise.' While John Wedgwood did work in the family pottery business, the text doesn't specify *how* he contributed to expansion or management. It simply states he was a partner.","John Wedgwood (baptised 2 April 1766 — 26 January 1844), the eldest son of the potter Josiah Wedgwood, was a partner in the Wedgwood pottery firm 1790–1793 and again 1800–1812."
2hop__14092_8311,content,elaborate,0,3,John built upon the pioneering work of his grandfather.,NOT_SUPPORTED,INVENTED,"The claim that 'John built upon the pioneering work of his grandfather' is not directly supported by the provided text. It implies a legacy or continuation of work, which isn't explicitly stated about John Wedgwood.",none
2hop__14092_8311,content,elaborate,0,3,John's grandfather established the firm as a leader in the pottery industry.,NOT_SUPPORTED,DISTORTED,"The ground truth states that John was a king, not that his grandfather established a firm. The claim introduces a new fact about the firm's establishment and incorrectly attributes it to John's grandfather.",none
2hop__14092_8311,content,elaborate,0,3,John's grandfather was associated with scientific pursuits.,NOT_SUPPORTED,UNVERIFIABLE,The ground truth does not provide information about John's grandfather's scientific pursuits. It only details his lineage and family relationships.,none
2hop__14092_8311,content,elaborate,0,3,John's grandfather was associated with improvements in manufacturing techniques.,NOT_SUPPORTED,UNVERIFIABLE,The ground truth does not contain information about John's grandfather's involvement in manufacturing techniques. It only details family lineage and historical events.,none
2hop__14092_8311,content,elaborate,0,3,The family tradition was well-established in both sport and industry.,NOT_SUPPORTED,DISTORTED,"The claim refers to 'family tradition' in sport and industry, which is not explicitly stated in the ground truth. While the text describes family lineages and business successions, it doesn't detail specific traditions.",none
2hop__14092_8311,content,elaborate,0,3,William Penn is Eric's father.,NOT_SUPPORTED,INVENTED,"Eric Penn's father is stated to be William Penn, but William Penn is not mentioned in the provided text. The claim introduces a familial relationship not found in the ground truth.",none
2hop__14092_8311,content,elaborate,0,3,He participated in its operations.,NOT_SUPPORTED,DISTORTED,"The claim 'He participated in its operations' is vague and doesn't specify what 'its' refers to. While the text describes various individuals and their roles, it doesn't state that any of them 'participated in its operations'. It's a general statement that could apply to many scenarios.",none
2hop__14092_8311,content,elaborate,0,3,He participated in its management.,NOT_SUPPORTED,DISTORTED,"The claim 'He participated in its management' is vague and doesn't specify what 'it' refers to. While the text describes various individuals and their roles, it doesn't state that any of them 'participated in its management' of anything. It's a general statement that could apply to many situations, but isn't directly supported by the provided text.",none
2hop__14092_8311,content,elaborate,0,3,The dual engagement sustained the reputation of the Penn name.,NOT_SUPPORTED,DISTORTED,"The claim states 'The dual engagement sustained the reputation of the Penn name.' While Eric Penn and John Wedgwood were associated with the Penn family (through William Penn), the claim implies a direct causal relationship between a 'dual engagement' and reputation, which isn't explicitly stated or easily inferable from the text. It's a somewhat speculative interpretation.",mention of Eric Penn and John Wedgwood's connection to the Penn family
2hop__14092_8311,content,elaborate,0,3,The dual engagement was in sporting circles.,NOT_SUPPORTED,UNVERIFIABLE,"The claim refers to a 'dual engagement in sporting circles,' which is not mentioned in the provided text. There is no information about any such engagement.",none
2hop__14092_8311,content,elaborate,0,3,The dual engagement was in the field of engineering.,NOT_SUPPORTED,DISTORTED,"The claim states the dual engagement was in the field of engineering, which is not explicitly stated in the ground truth. While the text mentions John Wedgwood's involvement with the Wedgwood pottery firm (related to engineering), it doesn't describe a 'dual engagement' in that field.",mention of John Wedgwood and his role in the Wedgwood pottery firm
2hop__14092_8311,content,elaborate,0,3,The dual engagement reflected the multifaceted nature of aristocratic pursuits in Victorian England.,NOT_SUPPORTED,DISTORTED,"The claim refers to 'dual engagement,' implying a simultaneous relationship or event. The ground truth describes family lineages and succession, not engagements. It's a misinterpretation of the relationships presented.",none
2hop__14092_8311,content,elaborate,0,3,James Gooderham Worts was the eldest of three siblings.,NOT_SUPPORTED,SUPPORTED,The ground truth states that James Gooderham Worts was the eldest son of James Worts and Elizabeth Gooderham. This claim directly reflects this fact.,"James Gooderham Worts (June 4, 1818 - June 20, 1882) was the eldest son of James Worts and Elizabeth Gooderham."
2hop__14092_8311,content,elaborate,0,3,Early colonial Canada had trade and industrial enterprises.,NOT_SUPPORTED,UNVERIFIABLE,"The ground truth describes family relationships and specific individuals, but it does not contain any information about trade or industrial enterprises in early colonial Canada.",none
2hop__14092_8311,content,elaborate,0,3,Early colonial Canada was a time of economic growth.,NOT_SUPPORTED,UNVERIFIABLE,"The ground truth describes various individuals and families, but it does not contain any information about economic growth in early colonial Canada. The claim is an assertion about a historical trend that is not supported by the provided text.",none
2hop__14092_8311,content,elaborate,0,3,The Marinho family had already established considerable influence in political affairs.,NOT_SUPPORTED,DISTORTED,"The ground truth mentions the Marinho family's influence, but the claim states they 'had already established considerable influence in political affairs.' This implies a prior state of influence, which isn't explicitly stated in the text. It's a slight expansion of a known fact.",The text mentions Roberto Irineu Marinho was born into a family with 'considerable influence'.
2hop__14092_8311,content,elaborate,0,3,He was expected to carry forward this legacy.,NOT_SUPPORTED,DISTORTED,"The claim 'He was expected to carry forward this legacy' implies a specific inheritance or continuation of something. While the text describes various family lines and individuals, it doesn't state that any of these individuals were 'expected' to continue a specific legacy. It's an interpretation, not a directly stated fact.",none
2hop__14092_8311,content,elaborate,0,3,He played a pivotal role in expanding the family’s reach across commercial enterprises.,NOT_SUPPORTED,DISTORTED,"The claim states that he ‘played a pivotal role in expanding the family’s reach across commercial enterprises.’ While the text mentions John Wedgwood’s involvement in the Wedgwood pottery firm, it doesn’t describe a ‘pivotal role’ in expanding commercial enterprises. It simply states he was a partner in the firm.","John Wedgwood (baptised 2 April 1766 — 26 January 1844), the eldest son of the potter Josiah Wedgwood, was a partner in the Wedgwood pottery firm 1790–1793 and again 1800–1812."
2hop__14092_8311,content,elaborate,0,3,He played a pivotal role in expanding the family’s reach across political power.,NOT_SUPPORTED,DISTORTED,"The claim states that a person 'played a pivotal role in expanding the family’s reach across political power.' While many family members in the provided texts have influence, the text doesn't explicitly state that any of them actively expanded political power. It describes their lineage and roles, but not their political actions.",none
2hop__14092_8311,content,elaborate,0,3,Brazil transitioned into its modern era.,NOT_SUPPORTED,UNVERIFIABLE,"The ground truth text discusses various individuals and families, but it does not contain any information about Brazil's transition into its modern era.",none
2hop__14092_8311,content,elaborate,0,3,Sir Peter was married to Christina de Valognes.,NOT_SUPPORTED,SUPPORTED,The ground truth explicitly states that Sir Peter Maule was married to Christina de Valognes.,Sir William Maule was the eldest son of Sir Peter Maule and Christina de Valognes
2hop__14092_8311,content,elaborate,0,3,The marriage of Sir Peter and Christina secured the family's standing in Scotland.,NOT_SUPPORTED,SUPPORTED,The text states that Sir William Maule's marriage to Ethana de Vallibus secured his family's standing. This claim directly reflects this relationship.,"Sir William Maule was married to Ethana de Vallibus, daughter of John Vaux, Lord of Dirleton"
2hop__14092_8311,content,elaborate,0,3,"Despite challenges and complexities, the transfer of such responsibilities was carefully managed.",NOT_SUPPORTED,DISTORTED,"The claim 'Despite challenges and complexities, the transfer of such responsibilities was carefully managed' suggests a deliberate process of management. The ground truth text describes various lineages and succession, but doesn't detail any specific management or careful handling of responsibilities. It simply states facts about family relationships and titles.",none
2hop__14092_8311,content,elaborate,1,1,William Calverley was the son of Sir Walter Calverley and Anne Danby.,NOT_SUPPORTED,SUPPORTED,The ground truth explicitly states that William Calverley was the son of Sir Walter Calverley and Anne Danby.,"William Calverley was the son of Sir Walter Calverley and Anne Danby, daughter of Sir Christopher Danby"
2hop__14092_8311,content,elaborate,1,1,Sir William Maule was the eldest son of Christina de Valognes.,NOT_SUPPORTED,DISTORTED,"The ground truth states that Sir William Maule was the eldest son of Sir Peter Maule and Christina de Valognes. The claim states he was the eldest son of Christina de Valognes, which is a misattribution of the father.",Sir William Maule was the eldest son of Sir Peter Maule and Christina de Valognes.
2hop__14092_8311,content,elaborate,1,1,Sir William Maule was a Baroness.,NOT_SUPPORTED,DISTORTED,"Sir William Maule was a Baron, but the ground truth states he 'succeeded as Baron', implying he inherited the title, not that he *was* a Baroness.","Sir William Maule was the eldest son of Sir Peter Maule and Christina de Valognes, Baron and Baroness of Panmure and Benvie."
2hop__14092_8311,content,elaborate,1,1,William became Baron after his father's death in 1254.,NOT_SUPPORTED,SUPPORTED,The text states that Sir William Maule ‘succeeded as Baron in 1254 on his father’s death.’ This claim directly reflects this statement.,"Sir William Maule was the eldest son of Sir Peter Maule and Christina de Valognes, Baron and Baroness of Panmure and Benvie. William succeeded as Baron in 1254 on his father's death."
2hop__14092_8311,content,elaborate,1,1,"He married Isabel, Countess of Gloucester.",NOT_SUPPORTED,DISTORTED,"The ground truth states that Isabel, Countess of Gloucester, remarried twice. The claim states she married John, King of England. This is a change of entity and therefore a distortion.","John's first wife, Isabel, Countess of Gloucester, was released from imprisonment in 1214; she remarried twice, and died in 1217."
2hop__14092_8311,content,elaborate,1,1,He married before 1200.,NOT_SUPPORTED,SUPPORTED,"The ground truth states that John III, Margrave of Brandenburg-Salzwedel was the eldest son of Margrave Otto III. This claim directly reflects this fact.","John III, Margrave of Brandenburg-Salzwedel was the eldest son of Margrave Otto III and his wife, Beatrice of Bohemia."
2hop__14092_8311,content,elaborate,1,1,"Isabel, Countess of Gloucester was released from imprisonment in 1204.",NOT_SUPPORTED,DISTORTED,"The claim states that Isabel, Countess of Gloucester was released from imprisonment in 1204, but the ground truth states she was released in 1214.",The ground truth mentions her release in 1214.
2hop__14092_8311,content,elaborate,1,1,John had a second wife named Isabella of Angoulême.,NOT_SUPPORTED,DISTORTED,"The ground truth states that John had two wives, Isabel and Isabella. The claim states he had a 'second wife named Isabella of Angoulême,' implying a new wife, which is not explicitly stated and could be a misunderstanding of the information about his first wife.",mention of Isabel and Isabella as wives
2hop__14092_8311,content,elaborate,1,1,John's daughter Joan married Alexander II of Scotland and became Queen Consort.,NOT_SUPPORTED,DISTORTED,"The claim states that John's daughter Joan married Alexander II of Scotland and became Queen Consort. While the ground truth mentions John and his children, it does not specify which daughter married whom or that she became a Queen Consort. It implies a relationship but doesn't confirm the details.",mention of John and his children
2hop__14092_8311,content,elaborate,1,1,John's daughter Isabella married the Holy Roman Emperor Frederick II.,NOT_SUPPORTED,DISTORTED,"The ground truth states that John's second wife, Isabella of Angoulême, left England. It does not state that she married the Holy Roman Emperor Frederick II. This is a change of relationship and factual meaning.","John's second wife, Isabella of Angoulême, left England for Angoulême"
2hop__14092_8311,content,elaborate,1,1,Eric Penn was born to William Penn and a daughter of John Penn.,NOT_SUPPORTED,SUPPORTED,The ground truth states that Eric Penn was the eldest son of William Penn. This directly supports the claim that he was born to William Penn.,William Penn was the father of Eric Penn.
2hop__14092_8311,content,elaborate,1,1,James Gooderham Worts was born in 18.,NOT_SUPPORTED,DISTORTED,"The claim states James Gooderham Worts was born in 18, which is incorrect. The ground truth states he was born in 1818.","June 4, 1818 - June 20, 1882"
2hop__14092_8311,content,elaborate,1,1,James Gooderham Worts died on 20 June 18.,NOT_SUPPORTED,DISTORTED,"The ground truth states that James Gooderham Worts died on June 20, 1882, not 18. This is a simple error in the date.","June 4, 1818 - June 20, 1882"
2hop__14092_8311,content,elaborate,1,1,James Gooderham Worts died in 18.,NOT_SUPPORTED,DISTORTED,"The claim states James Gooderham Worts died in 18, but the ground truth states he died in 1882.","James Gooderham Worts (June 4, 1818 - June 20, 1882)"
2hop__14092_8311,content,elaborate,1,1,James Gooderham Worts was born in 18.,NOT_SUPPORTED,DISTORTED,"The claim states James Gooderham Worts was born in 18, which is incorrect. The ground truth states he was born in 1818.","June 4, 1818 - June 20, 1882"
2hop__14092_8311,content,elaborate,1,1,Zhao Jiande was a Yue woman.,NOT_SUPPORTED,INVENTED,"The claim states that Zhao Jiande was a Yue woman, which is not mentioned in the ground truth text. It describes him as a crown prince, but provides no information about his ethnicity or origin.",none
2hop__14092_8311,content,elaborate,1,1,He was not chosen as king.,NOT_SUPPORTED,INVENTED,"The claim states that he 'was not chosen as king,' which is not explicitly stated in the ground truth. The text describes his lineage and role as a crown prince who died prematurely, but it doesn't mention a lack of selection for the throne.",none
2hop__14092_8311,content,elaborate,1,1,"The title passed to his half-brother, Zhao Yingqi.",NOT_SUPPORTED,DISTORTED,"The claim states that Jiande was passed over for kingship in favor of his half-brother. While the text mentions Jiande was passed over, it doesn't explicitly state *who* passed him over or that it was a formal decision. It implies a circumstance, not a direct action.","Zhao Jiande was the eldest son of Zhao Yingqi and a Yue woman. Although the eldest, Jiande was passed over for kingship in preference for his half-brother, Zhao Yingqi."
2hop__14092_8311,content,elaborate,1,1,The title passed due to political decisions regarding the succession.,NOT_SUPPORTED,SUPPORTED,The text states that succession to the British throne is determined by lineage and that decisions regarding succession can be influenced by political factors.,"Succession to the British throne. Queen Elizabeth II is the sovereign, and her heir apparent is her eldest son, Charles, Prince of Wales. Next in line after him is Prince William, Duke of Cambridge, the Prince of Wales's elder son."
2hop__14092_8311,content,elaborate,1,1,Harold Gordon Darling managed the company.,NOT_SUPPORTED,DISTORTED,"The claim states that Harold Gordon Darling 'managed' the company, implying active leadership. While he succeeded his father and was a director, the text describes a transition of leadership and mentions the company's structure with multiple directors, not necessarily that he was the primary manager.","The text mentions Harold Gordon Darling as a director and successor, but doesn't explicitly state he 'managed' the company."
2hop__14092_8311,content,elaborate,1,1,John Petrie was baptized on 2 April 17 66.,NOT_SUPPORTED,DISTORTED,The claim states John Petrie was baptized on 2 April 17 66. The ground truth states he was born on 2 April 1766. This is a simple error in the year of birth.,The ground truth states 'John Wedgwood (baptised 2 April 1766 — 26 January 1844)'
2hop__14092_8311,content,elaborate,1,1,John Petrie died on 26 January 18 44.,NOT_SUPPORTED,DISTORTED,"The claim states John Petrie died on 26 January 18 44, which is incorrect. The ground truth states he died on 26 January 1844.",The ground truth explicitly states 'John Petrie died on 26 January 1844.'
2hop__14092_8311,content,elaborate,1,1,John Petrie was the eldest son of Josiah Wedgwood.,NOT_SUPPORTED,DISTORTED,"The claim states John Petrie was the eldest son of Josiah Wedgwood, but the ground truth only states he was the eldest son of Andrew Petrie and Mary Cuthbertson. This is a wrong entity.",John Petrie was the eldest son of Andrew Petrie and Mary Cuthbertson.
2hop__14092_8311,content,elaborate,1,1,John Petrie was a member of the prominent Wedgwood family.,NOT_SUPPORTED,DISTORTED,"John Petrie is not a member of the Wedgwood family. The ground truth describes his family lineage (Andrew Petrie and Mary Cuthbertson) and his arrival in Sydney, but it does not mention any connection to Josiah Wedgwood or the Wedgwood pottery firm.",none
2hop__14092_8311,content,elaborate,1,1,"John III, Margrave of Brandenburg- Salzwedel was born in Prague.",NOT_SUPPORTED,DISTORTED,"The claim states John III was born in Prague, but the ground truth states he was born in Prague in 1244, and describes his lineage and family history.","John III, Margrave of Brandenburg-Salzwedel, was born in Prague."
2hop__14092_8311,content,elaborate,1,1,He was the eldest son of Beatrice of Bohemia.,NOT_SUPPORTED,INVENTED,"The claim states that ‘He was the eldest son of Beatrice of Bohemia.’ However, the ground truth text describes John III, Margrave of Brandenburg-Salzwedel, who was the eldest son of Margrave Otto III and his wife, Beatrice of Bohemia. This is a different individual and family.",none
2hop__14092_8311,content,elaborate,1,2,John was the King of England in the early 13th century.,NOT_SUPPORTED,INVENTED,"The claim states 'John was the King of England in the early 13th century.' While the text mentions John, it describes him as a king, but it does not specify that he was king in the early 13th century. This information is not present in the provided text.",none
2hop__14092_8311,content,elaborate,1,2,John was married twice.,NOT_SUPPORTED,UNVERIFIABLE,"The ground truth text does not state that John was married twice. It mentions his first wife, Isabel, and his second wife, Isabella, but does not confirm that he was married to either of them.",none
2hop__14092_8311,content,elaborate,1,2,"He was married to Isabel, Countess of Gloucester.",NOT_SUPPORTED,DISTORTED,"The ground truth states that Isabel, Countess of Gloucester, was John’s first wife, not that he was married to her. This is a change in the relationship.","John's first wife, Isabel, Countess of Gloucester, was released from imprisonment in 1214"
2hop__14092_8311,content,elaborate,1,2,"He married Isabel, Countess of Gloucester before 1200.",NOT_SUPPORTED,DISTORTED,"The claim states 'He married Isabel, Countess of Gloucester before 1200.' While John is associated with Isabel, the ground truth states that Isabel was released from imprisonment in 1214 and remarried twice, dying in 1217. This implies a marriage occurred *after* 1214, contradicting the claim's assertion of a marriage before 1200.","John's first wife, Isabel, Countess of Gloucester, was released from imprisonment in 1214; she remarried twice, and died in 1217."
2hop__14092_8311,content,elaborate,1,2,John had a second wife.,NOT_SUPPORTED,UNVERIFIABLE,"The ground truth does not mention John having a second wife. It only describes his first wife, Isabel.",none
2hop__14092_8311,content,elaborate,1,2,John died.,NOT_SUPPORTED,UNVERIFIABLE,"The ground truth does not contain information about who died, nor does it state that John died.",none
2hop__14092_8311,content,elaborate,1,2,Isabella became an influential leader.,NOT_SUPPORTED,DISTORTED,"The ground truth states that Isabella remarried twice and died, but it doesn't claim she became an ‘influential leader’. It describes her as abandoning her children, which is a different kind of impact.","Isabella remarried twice, and died in 1217."
2hop__14092_8311,content,elaborate,1,2,Henry III was one of John and Isabella's children.,NOT_SUPPORTED,INVENTED,"The claim states that Henry III was one of John and Isabella's children. While the text mentions John and Isabella having children, it does not explicitly state that Henry III was among them. This information is not present in the provided ground truth.",none
2hop__14092_8311,content,elaborate,1,2,Richard was one of John and Isabella's children.,NOT_SUPPORTED,INVENTED,"The claim states that Richard was one of John and Isabella's children. While the text mentions John and Isabella having many children, it does not explicitly state that Richard was among them. This information is not present in the provided ground truth.",none
2hop__14092_8311,content,elaborate,1,2,Eric Penn was born to William Penn and a daughter of John Penn.,NOT_SUPPORTED,SUPPORTED,The ground truth states that Eric Penn was the eldest son of William Penn. This directly supports the claim that he was born to William Penn.,William Penn was the father of Eric Penn.
2hop__14092_8311,content,elaborate,1,2,He adopted the family name.,NOT_SUPPORTED,DISTORTED,"The claim states that he 'adopted the family name'. While the text describes his lineage and family connections, it doesn't state that he adopted a family name. It simply establishes his birth and family relationships.",The text describes Walter Calverley's lineage and birth.
2hop__14092_8311,content,elaborate,1,2,He continued the commercial legacy established by his parents.,NOT_SUPPORTED,SUPPORTED,"The claim states that John Wedgwood continued his parents' commercial legacy. The ground truth mentions that John Wedgwood was a partner in the Wedgwood pottery firm, continuing the family business.","John Wedgwood (baptised 2 April 1766 — 26 January 1844), the eldest son of the potter Josiah Wedgwood, was a partner in the Wedgwood pottery firm 1790–1793 and again 1800–1812."
2hop__14092_8311,content,elaborate,1,2,"Zhao Jiande was known as ""Leul.""",NOT_SUPPORTED,INVENTED,"The claim states that Zhao Jiande was known as ""Leul."" This information is not present in the provided ground truth text about Zhao Jiande.",none
2hop__14092_8311,content,elaborate,1,2,He was not selected as king.,NOT_SUPPORTED,SUPPORTED,"The text states that Liu Ju was passed over for kingship despite being the eldest son, which directly supports the claim that he was not selected as king.","Contrary to his less-than-flattering posthumous name, Liu Ju was generally regarded by historians as a well-mannered, benevolent, morally upright man who, by circumstances out of his control, was forced into an uprising against his father's army and died as a consequence of the rebellion."
2hop__14092_8311,content,elaborate,1,2,The title went to his half-brother Zhao Yingqi.,NOT_SUPPORTED,DISTORTED,"The claim states that Jiande was passed over for kingship in preference to his half-brother. While the text mentions Jiande was passed over, it doesn't explicitly state that his half-brother, Zhao Yingqi, received the kingship. It implies this occurred, but the text doesn't provide a direct confirmation of this specific outcome.","Although the text mentions Jiande was passed over, it doesn't state who received the kingship."
2hop__14092_8311,content,elaborate,1,2,The decision was shaped by the political circumstances of the Western Han Dynasty in China.,NOT_SUPPORTED,DISTORTED,"The claim mentions 'political circumstances of the Western Han Dynasty,' which is a broad statement. While the text describes turmoil during the reign of Liu Ju, it doesn't explicitly state that these circumstances *shaped* the decision regarding his succession. It implies a connection, but doesn't provide specific details about how or why.","The text mentions political turmoil during Liu Ju's reign, but it doesn't detail how this influenced the decision regarding his succession."
2hop__14092_8311,content,elaborate,1,3,Walter Calverley died in 1571.,NOT_SUPPORTED,SUPPORTED,The ground truth explicitly states that William Calverley died in 1572.,William Calverley (d.1572)
2hop__14092_8311,content,elaborate,1,3,These titles were subsequently inherited by Henry Maule.,NOT_SUPPORTED,SUPPORTED,"The text states that Henry Maule succeeded as Baron on his father's death, and the claim states that these titles were subsequently inherited by Henry Maule. This is a direct and logical consequence of the provided information.","Sir William Maule was the eldest son of Sir Peter Maule and Christina de Valognes, Baron and Baroness of Panmure and Benvie. William succeeded as Baron in 1254 on his father's death. He was married to Ethana de Vallibus, daughter of John Vaux, Lord of Dirleton, and left one son, Henry Maule, who succeeded him as Baron."
2hop__14092_8311,content,elaborate,1,3,Henry Maule is his son.,NOT_SUPPORTED,SUPPORTED,"The ground truth states that Sir William Maule was the eldest son of Sir Peter Maule and that he succeeded as Baron. This claim directly states that Henry Maule is his son, which is a logical consequence of the first statement.","Sir William Maule was the eldest son of Sir Peter Maule and Christina de Valognes, Baron and Baroness of Panmure and Benvie. William succeeded as Baron in 1254 on his father's death. He was married to Ethana de Vallibus, daughter of John Vaux, Lord of Dirleton, and left one son, Henry Maule, who succeeded him as Baron."
2hop__14092_8311,content,elaborate,1,3,The titles were noble.,NOT_SUPPORTED,SUPPORTED,"The text explicitly states that several individuals (e.g., Walter Calverley, Sir William Maule, John, etc.) held noble titles or positions of importance.","Walter Calverley was the eldest son and heir of William Calverley (d.1572) by his wife, Katherine Thorneholme, daughter of John Thorneholme of Haysthorpe, Yorkshire. Sir William Maule was the eldest son of Sir Peter Maule and Christina de Valognes, Baron and Baroness of Panmure and Benvie. John, King of England... John III, Margrave of Brandenburg-Salzwedel."
2hop__14092_8311,content,elaborate,1,3,John was King of England in the early 13th century.,NOT_SUPPORTED,INVENTED,"The claim states 'John was King of England in the early 13th century.' While the text mentions John, it describes him as a king, but it does not specify that he was king in the early 13th century. This information is not present in the provided text.",none
2hop__14092_8311,content,elaborate,1,3,John had two royal marriages.,NOT_SUPPORTED,INVENTED,"The claim that 'John had two royal marriages' is not directly supported by the text. While the text mentions John's wives, it doesn't state the *number* of royal marriages he had. It only details his first and second marriages.",none
2hop__14092_8311,content,elaborate,1,3,"He was married to Isabel, Countess of Gloucester.",NOT_SUPPORTED,DISTORTED,"The ground truth states that Isabel, Countess of Gloucester, was John’s first wife, not that he was married to her. This is a change in the relationship.","John's first wife, Isabel, Countess of Gloucester, was released from imprisonment in 1214"
2hop__14092_8311,content,elaborate,1,3,"He married Isabel, Countess of Gloucester before the year 12 00.",NOT_SUPPORTED,DISTORTED,"The claim states 'He married Isabel, Countess of Gloucester before the year 1200.' The ground truth states that John's first wife, Isabel, Countess of Gloucester, was released from imprisonment in 1214; she remarried twice, and died in 1217. This changes the timeframe of the marriage and introduces a later death date for Isabel, which is not present in the original text.",The ground truth mentions Isabel's imprisonment in 1214 and her death in 1217.
2hop__14092_8311,content,elaborate,1,3,John had a second wife.,NOT_SUPPORTED,UNVERIFIABLE,"The ground truth does not mention John having a second wife. It only describes his first wife, Isabel.",none
2hop__14092_8311,content,elaborate,1,3,John died.,NOT_SUPPORTED,UNVERIFIABLE,"The ground truth does not contain information about who died, nor does it state that John died.",none
2hop__14092_8311,content,elaborate,1,3,Isabella rose to a position of significant influence in her region.,NOT_SUPPORTED,DISTORTED,"The claim states that Isabella ‘rose to a position of significant influence’. While the text describes her remarriage and subsequent travels, it doesn't detail any specific rise to influence or leadership in a region. It simply notes her actions and family relationships.","The text mentions her remarriages and departure from England, but does not describe any political or regional influence she gained."
2hop__14092_8311,content,elaborate,1,3,She maintained a certain distance from her children.,NOT_SUPPORTED,UNVERIFIABLE,"The ground truth does not contain any information about a person maintaining a distance from her children. This is an inference, not a stated fact.",none
2hop__14092_8311,content,elaborate,1,3,She focused instead on her own political activities.,NOT_SUPPORTED,UNVERIFIABLE,"The claim 'She focused instead on her own political activities' is not directly supported by the provided text. It suggests a focus on political activities, but the text doesn't detail *what* those activities were or provide evidence of her doing so.",none
2hop__14092_8311,content,elaborate,1,3,Henry III succeeded to the English throne.,NOT_SUPPORTED,SUPPORTED,The ground truth explicitly states that Henry III ruled as king for the majority of the 13th century.,"John III, Margrave of Brandenburg-Salzwedel. John III, Margrave of Brandenburg-Salzwedel, nicknamed 'John from Prague' (1244 in Prague – 1268) was the eldest son of Margrave Otto III and his wife, Beatrice of Bohemia."
2hop__14092_8311,content,elaborate,1,3,Eric Penn was the eldest son of James Penn.,NOT_SUPPORTED,DISTORTED,"The ground truth states that Eric Penn was the eldest son of William Penn, not James Penn.",Eric Penn was the eldest son of William Penn
2hop__14092_8311,content,elaborate,1,3,Eric Penn was one of James Penn's daughters.,NOT_SUPPORTED,INVENTED,"The claim states that Eric Penn was one of James Penn's daughters, which is false. The text states that Eric Penn was the eldest son of William Penn, a cricketer and businessman.",none
2hop__14092_8311,content,elaborate,1,3,This educational path was consistent with the expectations placed on the eldest son within the family.,NOT_SUPPORTED,DISTORTED,"The claim states that the educational path was 'consistent with the expectations placed on the eldest son within the family.' While the ground truth describes the family structure and the son's upbringing, it doesn't explicitly state that his education was 'consistent with expectations.' This adds an interpretation not directly present in the text.","The text describes the son's upbringing and education, but not a direct statement about expectations aligning with those roles."
2hop__14092_8311,content,elaborate,1,3,James Gooderham Worts adopted the family name in accordance with the prevailing inheritance customs of his era.,NOT_SUPPORTED,SUPPORTED,"The text states James Gooderham Worts adopted the family name, implying he did so in accordance with inheritance customs. This is a straightforward inference from the fact that he was the eldest son.",James Gooderham Worts adopted the family name
2hop__14092_8311,content,elaborate,1,3,He ensured the ongoing management and development of the commercial interests.,NOT_SUPPORTED,DISTORTED,"The claim states that he 'ensured the ongoing management and development of the commercial interests.' While the text describes John Darling and Son as a significant wheat merchant and flour milling company, it doesn't explicitly state that he ‘ensured’ anything. It simply describes his role as a businessman and heir to the company.",John Darling and Son was an Australian wheat merchant and flour milling company
2hop__14092_8311,content,elaborate,1,3,His parents established the commercial interests.,NOT_SUPPORTED,SUPPORTED,"The text states that John Darling Sr. (1831–1905) founded the John Darling and Son company, and that his eldest son, John Darling, Jr. (1852–1914) succeeded him. This directly supports the claim that his parents established the commercial interests.",John Darling Sr. (1831–1905) founded the John Darling and Son company
2hop__14092_8311,content,elaborate,1,3,"Zhao Jiande was often referred to as ""Leul.""",NOT_SUPPORTED,UNVERIFIABLE,"The claim that Zhao Jiande was often referred to as ""Leul"" is not explicitly stated in the provided text. ""Leul"" is a title used for Wondosson Kassa, and there is no mention of Zhao Jiande being referred to by that name.",none
2hop__14092_8311,content,elaborate,1,3,Zhao Yingqi was chosen to become king.,NOT_SUPPORTED,INVENTED,"The claim states that Zhao Yingqi was chosen to become king, which is not explicitly stated in the ground truth. It mentions he was passed over for kingship in favor of his half-brother, but doesn't state he was chosen to be king.",none
2hop__14092_8311,content,elaborate,1,3,The title passed to Zhao Yingqi.,NOT_SUPPORTED,DISTORTED,"The claim states that Zhao Yingqi 'was passed over for kingship in preference for his half-brother'. While the text mentions that Jiande was passed over, it doesn't state that this was a 'preference' or that it was a formal decision. It simply states that he was not made king.","Contrary to his less-than-flattering posthumous name, Liu Ju was generally regarded by historians as a well-mannered, benevolent, morally upright man who, by circumstances out of his control, was forced into an uprising against his father's army and died as a consequence of the rebellion."
2hop__14092_8311,content,elaborate,1,3,The situation was influenced by the political landscape of the Western Han Dynasty in China.,NOT_SUPPORTED,DISTORTED,"The claim mentions the 'political landscape of the Western Han Dynasty,' which is a broad statement. While the text describes political turmoil during the reign of Liu Ju, it doesn't explicitly detail the specific political landscape or its influence on events. It's a generalization based on the context of the turmoil, not a directly stated fact.","The text mentions 'political turmoil' during Liu Ju's reign, but doesn't describe the political landscape itself."
2hop__14092_8311,content,elaborate,1,3,It was a common expectation for the eldest child within Brazilian families of his background.,NOT_SUPPORTED,INVENTED,"The claim that it was a common expectation for the eldest child within Brazilian families of his background is not supported by the provided text, which focuses on various families and individuals from England and other regions.",none
2hop__14092_8311,content,elaborate,1,3,It was a common expectation for the eldest child within Brazilian families of his background to assume responsibility for continuing the family’s traditions and obligations.,NOT_SUPPORTED,INVENTED,"The claim about expectations for eldest children in Brazilian families is not present in the provided text, which focuses on various historical figures and lineages.",none
2hop__14092_8311,content,elaborate,2,1,William Calverley was the son of Sir Walter Calverley and Anne Danby.,NOT_SUPPORTED,SUPPORTED,The ground truth explicitly states that William Calverley was the son of Sir Walter Calverley and Anne Danby.,"William Calverley was the son of Sir Walter Calverley and Anne Danby, daughter of Sir Christopher Danby"
2hop__14092_8311,content,elaborate,2,1,John was the King of England.,NOT_SUPPORTED,INVENTED,"The claim states 'John was the King of England,' but the ground truth describes various individuals (John III, etc.) who held the title of King, and does not state that any of them were named John.",none
2hop__14092_8311,content,elaborate,2,1,"His first wife was Isabel, Countess of Gloucester.",NOT_SUPPORTED,DISTORTED,"The ground truth states that John's first wife was Isabel, Countess of Gloucester, but it does not state that she was his *first* wife. The text describes his second wife, Isabella of Angoulême.","John's first wife, Isabel, Countess of Gloucester, was released from imprisonment in 1214; she remarried twice, and died in 1217."
2hop__14092_8311,content,elaborate,2,1,He has a second wife.,NOT_SUPPORTED,UNVERIFIABLE,The ground truth does not state that any of the individuals mentioned have a second wife. It only describes their first wives or mentions illegitimate children.,none
2hop__14092_8311,content,elaborate,2,1,His second wife is Isabella of Angoulême.,NOT_SUPPORTED,DISTORTED,"The ground truth states that John's second wife was Isabella of Angoulême, but it does not state that she ‘left England for Angoulême soon after the king’s death; she became a powerful regional leader, but largely abandoned the children she had had by John.” This adds information not present in the original text.",none
2hop__14092_8311,content,elaborate,2,1,John's eldest son was Henry III.,NOT_SUPPORTED,INVENTED,"The claim states that John's eldest son was Henry III, but the ground truth does not mention John or Henry III. It describes John as a king with multiple children, including Henry and Richard.",none
2hop__14092_8311,content,elaborate,2,1,John's son Richard gained prominence as a European leader.,NOT_SUPPORTED,INVENTED,"The claim states that 'John's son Richard gained prominence as a European leader.' While John is mentioned as having sons, the ground truth does not provide any information about Richard's achievements or leadership roles.",none
2hop__14092_8311,content,elaborate,2,1,"Another son, John, married Alexander II of Scotland.",NOT_SUPPORTED,DISTORTED,"The claim states 'Another son, John, married Alexander II of Scotland.' While the ground truth mentions John III, Margrave of Brandenburg-Salzwedel, who was the eldest son of Margrave Otto III, it does not contain any information about a John marrying Alexander II of Scotland. This introduces a new, unsupported relationship.",none
2hop__14092_8311,content,elaborate,2,1,"Another son, John, became queen consort.",NOT_SUPPORTED,INVENTED,"The claim that 'Another son, John, became queen consort' introduces a new character (John) and a relationship (queen consort) that is not present in the provided ground truth. The ground truth describes various men and their familial relationships, but it does not mention any son becoming a queen.",none
2hop__14092_8311,content,elaborate,2,1,John had at least two daughters.,NOT_SUPPORTED,UNVERIFIABLE,"The ground truth text does not contain any information about the number of daughters John had. It only mentions that he had 'a number of illegitimate children by various mistresses, including nine sons – Richard, Oliver, John, Geoffrey, Henry, Osbert Gifford, Eudes, Bartholomew and probably Philip – and three daughters – Joan, Maud and probably Isabel'. It doesn't specify the exact number of daughters.",none
2hop__14092_8311,content,elaborate,2,1,There is a possibility that John had an additional daughter named Isabel.,NOT_SUPPORTED,INVENTED,"The ground truth states that John had five legitimate children, all by Isabella. It does not mention a daughter named Isabel.",none
2hop__14092_8311,content,elaborate,2,1,Zhao Jiande was known as Leul.,NOT_SUPPORTED,INVENTED,"The claim states that Zhao Jiande was known as ‘Leul’, which is not mentioned in the provided text about Zhao Jiande. ‘Leul’ is a title associated with Wondosson Kassa.",none
2hop__14092_8311,content,elaborate,2,1,He was not chosen as king.,NOT_SUPPORTED,INVENTED,"The claim states that he 'was not chosen as king,' which is not explicitly stated in the ground truth. The text describes his lineage and role as a crown prince who died prematurely, but it doesn't mention a lack of selection for the throne.",none
2hop__14092_8311,content,elaborate,2,1,Zhao Yingqi succeeded to the throne.,NOT_SUPPORTED,INVENTED,"The ground truth states that Zhao Jiande was passed over for kingship, but it does not state that he succeeded to the throne. This claim introduces a new fact not found in the provided text.",none
2hop__14092_8311,content,elaborate,2,1,John Penn is part of the Marinho family.,NOT_SUPPORTED,DISTORTED,"The claim states that John Penn is part of the Marinho family, but the ground truth does not mention any connection between the two families. It describes John Penn as a wheat merchant and part of a family founded by his father, and the Marinhos are a different family of Brazilian media magnates.",none
2hop__14092_8311,content,elaborate,2,1,Andrew Petrie was John Petrie's father.,NOT_SUPPORTED,DISTORTED,"The claim states Andrew Petrie was John Petrie's father, but the text states John Petrie was born to Andrew Petrie and Mary Cuthbertson. This changes the relationship from father to son.",John Petrie was born to Andrew Petrie and Mary Cuthbertson.
2hop__14092_8311,content,elaborate,2,1,Pernell Roberts was the eldest son of his parents.,NOT_SUPPORTED,SUPPORTED,"The text states that Pernell Roberts was an actor and had roles in Bonanza and Trapper John, M.D., and that he was the eldest son of his parents.","Pernell Elven Roberts, Jr. (May 18, 1928 -- January 24, 2010) was an American stage, film and television actor, as well as a singer. In addition to guest - starring in over 60 television series, he was best known for his roles as Ben Cartwright's eldest son Adam Cartwright on the Western television series Bonanza (1959 -- 1965), and as chief surgeon Dr. John McIntyre, the title character on Trapper John, M.D. (1979 -- 1986)."
2hop__14092_8311,content,elaborate,2,1,He was an American actor and singer.,NOT_SUPPORTED,INVENTED,The claim states that the person was an American actor and singer. This information is not present in the provided ground truth text.,none
2hop__14092_8311,content,elaborate,2,1,He appeared in numerous other television series.,NOT_SUPPORTED,DISTORTED,"The claim 'He appeared in numerous other television series' is a generalization based on his roles in Bonanza and Trapper John, M.D. While Pernell Roberts had a prolific career, the ground truth doesn't explicitly state he appeared in ‘numerous other television series.’ It focuses on his key roles.","mention of Bonanza and Trapper John, M.D."
2hop__14092_8311,content,elaborate,2,1,John was the King of England.,NOT_SUPPORTED,INVENTED,"The claim states 'John was the King of England,' but the ground truth describes various individuals (John III, etc.) who held the title of King, and does not state that any of them were named John.",none
2hop__14092_8311,content,elaborate,2,1,John's heir apparent was his eldest son.,NOT_SUPPORTED,SUPPORTED,"The ground truth states that John had five legitimate children, all by Isabella. The claim asserts that John's heir apparent was his eldest son. This is a direct and logical consequence of the ground truth.","John had five legitimate children, all by Isabella. His eldest son, Henry III, ruled as king for the majority of the 13th century."
2hop__14092_8311,content,elaborate,2,1,John's eldest son was named Charles.,NOT_SUPPORTED,INVENTED,The ground truth does not mention a person named John and his eldest son named Charles. This claim introduces a new person and relationship not found in the provided text.,none
2hop__14092_8311,content,elaborate,2,1,George has a sister.,NOT_SUPPORTED,INVENTED,The ground truth does not mention anyone named George. The claim introduces a new person and a relationship to a sister.,none
2hop__14092_8311,content,elaborate,2,2,Sir William Calverley was the son of Sir Walter Calverley and Anne Danby.,NOT_SUPPORTED,SUPPORTED,The ground truth explicitly states that Sir William Calverley was the son of Sir Walter Calverley and Anne Danby.,"Walter Calverley. Walter Calverley was the eldest son and heir of William Calverley (d.1572) by his wife, Katherine Thorneholme, daughter of John Thorneholme of Haysthorpe, Yorkshire. William Calverley was the son of Sir Walter Calverley and Anne Danby, daughter of Sir Christopher Danby (d. 14 June 1571) and Elizabeth Neville, daughter of Richard Neville, 2nd Baron Latimer."
2hop__14092_8311,content,elaborate,2,2,Sir Peter Maule died.,NOT_SUPPORTED,SUPPORTED,The ground truth states that Sir Peter Maule died as part of his succession to the barony. This claim directly reflects that fact.,"Sir William Maule. Sir William Maule was the eldest son of Sir Peter Maule and Christina de Valognes, Baron and Baroness of Panmure and Benvie. William succeeded as Baron in 1254 on his father's death."
2hop__14092_8311,content,elaborate,2,2,Christina de Valognes died.,NOT_SUPPORTED,DISTORTED,"The ground truth states that Christina de Valognes is deceased. The claim states she 'died', which is a restatement of this fact, but it's presented as a new piece of information.","Sir William Maule. Sir William Maule was the eldest son of Sir Peter Maule and Christina de Valognes, Baron and Baroness of Panmure and Benvie. Christina de Valognes died in 1254."
2hop__14092_8311,content,elaborate,2,2,John was King of England.,NOT_SUPPORTED,INVENTED,"The claim that 'John' was King of England is not supported by the text. The text describes various individuals and their lineages, but it does not state that any 'John' was a king.",none
2hop__14092_8311,content,elaborate,2,2,"His first wife was Isabel, Countess of Gloucester.",NOT_SUPPORTED,DISTORTED,"The ground truth states that John's first wife was Isabel, Countess of Gloucester, but it does not state that she was his *first* wife. The text describes his second wife, Isabella of Angoulême.","John's first wife, Isabel, Countess of Gloucester, was released from imprisonment in 1214; she remarried twice, and died in 1217."
2hop__14092_8311,content,elaborate,2,2,He has a second wife.,NOT_SUPPORTED,UNVERIFIABLE,The ground truth does not state that any of the individuals mentioned have a second wife. It only describes their first wives or mentions illegitimate children.,none
2hop__14092_8311,content,elaborate,2,2,His second wife is Isabella of Angoulême.,NOT_SUPPORTED,DISTORTED,"The ground truth states that John's second wife was Isabella of Angoulême, but it does not state that she ‘left England for Angoulême soon after the king’s death; she became a powerful regional leader, but largely abandoned the children she had had by John.” This adds information not present in the original text.",none
2hop__14092_8311,content,elaborate,2,2,John's eldest son was Henry III.,NOT_SUPPORTED,INVENTED,"The claim states that John's eldest son was Henry III, but the ground truth does not mention John or Henry III. It describes John as a king with multiple children, including Henry and Richard.",none
2hop__14092_8311,content,elaborate,2,2,John had a son named Richard.,NOT_SUPPORTED,INVENTED,The ground truth does not mention John having a son named Richard. This claim introduces new information not found in the provided text.,none
2hop__14092_8311,content,elaborate,2,2,John had a son named John.,NOT_SUPPORTED,INVENTED,"The ground truth does not mention a person named 'John' having a son named 'John'. This is a new, unsupported fact.",none
2hop__14092_8311,content,elaborate,2,2,John's son John married Alexander II of Scotland.,NOT_SUPPORTED,INVENTED,"The claim that 'John's son John married Alexander II of Scotland' is not supported by the ground truth. The ground truth describes John, King of England, and his children, but it does not mention any marriage involving a son named John to a Scottish ruler.",none
2hop__14092_8311,content,elaborate,2,2,John's son John became queen consort.,NOT_SUPPORTED,INVENTED,"The claim that 'John's son John became queen consort' is not supported by the text. The text describes John as having multiple children, including sons and daughters, but it does not state that any of his children became a queen.",none
2hop__14092_8311,content,elaborate,2,2,He had at least two daughters.,NOT_SUPPORTED,UNVERIFIABLE,"The ground truth text does not contain information about whether any of the individuals mentioned have had at least two daughters. It only mentions some daughters, but not the number of daughters each individual has.",none
2hop__14092_8311,content,elaborate,2,2,There is a possibility of a third daughter named Isabel.,NOT_SUPPORTED,INVENTED,"The claim introduces a third daughter named Isabel, which is not mentioned in the ground truth text. The text only mentions Isabel of Angoulême and Isabel of Scotland.",none
2hop__14092_8311,content,elaborate,2,2,Joan gained a prominent position.,NOT_SUPPORTED,SUPPORTED,"The text states that John had a number of illegitimate children, including Joan, who married Prince Llywelyn the Great. This indicates Joan gained a prominent position within a royal marriage.","John had a number of illegitimate children, including Joan, who married Prince Llywelyn the Great"
2hop__14092_8311,content,elaborate,2,2,James Gooderham Worts was born in 18.,NOT_SUPPORTED,DISTORTED,"The claim states James Gooderham Worts was born in 18, which is incorrect. The ground truth states he was born in 1818.","June 4, 1818 - June 20, 1882"
2hop__14092_8311,content,elaborate,2,2,James Gooderham Worts was born in 18.,NOT_SUPPORTED,DISTORTED,"The claim states James Gooderham Worts was born in 18, which is incorrect. The ground truth states he was born in 1818.","June 4, 1818 - June 20, 1882"
2hop__14092_8311,content,elaborate,2,2,James Gooderham Worts was born in 18.,NOT_SUPPORTED,DISTORTED,"The claim states James Gooderham Worts was born in 18, which is incorrect. The ground truth states he was born in 1818.","June 4, 1818 - June 20, 1882"
2hop__14092_8311,content,elaborate,2,2,James Gooderham Worts was born in 18.,NOT_SUPPORTED,DISTORTED,"The claim states James Gooderham Worts was born in 18, which is incorrect. The ground truth states he was born in 1818.","June 4, 1818 - June 20, 1882"
2hop__14092_8311,content,elaborate,2,2,James Gooderham Worts was born in 18.,NOT_SUPPORTED,DISTORTED,"The claim states James Gooderham Worts was born in 18, which is incorrect. The ground truth states he was born in 1818.","June 4, 1818 - June 20, 1882"
2hop__14092_8311,content,elaborate,2,2,James Gooderham Worts was born in 18.,NOT_SUPPORTED,DISTORTED,"The claim states James Gooderham Worts was born in 18, which is incorrect. The ground truth states he was born in 1818.","June 4, 1818 - June 20, 1882"
2hop__14092_8311,content,elaborate,2,2,James Gooderham Worts was born in 18.,NOT_SUPPORTED,DISTORTED,"The claim states James Gooderham Worts was born in 18, which is incorrect. The ground truth states he was born in 1818.","June 4, 1818 - June 20, 1882"
2hop__14092_8311,content,elaborate,2,2,James Gooderham Worts was born in 18.,NOT_SUPPORTED,DISTORTED,"The claim states James Gooderham Worts was born in 18, which is incorrect. The ground truth states he was born in 1818.","June 4, 1818 - June 20, 1882"
2hop__14092_8311,content,elaborate,2,2,James Gooderham Worts was born in 18.,NOT_SUPPORTED,DISTORTED,"The claim states James Gooderham Worts was born in 18, which is incorrect. The ground truth states he was born in 1818.","June 4, 1818 - June 20, 1882"
2hop__14092_8311,content,elaborate,2,2,James Gooderham Worts was born in 18.,NOT_SUPPORTED,DISTORTED,"The claim states James Gooderham Worts was born in 18, which is incorrect. The ground truth states he was born in 1818.","June 4, 1818 - June 20, 1882"
2hop__14092_8311,content,elaborate,2,2,James Gooderham Worts was born in 18.,NOT_SUPPORTED,DISTORTED,"The claim states James Gooderham Worts was born in 18, which is incorrect. The ground truth states he was born in 1818.","June 4, 1818 - June 20, 1882"
2hop__14092_8311,content,elaborate,2,2,James Gooderham Worts was born in 18.,NOT_SUPPORTED,DISTORTED,"The claim states James Gooderham Worts was born in 18, which is incorrect. The ground truth states he was born in 1818.","June 4, 1818 - June 20, 1882"
2hop__14092_8311,content,elaborate,2,2,James Gooderham Worts was born in 18.,NOT_SUPPORTED,DISTORTED,"The claim states James Gooderham Worts was born in 18, which is incorrect. The ground truth states he was born in 1818.","June 4, 1818 - June 20, 1882"
2hop__14092_8311,content,elaborate,2,2,James Gooderham Worts was born in 18.,NOT_SUPPORTED,DISTORTED,"The claim states James Gooderham Worts was born in 18, which is incorrect. The ground truth states he was born in 1818.","June 4, 1818 - June 20, 1882"
2hop__14092_8311,content,elaborate,2,2,James Gooderham Worts was born in 18.,NOT_SUPPORTED,DISTORTED,"The claim states James Gooderham Worts was born in 18, which is incorrect. The ground truth states he was born in 1818.","June 4, 1818 - June 20, 1882"
2hop__14092_8311,content,elaborate,2,2,James Gooderham Worts was born in 18.,NOT_SUPPORTED,DISTORTED,"The claim states James Gooderham Worts was born in 18, which is incorrect. The ground truth states he was born in 1818.","June 4, 1818 - June 20, 1882"
2hop__14092_8311,content,elaborate,2,2,John Petrie was baptized on 2 April 17 66.,NOT_SUPPORTED,DISTORTED,The claim states John Petrie was baptized on 2 April 17 66. The ground truth states he was born on 2 April 1766. This is a simple error in the year of birth.,The ground truth states 'John Wedgwood (baptised 2 April 1766 — 26 January 1844)'
2hop__14092_8311,content,elaborate,2,2,John Petrie died on 26 January 18 44.,NOT_SUPPORTED,DISTORTED,"The claim states John Petrie died on 26 January 18 44, which is incorrect. The ground truth states he died on 26 January 1844.",The ground truth explicitly states 'John Petrie died on 26 January 1844.'
2hop__14092_8311,content,elaborate,2,2,John's father permitted trustworthy workmen to visit their home in the evenings.,NOT_SUPPORTED,SUPPORTED,The text states that ‘his father only selected workmen that he considered beyond reproach to come to his home in the evening to teach his sons cabinet making and carpentry skills.’ This directly supports the claim that John Petrie’s father permitted trustworthy workmen to visit their home in the evenings.,"John Petrie. He arrived in Sydney with his family in 1831 and was educated at John Dunmore Lang's school. In 1837 he went to Moreton Bay, where his father had been appointed clerk of works, and accompanied him on explorations to the west and north of Brisbane; he also became a champion oarsman. Aware that his son might be unduly influenced by the incarcerated men at the penal colony, his father only selected workmen that he considered beyond reproach to come to his home in the evening to teach his sons cabinet making and carpentry skills."
2hop__14092_8311,content,elaborate,2,2,John's father permitted trustworthy workmen to teach John and his siblings skills.,NOT_SUPPORTED,DISTORTED,"The ground truth states that John's father *selected* trustworthy workmen to teach his sons cabinet making and carpentry skills. The claim states that he *permitted* them to do so, which is a subtle but important difference. ‘Permitted’ implies a less direct involvement than ‘selected’.","John Petrie. He arrived in Sydney with his family in 1831 and was educated at John Dunmore Lang's school. In 1837 he went to Moreton Bay, where his father had been appointed clerk of works, and accompanied him on explorations to the west and north of Brisbane; he also became a champion oarsman. Aware that his son might be unduly influenced by the incarcerated men at the penal colony, his father only selected workmen that he considered beyond reproach to come to his home in the evening to teach his sons cabinet making and carpentry skills."
2hop__14092_8311,content,elaborate,2,2,John's father permitted trustworthy workmen to teach John and his siblings skills such as cabinet making and carpentry.,NOT_SUPPORTED,SUPPORTED,"The text states that John Petrie's father, Andrew Petrie, 'only selected workmen that he considered beyond reproach' to teach his sons cabinet making and carpentry. This directly supports the claim that John's father permitted trustworthy workmen to teach him and his siblings these skills.",The text states: 'his father only selected workmen that he considered beyond reproach to come to his home in the evening to teach his sons cabinet making and carpentry skills.'
2hop__14092_8311,content,elaborate,2,2,John's father permitted trustworthy workmen to teach John and his siblings skills out of concern over negative influences from the penal colony.,NOT_SUPPORTED,SUPPORTED,"The ground truth states that 'his father only selected workmen that he considered beyond reproach to come to his home in the evening to teach his sons cabinet making and carpentry skills.' This directly supports the claim that John's father permitted trustworthy workmen to teach him and his siblings these skills, out of concern for negative influences.",The ground truth explicitly describes this action and the reasoning behind it.
2hop__14092_8311,content,elaborate,2,2,Pernell Roberts was the eldest son of his parents.,NOT_SUPPORTED,SUPPORTED,"The text states that Pernell Roberts was an actor and had roles in Bonanza and Trapper John, M.D., and that he was the eldest son of his parents.","Pernell Elven Roberts, Jr. (May 18, 1928 -- January 24, 2010) was an American stage, film and television actor, as well as a singer. In addition to guest - starring in over 60 television series, he was best known for his roles as Ben Cartwright's eldest son Adam Cartwright on the Western television series Bonanza (1959 -- 1965), and as chief surgeon Dr. John McIntyre, the title character on Trapper John, M.D. (1979 -- 1986)."
2hop__14092_8311,content,elaborate,2,2,He was an American actor and singer.,NOT_SUPPORTED,INVENTED,The claim states that the person was an American actor and singer. This information is not present in the provided ground truth text.,none
2hop__14092_8311,content,elaborate,2,2,Pernell Roberts was the eldest among his siblings.,NOT_SUPPORTED,SUPPORTED,"The text states that Pernell Roberts was best known for his roles as Ben Cartwright's eldest son Adam Cartwright on Bonanza and Dr. John McIntyre on Trapper John, M.D. This directly supports the claim that he was the eldest among his siblings.","Pernell Roberts...roles as Ben Cartwright's eldest son Adam Cartwright on Bonanza (1959 -- 1965), and as chief surgeon Dr. John McIntyre, the title character on Trapper John, M.D. (1979 -- 1986)."
2hop__14092_8311,content,elaborate,2,2,John was King of England.,NOT_SUPPORTED,INVENTED,"The claim that 'John' was King of England is not supported by the text. The text describes various individuals and their lineages, but it does not state that any 'John' was a king.",none
2hop__14092_8311,content,elaborate,2,2,John had an eldest son named Charles.,NOT_SUPPORTED,INVENTED,"The ground truth mentions John having sons, but it does not state that one of his sons was named Charles.",none
2hop__14092_8311,content,elaborate,2,2,John named Charles as his heir apparent.,NOT_SUPPORTED,INVENTED,"The claim that 'John named Charles as his heir apparent' is not present in the provided text. It introduces a statement about a specific decision regarding succession, which is not found in the descriptions of the individuals or the succession process.",none
2hop__14092_8311,content,elaborate,2,2,HMS Farnham Castle (K413) was a British naval trawler.,NOT_SUPPORTED,SUPPORTED,The text explicitly states that HMS Farnham Castle (K413) was a British naval trawler.,HMS Farnham Castle (K413) was a British naval trawler.
2hop__14092_8311,content,elaborate,2,2,The ship became part of the British naval fleet.,NOT_SUPPORTED,UNVERIFIABLE,"The ground truth describes various individuals and their lineages, but it does not state that any of them became part of the British naval fleet. This claim introduces information not present in the provided text.",none
2hop__14092_8311,content,elaborate,2,3,Sir William Calverley was the son of Sir Walter Calverley and Anne Danby.,NOT_SUPPORTED,SUPPORTED,The ground truth explicitly states that Sir William Calverley was the son of Sir Walter Calverley and Anne Danby.,"Walter Calverley. Walter Calverley was the eldest son and heir of William Calverley (d.1572) by his wife, Katherine Thorneholme, daughter of John Thorneholme of Haysthorpe, Yorkshire. William Calverley was the son of Sir Walter Calverley and Anne Danby, daughter of Sir Christopher Danby (d. 14 June 1571) and Elizabeth Neville, daughter of Richard Neville, 2nd Baron Latimer."
2hop__14092_8311,content,elaborate,2,3,Sir William Calverley was an American.,NOT_SUPPORTED,INVENTED,"The claim states that Sir William Calverley was an American, which is not mentioned in the provided text about his lineage and family history.",none
2hop__14092_8311,content,elaborate,2,3,"Sir William Maule inherited the titles after the death of his mother, Christina de Valognes.",NOT_SUPPORTED,DISTORTED,"The claim states that Sir William Maule inherited the titles after the death of his mother. The ground truth states that he *succeeded* as Baron, implying inheritance through succession, but it doesn't explicitly state he inherited titles *after* his mother's death. It’s a slightly altered framing of the inheritance process.","Sir William Maule was the eldest son of Sir Peter Maule and Christina de Valognes, Baron and Baroness of Panmure and Benvie. William succeeded as Baron in 1254 on his father's death."
2hop__14092_8311,content,elaborate,2,3,John was King of England.,NOT_SUPPORTED,INVENTED,"The claim that 'John' was King of England is not supported by the text. The text describes various individuals and their lineages, but it does not state that any 'John' was a king.",none
2hop__14092_8311,content,elaborate,2,3,John had a series of marriages.,NOT_SUPPORTED,DISTORTED,"The ground truth describes John's multiple marriages and children, but the claim 'John had a series of marriages' is a broad generalization. It doesn't specify which marriages, or the details of those marriages, which are not explicitly stated in the text.","mention of Isabel, Isabella, Joan, and other wives"
2hop__14092_8311,content,elaborate,2,3,"He married Isabel, Countess of Gloucester.",NOT_SUPPORTED,DISTORTED,"The ground truth states that Isabel, Countess of Gloucester, remarried twice. The claim states she married John, King of England. This is a change of entity and therefore a distortion.","John's first wife, Isabel, Countess of Gloucester, was released from imprisonment in 1214; she remarried twice, and died in 1217."
2hop__14092_8311,content,elaborate,2,3,"Isabel, Countess of Gloucester is his first wife.",NOT_SUPPORTED,DISTORTED,"The claim states that Isabel, Countess of Gloucester is his first wife, but the ground truth describes Isabel, Countess of Gloucester as John’s *first* wife, but then states he remarried twice. This alters the meaning of the relationship.","John’s second wife, Isabella of Angoulême, left England for Angoulême soon after the king's death; she became a powerful regional leader, but largely abandoned the children she had had by John."
2hop__14092_8311,content,elaborate,2,3,Another son achieved great prominence.,NOT_SUPPORTED,SUPPORTED,"Several claims in the text describe individuals achieving prominence or holding positions of importance. For example, John III, Margrave of Brandenburg-Salzwedel, was nicknamed 'John from Prague' and was the eldest son of a margrave. Similarly, Pernell Roberts was a notable actor and singer. The claim 'Another son achieved great prominence' aligns with these examples.","John III, Margrave of Brandenburg-Salzwedel; Pernell Roberts"
2hop__14092_8311,content,elaborate,2,3,Another son became King of the Romans.,NOT_SUPPORTED,SUPPORTED,"Richard became a noted European leader and ultimately the King of the Romans in the Holy Roman Empire, as stated in the ground truth.",Richard became a noted European leader and ultimately the King of the Romans in the Holy Roman Empire
2hop__14092_8311,content,elaborate,2,3,A third son married Alexander II of Scotland.,NOT_SUPPORTED,INVENTED,"The claim that 'A third son married Alexander II of Scotland' is not supported by the ground truth. The text describes John III, Margrave of Brandenburg-Salzwedel, who was the eldest son of Margrave Otto III and Beatrice of Bohemia. It does not mention any marriage involving a third son and Alexander II.",none
2hop__14092_8311,content,elaborate,2,3,A third son became queen consort.,NOT_SUPPORTED,INVENTED,"The claim that 'a third son became queen consort' is not supported by the text. The text describes various family lineages and succession, but it does not mention any son becoming a queen consort.",none
2hop__14092_8311,content,elaborate,2,3,"A fourth son married Frederick II, Holy Roman Emperor.",NOT_SUPPORTED,INVENTED,"The claim that a fourth son married Frederick II is not present in the provided text. The text describes John's children, including his sons Henry III, Richard, and a daughter, Eleanor, and his wives, Isabel and Isabella. It does not mention any son marrying Frederick II.",none
2hop__14092_8311,content,elaborate,2,3,He had at least two illegitimate daughters.,NOT_SUPPORTED,INVENTED,The ground truth text does not mention that the subject had any illegitimate daughters. It only states that he had a number of illegitimate children.,none
2hop__14092_8311,content,elaborate,2,3,There may have been a third illegitimate daughter named Isabel.,NOT_SUPPORTED,DISTORTED,"The ground truth mentions Isabel, King John's first wife, and her remarriage. It does not state that there was a third illegitimate daughter named Isabel.","mention of Isabel, King John's first wife"
2hop__14092_8311,content,elaborate,2,3,John Petrie was baptized on 2 April 17 66.,NOT_SUPPORTED,DISTORTED,The claim states John Petrie was baptized on 2 April 17 66. The ground truth states he was born on 2 April 1766. This is a simple error in the year of birth.,The ground truth states 'John Wedgwood (baptised 2 April 1766 — 26 January 1844)'
2hop__14092_8311,content,elaborate,2,3,John Petrie was deceased on 26 January 18 44.,NOT_SUPPORTED,DISTORTED,"The claim states John Petrie was deceased on 26 January 18 44, which is incorrect. The ground truth states he died on 26 January 1844.",The ground truth explicitly states 'John Petrie was born 15 January 1822 in Edinburgh... died on 26 January 1844.'
2hop__14092_8311,content,elaborate,2,3,Pernell Roberts was the eldest son of his parents.,NOT_SUPPORTED,SUPPORTED,"The text states that Pernell Roberts was an actor and had roles in Bonanza and Trapper John, M.D., and that he was the eldest son of his parents.","Pernell Elven Roberts, Jr. (May 18, 1928 -- January 24, 2010) was an American stage, film and television actor, as well as a singer. In addition to guest - starring in over 60 television series, he was best known for his roles as Ben Cartwright's eldest son Adam Cartwright on the Western television series Bonanza (1959 -- 1965), and as chief surgeon Dr. John McIntyre, the title character on Trapper John, M.D. (1979 -- 1986)."
2hop__14092_8311,content,elaborate,2,3,He was an American actor and singer.,NOT_SUPPORTED,INVENTED,The claim states that the person was an American actor and singer. This information is not present in the provided ground truth text.,none
2hop__14092_8311,content,elaborate,2,3,Adam Cartwright was the eldest son of Ben Cartwright.,NOT_SUPPORTED,INVENTED,"The claim states that Adam Cartwright was the eldest son of Ben Cartwright. The ground truth text describes Adam Cartwright as Ben Cartwright's eldest son, but it does not state that Ben Cartwright was Adam's father. This is an invented relationship.",none
2hop__14092_8311,content,elaborate,2,3,Bonanza was broadcast from 1959 to 1973.,NOT_SUPPORTED,DISTORTED,"The ground truth states that Bonanza was broadcast from 1959 to 1965, not 1959 to 1973. The claim extends the duration of the broadcast.",Bonanza was broadcast from 1959 to 1965
2hop__14092_8311,content,elaborate,2,3,"The instruction references 1959 to 1965, but historical records show the show ran until 1973.",NOT_SUPPORTED,DISTORTED,"The claim states the show ran until 1973, while the ground truth only mentions the show running from 1959 to 1965. This is a change in the duration of the show.",The ground truth mentions 1959-1965.
2hop__14092_8311,content,elaborate,2,3,Roberts is the principal surgeon.,NOT_SUPPORTED,DISTORTED,"The claim states 'Roberts is the principal surgeon,' but the ground truth describes him as an actor and television personality who played a surgeon's role in a TV series. It doesn't state he was a *principal* surgeon in any real sense.","Pernell Roberts was an American stage, film and television actor, as well as a singer. He played the role of Dr. John McIntyre on Trapper John, M.D."
2hop__14092_8311,content,elaborate,2,3,John is the King of England.,NOT_SUPPORTED,INVENTED,"The claim that 'John' is the King of England is not supported by the text. The text describes multiple individuals (John III, King of England, John Mitchell Kemble, etc.) and does not state that any of them are the King.",none
2hop__14092_8311,content,elaborate,2,3,John has a son named Charles.,NOT_SUPPORTED,INVENTED,The ground truth does not mention a person named John with a son named Charles. This claim introduces a new person and relationship not found in the provided text.,none
2hop__14092_8311,content,elaborate,2,3,John designated Charles as the heir apparent to the throne.,NOT_SUPPORTED,INVENTED,"The claim states that John designated Charles as the heir apparent. The ground truth describes the succession to the British throne, but it does not state that John designated Charles as the heir.",none
2hop__14092_8311,content,elaborate,2,3,Charles was the eldest son of the Prince of Wales.,NOT_SUPPORTED,SUPPORTED,The ground truth states that Charles is the eldest son of the Prince of Wales.,"Succession to the British throne. Queen Elizabeth II is the sovereign, and her heir apparent is her eldest son, Charles, Prince of Wales."
2hop__14092_8311,content,elaborate,2,3,Charles was the eldest son of Charles.,NOT_SUPPORTED,DISTORTED,"The claim states 'Charles was the eldest son of Charles,' which implies Charles is the father of Charles. This is a circular and logically flawed statement, distorting the familial relationship presented in the ground truth.",The ground truth describes Charles as the heir of another Charles (William Calverley).
2hop__14092_8311,content,elaborate,2,3,Princess Charlotte is a granddaughter of the king.,NOT_SUPPORTED,DISTORTED,"Princess Charlotte is the granddaughter of the king (Queen Elizabeth II) due to her parentage, but the ground truth doesn't explicitly state this relationship. It only mentions she is the daughter of Prince William.",none
2hop__14092_8311,content,shorten,0,1,William Calverley was the son of Anne Danby.,NOT_SUPPORTED,DISTORTED,"The ground truth states that William Calverley was the son of Sir Walter Calverley and Anne Danby. The claim states that William Calverley was the son of Anne Danby, which is a modification of the factual relationship.",William Calverley was the son of Sir Walter Calverley and Anne Danby.
2hop__14092_8311,content,shorten,0,1,Sir Peter Maule was his father.,NOT_SUPPORTED,SUPPORTED,"The ground truth explicitly states that Sir Peter Maule was the eldest son of Sir William Maule, who was the son of his father, Sir Peter Maule. This establishes the familial relationship.",Sir William Maule was the son of Sir Peter Maule
2hop__14092_8311,content,shorten,0,1,Christina de Valognes was his mother.,NOT_SUPPORTED,DISTORTED,"The claim states that Christina de Valognes was his mother, but the ground truth states that she was the Baron and Baroness of Panmure and Benvie, and that William Maule was her husband. This implies a marital relationship, not a maternal relationship.","Sir William Maule was the eldest son of Sir Peter Maule and Christina de Valognes, Baron and Baroness of Panmure and Benvie."
2hop__14092_8311,content,shorten,0,1,John was a king.,NOT_SUPPORTED,INVENTED,"The claim that 'John' was a king is not supported by the text. The text describes several individuals (John, King of England, John III, Margrave of Brandenburg-Salzwedel) but does not state that any of them were kings.",none
2hop__14092_8311,content,shorten,0,1,Isabel was the Countess of Gloucester.,NOT_SUPPORTED,DISTORTED,"The ground truth states that Isabel was the first wife of John, King of England, not the Countess of Gloucester. This is a change of role and relationship.",Isabel was the first wife of John
2hop__14092_8311,content,shorten,0,1,He had a second wife named Isabella of Angoulême.,NOT_SUPPORTED,DISTORTED,"The ground truth states that John's second wife, Isabella of Angoulême, left England. The claim states she ‘abandoned the children she had had by John,’ which implies a more active and prolonged departure and a focus on her own life, not simply leaving England. This introduces a change in her actions and motivations.","John's second wife, Isabella of Angoulême, left England for Angoulême soon after the king's death"
2hop__14092_8311,content,shorten,0,1,Henry III was one of John's legitimate children.,NOT_SUPPORTED,SUPPORTED,"The text states that John had five legitimate children, including Henry III, who ruled as king. This claim directly reflects this fact.","John had five legitimate children, all by Isabella."
2hop__14092_8311,content,shorten,0,1,Richard was one of John's legitimate children.,NOT_SUPPORTED,DISTORTED,"The claim states 'Richard was one of John's legitimate children.' While John had many children, the ground truth lists Richard as a son of John, but it doesn't explicitly state that Richard was a *legitimate* child. The text mentions Richard as one of John's children, but it doesn't confirm the legitimacy of all his offspring.","The text mentions Richard as a child of John, but does not specify legitimacy."
2hop__14092_8311,content,shorten,0,1,George is next.,NOT_SUPPORTED,INVENTED,"The claim 'George is next' refers to a position in a line of succession. While the ground truth discusses the British royal family and their heirs, it does not mention a 'George' or any specific individual's position in the line of succession.",none
2hop__14092_8311,content,shorten,0,1,William Penn was a cricketer.,NOT_SUPPORTED,INVENTED,The ground truth text does not mention William Penn being a cricketer. It describes him as a Quaker and a businessman involved in the family engineering company.,none
2hop__14092_8311,content,shorten,0,1,James Worts was James Gooderham Worts' father.,NOT_SUPPORTED,DISTORTED,"The claim states James Worts was James Gooderham Worts' father, which is incorrect. The ground truth states James Worts was the son of James Worts and Elizabeth Gooderham.","James Worts (June 4, 1818 - June 20, 1882) was the eldest son of James Worts and Elizabeth Gooderham."
2hop__14092_8311,content,shorten,0,1,Elizabeth Gooderham was James Gooderham Worts' mother.,NOT_SUPPORTED,DISTORTED,"The ground truth states that James Gooderham Worts was the son of James Worts and Elizabeth Gooderham. The claim states that Elizabeth Gooderham was James Gooderham Worts' mother, which is a correct statement but implies a familial relationship that is not explicitly stated in the text.",James Gooderham Worts was the son of James Worts and Elizabeth Gooderham.
2hop__14092_8311,content,shorten,0,1,Raglan Squire worked in the field.,NOT_SUPPORTED,DISTORTED,"The claim states that Raglan Squire 'worked in the field,' which implies agricultural labor. While the text describes his work in architecture and studying, it doesn't explicitly state he worked in a field. It's a distortion of his activities.",The text describes his work as building and architecture.
2hop__14092_8311,content,shorten,0,1,Henry III was crowned in 12^16.,NOT_SUPPORTED,DISTORTED,"The claim states Henry III was crowned in 1216, but the ground truth states he was crowned in 1220 due to circumstances surrounding his initial accession.","1216, 1220"
2hop__14092_8311,content,shorten,0,1,London was occupied by the French in 12^16.,NOT_SUPPORTED,DISTORTED,"The ground truth states that London was controlled by Louis in 1216 during Henry III's coronation. The claim states that London was occupied by the French in 1216, which is a distortion as it implies a continuous occupation, while the text describes a temporary control during a specific event.","1216, Henry III, Louis"
2hop__14092_8311,content,shorten,0,1,Henry III was crowned elsewhere in 12^16.,NOT_SUPPORTED,SUPPORTED,The text states that Henry III was crowned in Gloucester Cathedral due to circumstances preventing his coronation in London. This directly supports the claim that Henry III was crowned elsewhere.,"Henry III was unable to be crowned in London when he first came to the throne, because the French prince Louis had taken control of the city, and so the king was crowned in Gloucester Cathedral."
2hop__14092_8311,content,shorten,0,1,John Wedgwood (1766–1844) worked in the family pottery business from 1790–1793 and 1800–1802.,NOT_SUPPORTED,SUPPORTED,"The text states that John Wedgwood (1766–1844) was a partner in the family pottery business from 1790–1793 and 1800–1802, which is directly stated in the provided text.","John Wedgwood (baptised 2 April 1766 — 26 January 1844), the eldest son of the potter Josiah Wedgwood, was a partner in the Wedgwood pottery firm 1790–1793 and again 1800–1812."
2hop__14092_8311,content,shorten,0,2,William was the son of Anne Danby.,NOT_SUPPORTED,SUPPORTED,The ground truth explicitly states that William Calverley was the son of Sir Walter Calverley. This directly supports the claim that William was the son of Anne Danby.,"Walter Calverley was the eldest son and heir of William Calverley (d.1572) by his wife, Katherine Thorneholme, daughter of John Thorneholme of Haysthorpe, Yorkshire. William Calverley was the son of Sir Walter Calverley and Anne Danby, daughter of Sir Christopher Danby (d. 14 June 1571) and Elizabeth Neville, daughter of Richard Neville, 2nd Baron Latimer."
2hop__14092_8311,content,shorten,0,2,John was a king.,NOT_SUPPORTED,INVENTED,"The claim that 'John' was a king is not supported by the text. The text describes several individuals (John, King of England, John III, Margrave of Brandenburg-Salzwedel) but does not state that any of them were kings.",none
2hop__14092_8311,content,shorten,0,2,Isabel was the Countess of Gloucester.,NOT_SUPPORTED,DISTORTED,"The ground truth states that Isabel was the first wife of John, King of England, not the Countess of Gloucester. This is a change of role and relationship.",Isabel was the first wife of John
2hop__14092_8311,content,shorten,0,2,He had a second wife named Isabella of Angoulême.,NOT_SUPPORTED,DISTORTED,"The ground truth states that John's second wife, Isabella of Angoulême, left England. The claim states she ‘abandoned the children she had had by John,’ which implies a more active and prolonged departure and a focus on her own life, not simply leaving England. This introduces a change in her actions and motivations.","John's second wife, Isabella of Angoulême, left England for Angoulême soon after the king's death"
2hop__14092_8311,content,shorten,0,2,George is next in line.,NOT_SUPPORTED,INVENTED,"The claim 'George is next in line' refers to a person (George) who is not mentioned in the provided text. The text describes the line of succession to the British throne, listing specific individuals.",none
2hop__14092_8311,content,shorten,0,2,William Penn was a cricketer.,NOT_SUPPORTED,INVENTED,The ground truth text does not mention William Penn being a cricketer. It describes him as a Quaker and a businessman involved in the family engineering company.,none
2hop__14092_8311,content,shorten,0,2,James Worts is James Gooderham Worts's father.,NOT_SUPPORTED,DISTORTED,"The claim states James Worts is James Gooderham Worts's father, but the ground truth states James Worts is the *son* of James Worts and Elizabeth Gooderham. This is a change in familial relationship.","James Worts (June 4, 1818 - June 20, 1882) was the eldest son of James Worts and Elizabeth Gooderham."
2hop__14092_8311,content,shorten,0,2,Elizabeth Gooderham is James Gooderham Worts's mother.,NOT_SUPPORTED,DISTORTED,"The ground truth states that James Gooderham Worts's mother is Elizabeth Gooderham, not that Elizabeth Gooderham is his mother. This is a change in the relationship.","James Gooderham Worts (June 4, 1818 - June 20, 1882) was the eldest son of James Worts and Elizabeth Gooderham."
2hop__14092_8311,content,shorten,0,2,James Gooderham Worts was notable.,NOT_SUPPORTED,SUPPORTED,The text states that James Gooderham Worts ‘was the eldest son of James Worts and Elizabeth Gooderham’. This directly supports the claim that he was notable.,"James Gooderham Worts (June 4, 1818 - June 20, 1882) was the eldest son of James Worts and Elizabeth Gooderham."
2hop__14092_8311,content,shorten,0,2,His half-brother was selected.,NOT_SUPPORTED,SUPPORTED,"The text states that Liu Ju was passed over for kingship in favor of his half-brother, Zhao Yingqi. This directly supports the claim that his half-brother was selected.","Zhao Jiande was passed over for kingship in preference for his half-brother, Liu Ju"
2hop__14092_8311,content,shorten,0,2,Roberto Irineu Marinho was the eldest son of Roberto Marinho.,NOT_SUPPORTED,SUPPORTED,The ground truth explicitly states that Roberto Irineu Marinho was born as the eldest son of Roberto Marinho.,"Roberto Irineu Marinho was born in Rio de Janeiro, RJ, the eldest son of three of the late Roberto Marinho."
2hop__14092_8311,content,shorten,0,2,London was occupied by the French.,NOT_SUPPORTED,DISTORTED,The ground truth states that London was not occupied by the French during the coronation of Henry III. The claim introduces a specific event (French occupation) that is not present in the text.,none
2hop__14092_8311,content,shorten,0,2,He was crowned.,NOT_SUPPORTED,SUPPORTED,"The text states that John III, Margrave of Brandenburg-Salzwedel was the eldest son of Margrave Otto III. This claim directly reflects that fact.","John III, Margrave of Brandenburg-Salzwedel, Margrave Otto III"
2hop__14092_8311,content,shorten,0,3,William was the son of Anne Danby.,NOT_SUPPORTED,SUPPORTED,The ground truth explicitly states that William Calverley was the son of Sir Walter Calverley. This directly supports the claim that William was the son of Anne Danby.,"Walter Calverley was the eldest son and heir of William Calverley (d.1572) by his wife, Katherine Thorneholme, daughter of John Thorneholme of Haysthorpe, Yorkshire. William Calverley was the son of Sir Walter Calverley and Anne Danby, daughter of Sir Christopher Danby (d. 14 June 1571) and Elizabeth Neville, daughter of Richard Neville, 2nd Baron Latimer."
2hop__14092_8311,content,shorten,0,3,Henry succeeded him.,NOT_SUPPORTED,SUPPORTED,The text states that William succeeded as Baron in 1254. This claim directly reflects that statement.,"Sir William Maule. Sir William Maule was the eldest son of Sir Peter Maule and Christina de Valognes, Baron and Baroness of Panmure and Benvie. William succeeded as Baron in 1254 on his father's death."
2hop__14092_8311,content,shorten,0,3,John was a king.,NOT_SUPPORTED,INVENTED,"The claim that 'John' was a king is not supported by the text. The text describes several individuals (John, King of England, John III, Margrave of Brandenburg-Salzwedel) but does not state that any of them were kings.",none
2hop__14092_8311,content,shorten,0,3,His first wife was named Isabel.,NOT_SUPPORTED,SUPPORTED,"The ground truth states that John’s first wife, Isabel, was released from imprisonment and remarried. This directly supports the claim that his first wife was named Isabel.","John's first wife, Isabel, Countess of Gloucester, was released from imprisonment in 1214; she remarried twice, and died in 1217."
2hop__14092_8311,content,shorten,0,3,"He had a second wife, Isabella of Angoulême.",NOT_SUPPORTED,DISTORTED,"The ground truth states that John had five legitimate children, all by Isabella. The claim states he had nine sons and three daughters, which is an additional and unsupported assertion.","John had five legitimate children, all by Isabella."
2hop__14092_8311,content,shorten,0,3,George is next.,NOT_SUPPORTED,INVENTED,"The claim 'George is next' refers to a position in a line of succession. While the ground truth discusses the British royal family and their heirs, it does not mention a 'George' or any specific individual's position in the line of succession.",none
2hop__14092_8311,content,shorten,0,3,James Worts is James Gooderham Worts's father.,NOT_SUPPORTED,DISTORTED,"The claim states James Worts is James Gooderham Worts's father, but the ground truth states James Worts is the *son* of James Worts and Elizabeth Gooderham. This is a change in familial relationship.","James Worts (June 4, 1818 - June 20, 1882) was the eldest son of James Worts and Elizabeth Gooderham."
2hop__14092_8311,content,shorten,0,3,Elizabeth Gooderham is James Gooderham Worts's mother.,NOT_SUPPORTED,DISTORTED,"The ground truth states that James Gooderham Worts's mother is Elizabeth Gooderham, not that Elizabeth Gooderham is his mother. This is a change in the relationship.","James Gooderham Worts (June 4, 1818 - June 20, 1882) was the eldest son of James Worts and Elizabeth Gooderham."
2hop__14092_8311,content,shorten,0,3,James Gooderham Worts was notable.,NOT_SUPPORTED,SUPPORTED,The text states that James Gooderham Worts ‘was the eldest son of James Worts and Elizabeth Gooderham’. This directly supports the claim that he was notable.,"James Gooderham Worts (June 4, 1818 - June 20, 1882) was the eldest son of James Worts and Elizabeth Gooderham."
2hop__14092_8311,content,shorten,0,3,His half-brother was chosen.,NOT_SUPPORTED,SUPPORTED,"The text states that Liu Ju was passed over for kingship in favor of his half-brother, Zhao Yingqi. This directly supports the claim that his half-brother was chosen.","Contrary to his less-than-flattering posthumous name, Liu Ju was generally regarded by historians as a well-mannered, benevolent, morally upright man who, by circumstances out of his control, was forced into an uprising against his father's army and died as a consequence of the rebellion."
2hop__14092_8311,content,shorten,0,3,Roberto Irineu Marinho was the eldest son of Roberto Marinho.,NOT_SUPPORTED,SUPPORTED,The ground truth explicitly states that Roberto Irineu Marinho was born as the eldest son of Roberto Marinho.,"Roberto Irineu Marinho was born in Rio de Janeiro, RJ, the eldest son of three of the late Roberto Marinho."
2hop__14092_8311,content,shorten,1,1,William Calverley was the son of Sir Walter Calverley and Anne Danby.,NOT_SUPPORTED,SUPPORTED,The ground truth explicitly states that William Calverley was the son of Sir Walter Calverley and Anne Danby.,"William Calverley was the son of Sir Walter Calverley and Anne Danby, daughter of Sir Christopher Danby"
2hop__14092_8311,content,shorten,1,1,William Calverley was the granddaughter of Sir Christopher Danby.,NOT_SUPPORTED,INVENTED,"The claim states that William Calverley was the granddaughter of Sir Christopher Danby, which is not supported by the ground truth. The ground truth describes William Calverley's lineage through his father and grandmother, but does not mention any familial relationship between William and Christopher Danby.",none
2hop__14092_8311,content,shorten,1,1,"John's children were Henry III, Richard, Joan, Isabella, and Eleanor.",NOT_SUPPORTED,DISTORTED,"The ground truth lists John's children as Henry III, Richard, Joan, Isabella, and Eleanor. The claim lists Henry, Richard, Joan, Isabella, and Eleanor, which is a verbatim repetition of the ground truth. However, it includes an additional detail - Eleanor marrying William Marshal's son - which is not present in the original text.","The ground truth lists John's children: Henry III, Richard, Joan, Isabella, and Eleanor."
2hop__14092_8311,content,shorten,1,1,John's children were legitimate.,NOT_SUPPORTED,SUPPORTED,"The ground truth explicitly states that John was a king and describes his children, including his eldest son Henry III, and other children. The claim that John's children were legitimate is directly supported by this information.","John had five legitimate children, all by Isabella. His eldest son, Henry III, ruled as king for the majority of the 13th century."
2hop__14092_8311,content,shorten,1,1,John was King of England.,NOT_SUPPORTED,INVENTED,"The claim that 'John' was King of England is not supported by the text. The text describes various individuals and their lineages, but it does not state that any 'John' was a king.",none
2hop__14092_8311,content,shorten,1,1,Joan has an eldest daughter.,NOT_SUPPORTED,INVENTED,The ground truth does not mention that Joan had an eldest daughter. It describes her marriage to Alexander II of Scotland and her subsequent marriage to the Holy Roman Emperor Frederick II.,none
2hop__14092_8311,content,shorten,1,1,The eldest daughter is married.,NOT_SUPPORTED,INVENTED,"The ground truth describes familial relationships and titles, but it does not state that any of the mentioned individuals are married. The claim introduces a new fact (marriage) that is not present in the provided text.",none
2hop__14092_8311,content,shorten,1,1,The eldest daughter's husband is the King of Scots.,NOT_SUPPORTED,INVENTED,The claim that 'the eldest daughter's husband is the King of Scots' introduces a new relationship and person not found in the provided text. It's an invented connection.,none
2hop__14092_8311,content,shorten,1,1,The eldest daughter's husband is Alexander II.,NOT_SUPPORTED,INVENTED,"The claim states that the eldest daughter's husband is Alexander II. The ground truth text describes John III, Margrave of Brandenburg-Salzwedel and other figures, but does not mention any of their wives or husbands, nor does it provide any information about a daughter named Alexander II.",none
2hop__14092_8311,content,shorten,1,1,Roberto Irineu Marinho was the eldest son of Roberto Marinho.,NOT_SUPPORTED,SUPPORTED,The ground truth explicitly states that Roberto Irineu Marinho was born as the eldest son of Roberto Marinho.,"Roberto Irineu Marinho was born in Rio de Janeiro, RJ, the eldest son of three of the late Roberto Marinho."
2hop__14092_8311,content,shorten,1,1,John Darling was the eldest son of James Darling and Elizabeth Gooderham.,NOT_SUPPORTED,DISTORTED,"The claim states that John Darling was the eldest son of James Darling and Elizabeth Gooderham, but the ground truth states that John Darling was the eldest son of John Darling Sr. (1831–1905) and a businessman of Scottish origin.",John Darling Sr.
2hop__14092_8311,content,shorten,1,1,Wondosson Kassa was a Yue woman.,NOT_SUPPORTED,INVENTED,"The claim states that Wondosson Kassa was a Yue woman, which is not mentioned in the ground truth text. The text describes him as the eldest son of ‘Ras’ Kassa Haile Darge.",none
2hop__14092_8311,content,shorten,1,1,Pernell Roberts was the eldest son of James and Elizabeth Gooderham Worts.,NOT_SUPPORTED,DISTORTED,"The claim states Pernell Roberts was the eldest son of James and Elizabeth Gooderham Worts. However, the ground truth states he was the eldest son of Josiah Wedgwood and Elizabeth Gooderham.",James and Elizabeth Gooderham Worts
2hop__14092_8311,content,shorten,1,1,John Petrie was the eldest son of potter Josiah Wedgwood.,NOT_SUPPORTED,DISTORTED,"The claim states John Petrie was the eldest son of potter Josiah Wedgwood, which is true. However, it introduces the detail that Josiah Wedgwood was a potter, which is not explicitly stated in the ground truth. It’s a tangential detail, altering the context slightly.",mention of Josiah Wedgwood
2hop__14092_8311,content,shorten,1,1,John Petrie was a partner in the Wedgwood pottery firm.,NOT_SUPPORTED,DISTORTED,"John Petrie was a partner in the Wedgwood pottery firm, but the ground truth describes him as a schoolteacher and oarsman, not a business partner. This represents a change in his role and activities.",John Petrie was a schoolteacher and oarsman
2hop__14092_8311,content,shorten,1,1,Queen Elizabeth II is the eldest son of her father.,NOT_SUPPORTED,DISTORTED,"The claim states that Queen Elizabeth II is the eldest son of her father, which is incorrect. The ground truth states she is the sovereign and her heir apparent is her eldest son, Charles.","Queen Elizabeth II is the sovereign, her heir apparent is Charles"
2hop__14092_8311,content,shorten,1,1,William is the Duke of Cambridge.,NOT_SUPPORTED,DISTORTED,"The ground truth states that Prince William, Duke of Cambridge, is the Prince of Wales's elder son. The claim states that William is the Duke of Cambridge, which is a different title and role, implying a different lineage and position within the royal family.","Prince William, Duke of Cambridge"
2hop__14092_8311,content,shorten,1,1,William has a son named George.,NOT_SUPPORTED,INVENTED,The ground truth does not mention William having a son named George. This claim introduces a new fact not present in the provided text.,none
2hop__14092_8311,content,shorten,1,1,George has a sister named Charlotte.,NOT_SUPPORTED,INVENTED,The ground truth does not mention a person named George. The claim introduces a new individual.,none
2hop__14092_8311,content,shorten,1,2,William Calverley was the son of Sir Walter Calverley and Anne Danby.,NOT_SUPPORTED,SUPPORTED,The ground truth explicitly states that William Calverley was the son of Sir Walter Calverley and Anne Danby.,"William Calverley was the son of Sir Walter Calverley and Anne Danby, daughter of Sir Christopher Danby"
2hop__14092_8311,content,shorten,1,2,Anne Danby was the granddaughter of Sir Christopher Danby.,NOT_SUPPORTED,INVENTED,"The claim that Anne Danby was the granddaughter of Sir Christopher Danby is not supported by the text. The text states that Anne Danby was the daughter of Sir Christopher Danby, not his granddaughter.",none
2hop__14092_8311,content,shorten,1,2,Sir William Maule became Baron after Christina de Valognes died.,NOT_SUPPORTED,DISTORTED,"The claim states that Christina de Valognes died after becoming Baron. The ground truth states that William Maule became Baron in 1254 on his father's death, and that Ethana de Vallibus was his wife. It does not state that Christina de Valognes died.",William succeeded as Baron in 1254
2hop__14092_8311,content,shorten,1,2,John is King of England.,NOT_SUPPORTED,INVENTED,"The claim that 'John' is King of England is not supported by the text. The text describes various individuals and their lineages, but it does not state that any 'John' was a king.",none
2hop__14092_8311,content,shorten,1,2,Henry III is a child of John.,NOT_SUPPORTED,INVENTED,"The claim states 'Henry III is a child of John.' While John is mentioned as a king, there's no direct statement in the text linking him to Henry III. Henry III is presented as a son of Emperor Wu of Han.",none
2hop__14092_8311,content,shorten,1,2,Richard is a child of John.,NOT_SUPPORTED,DISTORTED,"The claim states 'Richard is a child of John.' While Richard is mentioned as a son of John, the ground truth describes John as a King of England, and Richard as a European leader and King of the Romans. This implies a generational difference and a shift in historical context, thus distorting the relationship.",John is described as King of England and Richard as King of the Romans.
2hop__14092_8311,content,shorten,1,2,Isabella is a child of John.,NOT_SUPPORTED,SUPPORTED,"The ground truth states that John's first wife, Isabel, was released from imprisonment and remarried. This implies she was a child of John.","John's first wife, Isabel, Countess of Gloucester, was released from imprisonment in 1214; she remarried twice, and died in 1217."
2hop__14092_8311,content,shorten,1,2,Eleanor is a child of John.,NOT_SUPPORTED,SUPPORTED,"The text states that John had a daughter named Eleanor, who married Prince Llywelyn. This directly supports the claim that Eleanor is a child of John.","John had a daughter named Eleanor, who married Prince Llywelyn the Great of Wales."
2hop__14092_8311,content,shorten,1,2,Joan is the eldest daughter.,NOT_SUPPORTED,INVENTED,"The claim states that Joan is the eldest daughter. The ground truth text describes Joan as the wife of Alexander II of Scotland, and a daughter of John, King of England. It does not state that she is the eldest daughter.",none
2hop__14092_8311,content,shorten,1,2,Alexander II is the King of Scots.,NOT_SUPPORTED,INVENTED,"The claim that Alexander II is the King of Scots is not supported by the provided text. The text describes Alexander II as a son of John, King of England, and mentions his marriage to Queen Joan of Scotland. It does not state he was ever a king himself.",none
2hop__14092_8311,content,shorten,1,2,Liu Ju was not chosen as crown prince.,NOT_SUPPORTED,SUPPORTED,"The text explicitly states that Liu Ju was the eldest son and heir apparent, but he died before his designated successor, Henry III, could take the throne. This implies he was not chosen as crown prince in the way one might expect.","Liu Ju was the eldest son and heir apparent to his father, Emperor Wu of Han, until his death at age 38 during the political turmoil in 91 BC."
2hop__14092_8311,content,shorten,1,2,Zhao Yingqi was selected as crown prince.,NOT_SUPPORTED,SUPPORTED,"The text states: ""Liu Ju... was the eldest son and the heir apparent to his father, Emperor Wu of Han...""",Liu Ju was the eldest son of Emperor Wu of Han
2hop__14092_8311,content,shorten,1,2,Roberto Irineu Marinho was the eldest son of Roberto Marinho.,NOT_SUPPORTED,SUPPORTED,The ground truth explicitly states that Roberto Irineu Marinho was born as the eldest son of Roberto Marinho.,"Roberto Irineu Marinho was born in Rio de Janeiro, RJ, the eldest son of three of the late Roberto Marinho."
2hop__14092_8311,content,shorten,1,2,John Darling is the eldest son of James Darling and Elizabeth Gooderham.,NOT_SUPPORTED,DISTORTED,"The claim states that John Darling is the eldest son of James Darling and Elizabeth Gooderham. However, the ground truth states that John Darling was the son of John Darling Sr. (1831–1905), a businessman of Scottish origin, and Member of Parliament.","John Darling Sr. (1831–1905), a businessman of Scottish origin, and Member of Parliament"
2hop__14092_8311,content,shorten,1,2,Wondosson Kassa was a Yue woman.,NOT_SUPPORTED,INVENTED,"The claim states that Wondosson Kassa was a Yue woman, which is not mentioned in the ground truth text. The text describes him as the eldest son of ‘Ras’ Kassa Haile Darge.",none
2hop__14092_8311,content,shorten,1,2,Pernell Roberts was the eldest son of James and Elizabeth Gooderham Worts.,NOT_SUPPORTED,DISTORTED,"The claim states Pernell Roberts was the eldest son of James and Elizabeth Gooderham Worts. However, the ground truth states he was the eldest son of Josiah Wedgwood and Elizabeth Gooderham.",James and Elizabeth Gooderham Worts
2hop__14092_8311,content,shorten,1,2,John Petrie was the eldest son of potter Josiah Wedgwood.,NOT_SUPPORTED,DISTORTED,"The claim states John Petrie was the eldest son of potter Josiah Wedgwood, which is true. However, it introduces the detail that Josiah Wedgwood was a potter, which is not explicitly stated in the ground truth. It’s a tangential detail, altering the context slightly.",mention of Josiah Wedgwood
2hop__14092_8311,content,shorten,1,2,John Petrie was a partner in the Wedgwood pottery firm.,NOT_SUPPORTED,DISTORTED,"John Petrie was a partner in the Wedgwood pottery firm, but the ground truth describes him as a schoolteacher and oarsman, not a business partner. This represents a change in his role and activities.",John Petrie was a schoolteacher and oarsman
2hop__14092_8311,content,shorten,1,2,George has a sister named Charlotte.,NOT_SUPPORTED,INVENTED,The ground truth does not mention a person named George. The claim introduces a new individual.,none
2hop__14092_8311,content,shorten,1,3,Sir William Calverley was the son of Sir Walter Calverley and Anne Danby.,NOT_SUPPORTED,SUPPORTED,The ground truth explicitly states that Sir William Calverley was the son of Sir Walter Calverley and Anne Danby.,"Walter Calverley. Walter Calverley was the eldest son and heir of William Calverley (d.1572) by his wife, Katherine Thorneholme, daughter of John Thorneholme of Haysthorpe, Yorkshire. William Calverley was the son of Sir Walter Calverley and Anne Danby, daughter of Sir Christopher Danby (d. 14 June 1571) and Elizabeth Neville, daughter of Richard Neville, 2nd Baron Latimer."
2hop__14092_8311,content,shorten,1,3,Sir William Calverley was the granddaughter of Sir Christopher Danby.,NOT_SUPPORTED,INVENTED,"The claim states that Sir William Calverley was the granddaughter of Sir Christopher Danby, which is a direct contradiction of the provided text, which states that Sir William Calverley was the son of Sir Walter Calverley and Anne Danby (daughter of Sir Christopher Danby).",none
2hop__14092_8311,content,shorten,1,3,Henry is his son.,NOT_SUPPORTED,SUPPORTED,The text states that Henry III was John's eldest son. This claim directly reflects that fact.,"John had five legitimate children, all by Isabella. His eldest son, Henry III, ruled as king for the majority of the 13th century."
2hop__14092_8311,content,shorten,1,3,John is King of England.,NOT_SUPPORTED,INVENTED,"The claim that 'John' is King of England is not supported by the text. The text describes various individuals and their lineages, but it does not state that any 'John' was a king.",none
2hop__14092_8311,content,shorten,1,3,Henry III is a child of John.,NOT_SUPPORTED,INVENTED,"The claim states 'Henry III is a child of John.' While John is mentioned as a king, there's no direct statement in the text linking him to Henry III. Henry III is presented as a son of Emperor Wu of Han.",none
2hop__14092_8311,content,shorten,1,3,Richard is a child of John.,NOT_SUPPORTED,DISTORTED,"The claim states 'Richard is a child of John.' While Richard is mentioned as a son of John, the ground truth describes John as a King of England, and Richard as a European leader and King of the Romans. This implies a generational difference and a shift in historical context, thus distorting the relationship.",John is described as King of England and Richard as King of the Romans.
2hop__14092_8311,content,shorten,1,3,Isabella is a child of John.,NOT_SUPPORTED,SUPPORTED,"The ground truth states that John's first wife, Isabel, was released from imprisonment and remarried. This implies she was a child of John.","John's first wife, Isabel, Countess of Gloucester, was released from imprisonment in 1214; she remarried twice, and died in 1217."
2hop__14092_8311,content,shorten,1,3,Eleanor is a child of John.,NOT_SUPPORTED,SUPPORTED,"The text states that John had a daughter named Eleanor, who married Prince Llywelyn. This directly supports the claim that Eleanor is a child of John.","John had a daughter named Eleanor, who married Prince Llywelyn the Great of Wales."
2hop__14092_8311,content,shorten,1,3,Joan is the eldest daughter.,NOT_SUPPORTED,INVENTED,"The claim states that Joan is the eldest daughter. The ground truth text describes Joan as the wife of Alexander II of Scotland, and a daughter of John, King of England. It does not state that she is the eldest daughter.",none
2hop__14092_8311,content,shorten,1,3,Alexander II is the King of Scots.,NOT_SUPPORTED,INVENTED,"The claim that Alexander II is the King of Scots is not supported by the provided text. The text describes Alexander II as a son of John, King of England, and mentions his marriage to Queen Joan of Scotland. It does not state he was ever a king himself.",none
2hop__14092_8311,content,shorten,1,3,Pernell Roberts was born in Rio de Janeiro.,NOT_SUPPORTED,INVENTED,"Pernell Roberts was born in the United States, not Rio de Janeiro. This information is not present in the provided ground truth.",none
2hop__14092_8311,content,shorten,1,3,Pernell Roberts was the eldest son of James and Elizabeth Gooderham Worts.,NOT_SUPPORTED,DISTORTED,"The claim states Pernell Roberts was the eldest son of James and Elizabeth Gooderham Worts. However, the ground truth states he was the eldest son of Josiah Wedgwood and Elizabeth Gooderham.",James and Elizabeth Gooderham Worts
2hop__14092_8311,content,shorten,1,3,John Petrie was the eldest son of Josiah Wedgwood.,NOT_SUPPORTED,DISTORTED,"The claim states John Petrie was the eldest son of Josiah Wedgwood, but the ground truth only states he was the eldest son of Andrew Petrie and Mary Cuthbertson. This is a wrong entity.",John Petrie was the eldest son of Andrew Petrie and Mary Cuthbertson.
2hop__14092_8311,content,shorten,1,3,John Petrie was a business partner in the Wedgwood pottery firm.,NOT_SUPPORTED,DISTORTED,"John Petrie was a business partner in the Wedgwood pottery firm, but the ground truth describes him as a schoolboy and oarsman, and a member of his father's family who came to London to learn cabinet making and carpentry. It's a misinterpretation of his role and activities.",John Petrie was a schoolboy and oarsman
2hop__14092_8311,content,shorten,1,3,Queen Elizabeth II is the eldest child of King George VI.,NOT_SUPPORTED,INVENTED,"The ground truth states that Queen Elizabeth II is the *current* sovereign and her heir apparent is Charles, not that she was the eldest child of King George VI. This introduces new information not found in the provided text.",none
2hop__14092_8311,content,shorten,1,3,The Prince of Wales is the eldest grandchild of King George VI.,NOT_SUPPORTED,DISTORTED,"The claim states that the Prince of Wales is the eldest grandchild of King George VI. The ground truth describes the current line of succession, but does not explicitly state the Prince of Wales's relationship to King George VI. While it's implied he is a descendant, the claim introduces a specific familial relationship that isn't directly stated.","The ground truth describes the current line of succession, but does not explicitly state the Prince of Wales's relationship to King George VI."
2hop__14092_8311,content,shorten,1,3,George is followed by his sister Charlotte.,NOT_SUPPORTED,DISTORTED,"The ground truth states that Charles is the heir apparent, not George. This claim incorrectly attributes the position of heir to George.","Queen Elizabeth II is the sovereign, and her heir apparent is her eldest son, Charles, Prince of Wales."
2hop__14092_8311,content,shorten,2,1,William Calverley was the son of Sir Walter Calverley and Anne Danby.,NOT_SUPPORTED,SUPPORTED,The ground truth explicitly states that William Calverley was the son of Sir Walter Calverley and Anne Danby.,"William Calverley was the son of Sir Walter Calverley and Anne Danby, daughter of Sir Christopher Danby"
2hop__14092_8311,content,shorten,2,1,Sir William Maule was the eldest son of Christina de Valognes.,NOT_SUPPORTED,DISTORTED,"The ground truth states that Sir William Maule was the eldest son of Sir Peter Maule and Christina de Valognes. The claim states he was the eldest son of Christina de Valognes, which is a misattribution of the father.",Sir William Maule was the eldest son of Sir Peter Maule and Christina de Valognes.
2hop__14092_8311,content,shorten,2,1,Sir William Maule was the eldest son of Baroness of Panmure and Benvie.,NOT_SUPPORTED,DISTORTED,"The ground truth states that Sir William Maule was the eldest son of Sir Peter Maule. The claim states he was the eldest son of Baroness of Panmure and Benvie, which is a different familial relationship.",Sir William Maule was the eldest son of Sir Peter Maule
2hop__14092_8311,content,shorten,2,1,John was King of England.,NOT_SUPPORTED,INVENTED,"The claim that 'John' was King of England is not supported by the text. The text describes various individuals and their lineages, but it does not state that any 'John' was a king.",none
2hop__14092_8311,content,shorten,2,1,"John was King of England from 1,199 to 12,16.",NOT_SUPPORTED,DISTORTED,"The claim states 'John was King of England from 1,199 to 12,16', which is a completely incorrect timeframe. John was a King of England during the 13th century, not 1199-1216. This represents a significant error in the dates.",John's reign is mentioned in the context of the 13th century.
2hop__14092_8311,content,shorten,2,1,"His first wife was Isabel, Countess of Gloucester.",NOT_SUPPORTED,DISTORTED,"The ground truth states that John's first wife was Isabel, Countess of Gloucester, but it does not state that she was his *first* wife. The text describes his second wife, Isabella of Angoulême.","John's first wife, Isabel, Countess of Gloucester, was released from imprisonment in 1214; she remarried twice, and died in 1217."
2hop__14092_8311,content,shorten,2,1,John had a second wife named Isabella of Angoulême.,NOT_SUPPORTED,DISTORTED,"The ground truth states that John had two wives, Isabel and Isabella. The claim states he had a 'second wife named Isabella of Angoulême,' implying a new wife, which is not explicitly stated and could be a misunderstanding of the information about his first wife.",mention of Isabel and Isabella as wives
2hop__14092_8311,content,shorten,2,1,Isabella led in her own right.,NOT_SUPPORTED,DISTORTED,"The claim states that Isabella ‘led in her own right,’ implying agency and independent action. While the ground truth mentions her remarriages and subsequent actions, it doesn’t describe her as ‘leading’ in a political or significant way. It focuses on her personal life and movements, not her leadership.","The text describes Isabella’s remarriages and departure from England, but does not state she ‘led in her own right’."
2hop__14092_8311,content,shorten,2,1,Isabella largely neglected her children.,NOT_SUPPORTED,DISTORTED,"The ground truth states that Isabella remarried twice and died, but it does not claim she ‘neglected’ her children. It describes her moving to Angoulême and focusing on her new life there, leaving her children behind. This implies a shift in her priorities, which could be interpreted as neglect, but it’s a distortion of the stated facts.",John mentions Isabella remarried twice and left England.
2hop__14092_8311,content,shorten,2,1,William Penn was a cricketer and businessman.,NOT_SUPPORTED,DISTORTED,"The ground truth states that William Penn was a cricketer and businessman, but it doesn't specify that he was *the* eldest son. It simply states he was the son of another person.",William Penn was the son of the potter Josiah Wedgwood
2hop__14092_8311,content,shorten,2,1,William Penn inherited John Penn and Sons.,NOT_SUPPORTED,SUPPORTED,"The text states that John Darling and Son was founded by John Darling Sr., who was the eldest son of John Darling. This directly supports the claim that John Darling and Son was founded by John Darling Sr.","John Darling Sr. (1831–1905), a businessman of Scottish origin, and Member of Parliament for 25 years."
2hop__14092_8311,content,shorten,2,1,Zhao Yingqi was Zhao Jiande's father.,NOT_SUPPORTED,SUPPORTED,The ground truth states that Zhao Jiande was the eldest son of Zhao Yingqi. This directly supports the claim that Zhao Yingqi was Zhao Jiande's father.,Zhao Jiande was the eldest son of Zhao Yingqi
2hop__14092_8311,content,shorten,2,1,He was not chosen as king.,NOT_SUPPORTED,INVENTED,"The claim states that he 'was not chosen as king,' which is not explicitly stated in the ground truth. The text describes his lineage and role as a crown prince who died prematurely, but it doesn't mention a lack of selection for the throne.",none
2hop__14092_8311,content,shorten,2,1,John Darling Jr. was the eldest son of the person who died.,NOT_SUPPORTED,DISTORTED,"The claim states that John Darling Jr. was the eldest son of the person who died. The ground truth states that John Darling Sr. (1831–1905) was the founder and first in line of the company, and his eldest son, John Darling, Jr. (1852–1914) succeeded him. This implies that John Darling Sr. died, not John Darling Jr.",John Darling Sr. (1831–1905) was the founder and first in line of the company.
2hop__14092_8311,content,shorten,2,1,Harold Gordon Darling was the eldest son of the person who died.,NOT_SUPPORTED,DISTORTED,"The claim states that the person died, but the ground truth only states that he was succeeded by another person. It doesn't explicitly state that he died.","John Darling Sr. (1831–1905), a businessman of Scottish origin, and Member of Parliament for 25 years. He was succeeded by his eldest son, John Darling, Jr. (1852–1914), also a Member of Parliament, then by Harold Gordon Darling."
2hop__14092_8311,content,shorten,2,1,The firm was registered as a private company.,NOT_SUPPORTED,UNVERIFIABLE,"The ground truth does not state that the firm was registered as a private company. It describes the company's founding and operation, but not its legal structure.",none
2hop__14092_8311,content,shorten,2,1,The firm was registered in 1953.,NOT_SUPPORTED,UNVERIFIABLE,The ground truth text does not contain information about when the firm was registered. It only describes the company's history and founding.,none
2hop__14092_8311,content,shorten,2,1,Leonard Darling is a director of the firm.,NOT_SUPPORTED,SUPPORTED,"The text states: ""It was registered as a private company in Victoria in 1953 with three directors: Norman Darling, Leonard Darling, and Leonard Gordon Darling.""","registered as a private company in Victoria in 1953 with three directors: Norman Darling, Leonard Darling, and Leonard Gordon Darling"
2hop__14092_8311,content,shorten,2,1,Pernell Roberts was a singer.,NOT_SUPPORTED,INVENTED,"The ground truth states that Pernell Roberts was an actor and singer, but it does not explicitly state that he was a singer. This information is not directly present in the provided text.",none
2hop__14092_8311,content,shorten,2,1,"John Petrie was baptized on April 15, 1766.",NOT_SUPPORTED,DISTORTED,"The claim states John Petrie was baptized on April 15, 1766, which is incorrect. The ground truth states he was born on January 15, 1822.",The ground truth states 'John Petrie was born 15 January 1822 in Edinburgh'.
2hop__14092_8311,content,shorten,2,1,John Petrie was the eldest son of Josiah Wedgwood and his wife.,NOT_SUPPORTED,DISTORTED,"The ground truth states that John Petrie was the eldest son of Andrew Petrie and Mary Cuthbertson, not Josiah Wedgwood. This is a wrong entity.",John Petrie was the eldest son of Andrew Petrie and Mary Cuthbertson.
2hop__14092_8311,content,shorten,2,1,John Petrie came to Sydney in 1781.,NOT_SUPPORTED,UNVERIFIABLE,"The ground truth text states that John Petrie arrived in Sydney in 1831, not 1781.",none
2hop__14092_8311,content,shorten,2,1,His father hired reputable workers.,NOT_SUPPORTED,SUPPORTED,The text states that John Petrie's father 'only selected workmen that he considered beyond reproach' to teach his sons cabinet making and carpentry skills. This directly supports the claim that his father hired reputable workers.,"John Petrie. He arrived in Sydney with his family in 1831 and was educated at John Dunmore Lang's school. In 1837 he went to Moreton Bay, where his father had been appointed clerk of works, and accompanied him on explorations to the west and north of Brisbane; he also became a champion oarsman. Aware that his son might be unduly influenced by the incarcerated men at the penal colony, his father only selected workmen that he considered beyond reproach to come to his home in the evening to teach his sons cabinet making and carpentry skills."
2hop__14092_8311,content,shorten,2,1,He did not survive to adulthood.,NOT_SUPPORTED,DISTORTED,"The claim states that a person 'did not survive to adulthood,' which is not explicitly stated in the ground truth. While some individuals may have died young, the text doesn't provide information about the lifespan of any of the mentioned individuals.",none
2hop__14092_8311,content,shorten,2,1,He was succeeded by his half-brother.,NOT_SUPPORTED,DISTORTED,"The claim states he was succeeded by his half-brother, while the ground truth states he was succeeded by his son, Henry Maule. This alters the relationship and factual detail.","The text states 'He was married to Ethana de Vallibus, daughter of John Vaux, Lord of Dirleton, and left one son, Henry Maule, who succeeded him as Baron.'"
2hop__14092_8311,content,shorten,2,1,John Wedgwood (1766–1844) was a Wedgwood pottery partner from 1802 to 1803.,NOT_SUPPORTED,DISTORTED,"The claim states John Wedgwood was a partner from 1802 to 1803, but the ground truth says he was a partner from 1790-1793 and 1800-1812. This changes the dates and the duration of his partnership.",The ground truth mentions 1790–1793 and 1800–1812 as his partnership periods.
2hop__14092_8311,content,shorten,2,1,John Wedgwood (1766–1844) was a Wedgwood pottery partner from 1804 to 1805.,NOT_SUPPORTED,DISTORTED,"The claim states John Wedgwood was a partner from 1804 to 1805, but the ground truth says he was a partner from 1790 to 1812. This is a change in the dates of his partnership.",1790–1812
2hop__14092_8311,content,shorten,2,1,John Wedgwood (1766–1844) was a Wedgwood pottery partner from 1806 to 1807.,NOT_SUPPORTED,DISTORTED,"The claim states that John Wedgwood was a Wedgwood pottery partner from 1806 to 1807, but the ground truth indicates he was a partner from 1790 to 1812. This is a change in the dates of his partnership.",1790–1812 (from the ground truth)
2hop__14092_8311,content,shorten,2,1,John Wedgwood (1766–1844) was a Wedgwood pottery partner from 1808 to 1809.,NOT_SUPPORTED,DISTORTED,"The claim states John Wedgwood was a partner from 1808 to 1809, but the ground truth says he was a partner from 1790-1793 and 1800-1812. This changes the dates of his partnership.",The ground truth mentions 1790–1793 and 1800–1812 as his partnership periods.
2hop__14092_8311,content,shorten,2,1,John Wedgwood (1766–1844) was a Wedgwood pottery partner from 1810 to 1811.,NOT_SUPPORTED,DISTORTED,"The claim states that John Wedgwood was a Wedgwood pottery partner from 1810 to 1811, but the ground truth only mentions him as the eldest son of Josiah Wedgwood and a partner in the firm from 1790-1793 and 1800-1812. The claim provides an incorrect date range.",The ground truth mentions 1790-1793 and 1800-1812.
2hop__14092_8311,content,shorten,2,1,John Wedgwood (1766–1844) was a Wedgwood pottery partner from 1812 to 1813.,NOT_SUPPORTED,DISTORTED,"The claim states that John Wedgwood was a Wedgwood pottery partner from 1812 to 1813, which is accurate based on the provided text. However, the text states he was a partner from 1790-1793 and 1800-1812, not 1812-1813. This is a change in the dates of his partnership.",The text states 'a partner in the Wedgwood pottery firm 1790–1793 and again 1800–1812.'
2hop__14092_8311,content,shorten,2,2,William Calverley was the son of Sir Walter Calverley and Anne Danby.,NOT_SUPPORTED,SUPPORTED,The ground truth explicitly states that William Calverley was the son of Sir Walter Calverley and Anne Danby.,"William Calverley was the son of Sir Walter Calverley and Anne Danby, daughter of Sir Christopher Danby"
2hop__14092_8311,content,shorten,2,2,Eric Maule was the eldest son of Christina de Valognes.,NOT_SUPPORTED,DISTORTED,"The claim states that Eric Maule was the eldest son of Christina de Valognes. However, the ground truth states that Sir William Maule was the eldest son of Sir Peter Maule and Christina de Valognes. This is a confusion of identities.",Sir William Maule was the eldest son of Sir Peter Maule and Christina de Valognes.
2hop__14092_8311,content,shorten,2,2,Eric Maule was the eldest son of the Baroness of Panmure and Benvie.,NOT_SUPPORTED,DISTORTED,"The claim states that Sir William Maule was the eldest son of the Baroness of Panmure and Benvie. However, the ground truth states he was the eldest son of Sir Peter Maule and Christina de Valognes.",Sir Peter Maule
2hop__14092_8311,content,shorten,2,2,He is a child.,NOT_SUPPORTED,SUPPORTED,"The claim states 'He is a child,' which is directly supported by the fact that he was a son of a ruler (Liu Ju was the eldest son of Emperor Wu of Han).","Liu Ju was the eldest son and heir apparent to his father, Emperor Wu of Han."
2hop__14092_8311,content,shorten,2,2,"17,66 was the date of death.",NOT_SUPPORTED,DISTORTED,"The claim states '17,66 was the date of death.' The ground truth states that John Wedgwood (horticulturist) died on '26 January 1844'. This is a clear error in the date.",The ground truth mentions '26 January 1844' as the date of death for John Wedgwood.
2hop__14092_8311,content,shorten,2,2,"26 January 18,44 was the date of death.",NOT_SUPPORTED,PARSE_ERROR,"```json
{
  ""label"": ""DISTORTED"",
  ""reason"": ""The claim states '26 January 18,44 was the date of death.' However, the g",
2hop__14092_8311,content,shorten,2,2,"The son came to Sydney in 18,31.",NOT_SUPPORTED,SUPPORTED,The text states 'John Petrie was born 15 January 1822 in Edinburgh' and 'He arrived in Sydney with his family in 1831'. This directly supports the claim that he came to Sydney in 1831.,John Petrie was born 15 January 1822 in Edinburgh and arrived in Sydney in 1831.
2hop__14092_8311,content,shorten,2,2,He is being shielded from negative influences.,NOT_SUPPORTED,DISTORTED,"The claim suggests that the father is actively shielding his son from negative influences. While the text describes a father's efforts to protect his son from potentially harmful influences (e.g., incarcerated men), it doesn't state that the father is *intentionally* shielding him from all negative influences. It implies a deliberate action, which isn't explicitly described.","The text mentions the father's concern about his son being influenced by negative influences, but it doesn't detail a deliberate shielding strategy."
2hop__14092_8311,content,shorten,2,2,His father employed only reputable tutors.,NOT_SUPPORTED,DISTORTED,"The claim states 'His father employed only reputable tutors,' which implies a specific action or policy regarding tutors. While the text describes the father's careful selection of workmen for his son, it doesn't mention tutors or a deliberate policy of employing only 'reputable' ones. It describes a father who was careful in his selection of workmen.","The text describes the father's selection of workmen for his son, and his concern about the influence of incarcerated men."
2hop__14092_8311,content,shorten,2,2,He died young.,NOT_SUPPORTED,DISTORTED,"The claim 'He died young' implies a premature death, which is not explicitly stated about any of the individuals in the text. While some individuals (like Liu Ju) had relatively short lifespans, the claim is a generalization and doesn't directly reflect the text's specific details.",None
2hop__14092_8311,content,shorten,2,2,He had a half-brother.,NOT_SUPPORTED,DISTORTED,"The text states that Liu Ju was the eldest son of Emperor Wu of Han, but the claim that he had a half-brother is not explicitly stated. It's an inference based on the fact that he was passed over for kingship in favor of his half-brother, which implies the existence of a half-brother.",Zhao Jiande was the eldest son of Zhao Yingqi and a Yue woman.
2hop__14092_8311,content,shorten,2,2,He was succeeded by his half-brother.,NOT_SUPPORTED,DISTORTED,"The claim states he was succeeded by his half-brother, while the ground truth states he was succeeded by his son, Henry Maule. This alters the relationship and factual detail.","The text states 'He was married to Ethana de Vallibus, daughter of John Vaux, Lord of Dirleton, and left one son, Henry Maule, who succeeded him as Baron.'"
2hop__14092_8311,content,shorten,2,2,John Wedgwood was a partner in the Wedgwood pottery from 1800 to 1802.,NOT_SUPPORTED,SUPPORTED,"The text states that John Wedgwood was a partner in the Wedgwood pottery firm from 1790 to 1812, which aligns with the claim that he was a partner from 1800 to 1802.","John Wedgwood (baptised 2 April 1766 — 26 January 1844), the eldest son of the potter Josiah Wedgwood, was a partner in the Wedgwood pottery firm 1790–1793 and again 1800–1812."
2hop__14092_8311,content,shorten,2,2,John Wedgwood was a partner in the Wedgwood pottery from 1812 to 1813.,NOT_SUPPORTED,SUPPORTED,"The text states that John Wedgwood was a partner in the Wedgwood pottery firm from 1790-1793 and again from 1800-1812. The claim states he was a partner from 1812 to 1813, which is a minor variation but consistent with the provided information.","John Wedgwood (baptised 2 April 1766 — 26 January 1844), the eldest son of the potter Josiah Wedgwood, was a partner in the Wedgwood pottery firm 1790–1793 and again 1800–1812."
2hop__14092_8311,content,shorten,2,3,William Calverley was the son of Sir Walter Calverley and Anne Danby.,NOT_SUPPORTED,SUPPORTED,The ground truth explicitly states that William Calverley was the son of Sir Walter Calverley and Anne Danby.,"William Calverley was the son of Sir Walter Calverley and Anne Danby, daughter of Sir Christopher Danby"
2hop__14092_8311,content,shorten,2,3,William Calverley predeceased his father.,NOT_SUPPORTED,SUPPORTED,The ground truth states that Walter Calverley was the eldest son of William Calverley. This directly supports the claim that William Calverley predeceased his father.,"Walter Calverley was the eldest son and heir of William Calverley (d.1572) by his wife, Katherine Thorneholme..."
2hop__14092_8311,content,shorten,2,3,Eric Maule is the eldest son of Sir Peter Maule and Christina de Valognes.,NOT_SUPPORTED,DISTORTED,"The claim states Eric Maule is the eldest son of Sir Peter Maule and Christina de Valognes. However, the ground truth states that Sir William Maule was the eldest son of Sir Peter Maule and Christina de Valognes. Eric Maule is a different individual.",Sir William Maule is the eldest son of Sir Peter Maule and Christina de Valognes.
2hop__14092_8311,content,shorten,2,3,John Petrie was the eldest son of Josiah Wedgwood.,NOT_SUPPORTED,DISTORTED,"The claim states John Petrie was the eldest son of Josiah Wedgwood, but the ground truth only states he was the eldest son of Andrew Petrie and Mary Cuthbertson. This is a wrong entity.",John Petrie was the eldest son of Andrew Petrie and Mary Cuthbertson.
2hop__14092_8311,content,shorten,2,3,Only reputable tutors were engaged to teach him carpentry at home.,NOT_SUPPORTED,DISTORTED,"The claim states that 'only reputable tutors were engaged to teach him carpentry at home.' While the text describes the father teaching his sons cabinet making and carpentry skills, it doesn't specify the tutors' reputation or that they were specifically 'reputable'. It's an inference, not a direct statement.",John Petrie's father only selected workmen that he considered beyond reproach to come to his home to teach his sons cabinet making and carpentry skills.
2hop__14092_8311,content,shorten,2,3,He worked with reputable builders.,NOT_SUPPORTED,DISTORTED,"The claim states he 'worked with reputable builders,' which implies a specific role and activity. While the text describes John Darling Sr.'s business and his family's involvement in the company, it doesn't detail his specific work or interactions with builders. It's a generalization based on his position as a merchant and flour miller.",mention of John Darling Sr.'s business as a wheat merchant and flour miller
2hop__14092_8311,content,shorten,2,3,He died young.,NOT_SUPPORTED,DISTORTED,"The claim 'He died young' implies a premature death, which is not explicitly stated about any of the individuals in the text. While some individuals (like Liu Ju) had relatively short lifespans, the claim is a generalization and doesn't directly reflect the text's specific details.",None
2hop__14092_8311,content,shorten,2,3,He had a half-brother.,NOT_SUPPORTED,DISTORTED,"The text states that Liu Ju was the eldest son of Emperor Wu of Han, but the claim that he had a half-brother is not explicitly stated. It's an inference based on the fact that he was passed over for kingship in favor of his half-brother, which implies the existence of a half-brother.",Zhao Jiande was the eldest son of Zhao Yingqi and a Yue woman.
2hop__14092_8311,content,shorten,2,3,He was succeeded by his half-brother.,NOT_SUPPORTED,DISTORTED,"The claim states he was succeeded by his half-brother, while the ground truth states he was succeeded by his son, Henry Maule. This alters the relationship and factual detail.","The text states 'He was married to Ethana de Vallibus, daughter of John Vaux, Lord of Dirleton, and left one son, Henry Maule, who succeeded him as Baron.'"
2hop__14092_8311,content,shorten,2,3,William is Duke of Cambridge.,NOT_SUPPORTED,DISTORTED,"The ground truth states that William is the Duke of Cambridge, but this is a later title acquired by him. The claim simply states he *is* Duke of Cambridge without acknowledging this development.",William is Prince of Wales
2hop__14092_8311,content,shorten,2,3,"William has an eldest child, Prince George.",NOT_SUPPORTED,INVENTED,"The claim states 'William has an eldest child, Prince George.' While Prince George is in the line of succession, the ground truth does not explicitly state that William (likely referring to William, Prince of Wales) has an eldest child named George.",none
2hop__14092_8311,content,shorten,2,3,George is William’s eldest child.,NOT_SUPPORTED,INVENTED,"The claim states 'George is William’s eldest child.' However, the ground truth text describes multiple individuals (Walter Calverley, Sir William Maule, John, etc.) and does not mention a 'George' or any relationship between them.",none
2hop__14092_8311,content,shorten,2,3,"William has a younger son, Prince Harry.",NOT_SUPPORTED,INVENTED,"The claim that 'William has a younger son, Prince Harry' is not present in the provided ground truth text. It introduces a new person and relationship not found in the source material.",none
2hop__14092_8311,content,shorten,2,3,Harry is William’s younger son.,NOT_SUPPORTED,INVENTED,"The claim states 'Harry is William’s younger son,' but the provided text does not mention a 'Harry' or any relationship between William and a 'Harry'.",none
2hop__14092_8311,content,shorten,2,3,"Harry has a sister, Elizabeth II’s second-elder son, Prince Andrew, Duke of York.",NOT_SUPPORTED,INVENTED,"The claim states 'Harry has a sister, Elizabeth II’s second-elder son, Prince Andrew, Duke of York.' This introduces a person named 'Harry' who is not mentioned in the ground truth. It also incorrectly identifies Prince Andrew as Harry's sister.",none
2hop__14092_8311,style,formality,0,1,William Calverley was the son of Sir Walter Calverley and Anne Danby.,NOT_SUPPORTED,SUPPORTED,The ground truth explicitly states that William Calverley was the son of Sir Walter Calverley and Anne Danby.,"William Calverley was the son of Sir Walter Calverley and Anne Danby, daughter of Sir Christopher Danby"
2hop__14092_8311,style,formality,0,1,John is the King of England.,NOT_SUPPORTED,INVENTED,"The claim that 'John' is the King of England is not supported by the text. The text describes multiple individuals (John III, King of England, John Mitchell Kemble, etc.) and does not state that any of them are the King.",none
2hop__14092_8311,style,formality,0,1,"John married Isabel, Countess of Gloucester.",NOT_SUPPORTED,DISTORTED,"The ground truth states that Isabel, Countess of Gloucester, remarried twice and died. The claim states that John married Isabel, implying a direct marriage, which is not explicitly stated in the text. It's a distortion of the relationship described.","John's first wife, Isabel, Countess of Gloucester, was released from imprisonment in 1214; she remarried twice, and died in 1217."
2hop__14092_8311,style,formality,0,1,Henry III was one of John's legitimate offspring.,NOT_SUPPORTED,SUPPORTED,"The text states that John III, Margrave of Brandenburg-Salzwedel was the eldest son of Margrave Otto III. The claim states that Henry III was one of John's legitimate offspring. This is a direct inference from the provided text.","John III, Margrave of Brandenburg-Salzwedel was the eldest son of Margrave Otto III"
2hop__14092_8311,style,formality,0,1,William Penn was a cricketer and businessman.,NOT_SUPPORTED,DISTORTED,"The ground truth states that William Penn was a cricketer and businessman, but it doesn't specify that he was *the* eldest son. It simply states he was the son of another person.",William Penn was the son of the potter Josiah Wedgwood
2hop__14092_8311,style,formality,0,1,James Gooderham Worts died on 20 June 18.,NOT_SUPPORTED,DISTORTED,"The ground truth states that James Gooderham Worts died on June 20, 1882, not 18. This is a simple error in the date.","June 4, 1818 - June 20, 1882"
2hop__14092_8311,style,formality,0,1,Zhao Jiande was the eldest son of Emperor Wu of Han.,NOT_SUPPORTED,INVENTED,"The ground truth states that Zhao Jiande was the eldest son of Zhao Yingqi, not Emperor Wu of Han. This is a factual error.",none
2hop__14092_8311,style,formality,0,1,He was supplanted in the succession.,NOT_SUPPORTED,DISTORTED,"The claim states he was 'supplanted in the succession,' implying he lost his position as heir. While the text describes a shift in the line of succession due to the birth of Prince George, it doesn't explicitly state that the previous individual was 'supplanted'. It simply outlines the current order of succession.",Succession to the British throne.
2hop__14092_8311,style,formality,0,1,Zhao Yingqi became king.,NOT_SUPPORTED,INVENTED,"The claim that Zhao Yingqi ‘became king’ is not directly stated in the ground truth. It states he was passed over for kingship, but doesn't say he ascended to the throne.",none
2hop__14092_8311,style,formality,0,1,Zhao Yingqi is his half-brother.,NOT_SUPPORTED,INVENTED,"The ground truth states that Zhao Jiande was passed over for kingship, but it does not mention that he had a half-brother. This information was not present in the original text.",none
2hop__14092_8311,style,formality,0,1,John Darling and Son was the principal enterprise in the country.,NOT_SUPPORTED,DISTORTED,"The claim states that ‘John Darling and Son’ was the ‘principal enterprise in the country.’ While the company was large and important, the text describes it as an ‘Australian wheat merchant and flour milling company,’ and emphasizes its role as a major company within Australia, not necessarily the ‘principal enterprise’ of the entire country.",The text describes the company as an Australian wheat merchant and flour milling company.
2hop__14092_8311,style,formality,0,1,"John Darling, Jr. was his eldest son.",NOT_SUPPORTED,SUPPORTED,"The text states: ""John Darling and Son was an Australian wheat merchant and flour milling company founded by John Darling Sr. (1831–1905), a businessman of Scottish origin, and Member of Parliament for 25 years. He was succeeded by his eldest son, John Darling, Jr. (1852–1914), also a Member of Parliament, then by Harold Gordon Darling.""","John Darling Sr. and John Darling, Jr. are explicitly mentioned as being involved in the company and as members of parliament."
2hop__14092_8311,style,formality,0,1,Harold Gordon Darling was his son.,NOT_SUPPORTED,DISTORTED,"The claim states that Harold Gordon Darling was his son, but the ground truth describes the lineage of the Darling family, indicating that John Darling (Jr.) was the successor to the company and the family business, not Harold Gordon Darling.","The text describes John Darling, Jr. as succeeding his father and then Harold Gordon Darling."
2hop__14092_8311,style,formality,0,1,The firm was incorporated as a private company.,NOT_SUPPORTED,DISTORTED,"The ground truth states that the firm was registered as a private company, not that it was ‘incorporated’ as such. ‘Incorporated’ implies a legal structure, which isn’t explicitly stated in the text.",The text states ‘registered as a private company’.
2hop__14092_8311,style,formality,0,1,The firm was incorporated in Victoria.,NOT_SUPPORTED,UNVERIFIABLE,"The ground truth does not contain information about the firm being incorporated in Victoria. It describes the firm's founding and operation, but not its legal registration.",none
2hop__14092_8311,style,formality,0,1,The firm was incorporated in 1953.,NOT_SUPPORTED,UNVERIFIABLE,The ground truth text does not contain information about when the firm was incorporated. It only describes the company's founding and its history.,none
2hop__14092_8311,style,formality,0,1,Emperor Haile Selassie I of Ethiopia was later Negus Tafari Makonnen.,NOT_SUPPORTED,DISTORTED,"The claim states that Emperor Haile Selassie I was later Negus Tafari Makonnen. While Tafari Makonnen was a key figure in Ethiopian history and eventually became Emperor Haile Selassie I, the claim implies a direct transition and a change in title that isn't explicitly stated in the ground truth. It’s a simplification of a complex historical process.",mention of 'Ras' Kassa and 'Negus' Tafari Makonnen
2hop__14092_8311,style,formality,0,1,John Petrie was the eldest son of Josiah Wedgwood and Maria Cuthbertson.,NOT_SUPPORTED,DISTORTED,"The ground truth states that John Petrie was the eldest son of Andrew Petrie and Mary Cuthbertson, not Josiah Wedgwood and Maria Cuthbertson. This is a wrong entity.",The ground truth mentions Andrew Petrie and Mary Cuthbertson.
2hop__14092_8311,style,formality,0,1,John Petrie was baptised on 2 April 1766.,NOT_SUPPORTED,SUPPORTED,"The text states 'John Petrie was born 15 January 1822 in Edinburgh', which directly supports the claim that he was born on 2 April 1766.",John Petrie was born 15 January 1822 in Edinburgh
2hop__14092_8311,style,formality,0,1,John Dunmore Lang founded the school.,NOT_SUPPORTED,DISTORTED,"The ground truth states that John Dunmore Lang *established* the school, not that he founded it.  Founding implies a more active role than simply establishing.",John Dunmore Lang's school is mentioned in the text.
2hop__14092_8311,style,formality,0,1,John's father was appointed clerk of works.,NOT_SUPPORTED,SUPPORTED,"The text states that ‘John Darling Sr. (1831–1905), a businessman of Scottish origin, and Member of Parliament for 25 years’ was the founder of the John Darling and Son company, and that his eldest son, John Darling, Jr., succeeded him. This directly supports the claim that John’s father was appointed as a businessman and member of parliament.","John Darling Sr. (1831–1905), a businessman of Scottish origin, and Member of Parliament for 25 years."
2hop__14092_8311,style,formality,0,1,John was instructed by workmen.,NOT_SUPPORTED,DISTORTED,"The claim states that 'John was instructed by workmen,' which implies a direct action and teaching. While the text describes a father instructing his sons in cabinet making, it doesn't explicitly state that a 'workman' instructed John. It’s an inference, not a direct statement.",John Petrie's father only selected workmen that he considered beyond reproach to come to his home to teach his sons cabinet making and carpentry skills.
2hop__14092_8311,style,formality,0,1,John was instructed in cabinet making.,NOT_SUPPORTED,SUPPORTED,The text states that John Petrie's father 'only selected workmen that he considered beyond reproach' to teach his sons cabinet making and carpentry skills. This directly supports the claim that John was instructed in cabinet making.,John Petrie’s father only selected workmen that he considered beyond reproach to come to his home in the evening to teach his sons cabinet making and carpentry skills.
2hop__14092_8311,style,formality,0,1,John was instructed in carpentry.,NOT_SUPPORTED,SUPPORTED,The text states that John Petrie's father 'only selected workmen that he considered beyond reproach' to teach his sons cabinet making and carpentry skills. This implies that John Petrie was instructed in carpentry.,John Petrie’s father only selected workmen that he considered beyond reproach to come to his home in the evening to teach his sons cabinet making and carpentry skills.
2hop__14092_8311,style,formality,0,1,"John III was born in 12,44 in Prague.",NOT_SUPPORTED,DISTORTED,"The claim states John III was born in 12,44, which is a year. However, the ground truth states he was born in 1244.","John III, Margrave of Brandenburg-Salzwedel, was born in 1244 in Prague"
2hop__14092_8311,style,formality,0,1,"John III died in 12,68.",NOT_SUPPORTED,DISTORTED,"The ground truth states that John III died in 1268, not 12,68. This is a simple numerical error.","John III, Margrave of Brandenburg-Salzwedel, nicknamed ‘John from Prague’ (1244 in Prague – 1268) was the eldest son of Margrave Otto III and his wife, Beatrice of Bohemia."
2hop__14092_8311,style,formality,0,1,"Since the year 1066, Westminster Abbey has served as the site of the coronations of King Harold.",NOT_SUPPORTED,DISTORTED,"The ground truth states that coronations have been held in Westminster Abbey since 1066, but it doesn't explicitly state that King Harold was crowned there. The claim implies a direct link that isn't present in the text.","Since the year 1066, Westminster Abbey has served as the site of the coronations of King Harold."
2hop__14092_8311,style,formality,0,1,"Since the year 1066, Westminster Abbey has served as the site of the coronations of William the Conqueror.",NOT_SUPPORTED,DISTORTED,"The ground truth states that coronations have been held in Westminster Abbey since 1066, but it doesn't explicitly state that William the Conqueror was the first monarch to be crowned there. The claim implies a direct link that isn't stated.","Since the year 1066, Westminster Abbey has served as the site of the coronations of English and British monarchs."
2hop__14092_8311,style,formality,0,1,"A subsequent, official coronation took place within the abbey on 17 May 12 20.",NOT_SUPPORTED,DISTORTED,"The claim states '17 May 12 20', which is a date error. The ground truth mentions '17 May 1220' for a coronation within the abbey.",The ground truth mentions '17 May 1220' for a coronation.
2hop__14092_8311,style,formality,0,1,John Wedgwood is a horticulturist.,NOT_SUPPORTED,SUPPORTED,"The text states that John Wedgwood was the eldest son of Josiah Wedgwood, a potter. This implies he was involved in the pottery business.","John Wedgwood (baptised 2 April 1766 — 26 January 1844), the eldest son of the potter Josiah Wedgwood, was a partner in the Wedgwood pottery firm 1790–1793 and again 1800–1812."
2hop__14092_8311,style,formality,0,1,Thereafter comes Prince George.,NOT_SUPPORTED,DISTORTED,"The claim 'Thereafter comes Prince George' implies a specific order of succession, which is not explicitly stated in the ground truth. While the text does describe the line of succession, it doesn't present George as 'thereafter coming' in a definitive way.","The text describes the line of succession, but not a specific order of 'thereafter comes'."
2hop__14092_8311,style,formality,0,1,Thereafter comes Princess Charlotte.,NOT_SUPPORTED,DISTORTED,"The claim states 'Thereafter comes Princess Charlotte,' implying a sequence of succession. While the ground truth mentions Princess Charlotte being in line for the throne, it doesn't present this as a direct ‘thereafter comes’ sequence. It describes the order of succession.","Third in line is Prince George, the son of the Duke of Cambridge, followed by his sister, Princess Charlotte."
2hop__14092_8311,style,formality,0,2,Sir William Calverley was the son of Sir Walter Calverley and Anne Danby.,NOT_SUPPORTED,SUPPORTED,The ground truth explicitly states that Sir William Calverley was the son of Sir Walter Calverley and Anne Danby.,"Walter Calverley. Walter Calverley was the eldest son and heir of William Calverley (d.1572) by his wife, Katherine Thorneholme, daughter of John Thorneholme of Haysthorpe, Yorkshire. William Calverley was the son of Sir Walter Calverley and Anne Danby, daughter of Sir Christopher Danby (d. 14 June 1571) and Elizabeth Neville, daughter of Richard Neville, 2nd Baron Latimer."
2hop__14092_8311,style,formality,0,2,"Sir William Calverley was succeeded in 1571 by his brother, Elizabeth Neville.",NOT_SUPPORTED,DISTORTED,"The ground truth states that Elizabeth Neville was the daughter of Sir Christopher Danby, not William Calverley. The claim incorrectly attributes the succession to Elizabeth Neville.",Sir Walter Calverley was the son of Sir Christopher Danby (d. 14 June 1571) and Elizabeth Neville
2hop__14092_8311,style,formality,0,2,Sir William Maule inherited the barony in 1354.,NOT_SUPPORTED,INVENTED,The claim that Sir William Maule inherited the barony in 1354 is not mentioned in the ground truth. The text states he succeeded as Baron in 1254.,none
2hop__14092_8311,style,formality,0,2,Sir Peter Maule died in 1354.,NOT_SUPPORTED,UNVERIFIABLE,The ground truth does not provide information about the year of death for Sir Peter Maule. It only states that he died in 1354.,none
2hop__14092_8311,style,formality,0,2,John is the King of England.,NOT_SUPPORTED,INVENTED,"The claim that 'John' is the King of England is not supported by the text. The text describes multiple individuals (John III, King of England, John Mitchell Kemble, etc.) and does not state that any of them are the King.",none
2hop__14092_8311,style,formality,0,2,John was King of England.,NOT_SUPPORTED,INVENTED,"The claim that 'John' was King of England is not supported by the text. The text describes various individuals and their lineages, but it does not state that any 'John' was a king.",none
2hop__14092_8311,style,formality,0,2,Isabel was the Countess of Gloucester.,NOT_SUPPORTED,DISTORTED,"The ground truth states that Isabel was the first wife of John, King of England, not the Countess of Gloucester. This is a change of role and relationship.",Isabel was the first wife of John
2hop__14092_8311,style,formality,0,2,Henry III was one of John's children.,NOT_SUPPORTED,SUPPORTED,"The text states that John III, Margrave of Brandenburg-Salzwedel was the eldest son of Margrave Otto III. The claim states that Henry III was one of John's children. While Henry III is a king, the text does not explicitly state that he was John III's child. However, the text does state that John III was the eldest son of Margrave Otto III, and the text does not mention any children of Otto III. Therefore, it is reasonable to infer that Henry III was a child of John III.","John III, Margrave of Brandenburg-Salzwedel was the eldest son of Margrave Otto III and his wife, Beatrice of Bohemia."
2hop__14092_8311,style,formality,0,2,Richard was one of John's children.,NOT_SUPPORTED,DISTORTED,"The claim states 'Richard was one of John's children.' While John had many children, Richard is not explicitly mentioned as one of them in the provided text. It's a potential misinterpretation or a fabricated connection.",none
2hop__14092_8311,style,formality,0,2,John had three daughters.,NOT_SUPPORTED,INVENTED,The ground truth text does not mention John having any daughters. It describes his children as sons.,none
2hop__14092_8311,style,formality,0,2,William Penn was a cricketer and businessman.,NOT_SUPPORTED,DISTORTED,"The ground truth states that William Penn was a cricketer and businessman, but it doesn't specify that he was *the* eldest son. It simply states he was the son of another person.",William Penn was the son of the potter Josiah Wedgwood
2hop__14092_8311,style,formality,0,2,He pursued his education.,NOT_SUPPORTED,SUPPORTED,"The text states that John Wedgwood (horticulturist) was the eldest son of Josiah Wedgwood, and that he was a partner in the Wedgwood pottery firm. This implies he pursued his education to achieve this role.","John Wedgwood (baptised 2 April 1766 — 26 January 1844), the eldest son of the potter Josiah Wedgwood, was a partner in the Wedgwood pottery firm 1790–1793 and again 1800–1812."
2hop__14092_8311,style,formality,0,2,James Gooderham Worts died on 20 June 18.,NOT_SUPPORTED,DISTORTED,"The ground truth states that James Gooderham Worts died on June 20, 1882, not 18. This is a simple error in the date.","June 4, 1818 - June 20, 1882"
2hop__14092_8311,style,formality,0,2,Zhao Jiande was the eldest son of Emperor Wu of Han.,NOT_SUPPORTED,INVENTED,"The ground truth states that Zhao Jiande was the eldest son of Zhao Yingqi, not Emperor Wu of Han. This is a factual error.",none
2hop__14092_8311,style,formality,0,2,Zhao Jiande was born in 91 BC.,NOT_SUPPORTED,DISTORTED,"The ground truth states that Zhao Jiande died at age 38 during the political turmoil in 91 BC. The claim states he was born in 91 BC, which is a factual error. He was born earlier than 91 BC.",Zhao Jiande was the eldest son of Zhao Yingqi and a Yue woman.
2hop__14092_8311,style,formality,0,2,He was succeeded in the line of succession by his half-brother.,NOT_SUPPORTED,SUPPORTED,"The text states that William Maule succeeded as Baron in 1254 on his father's death and that he was succeeded by his son, Henry Maule. This implies that William Maule was succeeded by his half-brother.","Sir William Maule was the eldest son of Sir Peter Maule and Christina de Valognes, Baron and Baroness of Panmure and Benvie. William succeeded as Baron in 1254 on his father's death. He was married to Ethana de Vallibus, daughter of John Vaux, Lord of Dirleton, and left one son, Henry Maule, who succeeded him as Baron."
2hop__14092_8311,style,formality,0,2,Zhao Yingqi became king.,NOT_SUPPORTED,INVENTED,"The claim that Zhao Yingqi ‘became king’ is not directly stated in the ground truth. It states he was passed over for kingship, but doesn't say he ascended to the throne.",none
2hop__14092_8311,style,formality,0,2,Harold Gordon Darling assumed the management of the company.,NOT_SUPPORTED,DISTORTED,"The claim states that Harold Gordon Darling 'assumed the management' of the company. While the text mentions he succeeded his father, it doesn't explicitly state he 'assumed the management'. It implies he took over, but the phrasing is slightly stronger than the text allows.","The text states 'He was succeeded by his eldest son, John Darling, Jr. (1852–1914), then by Harold Gordon Darling.'"
2hop__14092_8311,style,formality,0,2,Harold Gordon Darling was the eldest son of the company's management.,NOT_SUPPORTED,DISTORTED,"The claim states that Harold Gordon Darling was the eldest son of the company's management. While the text mentions John Darling Jr. as the successor, it doesn't explicitly state that Harold Gordon Darling was the eldest son of the company's management. It implies he was a later successor, not necessarily the eldest.",The text mentions John Darling Sr. and John Darling Jr. as the founders and successors of the company.
2hop__14092_8311,style,formality,0,2,The company was incorporated in 18 53.,NOT_SUPPORTED,DISTORTED,"The claim states the company was incorporated in 1853, while the ground truth states it was registered as a private company in 1953.",1953
2hop__14092_8311,style,formality,0,2,"Pernell Elven Roberts, Jr. was a singer.",NOT_SUPPORTED,DISTORTED,"The ground truth states that Pernell Roberts was an actor, stage performer, and film actor, but it does not mention that he was also a singer. This is an addition to the information provided in the ground truth.","The text mentions his roles in television series and as an actor, but not his singing career."
2hop__14092_8311,style,formality,0,2,Adam Cartwright was the eldest son of Ben Cartwright.,NOT_SUPPORTED,INVENTED,"The claim states that Adam Cartwright was the eldest son of Ben Cartwright. The ground truth text describes Adam Cartwright as Ben Cartwright's eldest son, but it does not state that Ben Cartwright was Adam's father. This is an invented relationship.",none
2hop__14092_8311,style,formality,0,2,John Petrie was the eldest son of Josiah Wedgwood and Maria Cuthbertson.,NOT_SUPPORTED,DISTORTED,"The ground truth states that John Petrie was the eldest son of Andrew Petrie and Mary Cuthbertson, not Josiah Wedgwood and Maria Cuthbertson. This is a wrong entity.",The ground truth mentions Andrew Petrie and Mary Cuthbertson.
2hop__14092_8311,style,formality,0,2,John Petrie was baptised on 2 April 1766.,NOT_SUPPORTED,SUPPORTED,"The text states 'John Petrie was born 15 January 1822 in Edinburgh', which directly supports the claim that he was born on 2 April 1766.",John Petrie was born 15 January 1822 in Edinburgh
2hop__14092_8311,style,formality,0,2,John Petrie was deceased on 26 January 1844.,NOT_SUPPORTED,SUPPORTED,"The text states 'John Petrie was born 15 January 1822 in Edinburgh, the eldest son of Andrew Petrie and Mary Cuthbertson. He arrived in Sydney with his family in 1831 and was educated at John Dunmore Lang's school. In 1837 he went to Moreton Bay, where his father had been appointed clerk of works, and accompanied him on explorations to the west and north of Brisbane; he also became a champion oarsman.' It explicitly states his date of death as '26 January 1844'.","John Petrie was born 15 January 1822 in Edinburgh, and died 26 January 1844"
2hop__14092_8311,style,formality,0,2,John was instructed by select workmen.,NOT_SUPPORTED,DISTORTED,"The claim states that 'John was instructed by select workmen,' which implies a direct instruction. While the text describes the father's careful selection of workmen to teach his sons, it doesn't state that John himself was explicitly instructed by them. It describes the father's actions and their impact on the sons' learning.","John Petrie. John Petrie was born 15 January 1822 in Edinburgh, the eldest son of Andrew Petrie and Mary Cuthbertson. He arrived in Sydney with his family in 1831 and was educated at John Dunmore Lang's school. In 1837 he went to Moreton Bay, where his father had been appointed clerk of works, and accompanied him on explorations to the west and north of Brisbane; he also became a champion oarsman. Aware that his son might be unduly influenced by the incarcerated men at the penal colony, his father only selected workmen that he considered beyond reproach to come to his home in the evening to teach his sons cabinet making and carpentry skills."
2hop__14092_8311,style,formality,0,2,Raglan Squire was subsequently elevated to the title of Sir John Squire.,NOT_SUPPORTED,DISTORTED,"The claim states that Raglan Squire was ‘subsequently elevated to the title of Sir John Squire’. While the text mentions he was born Raglan Squire and later became Sir John Squire, it doesn't state that he was ‘subsequently elevated’ to the title. It simply describes his progression to the title.","Raglan Squire, the eldest son of the poet and critic J C (later Sir John) Squire, was born in London and educated at Blundell's School in Tiverton and at St John's College, Cambridge to read Architecture. Upon graduation Rag spent a year working on building sites, followed by four years working in architects' offices and studying part-time for his RIBA exams at the Regent Street Polytechnic's evening classes in the early 1930s."
2hop__14092_8311,style,formality,0,3,Sir William Calverley was the son of Sir Walter Calverley and Anne Danby.,NOT_SUPPORTED,SUPPORTED,The ground truth explicitly states that Sir William Calverley was the son of Sir Walter Calverley and Anne Danby.,"Walter Calverley. Walter Calverley was the eldest son and heir of William Calverley (d.1572) by his wife, Katherine Thorneholme, daughter of John Thorneholme of Haysthorpe, Yorkshire. William Calverley was the son of Sir Walter Calverley and Anne Danby, daughter of Sir Christopher Danby (d. 14 June 1571) and Elizabeth Neville, daughter of Richard Neville, 2nd Baron Latimer."
2hop__14092_8311,style,formality,0,3,"Sir William Calverley was succeeded in 1571 by his sister, Elizabeth Neville.",NOT_SUPPORTED,DISTORTED,"The ground truth states that Sir William Calverley was succeeded by his sister, Elizabeth Neville. The claim states he was succeeded by his sister, Elizabeth Neville, which is factually correct but presents a slightly misleading implication that the succession was by a sister, when the text explicitly states he was succeeded by his sister, Elizabeth Neville.","Sir William Calverley was succeeded by his sister, Elizabeth Neville."
2hop__14092_8311,style,formality,0,3,Sir Peter Maule died in 1254.,NOT_SUPPORTED,SUPPORTED,The ground truth states that Sir William Maule died in 1254. This claim directly reflects that fact.,"Sir William Maule was the eldest son of Sir Peter Maule and Christina de Valognes, Baron and Baroness of Panmure and Benvie. William succeeded as Baron in 1254 on his father's death."
2hop__14092_8311,style,formality,0,3,John is the King of England.,NOT_SUPPORTED,INVENTED,"The claim that 'John' is the King of England is not supported by the text. The text describes multiple individuals (John III, King of England, John Mitchell Kemble, etc.) and does not state that any of them are the King.",none
2hop__14092_8311,style,formality,0,3,John was King of England.,NOT_SUPPORTED,INVENTED,"The claim that 'John' was King of England is not supported by the text. The text describes various individuals and their lineages, but it does not state that any 'John' was a king.",none
2hop__14092_8311,style,formality,0,3,Isabel was the Countess of Gloucester.,NOT_SUPPORTED,DISTORTED,"The ground truth states that Isabel was the first wife of John, King of England, not the Countess of Gloucester. This is a change of role and relationship.",Isabel was the first wife of John
2hop__14092_8311,style,formality,0,3,Isabel entered into further matrimonial alliances.,NOT_SUPPORTED,DISTORTED,"The ground truth states that Isabel remarried twice and died. The claim states she 'entered into further matrimonial alliances,' which is a broader statement and implies more than just remarriages. It suggests a pattern of relationships beyond just two marriages, potentially including other unions.",The text mentions Isabel's remarriages.
2hop__14092_8311,style,formality,0,3,Henry III was one of King John's children.,NOT_SUPPORTED,SUPPORTED,"The text states that John III, Margrave of Brandenburg-Salzwedel was the eldest son of Margrave Otto III. This directly supports the claim that Henry III was one of King John's children.","John III, Margrave of Brandenburg-Salzwedel was the eldest son of Margrave Otto III"
2hop__14092_8311,style,formality,0,3,William Penn was a distinguished cricketer and businessman.,NOT_SUPPORTED,INVENTED,"The ground truth states that William Penn was a Quaker, a diplomat, and a landowner, but it does not mention him being a cricketer or businessman. These are new claims not found in the provided text.",none
2hop__14092_8311,style,formality,0,3,He pursued his education.,NOT_SUPPORTED,SUPPORTED,"The text states that John Wedgwood (horticulturist) was the eldest son of Josiah Wedgwood, and that he was a partner in the Wedgwood pottery firm. This implies he pursued his education to achieve this role.","John Wedgwood (baptised 2 April 1766 — 26 January 1844), the eldest son of the potter Josiah Wedgwood, was a partner in the Wedgwood pottery firm 1790–1793 and again 1800–1812."
2hop__14092_8311,style,formality,0,3,James Gooderham Worts died on 20 June 18.,NOT_SUPPORTED,DISTORTED,"The ground truth states that James Gooderham Worts died on June 20, 1882, not 18. This is a simple error in the date.","June 4, 1818 - June 20, 1882"
2hop__14092_8311,style,formality,0,3,Zhao Jiande was the eldest son of Emperor Wu of Han.,NOT_SUPPORTED,INVENTED,"The ground truth states that Zhao Jiande was the eldest son of Zhao Yingqi, not Emperor Wu of Han. This is a factual error.",none
2hop__14092_8311,style,formality,0,3,Zhao Jiande was born in 91 BC.,NOT_SUPPORTED,DISTORTED,"The ground truth states that Zhao Jiande died at age 38 during the political turmoil in 91 BC. The claim states he was born in 91 BC, which is a factual error. He was born earlier than 91 BC.",Zhao Jiande was the eldest son of Zhao Yingqi and a Yue woman.
2hop__14092_8311,style,formality,0,3,He was succeeded by his half-brother.,NOT_SUPPORTED,DISTORTED,"The claim states he was succeeded by his half-brother, while the ground truth states he was succeeded by his son, Henry Maule. This alters the relationship and factual detail.","The text states 'He was married to Ethana de Vallibus, daughter of John Vaux, Lord of Dirleton, and left one son, Henry Maule, who succeeded him as Baron.'"
2hop__14092_8311,style,formality,0,3,His half-brother became king.,NOT_SUPPORTED,INVENTED,The claim that his half-brother became king is not present in the provided text. It introduces a new element – a half-brother ascending to the throne – which is not supported by the information given about Liu Ju.,none
2hop__14092_8311,style,formality,0,3,John Petrie was the eldest son of Josiah Wedgwood and Maria Cuthbertson.,NOT_SUPPORTED,DISTORTED,"The ground truth states that John Petrie was the eldest son of Andrew Petrie and Mary Cuthbertson, not Josiah Wedgwood and Maria Cuthbertson. This is a wrong entity.",The ground truth mentions Andrew Petrie and Mary Cuthbertson.
2hop__14092_8311,style,formality,0,3,John Petrie was baptised on 2 April 1766.,NOT_SUPPORTED,SUPPORTED,"The text states 'John Petrie was born 15 January 1822 in Edinburgh', which directly supports the claim that he was born on 2 April 1766.",John Petrie was born 15 January 1822 in Edinburgh
2hop__14092_8311,style,formality,0,3,John Petrie was deceased on 26 January 1844.,NOT_SUPPORTED,SUPPORTED,"The text states 'John Petrie was born 15 January 1822 in Edinburgh, the eldest son of Andrew Petrie and Mary Cuthbertson. He arrived in Sydney with his family in 1831 and was educated at John Dunmore Lang's school. In 1837 he went to Moreton Bay, where his father had been appointed clerk of works, and accompanied him on explorations to the west and north of Brisbane; he also became a champion oarsman.' It explicitly states his date of death as '26 January 1844'.","John Petrie was born 15 January 1822 in Edinburgh, and died 26 January 1844"
2hop__14092_8311,style,formality,0,3,He relocated to Sydney.,NOT_SUPPORTED,DISTORTED,"The claim states he 'relocated to Sydney,' which implies a move. While the text mentions he arrived in Sydney with his family, it doesn't explicitly state he 'relocated' from somewhere else. It simply describes his arrival.",He arrived in Sydney with his family in 1831
2hop__14092_8311,style,formality,0,3,Raglan Squire was the eldest son of the late Sir Peter Squire.,NOT_SUPPORTED,INVENTED,"The claim states Raglan Squire was the eldest son of the late Sir Peter Squire. The ground truth text mentions Raglan Squire's father as the poet and critic J.C. Squire, not Sir Peter Squire.",none
2hop__14092_8311,style,formality,0,3,Raglan Squire was subsequently knighted as Sir John Squire.,NOT_SUPPORTED,DISTORTED,"The claim states Raglan Squire was knighted as Sir John Squire, which is a slight rephrasing of the fact that he was knighted. The ground truth describes his education and early career, not his knighthood.","Raglan Squire, the eldest son of the poet and critic J C (later Sir John) Squire, was born in London and educated at Blundell's School in Tiverton and at St John's College, Cambridge to read Architecture."
2hop__14092_8311,style,formality,1,1,Sir William Calverley was the son of Sir Walter Calverley and Anne Danby.,NOT_SUPPORTED,SUPPORTED,The ground truth explicitly states that Sir William Calverley was the son of Sir Walter Calverley and Anne Danby.,"Walter Calverley. Walter Calverley was the eldest son and heir of William Calverley (d.1572) by his wife, Katherine Thorneholme, daughter of John Thorneholme of Haysthorpe, Yorkshire. William Calverley was the son of Sir Walter Calverley and Anne Danby, daughter of Sir Christopher Danby (d. 14 June 1571) and Elizabeth Neville, daughter of Richard Neville, 2nd Baron Latimer."
2hop__14092_8311,style,formality,1,1,John had a first wife named Isabel.,NOT_SUPPORTED,SUPPORTED,"The ground truth explicitly states that John's first wife was Isabel, Countess of Gloucester.","John's first wife, Isabel, Countess of Gloucester, was released from imprisonment in 1214"
2hop__14092_8311,style,formality,1,1,Isabel was the Countess of Gloucester.,NOT_SUPPORTED,DISTORTED,"The ground truth states that Isabel was the first wife of John, King of England, not the Countess of Gloucester. This is a change of role and relationship.",Isabel was the first wife of John
2hop__14092_8311,style,formality,1,1,John had a second wife named Isabella of Angoulême.,NOT_SUPPORTED,DISTORTED,"The ground truth states that John had two wives, Isabel and Isabella. The claim states he had a 'second wife named Isabella of Angoulême,' implying a new wife, which is not explicitly stated and could be a misunderstanding of the information about his first wife.",mention of Isabel and Isabella as wives
2hop__14092_8311,style,formality,1,1,John's eldest son was Henry III.,NOT_SUPPORTED,INVENTED,"The claim states that John's eldest son was Henry III, but the ground truth does not mention John or Henry III. It describes John as a king with multiple children, including Henry and Richard.",none
2hop__14092_8311,style,formality,1,1,John's son was Richard.,NOT_SUPPORTED,INVENTED,The ground truth does not mention John's son being named Richard. This is an invented fact.,none
2hop__14092_8311,style,formality,1,1,John's daughter was Joan.,NOT_SUPPORTED,INVENTED,"The ground truth does not mention John's daughter being named Joan. It mentions John's daughter, Joan, who married Prince Llywelyn.",none
2hop__14092_8311,style,formality,1,1,John's daughter was Isabella.,NOT_SUPPORTED,INVENTED,"The ground truth does not mention John's daughter being Isabella. It states John's wives and children, but does not specify the names of his daughters.",none
2hop__14092_8311,style,formality,1,1,Joan is renowned.,NOT_SUPPORTED,DISTORTED,"The claim states that Joan is 'renowned,' which implies a level of fame or recognition. While the text mentions her marriage to Alexander II of Scotland and her role as a queen consort, it doesn't explicitly state that she was ‘renowned’ or famous. It simply describes her family and roles.",The text mentions her marriage and role as queen consort.
2hop__14092_8311,style,formality,1,1,William Penn was a cricketer and entrepreneur.,NOT_SUPPORTED,INVENTED,"The ground truth states that William Penn was a Quaker and a founder of Pennsylvania, not a cricketer or entrepreneur. The claim introduces information not found in the provided text.",none
2hop__14092_8311,style,formality,1,1,James Gooderham Worts died on 20 June 18.,NOT_SUPPORTED,DISTORTED,"The ground truth states that James Gooderham Worts died on June 20, 1882, not 18. This is a simple error in the date.","June 4, 1818 - June 20, 1882"
2hop__14092_8311,style,formality,1,1,Zhao Jiande was a Yue woman.,NOT_SUPPORTED,INVENTED,"The claim states that Zhao Jiande was a Yue woman, which is not mentioned in the ground truth text. It describes him as a crown prince, but provides no information about his ethnicity or origin.",none
2hop__14092_8311,style,formality,1,1,He was superseded in succession.,NOT_SUPPORTED,SUPPORTED,"The claim states that he was superseded in succession, which is directly supported by the text stating that Prince William is next in line after Charles.","Succession to the British throne. Queen Elizabeth II is the sovereign, and her heir apparent is her eldest son, Charles, Prince of Wales. Next in line after him is Prince William, Duke of Cambridge, the Prince of Wales's elder son."
2hop__14092_8311,style,formality,1,1,Harold Gordon Darling assumed leadership.,NOT_SUPPORTED,DISTORTED,"The claim states that Harold Gordon Darling 'assumed leadership,' implying he took over a position. While the text mentions he succeeded his father as a member of parliament and later as a director of the company, it doesn't explicitly state he ‘assumed leadership’ in a formal sense. It describes his progression within the company.","The text mentions John Darling, Jr. succeeded his father and then Harold Gordon Darling."
2hop__14092_8311,style,formality,1,1,The firm was registered as a private entity.,NOT_SUPPORTED,DISTORTED,"The ground truth states that the firm was registered as a company, not a private entity. ‘Private entity’ implies a lack of formal registration, which contradicts the provided text.",The text states ‘registered as a private company’.
2hop__14092_8311,style,formality,1,1,Walter is the Margrave of Brandenburg- Salzwedel.,NOT_SUPPORTED,INVENTED,"Walter Calverley is described as the eldest son of William Calverley, not the Margrave of Brandenburg-Salzwedel. This information is not present in the provided ground truth.",none
2hop__14092_8311,style,formality,1,1,Walter was the eldest son of Margrave Otto III and his wife Beatrice of Bohemia.,NOT_SUPPORTED,DISTORTED,"The claim states Walter was the eldest son of Margrave Otto III. However, the ground truth states Walter was the eldest son of William Calverley, not Margrave Otto III. This is a wrong entity.",Walter Calverley was the eldest son of William Calverley...
2hop__14092_8311,style,formality,1,1,The Pope deemed the act improper.,NOT_SUPPORTED,DISTORTED,The ground truth does not state that the Pope deemed the coronation in Gloucester improper. It describes a situation where Henry III was unable to be crowned in London due to French control of the city and a subsequent coronation was held in Gloucester.,none
2hop__14092_8311,style,formality,1,1,The subsequent coronation was on 17 May 12.,NOT_SUPPORTED,DISTORTED,"The claim states 'The subsequent coronation was on 17 May 12', which is a date. However, the ground truth describes coronations in 1216 and 1220, not 17 May 12. This is a clear error in the date.",The ground truth mentions coronations in 1216 and 1220.
2hop__14092_8311,style,formality,1,1,John Wedgwood is a horticulturist.,NOT_SUPPORTED,SUPPORTED,"The text states that John Wedgwood was the eldest son of Josiah Wedgwood, a potter. This implies he was involved in the pottery business.","John Wedgwood (baptised 2 April 1766 — 26 January 1844), the eldest son of the potter Josiah Wedgwood, was a partner in the Wedgwood pottery firm 1790–1793 and again 1800–1812."
2hop__14092_8311,style,formality,1,1,John Wedgwood participated as a partner in the Wedgwood pottery enterprise from 1812 to 1813.,NOT_SUPPORTED,SUPPORTED,The text states that John Wedgwood (horticulturist) was a partner in the Wedgwood pottery firm from 1790-1793 and 1800-1812. The claim reflects this information directly.,"John Wedgwood (baptised 2 April 1766 — 26 January 1844), the eldest son of the potter Josiah Wedgwood, was a partner in the Wedgwood pottery firm 1790–1793 and again 1800–1812."
2hop__14092_8311,style,formality,1,1,Princess Charlotte succeeded Prince George.,NOT_SUPPORTED,DISTORTED,"The claim states that Princess Charlotte succeeded Prince George. While both are in the line of succession, the ground truth describes the order: Prince George is ahead of Princess Charlotte. This represents a change in the order of succession.",Prince George is third in line after Prince William and Princess Charlotte.
2hop__14092_8311,style,formality,1,1,Negus Tafari Makonnen subsequently ascended as Emperor Haile Selassie I of Ethiopia.,NOT_SUPPORTED,SUPPORTED,The ground truth states that 'Leul' Wondosson Kassa was the eldest son of 'Ras' Kassa Haile Darge. This claim simply restates this fact.,‘Leul’ Wondosson Kassa was the eldest son of ‘Ras’ Kassa Haile Darge.”
2hop__14092_8311,style,formality,1,1,Emperor Haile Selassie I of Ethiopia was Negus Tafari Makonnen.,NOT_SUPPORTED,DISTORTED,"The ground truth states that ‘Ras’ Kassa Haile Darge was the father of Wondosson Kassa, not the other way around. The claim reverses this familial relationship.",‘Leul’ Wondosson Kassa was the eldest son of ‘Ras’ Kassa Haile Darge.”
2hop__14092_8311,style,formality,1,2,Sir William Calverley was the son of Sir Walter Calverley and Anne Danby.,NOT_SUPPORTED,SUPPORTED,The ground truth explicitly states that Sir William Calverley was the son of Sir Walter Calverley and Anne Danby.,"Walter Calverley. Walter Calverley was the eldest son and heir of William Calverley (d.1572) by his wife, Katherine Thorneholme, daughter of John Thorneholme of Haysthorpe, Yorkshire. William Calverley was the son of Sir Walter Calverley and Anne Danby, daughter of Sir Christopher Danby (d. 14 June 1571) and Elizabeth Neville, daughter of Richard Neville, 2nd Baron Latimer."
2hop__14092_8311,style,formality,1,2,Sir Peter Maule died in 1254.,NOT_SUPPORTED,SUPPORTED,The ground truth states that Sir William Maule died in 1254. This claim directly reflects that fact.,"Sir William Maule was the eldest son of Sir Peter Maule and Christina de Valognes, Baron and Baroness of Panmure and Benvie. William succeeded as Baron in 1254 on his father's death."
2hop__14092_8311,style,formality,1,2,"From 1066, King Harold II and William the Conqueror were coronated at Westminster Abbey.",NOT_SUPPORTED,DISTORTED,"The ground truth states that coronations were held in Westminster Abbey, but it doesn't explicitly state that King Harold II and William the Conqueror were coronated there. It mentions coronations since 1066, implying a broader historical context.","Since the coronations in 1066 of both King Harold and William the Conqueror, coronations of English and British monarchs were held in the abbey."
2hop__14092_8311,style,formality,1,2,The Pope adjudged the proceeding improper.,NOT_SUPPORTED,SUPPORTED,The ground truth states that the coronation in Gloucester was deemed by the Pope to be improper. This claim directly reflects that assessment.,The Archbishop of Canterbury is the traditional cleric in the coronation ceremony.
2hop__14092_8311,style,formality,1,2,The subsequent coronation was proper.,NOT_SUPPORTED,SUPPORTED,The text states that Henry III was John's eldest son and ruled as king. The claim that the subsequent coronation was proper is a direct consequence of this fact.,"John had five legitimate children, all by Isabella. His eldest son, Henry III, ruled as king for the majority of the 13th century."
2hop__14092_8311,style,formality,1,2,The subsequent coronation was on 17 May 12.,NOT_SUPPORTED,DISTORTED,"The claim states 'The subsequent coronation was on 17 May 12', which is a date. However, the ground truth describes coronations in 1216 and 1220, not 17 May 12. This is a clear error in the date.",The ground truth mentions coronations in 1216 and 1220.
2hop__14092_8311,style,formality,1,2,John Wedgwood is a horticulturist.,NOT_SUPPORTED,SUPPORTED,"The text states that John Wedgwood was the eldest son of Josiah Wedgwood, a potter. This implies he was involved in the pottery business.","John Wedgwood (baptised 2 April 1766 — 26 January 1844), the eldest son of the potter Josiah Wedgwood, was a partner in the Wedgwood pottery firm 1790–1793 and again 1800–1812."
2hop__14092_8311,style,formality,1,2,John Wedgwood acted as a partner in the Wedgwood pottery firm from 1800 to 1801.,NOT_SUPPORTED,SUPPORTED,"The text states that John Wedgwood (horticulturist) was a partner in the Wedgwood pottery firm from 1790 to 1812, which aligns with the claim that he acted as a partner from 1800 to 1801.","John Wedgwood (baptised 2 April 1766 — 26 January 1844), the eldest son of the potter Josiah Wedgwood, was a partner in the Wedgwood pottery firm 1790–1793 and again 1800–1812."
2hop__14092_8311,style,formality,1,2,John Wedgwood acted as a partner in the Wedgwood pottery firm from 1802 to 1803.,NOT_SUPPORTED,SUPPORTED,"The text states that John Wedgwood (horticulturist) was a partner in the Wedgwood pottery firm from 1790-1793 and 1800-1812. The claim states he acted as a partner from 1802 to 1803, which is a minor variation but consistent with the provided information.","John Wedgwood (baptised 2 April 1766 — 26 January 1844), the eldest son of the potter Josiah Wedgwood, was a partner in the Wedgwood pottery firm 1790–1793 and again 1800–1812."
2hop__14092_8311,style,formality,1,2,Prince Henry of Wales is in fourth place.,NOT_SUPPORTED,SUPPORTED,"The text states 'Fifth in line is Prince Henry, the younger son of the Prince of Wales.'",Prince Henry of Wales
2hop__14092_8311,style,formality,1,3,Walter Calverley was the intended heir of Sir William Calverley.,NOT_SUPPORTED,DISTORTED,"The claim states that Walter Calverley was the 'intended heir' of Sir William Calverley. While Walter was indeed the heir of William, the ground truth doesn't explicitly state that William intended for Walter to be his heir. It simply states that Walter was the eldest son and heir.",Walter Calverley was the eldest son and heir of William Calverley
2hop__14092_8311,style,formality,1,3,Sir William Calverley was the son of Sir Walter Calverley and Anne Danby.,NOT_SUPPORTED,SUPPORTED,The ground truth explicitly states that Sir William Calverley was the son of Sir Walter Calverley and Anne Danby.,"Walter Calverley. Walter Calverley was the eldest son and heir of William Calverley (d.1572) by his wife, Katherine Thorneholme, daughter of John Thorneholme of Haysthorpe, Yorkshire. William Calverley was the son of Sir Walter Calverley and Anne Danby, daughter of Sir Christopher Danby (d. 14 June 1571) and Elizabeth Neville, daughter of Richard Neville, 2nd Baron Latimer."
2hop__14092_8311,style,formality,1,3,Sir Peter Maule died in 1254.,NOT_SUPPORTED,SUPPORTED,The ground truth states that Sir William Maule died in 1254. This claim directly reflects that fact.,"Sir William Maule was the eldest son of Sir Peter Maule and Christina de Valognes, Baron and Baroness of Panmure and Benvie. William succeeded as Baron in 1254 on his father's death."
2hop__14092_8311,style,formality,1,3,Christina de Valognes was the mother of Sir William Maule.,NOT_SUPPORTED,SUPPORTED,The ground truth states that Christina de Valognes was the mother of Sir William Maule. This claim directly reflects this information.,"Sir William Maule was the eldest son of Sir Peter Maule and Christina de Valognes, Baron and Baroness of Panmure and Benvie."
2hop__14092_8311,style,formality,1,3,Gloucester Cathedral is in London.,NOT_SUPPORTED,DISTORTED,Gloucester Cathedral is not in London; it is in Gloucester. The ground truth states that Henry III was crowned in Gloucester Cathedral.,Gloucester Cathedral
2hop__14092_8311,style,formality,1,3,Gloucester Cathedral is a place of worship for the Christian religion in London.,NOT_SUPPORTED,UNVERIFIABLE,"The ground truth does not mention Gloucester Cathedral or its role as a place of worship. It describes a specific coronation held there due to circumstances, but doesn't state that it's a general place of worship.",none
2hop__14092_8311,style,formality,1,3,Gloucester Cathedral is a place of worship for the Christian religion in London in 1216.,NOT_SUPPORTED,DISTORTED,"Gloucester Cathedral is not mentioned in the ground truth. The text describes a situation where Henry III was crowned in Gloucester Cathedral due to circumstances preventing a London coronation, but this is a historical event, not a statement about the cathedral itself as a place of worship.",none
2hop__14092_8311,style,formality,1,3,"Gloucester Cathedral is a place of worship for the Christian religion in London in 1216, owing to the occupation of London by Louis, a French prince.",NOT_SUPPORTED,DISTORTED,"The claim states that Gloucester Cathedral is a place of worship in London in 1216, owing to the occupation of London by Louis. The ground truth describes Henry III being crowned in Gloucester Cathedral due to the city being under French control, but it doesn't state that Gloucester Cathedral is a place of worship. It's a slight alteration of the reason for the coronation.",The ground truth mentions Gloucester Cathedral being used for Henry III's coronation due to London's occupation.
2hop__14092_8311,style,formality,1,3,The formal and proper coronation took place at Westminster Abbey on 17 May 12.,NOT_SUPPORTED,DISTORTED,"The claim states the coronation took place on '17 May 12', which is incorrect. The ground truth states it occurred on '17 May 1220'.",17 May 1220
2hop__14092_8311,style,formality,2,1,Walter Calverley was the eldest son and heir of Katherine Thorneholme.,NOT_SUPPORTED,SUPPORTED,"The ground truth explicitly states that Walter Calverley was the eldest son and heir of William Calverley, who was the son of Sir Walter Calverley and Anne Danby. This directly supports the claim that Walter Calverley was the eldest son and heir.","Walter Calverley was the eldest son and heir of William Calverley (d.1572) by his wife, Katherine Thorneholme"
2hop__14092_8311,style,formality,2,1,William Calverley was the son of Sir Walter Calverley and Anne Danby.,NOT_SUPPORTED,SUPPORTED,The ground truth explicitly states that William Calverley was the son of Sir Walter Calverley and Anne Danby.,"William Calverley was the son of Sir Walter Calverley and Anne Danby, daughter of Sir Christopher Danby"
2hop__14092_8311,style,formality,2,1,John is the King of England.,NOT_SUPPORTED,INVENTED,"The claim that 'John' is the King of England is not supported by the text. The text describes multiple individuals (John III, King of England, John Mitchell Kemble, etc.) and does not state that any of them are the King.",none
2hop__14092_8311,style,formality,2,1,John had a first wife named Isabel.,NOT_SUPPORTED,SUPPORTED,"The ground truth explicitly states that John's first wife was Isabel, Countess of Gloucester.","John's first wife, Isabel, Countess of Gloucester, was released from imprisonment in 1214"
2hop__14092_8311,style,formality,2,1,Isabel was the Countess of Gloucester.,NOT_SUPPORTED,DISTORTED,"The ground truth states that Isabel was the first wife of John, King of England, not the Countess of Gloucester. This is a change of role and relationship.",Isabel was the first wife of John
2hop__14092_8311,style,formality,2,1,"He had a second wife, Isabella of Angoulême.",NOT_SUPPORTED,DISTORTED,"The ground truth states that John had five legitimate children, all by Isabella. The claim states he had nine sons and three daughters, which is an additional and unsupported assertion.","John had five legitimate children, all by Isabella."
2hop__14092_8311,style,formality,2,1,John's daughter Joan married Alexander II of Scotland and became Queen Consort.,NOT_SUPPORTED,DISTORTED,"The claim states that John's daughter Joan married Alexander II of Scotland and became Queen Consort. While the ground truth mentions John and his children, it does not specify which daughter married whom or that she became a Queen Consort. It implies a relationship but doesn't confirm the details.",mention of John and his children
2hop__14092_8311,style,formality,2,1,Joan is most renowned.,NOT_SUPPORTED,SUPPORTED,"The text states that Joan married Alexander II of Scotland, making her most renowned for that marriage.","John III, Margrave of Brandenburg-Salzwedel. John III, Margrave of Brandenburg-Salzwedel, nicknamed ""John from Prague"" (1244 in Prague – 1268) was the eldest son of Margrave Otto III and his wife, Beatrice of Bohemia."
2hop__14092_8311,style,formality,2,1,William Penn was a cricketer and businessman.,NOT_SUPPORTED,DISTORTED,"The ground truth states that William Penn was a cricketer and businessman, but it doesn't specify that he was *the* eldest son. It simply states he was the son of another person.",William Penn was the son of the potter Josiah Wedgwood
2hop__14092_8311,style,formality,2,1,James Gooderham Worts died on 20 June 18.,NOT_SUPPORTED,DISTORTED,"The ground truth states that James Gooderham Worts died on June 20, 1882, not 18. This is a simple error in the date.","June 4, 1818 - June 20, 1882"
2hop__14092_8311,style,formality,2,1,Zhao Jiande was a Yue woman.,NOT_SUPPORTED,INVENTED,"The claim states that Zhao Jiande was a Yue woman, which is not mentioned in the ground truth text. It describes him as a crown prince, but provides no information about his ethnicity or origin.",none
2hop__14092_8311,style,formality,2,1,He was superseded in succession.,NOT_SUPPORTED,SUPPORTED,"The claim states that he was superseded in succession, which is directly supported by the text stating that Prince William is next in line after Charles.","Succession to the British throne. Queen Elizabeth II is the sovereign, and her heir apparent is her eldest son, Charles, Prince of Wales. Next in line after him is Prince William, Duke of Cambridge, the Prince of Wales's elder son."
2hop__14092_8311,style,formality,2,1,John Petrie was baptised on 2 April 1766.,NOT_SUPPORTED,SUPPORTED,"The text states 'John Petrie was born 15 January 1822 in Edinburgh', which directly supports the claim that he was born on 2 April 1766.",John Petrie was born 15 January 1822 in Edinburgh
2hop__14092_8311,style,formality,2,1,John's father's position was during an appointment.,NOT_SUPPORTED,DISTORTED,"The claim refers to 'John's father's position', implying a specific job or role. While the ground truth mentions John's father, it doesn't detail his position or appointment. It simply states his lineage.",none
2hop__14092_8311,style,formality,2,1,John's father's position was as clerk of works at More.,NOT_SUPPORTED,DISTORTED,"The claim states 'John's father's position was as clerk of works at More.' However, the ground truth states that John Petrie's father was appointed clerk of works at Moreton Bay, not More.",The ground truth mentions 'Moreton Bay' and 'father was appointed clerk of works.'
2hop__14092_8311,style,formality,2,1,John is the King of England.,NOT_SUPPORTED,INVENTED,"The claim that 'John' is the King of England is not supported by the text. The text describes multiple individuals (John III, King of England, John Mitchell Kemble, etc.) and does not state that any of them are the King.",none
2hop__14092_8311,style,formality,2,1,"In 12^16, Henry III was unable to be crowned in London.",NOT_SUPPORTED,DISTORTED,"The claim states that Henry III was unable to be crowned in London in 1216. The ground truth states that Henry III was crowned in Gloucester Cathedral in 1216 due to the city being under French control, which is a different fact.","1216, Gloucester Cathedral"
2hop__14092_8311,style,formality,2,1,French occupation under Louis was the reason for Henry III's inability to be crowned in London.,NOT_SUPPORTED,DISTORTED,"The ground truth states that Henry III was unable to be crowned in London due to the French prince Louis taking control of the city, not specifically due to ‘French occupation under Louis’. This is a slight alteration of the original reason.",The ground truth mentions Louis taking control of the city.
2hop__14092_8311,style,formality,2,1,John Wedgwood is a horticulturist.,NOT_SUPPORTED,SUPPORTED,"The text states that John Wedgwood was the eldest son of Josiah Wedgwood, a potter. This implies he was involved in the pottery business.","John Wedgwood (baptised 2 April 1766 — 26 January 1844), the eldest son of the potter Josiah Wedgwood, was a partner in the Wedgwood pottery firm 1790–1793 and again 1800–1812."
2hop__14092_8311,style,formality,2,2,William Calverley was the son of Sir Walter Calverley and Anne Danby.,NOT_SUPPORTED,SUPPORTED,The ground truth explicitly states that William Calverley was the son of Sir Walter Calverley and Anne Danby.,"William Calverley was the son of Sir Walter Calverley and Anne Danby, daughter of Sir Christopher Danby"
2hop__14092_8311,style,formality,2,2,John is the King of England.,NOT_SUPPORTED,INVENTED,"The claim that 'John' is the King of England is not supported by the text. The text describes multiple individuals (John III, King of England, John Mitchell Kemble, etc.) and does not state that any of them are the King.",none
2hop__14092_8311,style,formality,2,2,John had a first wife named Isabel.,NOT_SUPPORTED,SUPPORTED,"The ground truth explicitly states that John's first wife was Isabel, Countess of Gloucester.","John's first wife, Isabel, Countess of Gloucester, was released from imprisonment in 1214"
2hop__14092_8311,style,formality,2,2,Isabel was the Countess of Gloucester.,NOT_SUPPORTED,DISTORTED,"The ground truth states that Isabel was the first wife of John, King of England, not the Countess of Gloucester. This is a change of role and relationship.",Isabel was the first wife of John
2hop__14092_8311,style,formality,2,2,"He had a second wife, Isabella of Angoulême.",NOT_SUPPORTED,DISTORTED,"The ground truth states that John had five legitimate children, all by Isabella. The claim states he had nine sons and three daughters, which is an additional and unsupported assertion.","John had five legitimate children, all by Isabella."
2hop__14092_8311,style,formality,2,2,Isabella of Angoulême reportedly disregarded the children born of their union.,NOT_SUPPORTED,DISTORTED,"The ground truth states that Isabella of Angoulême remarried twice and died. It does not state that she disregarded her children, only that she abandoned them. The claim introduces a subjective interpretation of her actions.","The text states Isabella remarried twice and died, and that she abandoned her children."
2hop__14092_8311,style,formality,2,2,John's eldest son was Henry III.,NOT_SUPPORTED,INVENTED,"The claim states that John's eldest son was Henry III, but the ground truth does not mention John or Henry III. It describes John as a king with multiple children, including Henry and Richard.",none
2hop__14092_8311,style,formality,2,2,John's son was Richard.,NOT_SUPPORTED,INVENTED,The ground truth does not mention John's son being named Richard. This is an invented fact.,none
2hop__14092_8311,style,formality,2,2,John's daughter was Joan.,NOT_SUPPORTED,INVENTED,"The ground truth does not mention John's daughter being named Joan. It mentions John's daughter, Joan, who married Prince Llywelyn.",none
2hop__14092_8311,style,formality,2,2,John's daughter Isabella married the Holy Roman Emperor Frederick II.,NOT_SUPPORTED,DISTORTED,"The ground truth states that John's second wife, Isabella of Angoulême, left England. It does not state that she married the Holy Roman Emperor Frederick II. This is a change of relationship and factual meaning.","John's second wife, Isabella of Angoulême, left England for Angoulême"
2hop__14092_8311,style,formality,2,2,William Penn was a cricketer and businessman.,NOT_SUPPORTED,DISTORTED,"The ground truth states that William Penn was a cricketer and businessman, but it doesn't specify that he was *the* eldest son. It simply states he was the son of another person.",William Penn was the son of the potter Josiah Wedgwood
2hop__14092_8311,style,formality,2,2,James Gooderham Worts died on 20 June 18.,NOT_SUPPORTED,DISTORTED,"The ground truth states that James Gooderham Worts died on June 20, 1882, not 18. This is a simple error in the date.","June 4, 1818 - June 20, 1882"
2hop__14092_8311,style,formality,2,2,Zhao Jiande was born in 91 BC.,NOT_SUPPORTED,DISTORTED,"The ground truth states that Zhao Jiande died at age 38 during the political turmoil in 91 BC. The claim states he was born in 91 BC, which is a factual error. He was born earlier than 91 BC.",Zhao Jiande was the eldest son of Zhao Yingqi and a Yue woman.
2hop__14092_8311,style,formality,2,2,He was bypassed in the line of succession.,NOT_SUPPORTED,SUPPORTED,"The text states that Liu Ju was passed over for kingship in favor of his half-brother, Zhao Yingqi. This directly supports the claim that he was bypassed in the line of succession.","Contrary to his less-than-flattering posthumous name, Liu Ju was generally regarded by historians as a well-mannered, benevolent, morally upright man who, by circumstances out of his control, was forced into an uprising against his father's army and died as a consequence of the rebellion."
2hop__14092_8311,style,formality,2,2,John Petrie was baptised on 2 April 1766.,NOT_SUPPORTED,SUPPORTED,"The text states 'John Petrie was born 15 January 1822 in Edinburgh', which directly supports the claim that he was born on 2 April 1766.",John Petrie was born 15 January 1822 in Edinburgh
2hop__14092_8311,style,formality,2,2,Reputable workmen were in the fields of cabinet making and carpentry.,NOT_SUPPORTED,DISTORTED,"The claim states that 'reputable workmen were in the fields of cabinet making and carpentry.' While the text describes the father's efforts to ensure his sons received proper training in these trades, it doesn't explicitly state that workmen were *in the fields* doing this work. It describes the father's selection process and the skills being taught, but not a literal presence in fields.",The text describes the father's efforts to teach his sons cabinet making and carpentry skills.
2hop__14092_8311,style,formality,2,2,John is the King of England.,NOT_SUPPORTED,INVENTED,"The claim that 'John' is the King of England is not supported by the text. The text describes multiple individuals (John III, King of England, John Mitchell Kemble, etc.) and does not state that any of them are the King.",none
2hop__14092_8311,style,formality,2,2,The city of London was occupied by the French.,NOT_SUPPORTED,UNVERIFIABLE,The ground truth text does not contain any information about the city of London being occupied by the French.,none
2hop__14092_8311,style,formality,2,2,Henry III was unable to be crowned in London in 1216 because of the occupation of the city by the.,NOT_SUPPORTED,DISTORTED,"The claim states Henry III was unable to be crowned in London due to the city's occupation. While the ground truth mentions Henry III's coronation was delayed due to Louis of France controlling London, it doesn't specify *why* he couldn't be crowned there. It was crowned in Gloucester instead.",The ground truth mentions Louis taking control of London and the subsequent coronation in Gloucester.
2hop__14092_8311,style,formality,2,2,This arrangement was later deemed improper by the Pope.,NOT_SUPPORTED,DISTORTED,"The claim states 'This arrangement was later deemed improper by the Pope.' While coronations have sometimes been held outside of Westminster Abbey due to circumstances, the ground truth doesn't explicitly state that a later arrangement was deemed improper by the Pope. It describes a specific instance of a coronation being held in Gloucester Cathedral due to a political situation.",The text mentions a coronation in Gloucester Cathedral in 1216.
2hop__14092_8311,style,formality,2,2,There was a formal coronation at Westminster Abbey on 17 May 12.,NOT_SUPPORTED,DISTORTED,"The claim states a ‘formal coronation at Westminster Abbey on 17 May 12.’ However, the ground truth mentions a coronation in 1220, not 17 May 12. This is a change in date.",17 May 1220
2hop__14092_8311,style,formality,2,2,The formal coronation was a result of the arrangement being deemed improper by the Pope.,NOT_SUPPORTED,DISTORTED,"The claim states that the formal coronation was a result of the arrangement being deemed improper by the Pope. While the text mentions a coronation held in Gloucester Cathedral due to Louis's control of London, it doesn't explicitly state that this was deemed ‘improper’ by the Pope. It simply describes the circumstance that led to a different location for the coronation.",The text mentions a coronation in Gloucester Cathedral due to Louis's control of London.
2hop__14092_8311,style,formality,2,2,John Wedgwood is a horticulturist.,NOT_SUPPORTED,SUPPORTED,"The text states that John Wedgwood was the eldest son of Josiah Wedgwood, a potter. This implies he was involved in the pottery business.","John Wedgwood (baptised 2 April 1766 — 26 January 1844), the eldest son of the potter Josiah Wedgwood, was a partner in the Wedgwood pottery firm 1790–1793 and again 1800–1812."
2hop__14092_8311,style,formality,2,3,William Calverley was the son of Sir Walter Calverley and Anne Danby.,NOT_SUPPORTED,SUPPORTED,The ground truth explicitly states that William Calverley was the son of Sir Walter Calverley and Anne Danby.,"William Calverley was the son of Sir Walter Calverley and Anne Danby, daughter of Sir Christopher Danby"
2hop__14092_8311,style,formality,2,3,John is the King of England.,NOT_SUPPORTED,INVENTED,"The claim that 'John' is the King of England is not supported by the text. The text describes multiple individuals (John III, King of England, John Mitchell Kemble, etc.) and does not state that any of them are the King.",none
2hop__14092_8311,style,formality,2,3,John was King of England.,NOT_SUPPORTED,INVENTED,"The claim that 'John' was King of England is not supported by the text. The text describes various individuals and their lineages, but it does not state that any 'John' was a king.",none
2hop__14092_8311,style,formality,2,3,London was occupied by the French.,NOT_SUPPORTED,DISTORTED,The ground truth states that London was not occupied by the French during the coronation of Henry III. The claim introduces a specific event (French occupation) that is not present in the text.,none
2hop__14092_8311,style,formality,2,3,The occupation of London was in 1216.,NOT_SUPPORTED,DISTORTED,"The claim states 'The occupation of London was in 1216.' While London was involved in events around 1216 (as evidenced by Henry III being crowned in Gloucester), the claim is a broad statement about 'occupation' which isn't directly supported by the text. The text describes events *around* a coronation, not a sustained occupation.","1216, Henry III coronation in Gloucester Cathedral"
2hop__14092_8311,style,formality,2,3,John was crowned in 1216.,NOT_SUPPORTED,UNVERIFIABLE,"The ground truth does not contain any information about who was crowned in 1216. It mentions John, King of England, but doesn't state that he was crowned in that year.",none
2hop__14092_8311,style,formality,2,3,The formal coronation took place on 17 May 12 20.,NOT_SUPPORTED,DISTORTED,"The claim states '17 May 12 20', which is a date error. The ground truth mentions '17 May 1220' as the date of a coronation.",The ground truth mentions '17 May 1220' for a coronation.
2hop__14092_8311,style,formality,2,3,The formal coronation was in accordance with papal requirements.,NOT_SUPPORTED,UNVERIFIABLE,"The ground truth does not contain information about the formality of a coronation or papal requirements for coronations. It describes coronations that occurred, but not the criteria used to conduct them.",none
2hop__14092_8311,style,formality,2,3,John Wedgwood is a horticulturist.,NOT_SUPPORTED,SUPPORTED,"The text states that John Wedgwood was the eldest son of Josiah Wedgwood, a potter. This implies he was involved in the pottery business.","John Wedgwood (baptised 2 April 1766 — 26 January 1844), the eldest son of the potter Josiah Wedgwood, was a partner in the Wedgwood pottery firm 1790–1793 and again 1800–1812."
2hop__14092_8311,style,paraphrase,0,1,William Calverley was the son of Sir Walter Calverley and Anne Danby.,NOT_SUPPORTED,SUPPORTED,The ground truth explicitly states that William Calverley was the son of Sir Walter Calverley and Anne Danby.,"William Calverley was the son of Sir Walter Calverley and Anne Danby, daughter of Sir Christopher Danby"
2hop__14092_8311,style,paraphrase,0,1,William Maule is the eldest child of Sir Peter Maule and Christina de Valognes.,NOT_SUPPORTED,SUPPORTED,The ground truth explicitly states that Sir William Maule was the eldest son of Sir Peter Maule. This directly supports the claim that William Maule is the eldest child of his father.,Sir William Maule was the eldest son of Sir Peter Maule...
2hop__14092_8311,style,paraphrase,0,1,Sir Peter Maule died in 1254.,NOT_SUPPORTED,SUPPORTED,The ground truth states that Sir William Maule died in 1254. This claim directly reflects that fact.,"Sir William Maule was the eldest son of Sir Peter Maule and Christina de Valognes, Baron and Baroness of Panmure and Benvie. William succeeded as Baron in 1254 on his father's death."
2hop__14092_8311,style,paraphrase,0,1,John became King of England.,NOT_SUPPORTED,INVENTED,"The claim that 'John became King of England' is not directly supported by the text. While John was a significant figure, the text describes his lineage and roles, but not his ascension to the throne.",none
2hop__14092_8311,style,paraphrase,0,1,"John first wed Isabel, Countess of Gloucester.",NOT_SUPPORTED,DISTORTED,"The ground truth states that Isabel, Countess of Gloucester, was John's first wife, but it does not explicitly state that they were married. It only mentions her release from imprisonment and subsequent remarriages.","John's first wife, Isabel, Countess of Gloucester, was released from imprisonment in 1214; she remarried twice, and died in 1217."
2hop__14092_8311,style,paraphrase,0,1,John had a second spouse named Isabella of Angoulême.,NOT_SUPPORTED,DISTORTED,"The ground truth states that John had two wives, Isabel and Isabella. The claim states he had a second spouse named Isabella of Angoulême, which is a repetition of the first wife's name. It doesn't introduce new information, but it restates a previously mentioned fact in a slightly different way.","Ground truth mentions Isabel, Countess of Gloucester and Isabella of Angoulême as John's wives."
2hop__14092_8311,style,paraphrase,0,1,John's legitimate offspring included Isabella.,NOT_SUPPORTED,DISTORTED,"The ground truth states that John had five legitimate children, all by Isabella. The claim states that he had ‘Isabella’ as a child, implying she was a child of John. This is a distortion as the ground truth specifies Isabella was his wife.","John had five legitimate children, all by Isabella."
2hop__14092_8311,style,paraphrase,0,1,"John had three daughters, including Joan.",NOT_SUPPORTED,INVENTED,"The ground truth text does not mention John having three daughters, including Joan. It only states that John had a number of illegitimate children, including Joan, Richard, Oliver, John, Geoffrey, Henry, Osbert Gifford, Eudes, Bartholomew and probably Philip – and three daughters – Joan, Maud and probably Isabel.",none
2hop__14092_8311,style,paraphrase,0,1,John Penn is Eric Penn's grandfather.,NOT_SUPPORTED,DISTORTED,"The claim states John Penn is Eric Penn's grandfather, but the text indicates that Eric Penn is the eldest son of John Mitchell Kemble, who is the son of Charles and Maria Theresa Kemble. John Penn is a merchant and a descendant of the Penn family, not related to the Kemble family.",John Mitchell Kemble
2hop__14092_8311,style,paraphrase,0,1,Zhao Yingqi is the father of Zhao Jiande's half-brother.,NOT_SUPPORTED,SUPPORTED,"The ground truth states that Zhao Jiande was the eldest son of Zhao Yingqi, and that he was passed over for kingship in favor of his half-brother. This directly supports the claim that Zhao Yingqi is the father of Zhao Jiande's half-brother.",Zhao Jiande was the eldest son of Zhao Yingqi
2hop__14092_8311,style,paraphrase,0,1,The title of king went to Zhao Jiande's half-brother.,NOT_SUPPORTED,DISTORTED,"The claim states that Zhao Jiande was passed over for kingship in preference to his half-brother. While the ground truth mentions that Jiande was passed over, it doesn't explicitly state *who* was chosen instead, nor does it detail the specific circumstances surrounding the decision. It implies a preference, but doesn't provide the full story.",The ground truth states that Jiande was passed over for kingship.
2hop__14092_8311,style,paraphrase,0,1,Zhao Yingqi is the father of Zhao Jiande's half-brother.,NOT_SUPPORTED,SUPPORTED,"The ground truth states that Zhao Jiande was the eldest son of Zhao Yingqi, and that he was passed over for kingship in favor of his half-brother. This directly supports the claim that Zhao Yingqi is the father of Zhao Jiande's half-brother.",Zhao Jiande was the eldest son of Zhao Yingqi
2hop__14092_8311,style,paraphrase,0,1,He went with his father.,NOT_SUPPORTED,SUPPORTED,"The text states 'John Petrie. John Petrie was born 15 January 1822 in Edinburgh, the eldest son of Andrew Petrie and Mary Cuthbertson.' This claim that he 'went with his father' is a direct consequence of this statement – he was born and lived with his father.","John Petrie was born 15 January 1822 in Edinburgh, the eldest son of Andrew Petrie and Mary Cuthbertson."
2hop__14092_8311,style,paraphrase,0,1,His father held a government position there.,NOT_SUPPORTED,DISTORTED,"The claim states 'His father held a government position there,' but the ground truth doesn't specify the nature or location of his father's government position. It only describes his lineage and family relationships.",none
2hop__14092_8311,style,paraphrase,0,1,Beatrice of Bohemia was his mother.,NOT_SUPPORTED,DISTORTED,"The ground truth states that Beatrice of Bohemia was the mother of John III, Margrave of Brandenburg-Salzwedel, not his wife. This claim incorrectly states she was his mother.","John III, Margrave of Brandenburg-Salzwedel, was the eldest son of Margrave Otto III and his wife, Beatrice of Bohemia."
2hop__14092_8311,style,paraphrase,0,1,The coronation of Harold took place in 1066.,NOT_SUPPORTED,SUPPORTED,The ground truth states that coronations of English and British monarchs were held in Westminster Abbey since 1066. This claim directly reflects that historical fact.,"Since the coronations in 1066 of both King Harold and William the Conqueror, coronations of English and British monarchs were held in the abbey."
2hop__14092_8311,style,paraphrase,0,1,"John Wedgwood died on January 26, 1794.",NOT_SUPPORTED,DISTORTED,"The claim states John Wedgwood died on January 26, 1794, which is incorrect. The ground truth states he died on January 26, 1844.",The ground truth mentions his death date as 26 January 1844.
2hop__14092_8311,style,paraphrase,0,1,John Wedgwood was a Wedgwood pottery partner from 1800 to 1801.,NOT_SUPPORTED,SUPPORTED,"The text states that John Wedgwood was a partner in the Wedgwood pottery firm from 1790 to 1812, which aligns with the claim that he was a partner from 1800 to 1801.","John Wedgwood (baptised 2 April 1766 — 26 January 1844), the eldest son of the potter Josiah Wedgwood, was a partner in the Wedgwood pottery firm 1790–1793 and again 1800–1812."
2hop__14092_8311,style,paraphrase,0,1,John Wedgwood was a Wedgwood pottery partner from 1802 to 1803.,NOT_SUPPORTED,DISTORTED,"The claim states John Wedgwood was a partner from 1802 to 1803, but the ground truth only mentions him as Josiah Wedgwood's son who was a partner from 1790-1793 and 1800-1812. The dates are incorrect.",The ground truth mentions 1790-1793 and 1800-1812.
2hop__14092_8311,style,paraphrase,0,2,William Calverley was the son of Sir Walter Calverley and Anne Danby.,NOT_SUPPORTED,SUPPORTED,The ground truth explicitly states that William Calverley was the son of Sir Walter Calverley and Anne Danby.,"William Calverley was the son of Sir Walter Calverley and Anne Danby, daughter of Sir Christopher Danby"
2hop__14092_8311,style,paraphrase,0,2,"Following the death of Sir Peter Maule in 1254, the title of Baron passed to his son, Eric Penn.",NOT_SUPPORTED,DISTORTED,"Eric Penn was not the son of Sir Peter Maule. He was the eldest son of William Penn, who was a cricketer and businessman.",Eric Penn was the eldest son of William Penn
2hop__14092_8311,style,paraphrase,0,2,Eric Penn was born in Rio de Janeiro.,NOT_SUPPORTED,INVENTED,"Eric Penn was born in England, not Rio de Janeiro. This information is not present in the provided ground truth.",none
2hop__14092_8311,style,paraphrase,0,2,Eric Penn is the eldest of Roberto Marinho’s three children.,NOT_SUPPORTED,DISTORTED,"The claim states Eric Penn is the eldest of Roberto Marinho’s three children. The ground truth only states that Roberto Marinho was born as the eldest son of three children, but doesn’t specify the number of children or their relationships.",Roberto Marinho was born as the eldest son of three children.
2hop__14092_8311,style,paraphrase,0,2,James Gooderham Worts became the head of the family enterprise.,NOT_SUPPORTED,SUPPORTED,The text states that James Gooderham Worts 'was the eldest son of James Worts and Elizabeth Gooderham'. This directly supports the claim that he became the head of the family enterprise.,"James Gooderham Worts (June 4, 1818 - June 20, 1882) was the eldest son of James Worts and Elizabeth Gooderham."
2hop__14092_8311,style,paraphrase,0,2,The title of king was not given to Zhao Jiande.,NOT_SUPPORTED,SUPPORTED,"The text states that Liu Ju was passed over for kingship in favor of his half-brother, Zhao Yingqi. This directly supports the claim that the title of king was not given to Liu Ju.","Contrary to his less-than-flattering posthumous name, Liu Ju was generally regarded by historians as a well-mannered, benevolent, morally upright man who, by circumstances out of his control, was forced into an uprising against his father's army and died as a consequence of the rebellion."
2hop__14092_8311,style,paraphrase,0,2,The title of king was given to Zhao Yingqi's half-brother.,NOT_SUPPORTED,DISTORTED,"The claim states that Zhao Yingqi's half-brother was passed over for kingship. While the ground truth mentions Zhao Jiande was passed over, it doesn't explicitly state who was passed over or that it was a half-brother. It implies a familial relationship but doesn't confirm the specific relationship or the identity of the one who received the kingship.",Zhao Jiande was passed over for kingship
2hop__14092_8311,style,paraphrase,0,2,Harold's coronation was in 1066.,NOT_SUPPORTED,SUPPORTED,The ground truth states that coronations of English and British monarchs were held in Westminster Abbey since 1066. This claim directly reflects that fact.,"Since the coronations in 1066 of both King Harold and William the Conqueror, coronations of English and British monarchs were held in the abbey."
2hop__14092_8311,style,paraphrase,0,3,His grandmother was Anne Danby.,NOT_SUPPORTED,DISTORTED,"The ground truth states that Walter Calverley's grandmother was Katherine Thorneholme, not Anne Danby. This claim incorrectly attributes the grandmother's identity.","Walter Calverley was the eldest son and heir of William Calverley (d.1572) by his wife, Katherine Thorneholme..."
2hop__14092_8311,style,paraphrase,0,3,Sir Peter Maule died in 1254.,NOT_SUPPORTED,SUPPORTED,The ground truth states that Sir William Maule died in 1254. This claim directly reflects that fact.,"Sir William Maule was the eldest son of Sir Peter Maule and Christina de Valognes, Baron and Baroness of Panmure and Benvie. William succeeded as Baron in 1254 on his father's death."
2hop__14092_8311,style,paraphrase,0,3,Eric Penn inherited the baronial title after Sir Peter Maule died.,NOT_SUPPORTED,INVENTED,"Eric Penn inheriting a baronial title is not mentioned in the ground truth. The text describes his lineage as the eldest son of a cricketer and businessman, and his education.",none
2hop__14092_8311,style,paraphrase,0,3,Eric took over John Penn and Sons.,NOT_SUPPORTED,DISTORTED,"The claim states that Eric took over John Penn and Sons. While Eric was a partner in the company, he didn't ‘take over’ it; he continued the family business. This implies a change in ownership and control, which is a distortion of the factual relationship.",Eric was a partner in the Wedgwood pottery firm 1790–1793 and again 1800–1812.
2hop__14092_8311,style,paraphrase,0,3,Eric Penn was born in Rio de Janeiro.,NOT_SUPPORTED,INVENTED,"Eric Penn was born in England, not Rio de Janeiro. This information is not present in the provided ground truth.",none
2hop__14092_8311,style,paraphrase,0,3,Eric Penn is the eldest of Roberto Marinho’s three children.,NOT_SUPPORTED,DISTORTED,"The claim states Eric Penn is the eldest of Roberto Marinho’s three children. The ground truth only states that Roberto Marinho was born as the eldest son of three children, but doesn’t specify the number of children or their relationships.",Roberto Marinho was born as the eldest son of three children.
2hop__14092_8311,style,paraphrase,0,3,The ceremonies took place in 1066.,NOT_SUPPORTED,DISTORTED,"The claim refers to 'the ceremonies took place in 1066'. While coronations have occurred in Westminster Abbey since 1066, the ground truth doesn't specify *which* ceremonies or events are being referred to. It's a broad statement about a time period, not a specific event.",Since the coronations in 1066 of both King Harold and William the Conqueror
2hop__14092_8311,style,paraphrase,0,3,Henry III had a second coronation.,NOT_SUPPORTED,DISTORTED,"The ground truth states that Henry III was crowned in Gloucester Cathedral due to circumstances preventing a London coronation. The claim states he had a second coronation, implying a separate, additional coronation which is not directly supported by the text.","1216, Henry III was unable to be crowned in London..."
2hop__14092_8311,style,paraphrase,1,1,William Calverley was the son of Sir Walter Calverley and Anne Danby.,NOT_SUPPORTED,SUPPORTED,The ground truth explicitly states that William Calverley was the son of Sir Walter Calverley and Anne Danby.,"William Calverley was the son of Sir Walter Calverley and Anne Danby, daughter of Sir Christopher Danby"
2hop__14092_8311,style,paraphrase,1,1,"Anne Danby was the granddaughter of Richard Neville, 2nd Baron Latimer.",NOT_SUPPORTED,DISTORTED,"The ground truth states that Anne Danby was the daughter of Sir Christopher Danby, not her granddaughter. This claim incorrectly states a familial relationship.",Ground truth states Anne Danby was the daughter of Sir Christopher Danby.
2hop__14092_8311,style,paraphrase,1,1,Christina de Valognes was the mother of Sir William Maule.,NOT_SUPPORTED,SUPPORTED,The ground truth states that Christina de Valognes was the mother of Sir William Maule. This claim directly reflects this information.,"Sir William Maule was the eldest son of Sir Peter Maule and Christina de Valognes, Baron and Baroness of Panmure and Benvie."
2hop__14092_8311,style,paraphrase,1,1,John was the King of England.,NOT_SUPPORTED,INVENTED,"The claim states 'John was the King of England,' but the ground truth describes various individuals (John III, etc.) who held the title of King, and does not state that any of them were named John.",none
2hop__14092_8311,style,paraphrase,1,1,John had a second wife.,NOT_SUPPORTED,UNVERIFIABLE,"The ground truth does not mention John having a second wife. It only describes his first wife, Isabel.",none
2hop__14092_8311,style,paraphrase,1,1,John had three daughters.,NOT_SUPPORTED,INVENTED,The ground truth text does not mention John having any daughters. It describes his children as sons.,none
2hop__14092_8311,style,paraphrase,1,1,Philip is a son.,NOT_SUPPORTED,INVENTED,The provided text does not mention a person named 'Philip'.,none
2hop__14092_8311,style,paraphrase,1,1,Joan is a daughter.,NOT_SUPPORTED,DISTORTED,"The claim states that Joan is a daughter, which is true based on the text. However, the text describes Joan as marrying Alexander II of Scotland, establishing a relationship of marriage, not simply being a daughter.",The text states 'Joan married Alexander II of Scotland to become his queen consort.'
2hop__14092_8311,style,paraphrase,1,1,Maud is a daughter.,NOT_SUPPORTED,DISTORTED,"The claim states that Maud is a daughter, which is true based on the text. However, the text states that Maud is a daughter of John Darling and Son, not a general statement about all daughters.","John Darling and Son was an Australian wheat merchant and flour milling company founded in Adelaide, South Australia, for many years the largest in Australia."
2hop__14092_8311,style,paraphrase,1,1,He was not chosen as king.,NOT_SUPPORTED,INVENTED,"The claim states that he 'was not chosen as king,' which is not explicitly stated in the ground truth. The text describes his lineage and role as a crown prince who died prematurely, but it doesn't mention a lack of selection for the throne.",none
2hop__14092_8311,style,paraphrase,1,1,Zhao Jiande was a Yue woman.,NOT_SUPPORTED,INVENTED,"The claim states that Zhao Jiande was a Yue woman, which is not mentioned in the ground truth text. It describes him as a crown prince, but provides no information about his ethnicity or origin.",none
2hop__14092_8311,style,paraphrase,1,1,Harold Gordon Darling is another MP.,NOT_SUPPORTED,DISTORTED,"The claim states that Harold Gordon Darling is another MP, which is true based on the text. However, it implies he succeeded his father as MP, which is not explicitly stated. It’s a slight alteration of the fact that he was a member of parliament.","John Darling Sr. (1831–1905), a businessman of Scottish origin, and Member of Parliament for 25 years."
2hop__14092_8311,style,paraphrase,1,1,John held coronations for Harold.,NOT_SUPPORTED,DISTORTED,"The claim states 'John held coronations for Harold,' which is a misinterpretation. The ground truth describes coronations *held in* Westminster Abbey, and mentions King Harold and William the Conqueror being crowned there. It doesn't state that John was involved in holding those coronations.",Westminster Abbey was used for coronations of English and British monarchs.
2hop__14092_8311,style,paraphrase,1,1,John held coronations for William the Conqueror.,NOT_SUPPORTED,DISTORTED,"The claim states 'John held coronations for William the Conqueror.' While the ground truth mentions coronations in Westminster Abbey, it doesn't state that John was involved in those specific coronations. It describes the general history of coronations at Westminster Abbey.",The text mentions coronations in Westminster Abbey and the role of the Archbishop of Canterbury.
2hop__14092_8311,style,paraphrase,1,1,The Pope declared it invalid.,NOT_SUPPORTED,UNVERIFIABLE,"The ground truth does not contain information about the Pope declaring anything invalid. It describes coronations and the circumstances surrounding them, but not a specific declaration of invalidity.",none
2hop__14092_8311,style,paraphrase,1,1,John Wedgwood served as a partner in the Wedgwood pottery firm from 1800 to 1801.,NOT_SUPPORTED,SUPPORTED,"The text states that John Wedgwood was a partner in the Wedgwood pottery firm from 1790 to 1812, which aligns with the claim that he served as a partner from 1800 to 1801.","John Wedgwood (baptised 2 April 1766 — 26 January 1844), the eldest son of the potter Josiah Wedgwood, was a partner in the Wedgwood pottery firm 1790–1793 and again 1800–1812."
2hop__14092_8311,style,paraphrase,1,1,John Wedgwood served as a partner in the Wedgwood pottery firm from 1812 to 1813.,NOT_SUPPORTED,SUPPORTED,The text states that John Wedgwood was a partner in the Wedgwood pottery firm from 1790-1793 and 1800-1812. The claim accurately reflects this information.,"John Wedgwood (baptised 2 April 1766 — 26 January 1844), the eldest son of the potter Josiah Wedgwood, was a partner in the Wedgwood pottery firm 1790–1793 and again 1800–1812."
2hop__14092_8311,style,paraphrase,1,2,William Calverley was the son of Sir Walter Calverley and Anne Danby.,NOT_SUPPORTED,SUPPORTED,The ground truth explicitly states that William Calverley was the son of Sir Walter Calverley and Anne Danby.,"William Calverley was the son of Sir Walter Calverley and Anne Danby, daughter of Sir Christopher Danby"
2hop__14092_8311,style,paraphrase,1,2,"Anne Danby was the granddaughter of Richard Neville, 2nd Baron Latimer.",NOT_SUPPORTED,DISTORTED,"The ground truth states that Anne Danby was the daughter of Sir Christopher Danby, not her granddaughter. This claim incorrectly states a familial relationship.",Ground truth states Anne Danby was the daughter of Sir Christopher Danby.
2hop__14092_8311,style,paraphrase,1,2,John was the King of England.,NOT_SUPPORTED,INVENTED,"The claim states 'John was the King of England,' but the ground truth describes various individuals (John III, etc.) who held the title of King, and does not state that any of them were named John.",none
2hop__14092_8311,style,paraphrase,1,2,"His first wife was Isabel, Countess of Gloucester.",NOT_SUPPORTED,DISTORTED,"The ground truth states that John's first wife was Isabel, Countess of Gloucester, but it does not state that she was his *first* wife. The text describes his second wife, Isabella of Angoulême.","John's first wife, Isabel, Countess of Gloucester, was released from imprisonment in 1214; she remarried twice, and died in 1217."
2hop__14092_8311,style,paraphrase,1,2,"Isabel, Countess of Gloucester eventually remarried.",NOT_SUPPORTED,INVENTED,"The ground truth states that Isabel, Countess of Gloucester remarried twice, but it does not state that she remarried *after* her imprisonment. This claim introduces a new detail not found in the provided text.",none
2hop__14092_8311,style,paraphrase,1,2,John married Isabella of Angoulême.,NOT_SUPPORTED,SUPPORTED,"The ground truth states that John (King of England) had a first wife, Isabel, and a second wife, Isabella of Angoulême. This claim directly reflects this information.","John's first wife, Isabel, Countess of Gloucester, was released from imprisonment in 1214; she remarried twice, and died in 1217. John's second wife, Isabella of Angoulême, left England for Angoulême soon after the king's death; she became a powerful regional leader, but largely abandoned the children she had had by John. John had five legitimate children, all by Isabella."
2hop__14092_8311,style,paraphrase,1,2,Joan became Queen of Scots through marriage.,NOT_SUPPORTED,DISTORTED,"The ground truth states that John married Joan to become her Queen consort, not that Joan 'became' Queen of Scots through marriage. It's a slight rephrasing of a fact.",John married Joan
2hop__14092_8311,style,paraphrase,1,2,Joan became the most notable.,NOT_SUPPORTED,SUPPORTED,"The text states 'John had a number of illegitimate children by various mistresses, including nine sons – Richard, Oliver, John, Geoffrey, Henry, Osbert Gifford, Eudes, Bartholomew and probably Philip – and three daughters – Joan, Maud and probably Isabel.’ This claim states 'Joan became the most notable'.",John had a daughter named Joan
2hop__14092_8311,style,paraphrase,1,2,"The throne went to his half-brother, Zhao Yingqi.",NOT_SUPPORTED,INVENTED,"The claim that ‘the throne went to his half-brother, Zhao Yingqi’ introduces information not present in the ground truth. The ground truth describes Liu Ju’s death and subsequent historical assessment, but it does not state that his half-brother succeeded him.",none
2hop__14092_8311,style,paraphrase,1,2,He is noted for his scholarly work.,NOT_SUPPORTED,DISTORTED,"The claim states he is 'noted for his scholarly work,' which is implied but not explicitly stated in the ground truth. The text describes his contributions to history and philology, but doesn't use the phrase 'noted for his scholarly work'.",He is notable for his major contribution to the history of the Anglo-Saxons and philology of the Old English language.
2hop__14092_8311,style,paraphrase,1,2,John was the King of England.,NOT_SUPPORTED,INVENTED,"The claim states 'John was the King of England,' but the ground truth describes various individuals (John III, etc.) who held the title of King, and does not state that any of them were named John.",none
2hop__14092_8311,style,paraphrase,1,2,John conducted coronations for Harold.,NOT_SUPPORTED,DISTORTED,"The claim states 'John conducted coronations for Harold,' but the ground truth describes coronations *held in* Westminster Abbey, and mentions specific monarchs crowned there (Harold, Henry III). It doesn't state that John was involved in conducting those coronations.",Westminster Abbey coronations mentioned in text
2hop__14092_8311,style,paraphrase,1,2,John conducted coronations for William the Conqueror.,NOT_SUPPORTED,DISTORTED,"The ground truth states that coronations were held in Westminster Abbey, but it does not explicitly state that John conducted them. The claim implies John was involved in the coronations, which is not directly stated and could be a misinterpretation of the historical context.",Westminster Abbey
2hop__14092_8311,style,paraphrase,1,2,John conducted the coronations in 1066.,NOT_SUPPORTED,UNVERIFIABLE,The ground truth does not contain information about who conducted the coronations in 1066. It only states that coronations have been held in Westminster Abbey since 1066.,none
2hop__14092_8311,style,paraphrase,1,2,The Pope deemed the ceremony invalid.,NOT_SUPPORTED,SUPPORTED,"The ground truth states that the coronation in Gloucester was deemed by the Pope to be improper, and therefore a further coronation was held in the abbey. This claim directly reflects that event.",The Archbishop of Canterbury is the traditional cleric in the coronation ceremony.
2hop__14092_8311,style,paraphrase,1,3,William Calverley was the son of Sir Walter Calverley and Anne Danby.,NOT_SUPPORTED,SUPPORTED,The ground truth explicitly states that William Calverley was the son of Sir Walter Calverley and Anne Danby.,"William Calverley was the son of Sir Walter Calverley and Anne Danby, daughter of Sir Christopher Danby"
2hop__14092_8311,style,paraphrase,1,3,"Anne Danby was the granddaughter of Richard Neville, 2nd Baron Latimer.",NOT_SUPPORTED,DISTORTED,"The ground truth states that Anne Danby was the daughter of Sir Christopher Danby, not her granddaughter. This claim incorrectly states a familial relationship.",Ground truth states Anne Danby was the daughter of Sir Christopher Danby.
2hop__14092_8311,style,paraphrase,1,3,John was a king.,NOT_SUPPORTED,INVENTED,"The claim that 'John' was a king is not supported by the text. The text describes several individuals (John, King of England, John III, Margrave of Brandenburg-Salzwedel) but does not state that any of them were kings.",none
2hop__14092_8311,style,paraphrase,1,3,"His first wife was Isabel, Countess of Gloucester.",NOT_SUPPORTED,DISTORTED,"The ground truth states that John's first wife was Isabel, Countess of Gloucester, but it does not state that she was his *first* wife. The text describes his second wife, Isabella of Angoulême.","John's first wife, Isabel, Countess of Gloucester, was released from imprisonment in 1214; she remarried twice, and died in 1217."
2hop__14092_8311,style,paraphrase,1,3,"Isabel, Countess of Gloucester later remarried.",NOT_SUPPORTED,DISTORTED,"The ground truth states that Isabel, Countess of Gloucester remarried twice. The claim states she 'later remarried', which implies a single subsequent remarriage, not two.",Isabel remarried twice in the text.
2hop__14092_8311,style,paraphrase,1,3,Joan became Queen of Scots by marriage.,NOT_SUPPORTED,INVENTED,"The claim that Joan 'became Queen of Scots by marriage' is not directly stated in the ground truth. While she married James VI of Scotland (later James I of England), this was a later event not described in the provided text.",none
2hop__14092_8311,style,paraphrase,1,3,John fathered at least three daughters.,NOT_SUPPORTED,PARSE_ERROR,"```json
{
  ""label"": ""UNVERIFIABLE"",
  ""reason"": ""The ground truth text does not provide information about the number of",
2hop__14092_8311,style,paraphrase,1,3,Richard is a son of John.,NOT_SUPPORTED,DISTORTED,"The claim states 'Richard is a son of John.' While Richard is mentioned as a son of John, the ground truth text does not explicitly state this relationship. It describes Richard as a noted European leader and King of the Romans, and a grandson of John through his daughter Eleanor.",Richard is mentioned as a King of the Romans
2hop__14092_8311,style,paraphrase,1,3,Oliver is a son of John.,NOT_SUPPORTED,SUPPORTED,The text states that Oliver is a son of John. This is a direct statement of familial relationship.,"John Darling and Son was an Australian wheat merchant and flour milling company founded by John Darling Sr. (1831–1905), a businessman of Scottish origin, and Member of Parliament for 25 years. It was registered as a private company in Victoria in 1953 with three directors: Norman Darling, Leonard Darling, and Leonard Gordon Darling. John Darling and Son was an Australian wheat merchant and flour milling company founded in Adelaide, South Australia, for many years the largest in Australia. It was founded by John Darling Sr. (1831–1905), a businessman of Scottish origin, and Member of Parliament for 25 years. He was succeeded by his eldest son, John Darling, Jr. (1852–1914), also a Member of Parliament, then by Harold Gordon Darling."
2hop__14092_8311,style,paraphrase,1,3,John is a son of John.,NOT_SUPPORTED,DISTORTED,"The claim states 'John is a son of John,' which implies a recursive relationship and is a distortion of the provided text, which describes John as a descendant of other Johns (e.g., Walter Calverley, John Darling).",None
2hop__14092_8311,style,paraphrase,1,3,Geoffrey is a son of John.,NOT_SUPPORTED,DISTORTED,"The claim states 'Geoffrey is a son of John.' While Geoffrey is mentioned as a son of John Darling and Son in the text, the ground truth doesn't explicitly state that John is his father. It states that John Darling and Son was founded by John Darling Sr., a businessman and member of parliament. This implies a lineage, but doesn't directly confirm John as Geoffrey's father.",John Darling and Son founded by John Darling Sr.
2hop__14092_8311,style,paraphrase,1,3,Henry is a son of John.,NOT_SUPPORTED,SUPPORTED,The text states that Henry III was John's eldest son. This claim directly reflects that relationship.,"John had five legitimate children, all by Isabella. His eldest son, Henry III, ruled as king for the majority of the 13th century."
2hop__14092_8311,style,paraphrase,1,3,Osbert Gifford is a son of John.,NOT_SUPPORTED,SUPPORTED,"The text states: ‘Walter Calverley. Walter Calverley was the eldest son and heir of William Calverley (d.1572) by his wife, Katherine Thorneholme, daughter of John Thorneholme of Haysthorpe, Yorkshire. William Calverley was the son of Sir Walter Calverley and Anne Danby, daughter of Sir Christopher Danby (d. 14 June 1571) and Elizabeth Neville, daughter of Richard Neville, 2nd Baron Latimer.’ This explicitly states that Walter Calverley is the eldest son of William Calverley.",Walter Calverley was the eldest son and heir of William Calverley
2hop__14092_8311,style,paraphrase,1,3,Eudes is a son of John.,NOT_SUPPORTED,SUPPORTED,"The text states 'John III, Margrave of Brandenburg-Salzwedel was the eldest son of Margrave Otto III and his wife, Beatrice of Bohemia.' This directly supports the claim that Eudes is a son of John.","John III, Margrave of Brandenburg-Salzwedel was the eldest son of Margrave Otto III and his wife, Beatrice of Bohemia."
2hop__14092_8311,style,paraphrase,1,3,Philip is a son of John.,NOT_SUPPORTED,INVENTED,"The text does not mention a person named Philip, nor does it describe any relationship between a John and a Philip.",none
2hop__14092_8311,style,paraphrase,1,3,Joan is a daughter of John.,NOT_SUPPORTED,SUPPORTED,"The text states that John is the father of Joan. Therefore, Joan is a daughter of John.",John is described as Joan's father.
2hop__14092_8311,style,paraphrase,1,3,Maud is a daughter of John.,NOT_SUPPORTED,DISTORTED,"The claim states 'Maud is a daughter of John.' While John is mentioned as a figure, the ground truth does not explicitly state that Maud is his daughter. It only mentions ‘Joan’ and ‘Isabella’ as daughters of John.",John
2hop__14092_8311,style,paraphrase,1,3,Isabel is a daughter of John.,NOT_SUPPORTED,DISTORTED,"The claim states 'Isabel is a daughter of John.' While the ground truth mentions John, it describes Isabel as John's *first* wife, and then his *second* wife, Isabella of Angoulême. This alters the relationship and implies a lineage that isn't directly stated in the text.",John (King of England) is mentioned as having wives Isabel and Isabella.
2hop__14092_8311,style,paraphrase,1,3,Liu Ju was deceased in 91 BC.,NOT_SUPPORTED,INVENTED,"The claim states that Liu Ju was deceased in 91 BC, which is not mentioned in the ground truth. The text describes his death during a political turmoil, but doesn't specify the year of his death.",none
2hop__14092_8311,style,paraphrase,1,3,He was anticipated to become emperor.,NOT_SUPPORTED,SUPPORTED,"The text states that John III, Margrave of Brandenburg-Salzwedel was the eldest son of Margrave Otto III. This directly supports the claim that he was anticipated to become emperor.","John III, Margrave of Brandenburg-Salzwedel was the eldest son of Margrave Otto III"
2hop__14092_8311,style,paraphrase,1,3,"The throne passed to his half-brother, Zhao Yingqi.",NOT_SUPPORTED,INVENTED,"The claim that ‘the throne passed to his half-brother, Zhao Yingqi’ introduces information not present in the ground truth. The ground truth describes Liu Ju’s death and subsequent succession by his son, not a transfer of the throne to a half-brother.",none
2hop__14092_8311,style,paraphrase,1,3,He is recognized for his academic contributions.,NOT_SUPPORTED,SUPPORTED,"The text states that John Mitchell Kemble was an ‘English scholar and historian’, which directly supports the claim that he is recognized for his academic contributions.","John Mitchell Kemble (2 April 1807 – 26 March 1857), English scholar and historian"
2hop__14092_8311,style,paraphrase,1,3,Zhao Yingqi was a woman from Yue.,NOT_SUPPORTED,INVENTED,"The ground truth states that Zhao Jiande was the eldest son of Zhao Yingqi, but it does not state that Zhao Yingqi was a woman. This claim introduces a gender detail not found in the provided text.",none
2hop__14092_8311,style,paraphrase,2,1,William Calverley was the son of Sir Walter Calverley and Anne Danby.,NOT_SUPPORTED,SUPPORTED,The ground truth explicitly states that William Calverley was the son of Sir Walter Calverley and Anne Danby.,"William Calverley was the son of Sir Walter Calverley and Anne Danby, daughter of Sir Christopher Danby"
2hop__14092_8311,style,paraphrase,2,1,William Maule is the eldest child of Sir Peter Maule and Christina de Valognes.,NOT_SUPPORTED,SUPPORTED,The ground truth explicitly states that Sir William Maule was the eldest son of Sir Peter Maule. This directly supports the claim that William Maule is the eldest child of his father.,Sir William Maule was the eldest son of Sir Peter Maule...
2hop__14092_8311,style,paraphrase,2,1,John had a first wife named Isabel.,NOT_SUPPORTED,SUPPORTED,"The ground truth explicitly states that John's first wife was Isabel, Countess of Gloucester.","John's first wife, Isabel, Countess of Gloucester, was released from imprisonment in 1214"
2hop__14092_8311,style,paraphrase,2,1,Isabel was the Countess of Gloucester.,NOT_SUPPORTED,DISTORTED,"The ground truth states that Isabel was the first wife of John, King of England, not the Countess of Gloucester. This is a change of role and relationship.",Isabel was the first wife of John
2hop__14092_8311,style,paraphrase,2,1,John died.,NOT_SUPPORTED,UNVERIFIABLE,"The ground truth does not contain information about who died, nor does it state that John died.",none
2hop__14092_8311,style,paraphrase,2,1,"John's five legitimate offspring were Henry III, Richard, Joan, and Isabella.",NOT_SUPPORTED,DISTORTED,"The claim states 'John's five legitimate offspring were Henry III, Richard, Joan, and Isabella.' While the ground truth mentions John's children, it lists significantly more than just four. It details Henry III, Richard, Joan, Isabella, and several other sons and daughters, including nine sons and three daughters.","The ground truth lists 'John had five legitimate children, all by Isabella.'"
2hop__14092_8311,style,paraphrase,2,1,John had three daughters.,NOT_SUPPORTED,INVENTED,The ground truth text does not mention John having any daughters. It describes his children as sons.,none
2hop__14092_8311,style,paraphrase,2,1,Richard is a son of John.,NOT_SUPPORTED,DISTORTED,"The claim states 'Richard is a son of John.' While Richard is mentioned as a son of John, the ground truth text does not explicitly state this relationship. It describes Richard as a noted European leader and King of the Romans, and a grandson of John through his daughter Eleanor.",Richard is mentioned as a King of the Romans
2hop__14092_8311,style,paraphrase,2,1,Oliver is a son of John.,NOT_SUPPORTED,SUPPORTED,The text states that Oliver is a son of John. This is a direct statement of familial relationship.,"John Darling and Son was an Australian wheat merchant and flour milling company founded by John Darling Sr. (1831–1905), a businessman of Scottish origin, and Member of Parliament for 25 years. It was registered as a private company in Victoria in 1953 with three directors: Norman Darling, Leonard Darling, and Leonard Gordon Darling. John Darling and Son was an Australian wheat merchant and flour milling company founded in Adelaide, South Australia, for many years the largest in Australia. It was founded by John Darling Sr. (1831–1905), a businessman of Scottish origin, and Member of Parliament for 25 years. He was succeeded by his eldest son, John Darling, Jr. (1852–1914), also a Member of Parliament, then by Harold Gordon Darling."
2hop__14092_8311,style,paraphrase,2,1,John is a son of John.,NOT_SUPPORTED,DISTORTED,"The claim states 'John is a son of John,' which implies a recursive relationship and is a distortion of the provided text, which describes John as a descendant of other Johns (e.g., Walter Calverley, John Darling).",None
2hop__14092_8311,style,paraphrase,2,1,Geoffrey is a son of John.,NOT_SUPPORTED,DISTORTED,"The claim states 'Geoffrey is a son of John.' While Geoffrey is mentioned as a son of John Darling and Son in the text, the ground truth doesn't explicitly state that John is his father. It states that John Darling and Son was founded by John Darling Sr., a businessman and member of parliament. This implies a lineage, but doesn't directly confirm John as Geoffrey's father.",John Darling and Son founded by John Darling Sr.
2hop__14092_8311,style,paraphrase,2,1,Henry is a son of John.,NOT_SUPPORTED,SUPPORTED,The text states that Henry III was John's eldest son. This claim directly reflects that relationship.,"John had five legitimate children, all by Isabella. His eldest son, Henry III, ruled as king for the majority of the 13th century."
2hop__14092_8311,style,paraphrase,2,1,Osbert Gifford is a son of John.,NOT_SUPPORTED,SUPPORTED,"The text states: ‘Walter Calverley. Walter Calverley was the eldest son and heir of William Calverley (d.1572) by his wife, Katherine Thorneholme, daughter of John Thorneholme of Haysthorpe, Yorkshire. William Calverley was the son of Sir Walter Calverley and Anne Danby, daughter of Sir Christopher Danby (d. 14 June 1571) and Elizabeth Neville, daughter of Richard Neville, 2nd Baron Latimer.’ This explicitly states that Walter Calverley is the eldest son of William Calverley.",Walter Calverley was the eldest son and heir of William Calverley
2hop__14092_8311,style,paraphrase,2,1,Eudes is a son of John.,NOT_SUPPORTED,SUPPORTED,"The text states 'John III, Margrave of Brandenburg-Salzwedel was the eldest son of Margrave Otto III and his wife, Beatrice of Bohemia.' This directly supports the claim that Eudes is a son of John.","John III, Margrave of Brandenburg-Salzwedel was the eldest son of Margrave Otto III and his wife, Beatrice of Bohemia."
2hop__14092_8311,style,paraphrase,2,1,Philip is a son of John.,NOT_SUPPORTED,INVENTED,"The text does not mention a person named Philip, nor does it describe any relationship between a John and a Philip.",none
2hop__14092_8311,style,paraphrase,2,1,Joan is a daughter of John.,NOT_SUPPORTED,SUPPORTED,"The text states that John is the father of Joan. Therefore, Joan is a daughter of John.",John is described as Joan's father.
2hop__14092_8311,style,paraphrase,2,1,Maud is a daughter of John.,NOT_SUPPORTED,DISTORTED,"The claim states 'Maud is a daughter of John.' While John is mentioned as a figure, the ground truth does not explicitly state that Maud is his daughter. It only mentions ‘Joan’ and ‘Isabella’ as daughters of John.",John
2hop__14092_8311,style,paraphrase,2,1,William Penn was involved in cricket.,NOT_SUPPORTED,UNVERIFIABLE,The ground truth does not mention William Penn's involvement in cricket. It describes his family history and education.,none
2hop__14092_8311,style,paraphrase,2,1,James Worts was James Gooderham Worts' father.,NOT_SUPPORTED,DISTORTED,"The claim states James Worts was James Gooderham Worts' father, which is incorrect. The ground truth states James Worts was the son of James Worts and Elizabeth Gooderham.","James Worts (June 4, 1818 - June 20, 1882) was the eldest son of James Worts and Elizabeth Gooderham."
2hop__14092_8311,style,paraphrase,2,1,Elizabeth Gooderham was James Gooderham Worts' mother.,NOT_SUPPORTED,DISTORTED,"The ground truth states that James Gooderham Worts was the son of James Worts and Elizabeth Gooderham. The claim states that Elizabeth Gooderham was James Gooderham Worts' mother, which is a correct statement but implies a familial relationship that is not explicitly stated in the text.",James Gooderham Worts was the son of James Worts and Elizabeth Gooderham.
2hop__14092_8311,style,paraphrase,2,1,Zhao Jiande was a woman of the Yue people.,NOT_SUPPORTED,DISTORTED,"The ground truth states that Zhao Jiande was a man, not a woman. This claim misrepresents his gender.",Zhao Jiande was the eldest son of Zhao Yingqi and a Yue woman.
2hop__14092_8311,style,paraphrase,2,1,John Darling Sr. is a 25- year parliamentary representative.,NOT_SUPPORTED,DISTORTED,"The ground truth states that John Darling Sr. was a businessman and Member of Parliament for 25 years, but it does not specify his age at the time.",John Darling Sr. was a businessman and Member of Parliament for 25 years.
2hop__14092_8311,style,paraphrase,2,1,John Darling Jr. was his eldest son.,NOT_SUPPORTED,DISTORTED,"The claim states 'John Darling Jr. was his eldest son.' However, the ground truth describes John Darling Sr. (the father) as the eldest son and John Darling Jr. as his successor. This alters the familial relationship and implies a succession, which is not explicitly stated in the ground truth.","John Darling Sr. (1831–1905), a businessman of Scottish origin, and Member of Parliament for 25 years. He was succeeded by his eldest son, John Darling, Jr."
2hop__14092_8311,style,paraphrase,2,1,The firm was registered as a private company.,NOT_SUPPORTED,UNVERIFIABLE,"The ground truth does not state that the firm was registered as a private company. It describes the company's founding and operation, but not its legal structure.",none
2hop__14092_8311,style,paraphrase,2,1,The firm was registered in 1953.,NOT_SUPPORTED,UNVERIFIABLE,The ground truth text does not contain information about when the firm was registered. It only describes the company's history and founding.,none
2hop__14092_8311,style,paraphrase,2,1,Leonard Darling is a director of the firm.,NOT_SUPPORTED,SUPPORTED,"The text states: ""It was registered as a private company in Victoria in 1953 with three directors: Norman Darling, Leonard Darling, and Leonard Gordon Darling.""","registered as a private company in Victoria in 1953 with three directors: Norman Darling, Leonard Darling, and Leonard Gordon Darling"
2hop__14092_8311,style,paraphrase,2,1,William Calverley was the son of Sir Walter Calverley and Anne Danby.,NOT_SUPPORTED,SUPPORTED,The ground truth explicitly states that William Calverley was the son of Sir Walter Calverley and Anne Danby.,"William Calverley was the son of Sir Walter Calverley and Anne Danby, daughter of Sir Christopher Danby"
2hop__14092_8311,style,paraphrase,2,1,"Anne Danby was the granddaughter of Richard Neville, 2nd Baron Latimer.",NOT_SUPPORTED,DISTORTED,"The ground truth states that Anne Danby was the daughter of Sir Christopher Danby, not her granddaughter. This claim incorrectly states a familial relationship.",Ground truth states Anne Danby was the daughter of Sir Christopher Danby.
2hop__14092_8311,style,paraphrase,2,1,John is the King of England.,NOT_SUPPORTED,INVENTED,"The claim that 'John' is the King of England is not supported by the text. The text describes multiple individuals (John III, King of England, John Mitchell Kemble, etc.) and does not state that any of them are the King.",none
2hop__14092_8311,style,paraphrase,2,1,John was the King of England.,NOT_SUPPORTED,INVENTED,"The claim states 'John was the King of England,' but the ground truth describes various individuals (John III, etc.) who held the title of King, and does not state that any of them were named John.",none
2hop__14092_8311,style,paraphrase,2,1,"John married Isabel, Countess of Gloucester.",NOT_SUPPORTED,DISTORTED,"The ground truth states that Isabel, Countess of Gloucester, remarried twice and died. The claim states that John married Isabel, implying a direct marriage, which is not explicitly stated in the text. It's a distortion of the relationship described.","John's first wife, Isabel, Countess of Gloucester, was released from imprisonment in 1214; she remarried twice, and died in 1217."
2hop__14092_8311,style,paraphrase,2,1,John had a second wife named Isabella of Angoulême.,NOT_SUPPORTED,DISTORTED,"The ground truth states that John had two wives, Isabel and Isabella. The claim states he had a 'second wife named Isabella of Angoulême,' implying a new wife, which is not explicitly stated and could be a misunderstanding of the information about his first wife.",mention of Isabel and Isabella as wives
2hop__14092_8311,style,paraphrase,2,1,Isabella did not pay much attention to her children by John.,NOT_SUPPORTED,DISTORTED,"The ground truth states that Isabella remarried twice and died, but it does not suggest she ‘did not pay much attention to her children.’ This is an interpretation of her actions, not a directly stated fact.",The text states Isabella remarried twice and died.
2hop__14092_8311,style,paraphrase,2,1,"Among John's illegitimate children, he had three daughters.",NOT_SUPPORTED,INVENTED,"The ground truth text does not mention that John had three daughters. It only lists his five legitimate children and a number of illegitimate children, but provides no specific details about the number or names of his daughters.",none
2hop__14092_8311,style,paraphrase,2,1,Joan is the most prominent of these illegitimate children.,NOT_SUPPORTED,DISTORTED,"The claim states that Joan is 'the most prominent' of the illegitimate children, implying a level of significance or fame. While the text mentions her marriage to Alexander II of Scotland and her later marriage to Simon de Montfort, it doesn't explicitly state that she is ‘most prominent’ among all the illegitimate children. It simply notes her marriages.",mention of her marriages to Alexander II and Simon de Montfort
2hop__14092_8311,style,paraphrase,2,1,"John Petrie was baptized on April 2, 1666.",NOT_SUPPORTED,DISTORTED,"The claim states John Petrie was baptized on April 2, 1666, which is incorrect. The ground truth states he was born on January 15, 1822.",The ground truth mentions his birthdate: 'John Petrie was born 15 January 1822 in Edinburgh'.
2hop__14092_8311,style,paraphrase,2,1,He allowed his sons to be taught at home.,NOT_SUPPORTED,DISTORTED,"The ground truth describes how John Petrie's father ensured his sons received education, specifically by selecting appropriate workmen to teach them cabinet making and carpentry. The claim states that 'He allowed his sons to be taught at home,' which is a simplification and implies a more independent learning environment than described in the text.",John Petrie's father only selected workmen that he considered beyond reproach to come to his home to teach his sons cabinet making and carpentry skills.
2hop__14092_8311,style,paraphrase,2,1,He was not chosen as king.,NOT_SUPPORTED,INVENTED,"The claim states that he 'was not chosen as king,' which is not explicitly stated in the ground truth. The text describes his lineage and role as a crown prince who died prematurely, but it doesn't mention a lack of selection for the throne.",none
2hop__14092_8311,style,paraphrase,2,1,"The title went to his half-brother, Zhao Yingqi.",NOT_SUPPORTED,INVENTED,"The claim states that ‘Leul’ Wondosson Kassa’s half-brother, Zhao Yingqi, received the kingship instead of him. This information is not present in the provided ground truth text.",none
2hop__14092_8311,style,paraphrase,2,1,He was not chosen as king despite being the eldest.,NOT_SUPPORTED,DISTORTED,"The claim states that John III, Margrave of Brandenburg-Salzwedel was not chosen as king despite being the eldest. While he was the eldest son, the ground truth describes him as a margrave, implying a position of authority within the Holy Roman Empire, not a king. The claim misrepresents his title and role.","John III, Margrave of Brandenburg-Salzwedel was the eldest son of Margrave Otto III..."
2hop__14092_8311,style,paraphrase,2,1,John is the King of England.,NOT_SUPPORTED,INVENTED,"The claim that 'John' is the King of England is not supported by the text. The text describes multiple individuals (John III, King of England, John Mitchell Kemble, etc.) and does not state that any of them are the King.",none
2hop__14092_8311,style,paraphrase,2,1,John of England was a monarch.,NOT_SUPPORTED,INVENTED,"The claim states 'John of England was a monarch,' but the ground truth describes various individuals (Walter Calverley, Sir William Maule, John, Queen Elizabeth II, etc.) who were monarchs or held positions of power, but does not explicitly state that a 'John of England' was a monarch.",none
2hop__14092_8311,style,paraphrase,2,1,"Isabel, Countess of Gloucester was married twice more before her death in 1217.",NOT_SUPPORTED,DISTORTED,"The ground truth states that Isabel, Countess of Gloucester, remarried twice and died in 1217. The claim states she was married twice *more* before her death, implying an additional marriage beyond the two mentioned in the text. This is a modification of the factual meaning.",The ground truth mentions Isabel's two remarriages.
2hop__14092_8311,style,paraphrase,2,1,John had a second wife named Isabella of Angoulême.,NOT_SUPPORTED,DISTORTED,"The ground truth states that John had two wives, Isabel and Isabella. The claim states he had a 'second wife named Isabella of Angoulême,' implying a new wife, which is not explicitly stated and could be a misunderstanding of the information about his first wife.",mention of Isabel and Isabella as wives
2hop__14092_8311,style,paraphrase,2,1,Isabella assumed a dominant regional role.,NOT_SUPPORTED,DISTORTED,"The claim states that Isabella ‘assumed a dominant regional role.’ While the text mentions she remarried twice and became a powerful regional leader, it doesn’t imply she ‘assumed’ this role; it describes her actions and subsequent status.","She remarried twice, and died in 1217. She became a powerful regional leader."
2hop__14092_8311,style,paraphrase,2,1,Henry III was one of John's legitimate heirs.,NOT_SUPPORTED,SUPPORTED,"The text states that John III, Margrave of Brandenburg-Salzwedel was the eldest son of Margrave Otto III. The claim states that Henry III was one of John's legitimate heirs. This is a direct inference from the provided text.","John III, Margrave of Brandenburg-Salzwedel was the eldest son of Margrave Otto III"
2hop__14092_8311,style,paraphrase,2,1,Richard was one of John's legitimate heirs.,NOT_SUPPORTED,SUPPORTED,"The text states that John had five legitimate children, including Richard and his youngest daughter, Eleanor. This implies that Richard was one of John's legitimate heirs.","John had five legitimate children, including Richard and Eleanor."
2hop__14092_8311,style,paraphrase,2,1,Isabella became Holy Roman Empress.,NOT_SUPPORTED,INVENTED,"The claim that Isabella became Holy Roman Empress is not supported by the ground truth. The text states she remarried twice and died in England, and that her son, Henry III, ruled as king, but it does not mention her becoming an Empress.",none
2hop__14092_8311,style,paraphrase,2,1,John is the King of England.,NOT_SUPPORTED,INVENTED,"The claim that 'John' is the King of England is not supported by the text. The text describes multiple individuals (John III, King of England, John Mitchell Kemble, etc.) and does not state that any of them are the King.",none
2hop__14092_8311,style,paraphrase,2,1,"John of England was married to Isabel, Countess of Gloucester.",NOT_SUPPORTED,DISTORTED,"The ground truth states that John of England was married to Isabel, Countess of Gloucester, but it does not explicitly state that they were married to each other. It only mentions that Isabel was released from imprisonment and remarried.","John's first wife, Isabel, Countess of Gloucester, was released from imprisonment in 1214; she remarried twice, and died in 1217."
2hop__14092_8311,style,paraphrase,2,1,"Isabel, Countess of Gloucester was later married twice.",NOT_SUPPORTED,DISTORTED,"The ground truth states that Isabel, Countess of Gloucester, remarried twice and died. The claim states she was ‘later married twice,’ which is a generalization and doesn’t specify when or how these marriages occurred, potentially distorting the timeline or details.","The text mentions Isabel's first marriage and her subsequent remarriage, but doesn't detail the timing or circumstances of the second marriage."
2hop__14092_8311,style,paraphrase,2,1,John had additional illegitimate children.,NOT_SUPPORTED,INVENTED,"The ground truth text does not mention John having additional illegitimate children. It only states he had a number of illegitimate children, but does not specify the number or names.",none
2hop__14092_8311,style,paraphrase,2,1,"John Petrie was born January 15, 17 66.",NOT_SUPPORTED,DISTORTED,"The claim states 'John Petrie was born January 15, 17 66'. The ground truth states 'John Petrie was born 15 January 1822'. This is a clear error in the year of birth.",The ground truth explicitly states 'John Petrie was born 15 January 1822'.
2hop__14092_8311,style,paraphrase,2,1,"John Petrie died January 26, 18 44.",NOT_SUPPORTED,DISTORTED,"The claim states John Petrie died in 1844, while the ground truth states he was born in 1822 and died in 1844. This is a simple error in the year of death.",He arrived in Sydney with his family in 1831 and died in 1844.
2hop__14092_8311,style,paraphrase,2,2,William Calverley was the offspring of Sir Walter Calverley and Anne Danby.,NOT_SUPPORTED,SUPPORTED,"The ground truth explicitly states that Walter Calverley was the son of William Calverley, who was the son of Sir Walter Calverley and Anne Danby.","Walter Calverley was the eldest son and heir of William Calverley (d.1572) by his wife, Katherine Thorneholme, daughter of John Thorneholme of Haysthorpe, Yorkshire. William Calverley was the son of Sir Walter Calverley and Anne Danby, daughter of Sir Christopher Danby (d. 14 June 1571) and Elizabeth Neville, daughter of Richard Neville, 2nd Baron Latimer."
2hop__14092_8311,style,paraphrase,2,2,"Anne Danby was the granddaughter of Richard Neville, 2nd Baron Latimer.",NOT_SUPPORTED,DISTORTED,"The ground truth states that Anne Danby was the daughter of Sir Christopher Danby, not her granddaughter. This claim incorrectly states a familial relationship.",Ground truth states Anne Danby was the daughter of Sir Christopher Danby.
2hop__14092_8311,style,paraphrase,2,2,William Maule is the eldest child of Sir Peter Maule and Christina de Valognes.,NOT_SUPPORTED,SUPPORTED,The ground truth explicitly states that Sir William Maule was the eldest son of Sir Peter Maule. This directly supports the claim that William Maule is the eldest child of his father.,Sir William Maule was the eldest son of Sir Peter Maule...
2hop__14092_8311,style,paraphrase,2,2,"William Maule is the eldest child of Sir Peter Maule and Christina de Valognes, Baroness of Panmure and Benvie.",NOT_SUPPORTED,SUPPORTED,The ground truth explicitly states that Sir William Maule was the eldest son of Sir Peter Maule. This directly supports the claim that William Maule is the eldest child of his father.,Sir William Maule was the eldest son of Sir Peter Maule
2hop__14092_8311,style,paraphrase,2,2,John had a first wife named Isabel.,NOT_SUPPORTED,SUPPORTED,"The ground truth explicitly states that John's first wife was Isabel, Countess of Gloucester.","John's first wife, Isabel, Countess of Gloucester, was released from imprisonment in 1214"
2hop__14092_8311,style,paraphrase,2,2,Isabel was the Countess of Gloucester.,NOT_SUPPORTED,DISTORTED,"The ground truth states that Isabel was the first wife of John, King of England, not the Countess of Gloucester. This is a change of role and relationship.",Isabel was the first wife of John
2hop__14092_8311,style,paraphrase,2,2,John died.,NOT_SUPPORTED,UNVERIFIABLE,"The ground truth does not contain information about who died, nor does it state that John died.",none
2hop__14092_8311,style,paraphrase,2,2,Isabella of Angoulême is John's second wife.,NOT_SUPPORTED,DISTORTED,"The ground truth states that Isabella of Angoulême is John's *first* wife, not his second. The claim presents an incorrect order of marriages.","John's first wife, Isabel, Countess of Gloucester, was released from imprisonment in 1214; she remarried twice, and died in 1217."
2hop__14092_8311,style,paraphrase,2,2,Isabella of Angoulême rose to local prominence in Angoulême after John's death.,NOT_SUPPORTED,DISTORTED,"The claim states Isabella rose to local prominence after John's death, which is not directly stated in the text. While John's death is mentioned, the text doesn't detail Isabella's subsequent actions or prominence.","John's death is mentioned, but Isabella's actions are not."
2hop__14092_8311,style,paraphrase,2,2,Joan became notable.,NOT_SUPPORTED,SUPPORTED,"The text states that Joan married Alexander II of Scotland, making her notable for that relationship.",Joan married Alexander II of Scotland
2hop__14092_8311,style,paraphrase,2,2,Zhao Jiande was a woman of Yue heritage.,NOT_SUPPORTED,INVENTED,"The ground truth states that Zhao Jiande was a male, a crown prince, and the eldest son of his father. The claim states that he was a woman of Yue heritage, which is not mentioned in the text and contradicts the established facts about his identity.",none
2hop__14092_8311,style,paraphrase,2,2,He did not inherit the throne.,NOT_SUPPORTED,DISTORTED,"The claim states he 'did not inherit the throne,' which is a statement about his position relative to the succession. While the ground truth describes the succession, it doesn't explicitly state that he *didn't* inherit. It implies he was not currently in line, but the ground truth doesn't state he never had a chance to inherit.","The ground truth describes the succession line, but doesn't explicitly deny his potential to inherit."
2hop__14092_8311,style,paraphrase,2,2,"John Petrie was baptized on April 2, 1666.",NOT_SUPPORTED,DISTORTED,"The claim states John Petrie was baptized on April 2, 1666, which is incorrect. The ground truth states he was born on January 15, 1822.",The ground truth mentions his birthdate: 'John Petrie was born 15 January 1822 in Edinburgh'.
2hop__14092_8311,style,paraphrase,2,2,"John Petrie was deceased on January 26, 1844.",NOT_SUPPORTED,DISTORTED,"The claim states John Petrie was deceased on January 26, 1844. The ground truth states he was born in 1822 and arrived in Sydney in 1831. This implies he lived well into the 19th century, not that he died in 1844.",John Petrie was born in 1822 and arrived in Sydney in 1831
2hop__14092_8311,style,paraphrase,2,2,The family settled in Sydney.,NOT_SUPPORTED,SUPPORTED,The text states that John Petrie and his family arrived in Sydney in 1831. This claim reflects that arrival.,1831
2hop__14092_8311,style,paraphrase,2,2,John is the King of England.,NOT_SUPPORTED,INVENTED,"The claim that 'John' is the King of England is not supported by the text. The text describes multiple individuals (John III, King of England, John Mitchell Kemble, etc.) and does not state that any of them are the King.",none
2hop__14092_8311,style,paraphrase,2,2,John of England became king.,NOT_SUPPORTED,INVENTED,"The claim that 'John of England became king' is not directly stated in the ground truth. While the text describes John's lineage and role as a son of a king, it doesn't assert that he himself became king.",none
2hop__14092_8311,style,paraphrase,2,2,"Isabel, Countess of Gloucester was married again twice.",NOT_SUPPORTED,DISTORTED,"The ground truth states that Isabel, Countess of Gloucester, remarried twice, but it doesn't explicitly state she was married to King John. It only mentions her first marriage to Isabel of Angoulême and subsequent remarriage to someone else. The claim implies a specific marriage to King John, which is not present in the text.",mention of Isabel of Angoulême and remarriage
2hop__14092_8311,style,paraphrase,2,2,John died.,NOT_SUPPORTED,UNVERIFIABLE,"The ground truth does not contain information about who died, nor does it state that John died.",none
2hop__14092_8311,style,paraphrase,2,2,Isabella became a key local authority.,NOT_SUPPORTED,DISTORTED,"The ground truth states that Isabella remarried twice and died, becoming a regional leader. The claim states she ‘became a key local authority,’ which implies a more active role and suggests she was involved in governance, which isn’t explicitly stated in the text. It’s a slight alteration of her role.","Isabella remarried twice, and died in 1217."
2hop__14092_8311,style,paraphrase,2,2,Richard is one of John's sons.,NOT_SUPPORTED,INVENTED,"The claim states 'Richard is one of John's sons.' While John is mentioned as having many children, Richard is not explicitly listed as one of them in the provided text. This information is not present in the ground truth.",none
2hop__14092_8311,style,paraphrase,2,2,Oliver is one of John's sons.,NOT_SUPPORTED,SUPPORTED,"The text states 'John had a number of illegitimate children by various mistresses, including nine sons – Richard, Oliver, John, Geoffrey, Henry, Osbert Gifford, Eudes, Bartholomew and probably Philip – and three daughters – Joan, Maud and probably Isabel.’ This explicitly mentions Oliver as one of John’s sons.","John had a number of illegitimate children, including Oliver."
2hop__14092_8311,style,paraphrase,2,2,John is one of John's sons.,NOT_SUPPORTED,DISTORTED,"The claim states 'John is one of John's sons,' which implies a recursive relationship. While the text does describe multiple Johns (John Darling and John Wedgwood), it doesn't state that one John is a son of another John. This is a distortion of the familial relationships described.",John Darling and John Wedgwood
2hop__14092_8311,style,paraphrase,2,2,Geoffrey is one of John's sons.,NOT_SUPPORTED,INVENTED,"The claim states 'Geoffrey is one of John's sons.' However, the ground truth text does not mention a character named Geoffrey or any relationship between a John and a Geoffrey. This information is not present in the provided text.",none
2hop__14092_8311,style,paraphrase,2,2,Henry is one of John's sons.,NOT_SUPPORTED,SUPPORTED,"The text states that John had five legitimate children, including Henry and Richard. Therefore, Henry is one of John's sons.","John had five legitimate children, all by Isabella."
2hop__14092_8311,style,paraphrase,2,2,Osbert Gifford is one of John's sons.,NOT_SUPPORTED,UNVERIFIABLE,The ground truth does not mention Osbert Gifford or his relationship to John. The claim is an unsupported assertion.,none
2hop__14092_8311,style,paraphrase,2,2,Eudes is one of John's sons.,NOT_SUPPORTED,UNVERIFIABLE,The text does not mention Eudes and his relationship to John. The claim is an unsupported assertion.,none
2hop__14092_8311,style,paraphrase,2,2,Philip is one of John's sons.,NOT_SUPPORTED,INVENTED,The text does not mention a person named Philip. This claim introduces a new individual not found in the provided ground truth.,none
2hop__14092_8311,style,paraphrase,2,2,John fathered three daughters.,NOT_SUPPORTED,UNVERIFIABLE,"The ground truth text does not state that John fathered three daughters. It mentions that John had a number of illegitimate children, including three daughters, but it doesn't specify the exact number or names.",none
2hop__14092_8311,style,paraphrase,2,2,Joan is one of John's daughters.,NOT_SUPPORTED,DISTORTED,"The ground truth states that Joan is John's wife, not his daughter. This claim incorrectly states a familial relationship.","John's first wife, Isabel, is mentioned in the text."
2hop__14092_8311,style,paraphrase,2,2,Isabel is one of John's daughters.,NOT_SUPPORTED,INVENTED,"The claim states that Isabel is one of John's daughters. However, the ground truth describes John as a king and his wives, Isabel and Isabella. It does not mention any children Isabel had with John.",none
2hop__14092_8311,style,paraphrase,2,2,Raglan Squire is a rewording.,NOT_SUPPORTED,DISTORTED,"The claim states that Raglan Squire ‘is a rewording.’ While the text describes his education and career path, it doesn't suggest he is a rephrasing of anything. It’s a misinterpretation of the text’s content.","The text describes Raglan Squire's education and career, but does not state he is a rephrasing of anything."
2hop__14092_8311,style,paraphrase,2,3,William Calverley was the son of Sir Walter Calverley and Anne Danby.,NOT_SUPPORTED,SUPPORTED,The ground truth explicitly states that William Calverley was the son of Sir Walter Calverley and Anne Danby.,"William Calverley was the son of Sir Walter Calverley and Anne Danby, daughter of Sir Christopher Danby"
2hop__14092_8311,style,paraphrase,2,3,"Anne Danby was the granddaughter of Richard Neville, 2nd Baron Latimer.",NOT_SUPPORTED,DISTORTED,"The ground truth states that Anne Danby was the daughter of Sir Christopher Danby, not her granddaughter. This claim incorrectly states a familial relationship.",Ground truth states Anne Danby was the daughter of Sir Christopher Danby.
2hop__14092_8311,style,paraphrase,2,3,William Maule is the eldest child of Sir Peter Maule and Christina de Valognes.,NOT_SUPPORTED,SUPPORTED,The ground truth explicitly states that Sir William Maule was the eldest son of Sir Peter Maule. This directly supports the claim that William Maule is the eldest child of his father.,Sir William Maule was the eldest son of Sir Peter Maule...
2hop__14092_8311,style,paraphrase,2,3,"King John of England divorced Isabel, Countess of Gloucester in 1214.",NOT_SUPPORTED,INVENTED,"The claim states that King John divorced Isabel, Countess of Gloucester. The ground truth text does not mention any divorce between King John and Isabel. It only describes their marriages and subsequent remarriages.",none
2hop__14092_8311,style,paraphrase,2,3,John died.,NOT_SUPPORTED,UNVERIFIABLE,"The ground truth does not contain information about who died, nor does it state that John died.",none
2hop__14092_8311,style,paraphrase,2,3,Isabella of Angoulême is John's second wife.,NOT_SUPPORTED,DISTORTED,"The ground truth states that Isabella of Angoulême is John's *first* wife, not his second. The claim presents an incorrect order of marriages.","John's first wife, Isabel, Countess of Gloucester, was released from imprisonment in 1214; she remarried twice, and died in 1217."
2hop__14092_8311,style,paraphrase,2,3,Isabella gained significant local influence.,NOT_SUPPORTED,DISTORTED,"Isabella gained local influence through her marriages and political maneuvering, but the ground truth doesn't explicitly state this. It focuses on her remarriages and departure from England, not her influence.",none
2hop__14092_8311,style,paraphrase,2,3,Isabella neglected the children.,NOT_SUPPORTED,DISTORTED,"The ground truth states that Isabella remarried twice and died, but it does not claim she neglected her children. It describes her actions regarding her children, focusing on her leaving England and prioritizing her own affairs.","Isabella remarried twice, and died in 1217. She had five legitimate children, all by John."
2hop__14092_8311,style,paraphrase,2,3,The children are John's.,NOT_SUPPORTED,DISTORTED,"The claim 'The children are John's' implies that John is a father, which is not explicitly stated in the ground truth. While John appears in several contexts, the ground truth doesn't establish him as a father.",none
2hop__14092_8311,style,paraphrase,2,3,Henry III was one of John's legitimate offspring.,NOT_SUPPORTED,SUPPORTED,"The text states that John III, Margrave of Brandenburg-Salzwedel was the eldest son of Margrave Otto III. The claim states that Henry III was one of John's legitimate offspring. This is a direct inference from the provided text.","John III, Margrave of Brandenburg-Salzwedel was the eldest son of Margrave Otto III"
2hop__14092_8311,style,paraphrase,2,3,Henry III reigned over England.,NOT_SUPPORTED,INVENTED,"The claim states that Henry III reigned over England, which is not directly stated in the ground truth. The text describes Henry III as a king of the 13th century, but it doesn't explicitly state that he ruled England.",none
2hop__14092_8311,style,paraphrase,2,3,Eric Penn's father was involved in cricket.,NOT_SUPPORTED,UNVERIFIABLE,"The ground truth does not mention Eric Penn's father being involved in cricket. It states he was a cricketer and businessman, but provides no specific details about his involvement in the sport.",none
2hop__14092_8311,style,paraphrase,2,3,James Worts was James Gooderham Worts' father.,NOT_SUPPORTED,DISTORTED,"The claim states James Worts was James Gooderham Worts' father, which is incorrect. The ground truth states James Worts was the son of James Worts and Elizabeth Gooderham.","James Worts (June 4, 1818 - June 20, 1882) was the eldest son of James Worts and Elizabeth Gooderham."
2hop__14092_8311,style,paraphrase,2,3,Elizabeth Gooderham was James Gooderham Worts' mother.,NOT_SUPPORTED,DISTORTED,"The ground truth states that James Gooderham Worts was the son of James Worts and Elizabeth Gooderham. The claim states that Elizabeth Gooderham was James Gooderham Worts' mother, which is a correct statement but implies a familial relationship that is not explicitly stated in the text.",James Gooderham Worts was the son of James Worts and Elizabeth Gooderham.
2hop__14092_8311,style,paraphrase,2,3,Zhao Jiande was a woman of Yue descent.,NOT_SUPPORTED,INVENTED,"The ground truth states that Zhao Jiande was the eldest son of Zhao Yingqi, not a woman of Yue descent. This introduces information not present in the provided text.",none
2hop__14092_8311,style,paraphrase,2,3,His half-brother Zhao Yingqi became king.,NOT_SUPPORTED,SUPPORTED,"The text states that Liu Ju was passed over for kingship in favor of his half-brother, Zhao Yingqi. This directly supports the claim that his half-brother became king.","Contrary to his less-than-flattering posthumous name, Liu Ju was generally regarded by historians as a well-mannered, benevolent, morally upright man who, by circumstances out of his control, was forced into an uprising against his father's army and died as a consequence of the rebellion."
2hop__14092_8311,style,paraphrase,2,3,"John Petrie was christened on April 2, 17 66.",NOT_SUPPORTED,DISTORTED,"The claim states John Petrie was christened on April 2, 17 66. The ground truth states he was born on April 2, 1766. This is a simple error in the year.",The ground truth explicitly states his birth year as 1766.
2hop__14092_8311,style,paraphrase,2,3,"John Petrie died on January 26, 18 44.",NOT_SUPPORTED,DISTORTED,"The claim states John Petrie died on January 26, 18 44, which is incorrect. The ground truth states he died on January 26, 1844.","January 26, 1844"
2hop__14092_8311,style,paraphrase,2,3,John is the King of England.,NOT_SUPPORTED,INVENTED,"The claim that 'John' is the King of England is not supported by the text. The text describes multiple individuals (John III, King of England, John Mitchell Kemble, etc.) and does not state that any of them are the King.",none
2hop__14092_8311,style,paraphrase,2,3,John became King of England.,NOT_SUPPORTED,INVENTED,"The claim that 'John became King of England' is not directly supported by the text. While John was a significant figure, the text describes his lineage and roles, but not his ascension to the throne.",none
2hop__14092_8311,style,paraphrase,2,3,"John's first wife was Isabel, Countess of Gloucester.",NOT_SUPPORTED,DISTORTED,"The claim states 'John's first wife was Isabel, Countess of Gloucester.' While the ground truth mentions John's first wife was Isabel, Countess of Gloucester, it does not state that this was his *first* wife. The text describes Isabel remarried twice.","John's first wife, Isabel, Countess of Gloucester, was released from imprisonment in 1214; she remarried twice, and died in 1217."
2hop__14092_8311,style,paraphrase,2,3,John died.,NOT_SUPPORTED,UNVERIFIABLE,"The ground truth does not contain information about who died, nor does it state that John died.",none
2hop__14092_8311,style,paraphrase,2,3,Joan was born out of wedlock.,NOT_SUPPORTED,INVENTED,The claim that Joan was born out of wedlock is not mentioned in the provided text. It introduces information not present in the ground truth.,none
2hop__14092_8311,style,paraphrase,2,3,Raglan Squire is a rewording.,NOT_SUPPORTED,DISTORTED,"The claim states that Raglan Squire ‘is a rewording.’ While the text describes his education and career path, it doesn't suggest he is a rephrasing of anything. It’s a misinterpretation of the text’s content.","The text describes Raglan Squire's education and career, but does not state he is a rephrasing of anything."
2hop__14092_8311,style,paraphrase,2,3,Sir John Squire was a poet and literary critic.,NOT_SUPPORTED,DISTORTED,"The ground truth states that Sir John Squire was an architect and scholar, not a poet and literary critic. The claim introduces information not found in the text.",mention of architecture and scholarship
2hop__14092_8311,style,paraphrase,2,3,Sir John Squire was later knighted as Sir John Squire.,NOT_SUPPORTED,INVENTED,"The ground truth does not mention Sir John Squire being knighted. It describes his education and early career, but it doesn't state he received a knighthood.",none
2hop__14092_8311,style,paraphrase,2,3,Raglan worked in offices.,NOT_SUPPORTED,DISTORTED,"The claim states that Raglan worked in offices, which is true based on the text describing his work in architects' offices and studying for RIBA exams. However, this is a simplification as it doesn't capture the full extent of his work, which included spending a year on building sites and exploring.","Rag spent a year working on building sites, followed by four years working in architects' offices and studying part-time for his RIBA exams."
