metric,n,mean,std,shapiro_W,shapiro_p,var_qid,var_resid,icc_qid
f1,720,0.3256145828252161,0.397894824512116,0.8490021185676142,1.24272886918669e-25,0.11590505209553922,0.05000359381998311,0.6986076672252268
ofs,540,0.8866461888904263,0.06975186596071525,0.910278758524629,2.5123263989606485e-17,0.0018156849950092995,0.0031675787520386253,0.3643565918189475
bs_base,540,0.8733209160742936,0.034079246514247735,0.994020148010781,0.031920669306192404,6.485539757595245e-05,0.001100750951358412,0.05564090967353206
bs_cons,540,0.929563017796587,0.04247671220564654,0.9437134926968237,1.9148242019791392e-13,1.3738235342438666e-06,0.0018034620124403383,0.0007611903015556117
