qid,question,group,instruction_type,run,instruction_used,step,text,n_tokens
2hop__635544_110949,What is the date of birth of the person who was part of Ratata?,style,formality,0,,0,"Shirley Abicair. Shirley Abicair was born in Melbourne, Victoria, Australia. Some sources show her year of birth as 1935, but a contemporary account shows she was 23 or 24 on arrival in Britain and, as she had completed tertiary studies in Australia, the earlier date seems more likely. She was the only daughter of a Wing Commander in the RAAF.

Anno Domini. This calendar era is based on the traditionally reckoned year of the conception or birth of Jesus of Nazareth, with AD counting years from the start of this epoch, and BC denoting years before the start of the era. There is no year zero in this scheme, so the year AD 1 immediately follows the year 1 BC. This dating system was devised in 525 by Dionysius Exiguus of Scythia Minor, but was not widely used until after 800.

Švitrigaila. Švitrigaila was born to Algirdas, Grand Duke of Lithuania, and his second wife Uliana of Tver. His date of birth is unknown, but it is believed that he was the youngest or second youngest son of Algirdas. He first appeared in politics in October 1382 when he witnessed the Treaty of Dubysa between his elder brother Jogaila and the Teutonic Knights. Historians believe that would indicate that at the time Švitrigaila was no younger than 12 which would put his date of birth sometime before 1370. In a complaint submitted to the Council of Florence, Švitrigaila claimed that he and Jogaila were favorite sons of Algirdas. Before his death in 1377, Algirdas transferred his throne to Jogaila but made him swear to make Švitrigaila his heir. Jogaila's representatives did not outright deny the arrangement and instead claimed that it had been modified by mutual agreement between the brothers.

Natural-born-citizen clause. The U.S. Constitution uses but does not define the phrase ``natural born Citizen '', and various opinions have been offered over time regarding its precise meaning. The consensus of early 21st - century constitutional scholars, together with relevant case law, is that natural - born citizens include, subject to exceptions, those born in the United States. Many scholars have also concluded that those who meet the legal requirements for U.S. citizenship`` at the moment of birth'', regardless of place of birth, are also natural - born citizens. Every president to date was either a citizen at the adoption of the Constitution in 1789 or was born in the United States; of these there have been seven that had at least one parent who was not born on U.S. soil.

Australia Day. The meaning and significance of Australia Day has evolved over time. Unofficially, or historically, the date has also been variously named ``Anniversary Day '',`` Foundation Day'', and ``ANA Day ''. 26 January 1788 marked the proclamation of British sovereignty over the eastern seaboard of Australia (then known as New Holland). Although it was not known as Australia Day until over a century later, records of celebrations on 26 January date back to 1808, with the first official celebration of the formation of New South Wales held in 1818. On New Year's Day 1901, the British colonies of Australia formed a federation, marking the birth of modern Australia. A national day of unity and celebration was looked for. It was not until 1935 that all Australian states and territories adopted use of the term`` Australia Day'' to mark the date, and not until 1994 that the date was consistently marked by a public holiday on that day by all states and territories.

Giovanni Cifolelli. Giovanni Cifolelli was an Italian mandolin virtuoso and dramatic composer whose date and place of birth are unknown. In 1764 he made his appearance in Paris as a mandolin virtuoso and was highly esteemed, both as a performer and teacher. He published his ""Method for the mandolin"" while residing in Paris, which met with great success throughout France, being the most popular of its period.

Maureen Payne. Maureen Payne (date of birth unknown, died 1997, South Africa) was a South Africa Test cricketer. She captained the side for their second series, played against New Zealand in 1971–72. She appeared in five Tests for South Africa, claiming eight wickets.

List of Dragon Ball Super episodes. Name Date Discs Episodes Part One July 25, 2017 01 -- 13 Part Two October 3, 2017 14 -- 26 Part Three February 20, 2018 27 -- 39

Streams of Expression. Streams of Expression is the 20th studio album by American jazz musician Joe Lovano to be released on the Blue Note label. It was released in 2006 and features a five-part ""Streams of Expression Suite,"" three-part ""Birth of the Cool Suite,"" and three other shorter works. The ""Birth of the Cool Suite"" was conducted by Gunther Schuller and utilizes melodic themes inspired by Miles Davis' work from his 1948 and 1950 nonet. The album also features George Garzone, Ralph Lalama, Gary Smulyan, and Tim Hagans.

Pir Syed Muhammad Binyamin Rizvi. Pir Syed Muhammad Binyamin Rizvi (Urdu: پیر سید محمد بنیامین رضوی)date of Birth 15 Aug 1959 date of Death 24 June 2004) was a Pakistani politician. He was the oldest son of Pir Syed Mohammad Yaqoob Shah (a famous spiritual and religious scholar, and member of provincial assembly who died on 31 August 1991). On 24 June 2004 he was brutally murdered in Lahore near his House. He is buried next to his father late Pir Syed Mohammad Yaqoob Shah in his home town Phalia.

La naissance d'Osiris. La naissance d'Osiris, ou La fête Pamilie (""The Birth of Osiris, or The Festival of Pamylia"") is a one-act opera by Jean-Philippe Rameau, first performed on 12 October 1754 at Fontainebleau to celebrate the birth of the future King Louis XVI. The libretto is by Rameau's frequent collaborator Louis de Cahusac. Cahusac styled the work a ""ballet allégorique"" (""allegorical ballet""), but it is usually categorised as an ""acte de ballet"". Its slender plot tells of Jupiter's announcement to a group of Egyptian shepherds of the birth of the god Osiris, who symbolises the baby prince. The piece may have started life as part of a larger work, ""Les beaux jours de l'Amour"", an ""opéra-ballet"" Rameau and Cahusac planned but never completed for reasons which are still uncertain.

Sue Ryder. Her birth and death certificates both put the date one year later, on 3 July 1924, as does a plaque unveiled in honour of Sue Ryder and Leonard Cheshire in Cavendish Church in Suffolk. At the beginning of the war, Ryder volunteered to the First Aid Nursing Yeomanry, even though she was only 15. To get in, she lied about her age and seems to have maintained the deception for the rest of her life.

Pak Nam-gi. Pak Nam-gi or Park Nam-ki (21 February 1934 – 17 March 2010) was, until as late as January 2010, Director of the Planning and Finance Department of the ruling party of North Korea. There are doubts about his date of birth, with at least two unattributed sources reporting it as 21 February 1934 or sometime in 1928 respectively.

William Shakespeare. William Shakespeare was the son of John Shakespeare, an alderman and a successful glover (glove-maker) originally from Snitterfield, and Mary Arden, the daughter of an affluent landowning farmer. He was born in Stratford-upon-Avon and baptised there on 26 April 1564. His actual date of birth remains unknown, but is traditionally observed on 23 April, Saint George's Day. This date, which can be traced to a mistake made by an 18th-century scholar, has proved appealing to biographers because Shakespeare died on the same date in 1616. He was the third of eight children, and the eldest surviving son.

List of Soul Eater episodes. Partial box sets (DVD only) Name Release date Discs Episodes Part One February 9, 2010 1 - 13 Part Two March 30, 2010 14 - 26 Part Three June 1, 2010 27 - 39 Part Four July 27, 2010 40 - 51

Conscription in Australia. In 1964 compulsory National Service for 20 - year - old males was introduced under the National Service Act (1964). The selection of conscripts was made by a sortition or lottery draw based on date of birth, and conscripts were obligated to give two years' continuous full - time service, followed by a further three years on the active reserve list. The full - time service requirement was reduced to eighteen months in October 1971.

Clara Morris. Clara Morris (March 17, 1849 – November 20, 1925) (her birth date is sometimes given as 1846/48) was an American actress.

Ratata (band). Ratata was a Swedish pop group fronted by Swedish vocalist Mauro Scocco formed in 1980. It functioned as a 4-piece band until 1983, when it was disbanded. But Johan Ekelund having played with the band briefly continued to cooperate with Scocco continuing as a duo until 1989. The duo had a brief comeback in 2002.

Yang Meng. Yang Meng was the third son of Yang Xingmi, a major warlord at the end of Tang Dynasty as the military governor (""Jiedushi"") of Huainan Circuit (淮南, headquartered in modern Yangzhou, Jiangsu). It is not known when he was born, although his immediately older brother Yang Longyan was born in 897 and his immediately younger brother Yang Pu was born in 900, placing a timeframe on his birth date. His mother's name was not recorded in history.

Mauro Scocco. Mauro Scocco (born 11 September 1962) is a Swedish pop artist of Italian descent. He has been described as ""one of the sharpest songwriters in Sweden"". Scocco was the singer for the pop group Ratata (1980–83) transformed into a duo with Johan Ekelund (1983–89). After Ratata, Scocco has continued as a solo artist since. In 2014, he cooperated with Plura Jonsson releasing a joint album as ""Mauro & Plura"".",2308
2hop__635544_110949,What is the date of birth of the person who was part of Ratata?,style,formality,0,Make the text more formal.,1,"Shirley Abicair. Shirley Abicair was born in Melbourne, Victoria, Australia. Certain historical records indicate her year of birth as 1935, whereas contemporary accounts suggest that, at the time of her arrival in Britain, she was either 23 or 24 years old. Given that she had already completed tertiary education in Australia, the earlier date is considered more probable. She was the sole daughter of a Wing Commander in the Royal Australian Air Force.

Anno Domini. The Anno Domini era, or Common Era, is based upon the traditionally reckoned year of the conception or birth of Jesus of Nazareth, with years designated as AD denoting the years following the commencement of this era, and BC signifying years preceding it. Within this system, there is no year zero; consequently, the year AD 1 directly follows the year 1 BC. This method of dating was formulated in 525 by Dionysius Exiguus of Scythia Minor, though it did not achieve widespread adoption until after the year 800.

Švitrigaila. Švitrigaila was the son of Algirdas, Grand Duke of Lithuania, and his second wife, Uliana of Tver. The precise date of his birth remains undetermined; however, it is believed that he was the youngest or second youngest son of Algirdas. Švitrigaila’s earliest recorded political involvement occurred in October 1382, when he served as a witness to the Treaty of Dubysa between his elder brother, Jogaila, and the Teutonic Knights. Historians infer from this that, at the time, Švitrigaila was no younger than 12 years of age, which would place his birth sometime prior to 1370. In a petition presented to the Council of Florence, Švitrigaila asserted that both he and Jogaila were regarded as the favourite sons of Algirdas. Following the death of Algirdas in 1377, the succession was bestowed upon Jogaila, who was compelled to swear that Švitrigaila would be designated as his heir. The representatives of Jogaila did not explicitly repudiate this arrangement but indicated that the terms had been modified by mutual consent between the brothers.

Conscription in Australia. In 1964, the National Service Act established compulsory national service for males aged 20 in Australia. The selection of conscripts was conducted by means of a random lottery based upon date of birth. Conscription obligated individuals to serve two continuous years of full-time duty, followed by an additional three years on the active reserve list.

Clara Morris. Clara Morris (17 March 1846 or 1848 – 20 November 1925) was an American actress.

Pak Nam-gi. Pak Nam-gi, alternatively spelled Park Nam-ki (21 February 1934 – 17 March 2010) was a North Korean politician. The exact date of his birth is subject to uncertainty, with some sources recording it as 21 February 1934, while others cite sometime in 1928. 

Yang Meng. Yang Meng was the third son of Yang Xingmi, a prominent warlord at the conclusion of the Tang Dynasty, serving as the military governor (Jiedushi) of Huainan Circuit, with its administrative center in present-day Yangzhou, Jiangsu Province. The precise date of his birth is unknown; however, the birth of his elder brother, Yang Longyan, is documented as 897, and that of his younger brother, Yang Pu, as 900, thereby narrowing the timeframe for Yang Meng’s birth.

Mauro Scocco. Mauro Scocco (born 11 September 1962) is a Swedish pop artist of Italian descent. He has been described as one of the most incisive songwriters in Sweden. Scocco was the principal vocalist of the pop ensemble Ratata, active from 1980 to 1983 as a quartet and subsequently as a duo with Johan Ekelund until 1989. Following the dissolution of Ratata, Scocco has pursued a career as a solo artist. In 2014, he collaborated with Plura Jonsson, releasing a joint album under the name “Mauro & Plura.”",881
2hop__635544_110949,What is the date of birth of the person who was part of Ratata?,style,formality,0,Make the text more formal.,2,"Shirley Abicair. Shirley Abicair was born in Melbourne, Victoria, Australia. Historical records have posited her year of birth as 1935; however, more recent accounts suggest that, at the time of her arrival in Britain, she was either 23 or 24 years old. Given that she had already completed tertiary education in Australia, the earlier date is considered more likely. She was the only daughter of a Wing Commander in the Royal Australian Air Force.

Anno Domini. The Anno Domini era, also known as the Common Era, is founded upon the traditionally recognized year of the conception or birth of Jesus of Nazareth. Within this system, years are designated as AD for those subsequent to the inception of the era and BC for those preceding it. Notably, there is no year designated as zero; thus, the year AD 1 immediately follows the year 1 BC. This method of dating was developed in 525 by Dionysius Exiguus of Scythia Minor, though its widespread adoption did not occur until after the year 800.

Švitrigaila. Švitrigaila was the son of Algirdas, Grand Duke of Lithuania, and his second wife, Uliana of Tver. The exact date of his birth remains undetermined. However, it is inferred that he was either the youngest or the second youngest son of Algirdas. His earliest recorded political participation occurred in October 1382 as a witness to the Treaty of Dubysa between his elder brother, Jogaila, and the Teutonic Order. Historians have deduced from this evidence that Švitrigaila was no younger than 12 years at the time, which would place his birth prior to 1370. In a petition presented to the Council of Florence, Švitrigaila maintained that both he and Jogaila were considered the favorite sons of Algirdas. Following the death of Algirdas in 1377, the succession passed to Jogaila, who was required to swear that Švitrigaila would be named as his successor. The representatives of Jogaila did not expressly disavow this arrangement but indicated that the stipulations had been mutually amended between the brothers.

Conscription in Australia. In 1964, the National Service Act was enacted in Australia, instituting compulsory national service for males aged 20. Selection for conscription was determined through a random lottery based on the individual’s date of birth. This obligation necessitated two consecutive years of full-time service, followed by an additional three years on the active reserve list.

Clara Morris. Clara Morris (17 March 1846 or 1848 – 20 November 1925) was an American actress.

Pak Nam-gi. Pak Nam-gi, also spelled Park Nam-ki (21 February 1934 or sometime in 1928), was a North Korean politician. The precise date of his birth is uncertain.",612
2hop__635544_110949,What is the date of birth of the person who was part of Ratata?,style,formality,0,Make the text more formal.,3,"Shirley Abicair. Shirley Abicair was born in Melbourne, Victoria, Australia. Historical documentation has proposed her year of birth as 1935; however, contemporary accounts indicate that, at the time of her migration to Britain, she was either 23 or 24 years of age. In light of the fact that she had already attained tertiary education in Australia, the earlier date is regarded as more probable. She was the sole daughter of a Wing Commander serving in the Royal Australian Air Force.

Anno Domini. The Anno Domini system of dating, also referred to as the Common Era, is established upon the traditionally acknowledged year of the conception or nativity of Jesus of Nazareth. Within this framework, years subsequent to the era are denoted as AD, whereas years prior are indicated by BC. It is noteworthy that there is no year designated as zero; accordingly, the year AD 1 directly follows the year 1 BC. The system was formulated in 525 by Dionysius Exiguus of Scythia Minor, although its universal adoption was not achieved until after the year 800.

Švitrigaila. Švitrigaila was the son of Algirdas, Grand Duke of Lithuania, and his second wife, Uliana of Tver. The precise date of his birth remains unknown. Nonetheless, historical analysis suggests that he was either the youngest or the penultimate son of Algirdas. The earliest recorded evidence of his political involvement appears in October 1382, when he served as a witness to the Treaty of Dubysa between his elder brother, Jogaila, and the Teutonic Order. Based on this documentation, historians have inferred that Švitrigaila was no younger than 12 years at the time of the treaty, which would position his birth prior to 1370. In a petition submitted to the Council of Florence, Švitrigaila asserted that both he and Jogaila were regarded as the favored sons of Algirdas. Following the death of Algirdas in 1377, the succession devolved upon Jogaila, who was compelled to pledge that Švitrigaila would be designated as his successor. The representatives of Jogaila did not explicitly repudiate this agreement but indicated that the terms had been mutually modified between the brothers.

Conscription in Australia. In 1964, the National Service Act was promulgated in Australia, instituting compulsory national service for males reaching the age of 20. The selection for conscription was determined through a random lottery, with the basis for selection being the individual’s date of birth. This obligation entailed two consecutive years of full-time service, in addition to a subsequent three-year period on the active reserve list.

Clara Morris. Clara Morris (17 March 1846 or 1848 – 20 November 1925) was an American actress.

Pak Nam-gi. Pak Nam-gi, also known as Park Nam-ki (21 February 1934 or at some point in 1928), was a North Korean statesman. The exact date of his birth remains indeterminate.",646
2hop__635544_110949,What is the date of birth of the person who was part of Ratata?,style,formality,1,,0,"Shirley Abicair. Shirley Abicair was born in Melbourne, Victoria, Australia. Some sources show her year of birth as 1935, but a contemporary account shows she was 23 or 24 on arrival in Britain and, as she had completed tertiary studies in Australia, the earlier date seems more likely. She was the only daughter of a Wing Commander in the RAAF.

Anno Domini. This calendar era is based on the traditionally reckoned year of the conception or birth of Jesus of Nazareth, with AD counting years from the start of this epoch, and BC denoting years before the start of the era. There is no year zero in this scheme, so the year AD 1 immediately follows the year 1 BC. This dating system was devised in 525 by Dionysius Exiguus of Scythia Minor, but was not widely used until after 800.

Švitrigaila. Švitrigaila was born to Algirdas, Grand Duke of Lithuania, and his second wife Uliana of Tver. His date of birth is unknown, but it is believed that he was the youngest or second youngest son of Algirdas. He first appeared in politics in October 1382 when he witnessed the Treaty of Dubysa between his elder brother Jogaila and the Teutonic Knights. Historians believe that would indicate that at the time Švitrigaila was no younger than 12 which would put his date of birth sometime before 1370. In a complaint submitted to the Council of Florence, Švitrigaila claimed that he and Jogaila were favorite sons of Algirdas. Before his death in 1377, Algirdas transferred his throne to Jogaila but made him swear to make Švitrigaila his heir. Jogaila's representatives did not outright deny the arrangement and instead claimed that it had been modified by mutual agreement between the brothers.

Natural-born-citizen clause. The U.S. Constitution uses but does not define the phrase ``natural born Citizen '', and various opinions have been offered over time regarding its precise meaning. The consensus of early 21st - century constitutional scholars, together with relevant case law, is that natural - born citizens include, subject to exceptions, those born in the United States. Many scholars have also concluded that those who meet the legal requirements for U.S. citizenship`` at the moment of birth'', regardless of place of birth, are also natural - born citizens. Every president to date was either a citizen at the adoption of the Constitution in 1789 or was born in the United States; of these there have been seven that had at least one parent who was not born on U.S. soil.

Australia Day. The meaning and significance of Australia Day has evolved over time. Unofficially, or historically, the date has also been variously named ``Anniversary Day '',`` Foundation Day'', and ``ANA Day ''. 26 January 1788 marked the proclamation of British sovereignty over the eastern seaboard of Australia (then known as New Holland). Although it was not known as Australia Day until over a century later, records of celebrations on 26 January date back to 1808, with the first official celebration of the formation of New South Wales held in 1818. On New Year's Day 1901, the British colonies of Australia formed a federation, marking the birth of modern Australia. A national day of unity and celebration was looked for. It was not until 1935 that all Australian states and territories adopted use of the term`` Australia Day'' to mark the date, and not until 1994 that the date was consistently marked by a public holiday on that day by all states and territories.

Giovanni Cifolelli. Giovanni Cifolelli was an Italian mandolin virtuoso and dramatic composer whose date and place of birth are unknown. In 1764 he made his appearance in Paris as a mandolin virtuoso and was highly esteemed, both as a performer and teacher. He published his ""Method for the mandolin"" while residing in Paris, which met with great success throughout France, being the most popular of its period.

Maureen Payne. Maureen Payne (date of birth unknown, died 1997, South Africa) was a South Africa Test cricketer. She captained the side for their second series, played against New Zealand in 1971–72. She appeared in five Tests for South Africa, claiming eight wickets.

List of Dragon Ball Super episodes. Name Date Discs Episodes Part One July 25, 2017 01 -- 13 Part Two October 3, 2017 14 -- 26 Part Three February 20, 2018 27 -- 39

Streams of Expression. Streams of Expression is the 20th studio album by American jazz musician Joe Lovano to be released on the Blue Note label. It was released in 2006 and features a five-part ""Streams of Expression Suite,"" three-part ""Birth of the Cool Suite,"" and three other shorter works. The ""Birth of the Cool Suite"" was conducted by Gunther Schuller and utilizes melodic themes inspired by Miles Davis' work from his 1948 and 1950 nonet. The album also features George Garzone, Ralph Lalama, Gary Smulyan, and Tim Hagans.

Pir Syed Muhammad Binyamin Rizvi. Pir Syed Muhammad Binyamin Rizvi (Urdu: پیر سید محمد بنیامین رضوی)date of Birth 15 Aug 1959 date of Death 24 June 2004) was a Pakistani politician. He was the oldest son of Pir Syed Mohammad Yaqoob Shah (a famous spiritual and religious scholar, and member of provincial assembly who died on 31 August 1991). On 24 June 2004 he was brutally murdered in Lahore near his House. He is buried next to his father late Pir Syed Mohammad Yaqoob Shah in his home town Phalia.

La naissance d'Osiris. La naissance d'Osiris, ou La fête Pamilie (""The Birth of Osiris, or The Festival of Pamylia"") is a one-act opera by Jean-Philippe Rameau, first performed on 12 October 1754 at Fontainebleau to celebrate the birth of the future King Louis XVI. The libretto is by Rameau's frequent collaborator Louis de Cahusac. Cahusac styled the work a ""ballet allégorique"" (""allegorical ballet""), but it is usually categorised as an ""acte de ballet"". Its slender plot tells of Jupiter's announcement to a group of Egyptian shepherds of the birth of the god Osiris, who symbolises the baby prince. The piece may have started life as part of a larger work, ""Les beaux jours de l'Amour"", an ""opéra-ballet"" Rameau and Cahusac planned but never completed for reasons which are still uncertain.

Sue Ryder. Her birth and death certificates both put the date one year later, on 3 July 1924, as does a plaque unveiled in honour of Sue Ryder and Leonard Cheshire in Cavendish Church in Suffolk. At the beginning of the war, Ryder volunteered to the First Aid Nursing Yeomanry, even though she was only 15. To get in, she lied about her age and seems to have maintained the deception for the rest of her life.

Pak Nam-gi. Pak Nam-gi or Park Nam-ki (21 February 1934 – 17 March 2010) was, until as late as January 2010, Director of the Planning and Finance Department of the ruling party of North Korea. There are doubts about his date of birth, with at least two unattributed sources reporting it as 21 February 1934 or sometime in 1928 respectively.

William Shakespeare. William Shakespeare was the son of John Shakespeare, an alderman and a successful glover (glove-maker) originally from Snitterfield, and Mary Arden, the daughter of an affluent landowning farmer. He was born in Stratford-upon-Avon and baptised there on 26 April 1564. His actual date of birth remains unknown, but is traditionally observed on 23 April, Saint George's Day. This date, which can be traced to a mistake made by an 18th-century scholar, has proved appealing to biographers because Shakespeare died on the same date in 1616. He was the third of eight children, and the eldest surviving son.

List of Soul Eater episodes. Partial box sets (DVD only) Name Release date Discs Episodes Part One February 9, 2010 1 - 13 Part Two March 30, 2010 14 - 26 Part Three June 1, 2010 27 - 39 Part Four July 27, 2010 40 - 51

Conscription in Australia. In 1964 compulsory National Service for 20 - year - old males was introduced under the National Service Act (1964). The selection of conscripts was made by a sortition or lottery draw based on date of birth, and conscripts were obligated to give two years' continuous full - time service, followed by a further three years on the active reserve list. The full - time service requirement was reduced to eighteen months in October 1971.

Clara Morris. Clara Morris (March 17, 1849 – November 20, 1925) (her birth date is sometimes given as 1846/48) was an American actress.

Ratata (band). Ratata was a Swedish pop group fronted by Swedish vocalist Mauro Scocco formed in 1980. It functioned as a 4-piece band until 1983, when it was disbanded. But Johan Ekelund having played with the band briefly continued to cooperate with Scocco continuing as a duo until 1989. The duo had a brief comeback in 2002.

Yang Meng. Yang Meng was the third son of Yang Xingmi, a major warlord at the end of Tang Dynasty as the military governor (""Jiedushi"") of Huainan Circuit (淮南, headquartered in modern Yangzhou, Jiangsu). It is not known when he was born, although his immediately older brother Yang Longyan was born in 897 and his immediately younger brother Yang Pu was born in 900, placing a timeframe on his birth date. His mother's name was not recorded in history.

Mauro Scocco. Mauro Scocco (born 11 September 1962) is a Swedish pop artist of Italian descent. He has been described as ""one of the sharpest songwriters in Sweden"". Scocco was the singer for the pop group Ratata (1980–83) transformed into a duo with Johan Ekelund (1983–89). After Ratata, Scocco has continued as a solo artist since. In 2014, he cooperated with Plura Jonsson releasing a joint album as ""Mauro & Plura"".",2308
2hop__635544_110949,What is the date of birth of the person who was part of Ratata?,style,formality,1,Rephrase it to be more formal.,1,"Shirley Abicair. Shirley Abicair was born in Melbourne, Victoria, Australia. Certain historical records indicate her year of birth as 1935; however, contemporary accounts suggest she was either 23 or 24 years of age upon her arrival in Britain, and given that she had completed tertiary education in Australia, the earlier date is more probable. She was the sole daughter of a Royal Australian Air Force Wing Commander.

Anno Domini. The Anno Domini era, or Common Era, commences from the traditionally acknowledged year of the conception or birth of Jesus of Nazareth. Years are designated as AD for those following the commencement of this era, while years preceding it are denoted as BC. This system, formulated by Dionysius Exiguus of Scythia Minor in 525, did not gain widespread adoption until after the year 800. The system does not include a year zero, and thus the year AD 1 immediately follows the year 1 BC.

Švitrigaila. Švitrigaila was the son of Algirdas, Grand Duke of Lithuania, and his second wife, Uliana of Tver. The precise date of his birth is unknown; however, it is believed that he was the youngest or second youngest son of Algirdas. Švitrigaila’s first documented appearance in political matters occurred in October 1382, when he served as a witness to the Treaty of Dubysa between his elder brother, Jogaila, and the Teutonic Knights. Historians have inferred that, at the time of the treaty, Švitrigaila was at least 12 years old, which would place his birth sometime prior to 1370. In a complaint presented to the Council of Florence, Švitrigaila asserted that he and Jogaila were the favored sons of Algirdas. Prior to Algirdas’s death in 1377, he designated Jogaila as his successor but compelled him to pledge that Švitrigaila would inherit the throne. The representatives of Jogaila did not categorically refute this arrangement, but rather suggested that the terms had been mutually amended between the brothers.

Natural-born Citizen Clause. The United States Constitution employs the phrase “natural born Citizen” without providing a definition. Over time, diverse interpretations have been offered concerning the precise significance of the term. According to the consensus among early 21st-century constitutional scholars and pertinent judicial precedent, natural-born citizens encompass, with certain exceptions, those born within the United States. Furthermore, numerous scholars have determined that individuals who fulfilled the legal criteria for United States citizenship at the moment of their birth, irrespective of location, are also regarded as natural-born citizens. To date, every President of the United States either held citizenship at the time of the Constitution’s ratification in 1789 or was born on American soil, and at least seven such presidents had at least one parent who was not born in the United States.

Australia Day. The observance of 26 January, commonly referred to as Australia Day, has undergone significant evolution in its meaning and national significance. Historically, the day has also been referred to as Anniversary Day, Foundation Day, and ANA Day. The date commemorates the proclamation of British sovereignty over the eastern portion of Australia, then known as New Holland, which occurred on 26 January 1788. Records of public celebrations on this date date back to 1808, with the first official commemoration of the establishment of New South Wales held in 1818. Following the formation of the Australian federation on New Year’s Day 1901, a national day of unity and celebration was sought. The term “Australia Day” was officially adopted by all Australian states and territories in 1935, and it was not until 1994 that the day became uniformly recognized as a public holiday across all states and territories.

Pir Syed Muhammad Binyamin Rizvi. Pir Syed Muhammad Binyamin Rizvi (15 August 1959 – 24 June 2004) was a Pakistani politician. His birth and death dates are recorded as indicated. He was the eldest son of Pir Syed Mohammad Yaqoob Shah, a distinguished spiritual leader and former member of the provincial assembly, who passed away on 31 August 1991. Pir Syed Muhammad Binyamin Rizvi was assassinated on 24 June 2004 in Lahore near his residence. He was interred adjacent to his father in their hometown of Phalia.

Clara Morris. Clara Morris (17 March 1849 – 20 November 1925) is occasionally recorded as having been born in 1846 or 1848. She was an American actress.

Ratata (Band). Ratata constituted a Swedish pop ensemble led by the vocalist Mauro Scocco and was established in 1980. The group functioned as a quartet until 1983, after which it was dissolved. Subsequently, Johan Ekelund, who had participated with the band for a brief period, continued his collaboration with Scocco, and the act persisted as a duo from 1983 until 1989. In 2002, the duo reunited for a brief collaboration.

Yang Meng. Yang Meng was the third son of Yang Xingmi, a prominent warlord at the decline of the Tang Dynasty and the military governor (Jiedushi) of Huainan Circuit, headquartered in present-day Yangzhou, Jiangsu Province. The exact date of his birth remains undetermined, although his elder brother, Yang Longyan, was born in 897, and his younger brother, Yang Pu, was born in 900, thereby situating Yang Meng’s birth within that interval.

Mauro Scocco. Mauro Scocco (born 11 September 1962) is a Swedish pop artist of Italian descent. He has been recognized as one of Sweden’s most astute songwriters. Scocco served as vocalist for the group Ratata from 1980 to 1983, after which the ensemble was reconstituted as a duo with Johan Ekelund, continuing until 1989. Following the dissolution of Ratata, Scocco pursued a solo musical career. In 2014, he collaborated with Plura Jonsson, releasing a joint album under the name “Mauro & Plura.”

William Shakespeare. William Shakespeare (baptized 26 April 1564; exact birth date unknown) was the son of John Shakespeare, an alderman and accomplished glover, originally from Snitterfield, and Mary Arden, daughter of a prosperous landowner. He was born in Stratford-upon-Avon. Shakespeare was the third of eight children and the eldest son to survive infancy.

List of Dragon Ball Super Episodes. The series comprises multiple segments. Segment One premiered on 25 July 2017, encompassing episodes 1 through 13. Segment Two was released from 3 October 2017, covering episodes 14 to 26. Segment Three commenced on 20 February 2018 and includes episodes 27 through 39.

Conscription in Australia. In 1964, compulsory national service was instituted pursuant to the National Service Act (1964). The selection of conscripts was determined by lot, based upon date of birth. Conscription mandated two years of continuous full-time military service, followed by three years on the active reserve roster. The duration of full-time service was subsequently reduced to eighteen months in October 1971.

Ratata. Ratata was a Swedish pop group led by Mauro Scocco, formed in 1980. The group maintained a quartet configuration until 1983, following which it was disbanded. Johan Ekelund, who had briefly participated with the group, continued to perform with Scocco as a duo from 1983 to 1989. The duo reunited for a limited engagement in 2002.",1622
2hop__635544_110949,What is the date of birth of the person who was part of Ratata?,style,formality,1,Rephrase it to be more formal.,2,"Shirley Abicair. Shirley Abicair was born in Melbourne, Victoria, Australia. Historical records indicate that her year of birth is recorded as 1935; however, more recent analyses suggest that she was either 23 or 24 years old at the time of her arrival in Britain. Given that she had completed tertiary education in Australia prior to emigrating, the earlier date is considered more likely. She was the only daughter of a Wing Commander in the Royal Australian Air Force.

Anno Domini. The Anno Domini era, also known as the Common Era, is reckoned from the traditionally recognized year of the conception or birth of Jesus of Nazareth. Years subsequent to the commencement of this era are indicated by the abbreviation AD, whereas years prior are denoted as BC. This chronological system was developed by Dionysius Exiguus of Scythia Minor in the year 525 CE, and it did not achieve widespread adoption until after the year 800. Notably, the system does not incorporate a year zero, with AD 1 immediately following 1 BC.

Švitrigaila. Švitrigaila was the son of Algirdas, Grand Duke of Lithuania, and his second wife, Uliana of Tver. The exact date of his birth is unknown; however, it is inferred that he was the youngest or second youngest son of Algirdas. His earliest documented involvement in political affairs occurred in October 1382, when he acted as a witness to the Treaty of Dubysa between his elder brother, Jogaila, and the Teutonic Order. Based on this evidence, historians have surmised that Švitrigaila was at least 12 years old at the time of the treaty, placing his birth prior to 1370. In a complaint submitted to the Council of Florence, Švitrigaila maintained that he and Jogaila were the favored sons of Algirdas. Prior to the death of Algirdas in 1377, the elder brother was designated as successor; nevertheless, Algirdas stipulated that Švitrigaila would ultimately inherit the throne. The representatives of Jogaila did not expressly contest this stipulation but rather indicated that the terms may have been mutually revised by the brothers.

Natural-Born Citizen Clause. The United States Constitution employs the phrase “natural-born Citizen” without offering a formal definition. Over the course of history, numerous interpretations have been advanced regarding the precise import of the term. According to the prevailing view among constitutional scholars in the early twenty-first century, as well as relevant judicial interpretations, natural-born citizens are generally understood to include those born within the United States, subject to certain exceptions. Additionally, a substantial number of scholars have concluded that individuals who possessed United States citizenship by operation of law at the time of their birth, regardless of geography, are likewise considered natural-born citizens. To the present day, every President of the United States was either a citizen at the time of the Constitution’s ratification in 1789 or was born on United States soil, and at least seven presidents had at least one parent who was not a citizen of the United States.

Australia Day. The celebration observed on 26 January, officially known as Australia Day, has experienced considerable evolution in both meaning and national significance. The day has historically been referred to as Anniversary Day, Foundation Day, and ANA Day. The date marks the proclamation of British sovereignty over the eastern region of Australia, then known as New Holland, which took place on 26 January 1788. The earliest recorded public commemorations of the day date from 1808, with the first formal recognition of the founding of New South Wales occurring in 1818. Subsequent to the formation of the Australian federation on 1 January 1901, a national day of unity and festivity was sought. The designation “Australia Day” was officially adopted by all Australian states and territories in 1935, and it was not until 1994 that the day was uniformly recognized as a public holiday across the country.

Pir Syed Muhammad Binyamin Rizvi. Pir Syed Muhammad Binyamin Rizvi (15 August 1959 – 24 June 2004) was a Pakistani politician. His birth and death dates are as noted. He was the eldest son of Pir Syed Mohammad Yaqoob Shah, a renowned spiritual leader and former member of the provincial assembly, who deceased on 31 August 1991. Pir Syed Muhammad Binyamin Rizvi was assassinated on 24 June 2004 in Lahore in proximity to his residence. He was interred beside his father in their natal town of Phalia.

Clara Morris. Clara Morris (17 March 1849 – 20 November 1925) has at times been recorded as having been born in 1846 or 1848. She was an American actress.

List of Episodes of Dragon Ball Super. The anime series is divided into several arcs. The first arc premiered on 25 July 2017 and comprises episodes 1 to 13. The second arc was released from 3 October 2017 and includes episodes 14 through 26. The third arc began airing on 20 February 2018 and consists of episodes 27 through 39.

Conscription in Australia. Compulsory national service was enacted in 1964 pursuant to the National Service Act of 1964. The selection of individuals for conscription was conducted by lottery, based upon the date of birth. The statutory requirement prescribed two years of uninterrupted full-time military service, followed by a three-year period on the active reserve list. The period of continuous full-time service was subsequently diminished to eighteen months in October 1971.",1179
2hop__635544_110949,What is the date of birth of the person who was part of Ratata?,style,formality,1,Rephrase it to be more formal.,3,"Shirley Abicair. Shirley Abicair was born in Melbourne, Victoria, Australia. Historical documentation records her year of birth as 1935; however, contemporary scholarly analyses suggest she was either 23 or 24 years old at the time of her arrival in Britain. In light of her completion of tertiary education in Australia prior to emigration, the earlier date is regarded as more probable. She was the sole daughter of a Wing Commander in the Royal Australian Air Force.

Anno Domini. The Anno Domini era, alternatively referred to as the Common Era, is established from the traditionally acknowledged year of the conception or birth of Jesus of Nazareth. Years following the inception of this era are denoted by the abbreviation AD, while years preceding it are signified by BC. This system of chronology was formulated by Dionysius Exiguus of Scythia Minor in the year 525 CE. Its widespread adoption was not realized until after the eighth century. Importantly, the Anno Domini system does not include a year zero, with AD 1 succeeding 1 BC directly.

Švitrigaila. Švitrigaila was the son of Algirdas, Grand Duke of Lithuania, and his second spouse, Uliana of Tver. The precise date of his birth remains unknown; however, it is inferred that he was either the youngest or the penultimate son of Algirdas. The earliest documented evidence of his participation in political matters dates from October 1382, wherein he served as a witness to the Treaty of Dubysa between his elder brother, Jogaila, and the Teutonic Order. From this evidence, historians have deduced that Švitrigaila was at least twelve years of age at the time of the treaty, thereby indicating his birth occurred before 1370. In a memorial presented to the Council of Florence, Švitrigaila asserted that he and Jogaila were regarded as the favored sons of Algirdas. Prior to the death of Algirdas in 1377, Jogaila was named successor; nonetheless, Algirdas expressly provided that Švitrigaila would ultimately inherit the throne. The representatives of Jogaila did not explicitly dispute this provision but rather suggested that the terms may have been subject to subsequent mutual revision between the brothers.

Natural-Born Citizen Clause. The United States Constitution utilizes the phrase “natural-born Citizen” without providing a statutory definition. Throughout history, a variety of interpretations have been posited concerning the precise meaning of this term. According to the predominant scholarly consensus in the early twenty-first century, as well as pertinent judicial opinions, natural-born citizens are generally considered to include persons born within the territory of the United States, subject to specific exceptions. Furthermore, a significant body of legal scholars has determined that individuals who acquired United States citizenship by operation of law at the time of their birth, irrespective of location, are also classified as natural-born citizens. To date, every President of the United States was either a citizen at the time of the ratification of the Constitution in 1789 or was born on United States soil, and at least seven presidents had at least one parent who was not a citizen of the United States.

Australia Day. The public holiday observed on 26 January, officially designated as Australia Day, has undergone substantial transformation in both its significance and its national observance. The occasion has historically been referred to by alternate names such as Anniversary Day, Foundation Day, and ANA Day. This date commemorates the formal declaration of British sovereignty over the eastern portion of Australia, then designated as New Holland, which was proclaimed on 26 January 1788. The earliest recorded public observance of the day is documented from 1808, with the first official acknowledgment of the founding of New South Wales occurring in 1818. Following the establishment of the Australian federation on 1 January 1901, there arose a desire for a national day of unity and celebration. The title “Australia Day” was officially adopted by all Australian states and territories in 1935, and it was not until 1994 that the day was uniformly recognized as a public holiday throughout the nation.

Pir Syed Muhammad Binyamin Rizvi. Pir Syed Muhammad Binyamin Rizvi (15 August 1959 – 24 June 2004) was a Pakistani politician. His birth and death dates are as stated. He was the eldest son of Pir Syed Mohammad Yaqoob Shah, a distinguished spiritual leader and former member of the provincial assembly, who passed away on 31 August 1991. Pir Syed Muhammad Binyamin Rizvi was fatally wounded on 24 June 2004 in Lahore, near his residence. He was subsequently interred alongside his father in their ancestral hometown of Phalia.

Clara Morris. Clara Morris (17 March 1849 – 20 November 1925) has at times been recorded as having been born in 1846 or 1848. She was an American actress.",1031
2hop__635544_110949,What is the date of birth of the person who was part of Ratata?,style,formality,2,,0,"Shirley Abicair. Shirley Abicair was born in Melbourne, Victoria, Australia. Some sources show her year of birth as 1935, but a contemporary account shows she was 23 or 24 on arrival in Britain and, as she had completed tertiary studies in Australia, the earlier date seems more likely. She was the only daughter of a Wing Commander in the RAAF.

Anno Domini. This calendar era is based on the traditionally reckoned year of the conception or birth of Jesus of Nazareth, with AD counting years from the start of this epoch, and BC denoting years before the start of the era. There is no year zero in this scheme, so the year AD 1 immediately follows the year 1 BC. This dating system was devised in 525 by Dionysius Exiguus of Scythia Minor, but was not widely used until after 800.

Švitrigaila. Švitrigaila was born to Algirdas, Grand Duke of Lithuania, and his second wife Uliana of Tver. His date of birth is unknown, but it is believed that he was the youngest or second youngest son of Algirdas. He first appeared in politics in October 1382 when he witnessed the Treaty of Dubysa between his elder brother Jogaila and the Teutonic Knights. Historians believe that would indicate that at the time Švitrigaila was no younger than 12 which would put his date of birth sometime before 1370. In a complaint submitted to the Council of Florence, Švitrigaila claimed that he and Jogaila were favorite sons of Algirdas. Before his death in 1377, Algirdas transferred his throne to Jogaila but made him swear to make Švitrigaila his heir. Jogaila's representatives did not outright deny the arrangement and instead claimed that it had been modified by mutual agreement between the brothers.

Natural-born-citizen clause. The U.S. Constitution uses but does not define the phrase ``natural born Citizen '', and various opinions have been offered over time regarding its precise meaning. The consensus of early 21st - century constitutional scholars, together with relevant case law, is that natural - born citizens include, subject to exceptions, those born in the United States. Many scholars have also concluded that those who meet the legal requirements for U.S. citizenship`` at the moment of birth'', regardless of place of birth, are also natural - born citizens. Every president to date was either a citizen at the adoption of the Constitution in 1789 or was born in the United States; of these there have been seven that had at least one parent who was not born on U.S. soil.

Australia Day. The meaning and significance of Australia Day has evolved over time. Unofficially, or historically, the date has also been variously named ``Anniversary Day '',`` Foundation Day'', and ``ANA Day ''. 26 January 1788 marked the proclamation of British sovereignty over the eastern seaboard of Australia (then known as New Holland). Although it was not known as Australia Day until over a century later, records of celebrations on 26 January date back to 1808, with the first official celebration of the formation of New South Wales held in 1818. On New Year's Day 1901, the British colonies of Australia formed a federation, marking the birth of modern Australia. A national day of unity and celebration was looked for. It was not until 1935 that all Australian states and territories adopted use of the term`` Australia Day'' to mark the date, and not until 1994 that the date was consistently marked by a public holiday on that day by all states and territories.

Giovanni Cifolelli. Giovanni Cifolelli was an Italian mandolin virtuoso and dramatic composer whose date and place of birth are unknown. In 1764 he made his appearance in Paris as a mandolin virtuoso and was highly esteemed, both as a performer and teacher. He published his ""Method for the mandolin"" while residing in Paris, which met with great success throughout France, being the most popular of its period.

Maureen Payne. Maureen Payne (date of birth unknown, died 1997, South Africa) was a South Africa Test cricketer. She captained the side for their second series, played against New Zealand in 1971–72. She appeared in five Tests for South Africa, claiming eight wickets.

List of Dragon Ball Super episodes. Name Date Discs Episodes Part One July 25, 2017 01 -- 13 Part Two October 3, 2017 14 -- 26 Part Three February 20, 2018 27 -- 39

Streams of Expression. Streams of Expression is the 20th studio album by American jazz musician Joe Lovano to be released on the Blue Note label. It was released in 2006 and features a five-part ""Streams of Expression Suite,"" three-part ""Birth of the Cool Suite,"" and three other shorter works. The ""Birth of the Cool Suite"" was conducted by Gunther Schuller and utilizes melodic themes inspired by Miles Davis' work from his 1948 and 1950 nonet. The album also features George Garzone, Ralph Lalama, Gary Smulyan, and Tim Hagans.

Pir Syed Muhammad Binyamin Rizvi. Pir Syed Muhammad Binyamin Rizvi (Urdu: پیر سید محمد بنیامین رضوی)date of Birth 15 Aug 1959 date of Death 24 June 2004) was a Pakistani politician. He was the oldest son of Pir Syed Mohammad Yaqoob Shah (a famous spiritual and religious scholar, and member of provincial assembly who died on 31 August 1991). On 24 June 2004 he was brutally murdered in Lahore near his House. He is buried next to his father late Pir Syed Mohammad Yaqoob Shah in his home town Phalia.

La naissance d'Osiris. La naissance d'Osiris, ou La fête Pamilie (""The Birth of Osiris, or The Festival of Pamylia"") is a one-act opera by Jean-Philippe Rameau, first performed on 12 October 1754 at Fontainebleau to celebrate the birth of the future King Louis XVI. The libretto is by Rameau's frequent collaborator Louis de Cahusac. Cahusac styled the work a ""ballet allégorique"" (""allegorical ballet""), but it is usually categorised as an ""acte de ballet"". Its slender plot tells of Jupiter's announcement to a group of Egyptian shepherds of the birth of the god Osiris, who symbolises the baby prince. The piece may have started life as part of a larger work, ""Les beaux jours de l'Amour"", an ""opéra-ballet"" Rameau and Cahusac planned but never completed for reasons which are still uncertain.

Sue Ryder. Her birth and death certificates both put the date one year later, on 3 July 1924, as does a plaque unveiled in honour of Sue Ryder and Leonard Cheshire in Cavendish Church in Suffolk. At the beginning of the war, Ryder volunteered to the First Aid Nursing Yeomanry, even though she was only 15. To get in, she lied about her age and seems to have maintained the deception for the rest of her life.

Pak Nam-gi. Pak Nam-gi or Park Nam-ki (21 February 1934 – 17 March 2010) was, until as late as January 2010, Director of the Planning and Finance Department of the ruling party of North Korea. There are doubts about his date of birth, with at least two unattributed sources reporting it as 21 February 1934 or sometime in 1928 respectively.

William Shakespeare. William Shakespeare was the son of John Shakespeare, an alderman and a successful glover (glove-maker) originally from Snitterfield, and Mary Arden, the daughter of an affluent landowning farmer. He was born in Stratford-upon-Avon and baptised there on 26 April 1564. His actual date of birth remains unknown, but is traditionally observed on 23 April, Saint George's Day. This date, which can be traced to a mistake made by an 18th-century scholar, has proved appealing to biographers because Shakespeare died on the same date in 1616. He was the third of eight children, and the eldest surviving son.

List of Soul Eater episodes. Partial box sets (DVD only) Name Release date Discs Episodes Part One February 9, 2010 1 - 13 Part Two March 30, 2010 14 - 26 Part Three June 1, 2010 27 - 39 Part Four July 27, 2010 40 - 51

Conscription in Australia. In 1964 compulsory National Service for 20 - year - old males was introduced under the National Service Act (1964). The selection of conscripts was made by a sortition or lottery draw based on date of birth, and conscripts were obligated to give two years' continuous full - time service, followed by a further three years on the active reserve list. The full - time service requirement was reduced to eighteen months in October 1971.

Clara Morris. Clara Morris (March 17, 1849 – November 20, 1925) (her birth date is sometimes given as 1846/48) was an American actress.

Ratata (band). Ratata was a Swedish pop group fronted by Swedish vocalist Mauro Scocco formed in 1980. It functioned as a 4-piece band until 1983, when it was disbanded. But Johan Ekelund having played with the band briefly continued to cooperate with Scocco continuing as a duo until 1989. The duo had a brief comeback in 2002.

Yang Meng. Yang Meng was the third son of Yang Xingmi, a major warlord at the end of Tang Dynasty as the military governor (""Jiedushi"") of Huainan Circuit (淮南, headquartered in modern Yangzhou, Jiangsu). It is not known when he was born, although his immediately older brother Yang Longyan was born in 897 and his immediately younger brother Yang Pu was born in 900, placing a timeframe on his birth date. His mother's name was not recorded in history.

Mauro Scocco. Mauro Scocco (born 11 September 1962) is a Swedish pop artist of Italian descent. He has been described as ""one of the sharpest songwriters in Sweden"". Scocco was the singer for the pop group Ratata (1980–83) transformed into a duo with Johan Ekelund (1983–89). After Ratata, Scocco has continued as a solo artist since. In 2014, he cooperated with Plura Jonsson releasing a joint album as ""Mauro & Plura"".",2308
2hop__635544_110949,What is the date of birth of the person who was part of Ratata?,style,formality,2,"Too conversational, rephrase it to be more formal.",1,"Shirley Abicair. Shirley Abicair was born in Melbourne, Victoria, Australia. While some sources indicate her year of birth as 1935, contemporary accounts suggest she was either 23 or 24 years old upon her arrival in Britain. As she had completed tertiary education in Australia, the earlier date is considered more probable. She was the sole daughter of a Royal Australian Air Force Wing Commander.

Anno Domini. The Anno Domini calendar era is established based on the traditionally recognized year of the conception or birth of Jesus of Nazareth. The years are denominated AD for those following the commencement of this era and BC for those preceding it. This system, as devised by Dionysius Exiguus of Scythia Minor in 525, did not gain widespread adoption until after 800. The era lacks a year zero; thus, the year AD 1 is immediately subsequent to 1 BC.

Švitrigaila. Švitrigaila was born to Algirdas, Grand Duke of Lithuania, and his second wife, Uliana of Tver. The exact date of his birth remains unknown; however, it is believed that he was the youngest or second youngest son of Algirdas. Švitrigaila is first recorded in political context in October 1382, when he witnessed the Treaty of Dubysa between his elder brother Jogaila and the Teutonic Order. Historians infer from this that Švitrigaila was no younger than 12 at that time, placing his birth prior to 1370. In a complaint presented to the Council of Florence, Švitrigaila asserted that he and Jogaila were the favored sons of Algirdas. Subsequent to the death of Algirdas in 1377, the latter transferred his succession to Jogaila, with a stipulation that Jogaila pledge to designate Švitrigaila as his heir. Representatives of Jogaila neither explicitly denied nor affirmed the stated arrangement, asserting that the agreement had been altered by mutual consent between the brothers.

Conscription in Australia. In 1964, compulsory National Service was instituted for males aged 20 pursuant to the National Service Act (1964). Conscription was determined by a random selection process based on date of birth. Conscripts were required to serve two consecutive years of full-time duty, followed by three additional years on the active reserve list. The continuous full-time service requirement was subsequently reduced to eighteen months, effective October 1971.

Clara Morris. Clara Morris (17 March 1846 – 20 November 1925) was an American actress. Her exact date of birth is occasionally recorded as 1848.

Mauro Scocco. Mauro Scocco, born 11 September 1962, is a Swedish pop artist of Italian heritage. He has been described by critics as one of the most incisive songwriters in Sweden. Scocco performed as the vocalist for the pop group Ratata from 1980 to 1983, after which the group continued as a duo with Johan Ekelund until 1989. Following the dissolution of the original group, Scocco has pursued a career as a solo artist. In 2014, Scocco collaborated with Plura Jonsson, resulting in the release of a joint album under the name ""Mauro & Plura.""

Pir Syed Muhammad Binyamin Rizvi. Pir Syed Muhammad Binyamin Rizvi (15 August 1959 – 24 June 2004) was a Pakistani politician. He was the eldest son of Pir Syed Mohammad Yaqoob Shah, a distinguished spiritual leader and former member of the provincial assembly. The precise date of his birth is not recorded in historical sources. Rizvi was assassinated in Lahore near his residence on 24 June 2004 and was interred beside his father in their ancestral home in Phalia.

La naissance d'Osiris. La naissance d'Osiris, or La fête Pamilie (""The Birth of Osiris, or The Festival of Pamylia""), constitutes a one-act opera composed by Jean-Philippe Rameau. Its initial performance took place on 12 October 1754 in Fontainebleau to commemorate the birth of the future King Louis XVI of France. The libretto was authored by Louis de Cahusac, frequent collaborator of Rameau. Although Cahusac referred to the work as an ""opéra-ballet,"" it is most commonly classified as an ""acte de ballet."" The work depicts the proclamation of Jupiter concerning the birth of the deity Osiris, who symbolizes the infant royal figure.

Pak Nam-gi. Pak Nam-gi, also known as Park Nam-ki (21 February 1934 – 17 March 2010), was a North Korean official associated with the Planning and Finance Department of the ruling party. The exact date of birth of Pak Nam-gi is disputed, with some sources citing 21 February 1934 and others suggesting a birth year of 1928.",1049
2hop__635544_110949,What is the date of birth of the person who was part of Ratata?,style,formality,2,"Too conversational, rephrase it to be more formal.",2,"Shirley Abicair. Shirley Abicair was born in Melbourne, Victoria, Australia. While certain sources indicate that her year of birth was 1935, contemporary accounts suggest she was either 23 or 24 years old at the time of her arrival in Britain. Given that she had completed tertiary education in Australia, the earlier date is regarded as more likely. She was the only daughter of a Royal Australian Air Force Wing Commander.

Anno Domini. The Anno Domini calendar era is based on the traditionally acknowledged year of the conception or birth of Jesus of Nazareth. Years subsequent to the commencement of this era are denoted as AD, while those prior are indicated by BC. This system was devised by Dionysius Exiguus of Scythia Minor in 525 and did not achieve widespread adoption until after the eighth century. Notably, the era does not include a year zero; consequently, the year AD 1 immediately follows the year 1 BC.

Švitrigaila. Švitrigaila was born to Algirdas, Grand Duke of Lithuania, and his second wife, Uliana of Tver. The precise date of his birth remains undetermined; however, historical inference suggests that he was either the youngest or the second youngest son of Algirdas. Švitrigaila is first recorded in a political context in October 1382, when he served as a witness to the Treaty of Dubysa between his elder brother Jogaila and the Teutonic Order. From this record, historians deduce that Švitrigaila was at least twelve years old at the time, thereby indicating a birthdate prior to 1370. Following the death of Algirdas in 1377, the succession devolved upon Jogaila, who was required by the terms of the arrangement to designate Švitrigaila as his heir. Representatives of Jogaila neither explicitly confirmed nor denied this stipulation, stating that the agreement had been modified by mutual consent between the brothers.

Conscription in Australia. In 1964, the Australian government enacted the National Service Act (1964), instituting compulsory national service for males aged twenty. Enrollment was determined through a random selection process based on the individual's date of birth. Conscripts were obligated to serve two consecutive years of full-time duty, followed by a further three years on the active reserve list. Subsequently, in October 1971, the duration of continuous full-time service was reduced to eighteen months.

Clara Morris. Clara Morris (17 March 1846 – 20 November 1925) was an American actress. Her birth date is sometimes recorded as 1848.

Mauro Scocco. Mauro Scocco, born 11 September 1962, is a Swedish pop artist of Italian descent. He has been recognized by critics as one of the most incisive songwriters in Sweden. Scocco functioned as the vocalist for the pop group Ratata from 1980 to 1983, after which the group continued as a duo with Johan Ekelund until 1989. Following the disbandment of the original formation, Scocco embarked upon a solo artistic career. In 2014, he collaborated with Plura Jonsson, leading to the release of a joint album under the title ""Mauro & Plura.""

Pir Syed Muhammad Binyamin Rizvi. Pir Syed Muhammad Binyamin Rizvi (15 August 1959 – 24 June 2004) was a Pakistani politician associated with the Planning and Finance Department of the ruling party. The precise date of his birth is not documented in historical records. Rizvi was assassinated in Lahore near his residence on 24 June 2004 and was subsequently interred beside his father in their ancestral home in Phalia.

La naissance d'Osiris. La naissance d'Osiris, or La fête Pamilie, is a one-act opera composed by Jean-Philippe Rameau. Its premiere took place on 12 October 1754 in Fontainebleau in commemoration of the birth of the future King Louis XVI of France. The libretto was written by Louis de Cahusac, a frequent collaborator of Rameau. Although referred to by Cahusac as an ""opéra-ballet,"" the work is more commonly classified as an ""acte de ballet."" The narrative depicts the proclamation by Jupiter regarding the birth of Osiris, who symbolizes the infant monarch.",929
2hop__635544_110949,What is the date of birth of the person who was part of Ratata?,style,formality,2,"Too conversational, rephrase it to be more formal.",3,"Shirley Abicair was born in Melbourne, Victoria, Australia. While some sources cite 1935 as her year of birth, other contemporary accounts suggest she was either 23 or 24 years old upon her arrival in Britain. Given her completion of tertiary education prior to emigration, the earlier date is considered more probable. She was the sole daughter of a Royal Australian Air Force Wing Commander.

The Anno Domini calendar era is a system of chronological reckoning that originates from the traditionally recognized year of the conception or birth of Jesus of Nazareth. Years following this epoch are designated with the letters AD, whereas those preceding it are indicated by BC. This method was formulated by Dionysius Exiguus of Scythia Minor in the year 525 CE. Although initially introduced with limited adoption, the Anno Domini system gained widespread acceptance subsequent to the eighth century. It is important to note that the era does not incorporate a year zero; thus, the year AD 1 directly follows the year 1 BC.

Švitrigaila was born to Algirdas, Grand Duke of Lithuania, and his second wife, Uliana of Tver. The exact date of his birth remains unknown; however, historical records suggest that he was either the youngest or the second youngest son of Algirdas. His first recorded appearance in a political context occurred in October 1382, when he acted as a witness to the Treaty of Dubysa between his elder brother, Jogaila, and the Teutonic Order. Based on this evidence, historians infer that Švitrigaila was at least twelve years old at the time, which suggests a birthdate prior to 1370. Following the death of Algirdas in 1377, the succession passed to Jogaila, who was contractually obliged to designate Švitrigaila as his successor. Representatives of Jogaila neither explicitly affirmed nor denied this provision, stating instead that the original agreement had been altered by mutual consent between the brothers.

Conscription in Australia was formalized with the National Service Act (1964), which mandated compulsory national service for males turning twenty. Assignment to service was determined by a random selection procedure based on the individual’s date of birth. Conscription required individuals to serve two consecutive years of full-time military duty, followed by an additional three years on the active reserve list. In October 1971, the continuous full-time service requirement was amended, reducing it to eighteen months.

Clara Morris (17 March 1846 – 20 November 1925) was an American actress. The year of her birth is occasionally recorded as 1848.

Mauro Scocco, born on 11 September 1962, is a Swedish pop artist of Italian heritage. He has been acknowledged by critics as one of the most astute songwriters in Sweden. Scocco served as the vocalist of the pop group Ratata from 1980 to 1983, after which the group continued as a duo with Johan Ekelund until 1989. Following the dissolution of the original lineup, Scocco pursued a solo musical career. In 2014, he collaborated with Plura Jonsson, resulting in the release of a joint album titled ""Mauro & Plura.""

La naissance d'Osiris, also known as La fête Pamilie, is a one-act opera composed by Jean-Philippe Rameau. Its premiere was presented on 12 October 1754 in Fontainebleau to commemorate the birth of the future King Louis XVI of France. The libretto was authored by Louis de Cahusac, a frequent collaborator of Rameau. Although designated by Cahusac as an ""opéra-ballet,"" the work is more commonly classified as an ""acte de ballet."" The libretto narrates the announcement by Jupiter of the birth of Osiris, who serves as a symbolic representation of the infant monarch.",807
2hop__635544_110949,What is the date of birth of the person who was part of Ratata?,style,paraphrase,0,,0,"Shirley Abicair. Shirley Abicair was born in Melbourne, Victoria, Australia. Some sources show her year of birth as 1935, but a contemporary account shows she was 23 or 24 on arrival in Britain and, as she had completed tertiary studies in Australia, the earlier date seems more likely. She was the only daughter of a Wing Commander in the RAAF.

Anno Domini. This calendar era is based on the traditionally reckoned year of the conception or birth of Jesus of Nazareth, with AD counting years from the start of this epoch, and BC denoting years before the start of the era. There is no year zero in this scheme, so the year AD 1 immediately follows the year 1 BC. This dating system was devised in 525 by Dionysius Exiguus of Scythia Minor, but was not widely used until after 800.

Švitrigaila. Švitrigaila was born to Algirdas, Grand Duke of Lithuania, and his second wife Uliana of Tver. His date of birth is unknown, but it is believed that he was the youngest or second youngest son of Algirdas. He first appeared in politics in October 1382 when he witnessed the Treaty of Dubysa between his elder brother Jogaila and the Teutonic Knights. Historians believe that would indicate that at the time Švitrigaila was no younger than 12 which would put his date of birth sometime before 1370. In a complaint submitted to the Council of Florence, Švitrigaila claimed that he and Jogaila were favorite sons of Algirdas. Before his death in 1377, Algirdas transferred his throne to Jogaila but made him swear to make Švitrigaila his heir. Jogaila's representatives did not outright deny the arrangement and instead claimed that it had been modified by mutual agreement between the brothers.

Natural-born-citizen clause. The U.S. Constitution uses but does not define the phrase ``natural born Citizen '', and various opinions have been offered over time regarding its precise meaning. The consensus of early 21st - century constitutional scholars, together with relevant case law, is that natural - born citizens include, subject to exceptions, those born in the United States. Many scholars have also concluded that those who meet the legal requirements for U.S. citizenship`` at the moment of birth'', regardless of place of birth, are also natural - born citizens. Every president to date was either a citizen at the adoption of the Constitution in 1789 or was born in the United States; of these there have been seven that had at least one parent who was not born on U.S. soil.

Australia Day. The meaning and significance of Australia Day has evolved over time. Unofficially, or historically, the date has also been variously named ``Anniversary Day '',`` Foundation Day'', and ``ANA Day ''. 26 January 1788 marked the proclamation of British sovereignty over the eastern seaboard of Australia (then known as New Holland). Although it was not known as Australia Day until over a century later, records of celebrations on 26 January date back to 1808, with the first official celebration of the formation of New South Wales held in 1818. On New Year's Day 1901, the British colonies of Australia formed a federation, marking the birth of modern Australia. A national day of unity and celebration was looked for. It was not until 1935 that all Australian states and territories adopted use of the term`` Australia Day'' to mark the date, and not until 1994 that the date was consistently marked by a public holiday on that day by all states and territories.

Giovanni Cifolelli. Giovanni Cifolelli was an Italian mandolin virtuoso and dramatic composer whose date and place of birth are unknown. In 1764 he made his appearance in Paris as a mandolin virtuoso and was highly esteemed, both as a performer and teacher. He published his ""Method for the mandolin"" while residing in Paris, which met with great success throughout France, being the most popular of its period.

Maureen Payne. Maureen Payne (date of birth unknown, died 1997, South Africa) was a South Africa Test cricketer. She captained the side for their second series, played against New Zealand in 1971–72. She appeared in five Tests for South Africa, claiming eight wickets.

List of Dragon Ball Super episodes. Name Date Discs Episodes Part One July 25, 2017 01 -- 13 Part Two October 3, 2017 14 -- 26 Part Three February 20, 2018 27 -- 39

Streams of Expression. Streams of Expression is the 20th studio album by American jazz musician Joe Lovano to be released on the Blue Note label. It was released in 2006 and features a five-part ""Streams of Expression Suite,"" three-part ""Birth of the Cool Suite,"" and three other shorter works. The ""Birth of the Cool Suite"" was conducted by Gunther Schuller and utilizes melodic themes inspired by Miles Davis' work from his 1948 and 1950 nonet. The album also features George Garzone, Ralph Lalama, Gary Smulyan, and Tim Hagans.

Pir Syed Muhammad Binyamin Rizvi. Pir Syed Muhammad Binyamin Rizvi (Urdu: پیر سید محمد بنیامین رضوی)date of Birth 15 Aug 1959 date of Death 24 June 2004) was a Pakistani politician. He was the oldest son of Pir Syed Mohammad Yaqoob Shah (a famous spiritual and religious scholar, and member of provincial assembly who died on 31 August 1991). On 24 June 2004 he was brutally murdered in Lahore near his House. He is buried next to his father late Pir Syed Mohammad Yaqoob Shah in his home town Phalia.

La naissance d'Osiris. La naissance d'Osiris, ou La fête Pamilie (""The Birth of Osiris, or The Festival of Pamylia"") is a one-act opera by Jean-Philippe Rameau, first performed on 12 October 1754 at Fontainebleau to celebrate the birth of the future King Louis XVI. The libretto is by Rameau's frequent collaborator Louis de Cahusac. Cahusac styled the work a ""ballet allégorique"" (""allegorical ballet""), but it is usually categorised as an ""acte de ballet"". Its slender plot tells of Jupiter's announcement to a group of Egyptian shepherds of the birth of the god Osiris, who symbolises the baby prince. The piece may have started life as part of a larger work, ""Les beaux jours de l'Amour"", an ""opéra-ballet"" Rameau and Cahusac planned but never completed for reasons which are still uncertain.

Sue Ryder. Her birth and death certificates both put the date one year later, on 3 July 1924, as does a plaque unveiled in honour of Sue Ryder and Leonard Cheshire in Cavendish Church in Suffolk. At the beginning of the war, Ryder volunteered to the First Aid Nursing Yeomanry, even though she was only 15. To get in, she lied about her age and seems to have maintained the deception for the rest of her life.

Pak Nam-gi. Pak Nam-gi or Park Nam-ki (21 February 1934 – 17 March 2010) was, until as late as January 2010, Director of the Planning and Finance Department of the ruling party of North Korea. There are doubts about his date of birth, with at least two unattributed sources reporting it as 21 February 1934 or sometime in 1928 respectively.

William Shakespeare. William Shakespeare was the son of John Shakespeare, an alderman and a successful glover (glove-maker) originally from Snitterfield, and Mary Arden, the daughter of an affluent landowning farmer. He was born in Stratford-upon-Avon and baptised there on 26 April 1564. His actual date of birth remains unknown, but is traditionally observed on 23 April, Saint George's Day. This date, which can be traced to a mistake made by an 18th-century scholar, has proved appealing to biographers because Shakespeare died on the same date in 1616. He was the third of eight children, and the eldest surviving son.

List of Soul Eater episodes. Partial box sets (DVD only) Name Release date Discs Episodes Part One February 9, 2010 1 - 13 Part Two March 30, 2010 14 - 26 Part Three June 1, 2010 27 - 39 Part Four July 27, 2010 40 - 51

Conscription in Australia. In 1964 compulsory National Service for 20 - year - old males was introduced under the National Service Act (1964). The selection of conscripts was made by a sortition or lottery draw based on date of birth, and conscripts were obligated to give two years' continuous full - time service, followed by a further three years on the active reserve list. The full - time service requirement was reduced to eighteen months in October 1971.

Clara Morris. Clara Morris (March 17, 1849 – November 20, 1925) (her birth date is sometimes given as 1846/48) was an American actress.

Ratata (band). Ratata was a Swedish pop group fronted by Swedish vocalist Mauro Scocco formed in 1980. It functioned as a 4-piece band until 1983, when it was disbanded. But Johan Ekelund having played with the band briefly continued to cooperate with Scocco continuing as a duo until 1989. The duo had a brief comeback in 2002.

Yang Meng. Yang Meng was the third son of Yang Xingmi, a major warlord at the end of Tang Dynasty as the military governor (""Jiedushi"") of Huainan Circuit (淮南, headquartered in modern Yangzhou, Jiangsu). It is not known when he was born, although his immediately older brother Yang Longyan was born in 897 and his immediately younger brother Yang Pu was born in 900, placing a timeframe on his birth date. His mother's name was not recorded in history.

Mauro Scocco. Mauro Scocco (born 11 September 1962) is a Swedish pop artist of Italian descent. He has been described as ""one of the sharpest songwriters in Sweden"". Scocco was the singer for the pop group Ratata (1980–83) transformed into a duo with Johan Ekelund (1983–89). After Ratata, Scocco has continued as a solo artist since. In 2014, he cooperated with Plura Jonsson releasing a joint album as ""Mauro & Plura"".",2308
2hop__635544_110949,What is the date of birth of the person who was part of Ratata?,style,paraphrase,0,Paraphrase this.,1,"Shirley Abicair was born in Melbourne, Australia. While some records suggest 1935 as her birth year, contemporary accounts indicate she was in her early twenties when she moved to Britain, and since she had already completed higher education in Australia, the earlier year is considered more likely. She was the sole daughter of a Royal Australian Air Force Wing Commander.

Anno Domini. This dating system is based on the assumed year of Jesus of Nazareth's birth, with years labeled AD for those following this event and BC for those preceding it. There is no year zero, so AD 1 comes right after 1 BC. This method was created by Dionysius Exiguus in 525, but widespread adoption did not occur until after 800.

Švitrigaila. Švitrigaila, son of Algirdas, Grand Duke of Lithuania, and his second wife Uliana of Tver, had an uncertain birth date, believed to be the youngest or second youngest of Algirdas’s sons. He was present at the Treaty of Dubysa in October 1382, suggesting he was at least 12 by then, making his birth likely before 1370. In a later complaint at the Council of Florence, Švitrigaila claimed he and his brother Jogaila were Algirdas’s favorites. Upon Algirdas’s death in 1377, he designated Jogaila as his successor, but made Jogaila promise to name Švitrigaila as his heir. Jogaila’s representatives acknowledged the arrangement but stated it had been mutually altered.

Sue Ryder. Sue Ryder’s birth and death records list her birth as 3 July 1924, though she reportedly maintained she was younger. At 15, she joined the First Aid Nursing Yeomanry during the early years of World War II, having lied about her age to be accepted. This falsehood persisted throughout her life.

Pak Nam-gi. Pak Nam-gi, also known as Park Nam-ki (21 February 1934 – 17 March 2010), was the head of the Planning and Finance Department for North Korea’s ruling party until January 2010. His actual birth year is uncertain, with some sources citing 1928 instead of 1934.

William Shakespeare. William Shakespeare was born to John Shakespeare, a local official and glove-maker from Snitterfield, and Mary Arden, the daughter of a wealthy farmer. His baptism occurred on 26 April 1564 in Stratford-upon-Avon, but his exact birth date is unknown; he is traditionally believed to have been born on 23 April, coinciding with Saint George's Day, a date that aligns with his death on the same day in 1616. He was the third and one of eight children, and the eldest son to survive infancy.

Ratata (band). Ratata, a Swedish pop group led by singer Mauro Scocco, formed in 1980. The band consisted of four members until 1983, after which it became a duo with Johan Ekelond. The duo reunited briefly in 2002.

Yang Meng. Yang Meng was the third son of Yang Xingmi, a prominent military leader at the decline of the Tang Dynasty and the military governor of Huainan Circuit, based in modern-day Yangzhou. The exact year of his birth is not documented, but based on the birth years of his brothers—Yang Longyan in 897 and Yang Pu in 900—his birth likely took place between those years.

Mauro Scocco. Mauro Scocco, born 11 September 1962, is a Swedish pop singer of Italian heritage. Regarded as one of Sweden’s sharpest lyricists, Scocco was the frontman of Ratata from 1980 to 1983 and then performed as a duo with Johan Ekelund until 1989. Since then, Scocco has performed solo, and in 2014, he released an album in collaboration with Plura Jonsson under the name ""Mauro & Plura.""",840
2hop__635544_110949,What is the date of birth of the person who was part of Ratata?,style,paraphrase,0,Paraphrase this.,2,"Shirley Abicair was born in Melbourne, Australia. While some sources suggest she was born in 1935, other historical accounts indicate she was in her early twenties when she relocated to Britain. Since she had already finished her higher education in Australia at that time, historians generally accept 1935 as her birth year. She was the only daughter of a Royal Australian Air Force Wing Commander.

Anno Domini dating. This system assigns years based on the supposed birth of Jesus of Nazareth. Years after his birth are labeled AD, and years before are labeled BC. There is no year designated as zero, so the year immediately following 1 BC is AD 1. This method was invented by Dionysius Exiguus in 525, but it wasn’t widely used until sometime after the year 800.

Švitrigaila. Švitrigaila was the son of Algirdas, who was the Grand Duke of Lithuania, and his second wife, Uliana of Tver. His exact birth date is unclear, but he is thought to be either the youngest or the second youngest of Algirdas’s sons. His presence at the Treaty of Dubysa in October 1382 implies he was at least twelve then, suggesting he was born before 1370. At the Council of Florence, Švitrigaila claimed that he and his brother Jogaila were favored by Algirdas. Following Algirdas’s death in 1377, he named Jogaila as successor but made Jogaila agree to designate Švitrigaila as his heir afterward. Jogaila’s representatives recognized this arrangement but stated that the terms had since changed.

Sue Ryder. Sue Ryder was born on July 3, 1924, though she claimed to be younger. At age 15, she joined the First Aid Nursing Yeomanry during the early part of World War II, having lied about her age to gain entry. This false age remained a part of her public persona throughout her life.

Pak Nam-gi. Pak Nam-gi, also known as Park Nam-ki, lived from February 21, 1934 to March 17, 2010. He served as the head of the Planning and Finance Department for North Korea's ruling party until early 2010. However, some sources claim he was born in 1928 instead of 1934.

William Shakespeare. William Shakespeare was the son of John Shakespeare, a local official and glove-maker from Snitterfield, and Mary Arden, daughter of a prosperous farmer. Although his exact birth date is unknown, he was baptized on April 26, 1564, in Stratford-upon-Avon. He is traditionally thought to have been born on April 23, the same day as Saint George, a date that also marks his death in 1616. He was the third child and one of eight siblings, and the only son who survived into adulthood.

Ratata (band). The Swedish pop group Ratata, fronted by singer Mauro Scocco, was established in 1980. Initially, the band had four members, but by 1983 it reduced to a duo consisting of Scocco and Johan Ekelund. The duo reunited for a short period in 2002.

Yang Meng. Yang Meng was the third son of Yang Xingmi, a significant military commander during the decline of the Tang Dynasty and the military governor of Huainan Circuit, located in present-day Yangzhou. The exact year of his birth is not recorded, but based on the birth years of his brothers—Yang Longyan in 897 and Yang Pu in 900—his birth probably occurred sometime between those years.

Mauro Scocco. Mauro Scocco, born on September 11, 1962, is a Swedish pop singer of Italian descent. Considered one of Sweden’s most skilled lyricists, he led Ratata from 1980 to 1983. Afterward, he performed as part of a duo with Johan Ekelund until 1989. Since 1989, Scocco has pursued a solo career and released a collaborative album with Plura Jonsson in 2014 under the name ""Mauro & Plura.""",872
2hop__635544_110949,What is the date of birth of the person who was part of Ratata?,style,paraphrase,0,Paraphrase this.,3,"Shirley Abicair came into the world in Melbourne, Australia. While certain records suggest 1935 as her birth year, others propose she was in her early twenties when she moved to Britain. Given that she had already completed her higher education in Australia before that relocation, most historians agree that 1935 is the correct year of her birth. She was the sole daughter of a Wing Commander in the Royal Australian Air Force.

The Anno Domini calendar. This method of dating assigns years according to the presumed birth of Jesus of Nazareth. Years following this event are referred to as AD, and those preceding it as BC. There is intentionally no year labeled zero, so the year that directly follows 1 BC is AD 1. This system was developed by Dionysius Exiguus in 525, but its widespread adoption did not occur until after the year 800.

Švitrigaila. Švitrigaila was the offspring of Algirdas, the Grand Duke of Lithuania, and his second wife, Uliana of Tver. His exact birthdate is unknown, but it is believed that he was either the youngest or the second youngest of Algirdas’s sons. The fact that he was present at the Treaty of Dubysa in October 1382 indicates he was at least twelve at the time, which would place his birth before 1370. At the Council of Florence, Švitrigaila asserted that both he and his brother Jogaila were favorites of Algirdas. After Algirdas died in 1377, he appointed Jogaila as his successor but required Jogaila to name Švitrigaila as his eventual heir. Jogaila’s representatives acknowledged this arrangement but noted that the terms had changed later.

Sue Ryder. Born on July 3, 1924, though she claimed a younger age, Sue Ryder was a British humanitarian. At just 15, she joined the First Aid Nursing Yeomanry during the early stages of World War II by lying about how old she was. This false age became a consistent part of her public image throughout her life.

Pak Nam-gi. Pak Nam-gi, also referred to as Park Nam-ki, lived from February 21, 1934 to March 17, 2010. He served as the chief of the Planning and Finance Department for North Korea’s ruling party until early 2010. However, some accounts claim he was born in 1928 instead of 1934.

William Shakespeare. William Shakespeare was the son of John Shakespeare, a local official and glove-maker from Snitterfield, and Mary Arden, daughter of a wealthy farmer. Although his exact birthdate is not documented, his baptism took place on April 26, 1564, in Stratford-upon-Avon. He is traditionally believed to have been born on April 23, the feast day of Saint George, a date that also corresponds to his death in 1616. He was the third of eight children and the only son who lived to adulthood.

Ratata (band). The Swedish pop group Ratata, led by vocalist Mauro Scocco, formed in 1980. The original lineup had four members, but by 1983 the group slimmed down to just Scocco and Johan Ekelund. The duo briefly reunited in 2002.

Yang Meng. Yang Meng was the third son of Yang Xingmi, a prominent military leader during the waning years of the Tang Dynasty and later the military governor of the Huainan Circuit, now Yangzhou. His birth year is not specified in historical records, but, considering his brothers Yang Longyan (born in 897) and Yang Pu (born in 900), it is likely he was born sometime between those two years.

Mauro Scocco. Mauro Scocco, born September 11, 1962, is a Swedish pop singer with Italian heritage. Regarded as one of Sweden’s finest lyricists, he led Ratata from 1980 until 1983. Together with Johan Ekelund, he performed as part of a duo until 1989. From 1989 onward, Scocco focused on a solo career and released a joint album with Plura Jonsson in 2014 under the name “Mauro & Plura.”",891
2hop__635544_110949,What is the date of birth of the person who was part of Ratata?,style,paraphrase,1,,0,"Shirley Abicair. Shirley Abicair was born in Melbourne, Victoria, Australia. Some sources show her year of birth as 1935, but a contemporary account shows she was 23 or 24 on arrival in Britain and, as she had completed tertiary studies in Australia, the earlier date seems more likely. She was the only daughter of a Wing Commander in the RAAF.

Anno Domini. This calendar era is based on the traditionally reckoned year of the conception or birth of Jesus of Nazareth, with AD counting years from the start of this epoch, and BC denoting years before the start of the era. There is no year zero in this scheme, so the year AD 1 immediately follows the year 1 BC. This dating system was devised in 525 by Dionysius Exiguus of Scythia Minor, but was not widely used until after 800.

Švitrigaila. Švitrigaila was born to Algirdas, Grand Duke of Lithuania, and his second wife Uliana of Tver. His date of birth is unknown, but it is believed that he was the youngest or second youngest son of Algirdas. He first appeared in politics in October 1382 when he witnessed the Treaty of Dubysa between his elder brother Jogaila and the Teutonic Knights. Historians believe that would indicate that at the time Švitrigaila was no younger than 12 which would put his date of birth sometime before 1370. In a complaint submitted to the Council of Florence, Švitrigaila claimed that he and Jogaila were favorite sons of Algirdas. Before his death in 1377, Algirdas transferred his throne to Jogaila but made him swear to make Švitrigaila his heir. Jogaila's representatives did not outright deny the arrangement and instead claimed that it had been modified by mutual agreement between the brothers.

Natural-born-citizen clause. The U.S. Constitution uses but does not define the phrase ``natural born Citizen '', and various opinions have been offered over time regarding its precise meaning. The consensus of early 21st - century constitutional scholars, together with relevant case law, is that natural - born citizens include, subject to exceptions, those born in the United States. Many scholars have also concluded that those who meet the legal requirements for U.S. citizenship`` at the moment of birth'', regardless of place of birth, are also natural - born citizens. Every president to date was either a citizen at the adoption of the Constitution in 1789 or was born in the United States; of these there have been seven that had at least one parent who was not born on U.S. soil.

Australia Day. The meaning and significance of Australia Day has evolved over time. Unofficially, or historically, the date has also been variously named ``Anniversary Day '',`` Foundation Day'', and ``ANA Day ''. 26 January 1788 marked the proclamation of British sovereignty over the eastern seaboard of Australia (then known as New Holland). Although it was not known as Australia Day until over a century later, records of celebrations on 26 January date back to 1808, with the first official celebration of the formation of New South Wales held in 1818. On New Year's Day 1901, the British colonies of Australia formed a federation, marking the birth of modern Australia. A national day of unity and celebration was looked for. It was not until 1935 that all Australian states and territories adopted use of the term`` Australia Day'' to mark the date, and not until 1994 that the date was consistently marked by a public holiday on that day by all states and territories.

Giovanni Cifolelli. Giovanni Cifolelli was an Italian mandolin virtuoso and dramatic composer whose date and place of birth are unknown. In 1764 he made his appearance in Paris as a mandolin virtuoso and was highly esteemed, both as a performer and teacher. He published his ""Method for the mandolin"" while residing in Paris, which met with great success throughout France, being the most popular of its period.

Maureen Payne. Maureen Payne (date of birth unknown, died 1997, South Africa) was a South Africa Test cricketer. She captained the side for their second series, played against New Zealand in 1971–72. She appeared in five Tests for South Africa, claiming eight wickets.

List of Dragon Ball Super episodes. Name Date Discs Episodes Part One July 25, 2017 01 -- 13 Part Two October 3, 2017 14 -- 26 Part Three February 20, 2018 27 -- 39

Streams of Expression. Streams of Expression is the 20th studio album by American jazz musician Joe Lovano to be released on the Blue Note label. It was released in 2006 and features a five-part ""Streams of Expression Suite,"" three-part ""Birth of the Cool Suite,"" and three other shorter works. The ""Birth of the Cool Suite"" was conducted by Gunther Schuller and utilizes melodic themes inspired by Miles Davis' work from his 1948 and 1950 nonet. The album also features George Garzone, Ralph Lalama, Gary Smulyan, and Tim Hagans.

Pir Syed Muhammad Binyamin Rizvi. Pir Syed Muhammad Binyamin Rizvi (Urdu: پیر سید محمد بنیامین رضوی)date of Birth 15 Aug 1959 date of Death 24 June 2004) was a Pakistani politician. He was the oldest son of Pir Syed Mohammad Yaqoob Shah (a famous spiritual and religious scholar, and member of provincial assembly who died on 31 August 1991). On 24 June 2004 he was brutally murdered in Lahore near his House. He is buried next to his father late Pir Syed Mohammad Yaqoob Shah in his home town Phalia.

La naissance d'Osiris. La naissance d'Osiris, ou La fête Pamilie (""The Birth of Osiris, or The Festival of Pamylia"") is a one-act opera by Jean-Philippe Rameau, first performed on 12 October 1754 at Fontainebleau to celebrate the birth of the future King Louis XVI. The libretto is by Rameau's frequent collaborator Louis de Cahusac. Cahusac styled the work a ""ballet allégorique"" (""allegorical ballet""), but it is usually categorised as an ""acte de ballet"". Its slender plot tells of Jupiter's announcement to a group of Egyptian shepherds of the birth of the god Osiris, who symbolises the baby prince. The piece may have started life as part of a larger work, ""Les beaux jours de l'Amour"", an ""opéra-ballet"" Rameau and Cahusac planned but never completed for reasons which are still uncertain.

Sue Ryder. Her birth and death certificates both put the date one year later, on 3 July 1924, as does a plaque unveiled in honour of Sue Ryder and Leonard Cheshire in Cavendish Church in Suffolk. At the beginning of the war, Ryder volunteered to the First Aid Nursing Yeomanry, even though she was only 15. To get in, she lied about her age and seems to have maintained the deception for the rest of her life.

Pak Nam-gi. Pak Nam-gi or Park Nam-ki (21 February 1934 – 17 March 2010) was, until as late as January 2010, Director of the Planning and Finance Department of the ruling party of North Korea. There are doubts about his date of birth, with at least two unattributed sources reporting it as 21 February 1934 or sometime in 1928 respectively.

William Shakespeare. William Shakespeare was the son of John Shakespeare, an alderman and a successful glover (glove-maker) originally from Snitterfield, and Mary Arden, the daughter of an affluent landowning farmer. He was born in Stratford-upon-Avon and baptised there on 26 April 1564. His actual date of birth remains unknown, but is traditionally observed on 23 April, Saint George's Day. This date, which can be traced to a mistake made by an 18th-century scholar, has proved appealing to biographers because Shakespeare died on the same date in 1616. He was the third of eight children, and the eldest surviving son.

List of Soul Eater episodes. Partial box sets (DVD only) Name Release date Discs Episodes Part One February 9, 2010 1 - 13 Part Two March 30, 2010 14 - 26 Part Three June 1, 2010 27 - 39 Part Four July 27, 2010 40 - 51

Conscription in Australia. In 1964 compulsory National Service for 20 - year - old males was introduced under the National Service Act (1964). The selection of conscripts was made by a sortition or lottery draw based on date of birth, and conscripts were obligated to give two years' continuous full - time service, followed by a further three years on the active reserve list. The full - time service requirement was reduced to eighteen months in October 1971.

Clara Morris. Clara Morris (March 17, 1849 – November 20, 1925) (her birth date is sometimes given as 1846/48) was an American actress.

Ratata (band). Ratata was a Swedish pop group fronted by Swedish vocalist Mauro Scocco formed in 1980. It functioned as a 4-piece band until 1983, when it was disbanded. But Johan Ekelund having played with the band briefly continued to cooperate with Scocco continuing as a duo until 1989. The duo had a brief comeback in 2002.

Yang Meng. Yang Meng was the third son of Yang Xingmi, a major warlord at the end of Tang Dynasty as the military governor (""Jiedushi"") of Huainan Circuit (淮南, headquartered in modern Yangzhou, Jiangsu). It is not known when he was born, although his immediately older brother Yang Longyan was born in 897 and his immediately younger brother Yang Pu was born in 900, placing a timeframe on his birth date. His mother's name was not recorded in history.

Mauro Scocco. Mauro Scocco (born 11 September 1962) is a Swedish pop artist of Italian descent. He has been described as ""one of the sharpest songwriters in Sweden"". Scocco was the singer for the pop group Ratata (1980–83) transformed into a duo with Johan Ekelund (1983–89). After Ratata, Scocco has continued as a solo artist since. In 2014, he cooperated with Plura Jonsson releasing a joint album as ""Mauro & Plura"".",2308
2hop__635544_110949,What is the date of birth of the person who was part of Ratata?,style,paraphrase,1,Reword this text.,1,"Shirley Abicair originated from Melbourne, Victoria, Australia. While some records suggest she was born in 1935, a contemporary account indicates she was either 23 or 24 years old when she arrived in Britain, and given that she had already completed higher education in Australia, the earlier year is more likely. She was the sole daughter of a Royal Australian Air Force Wing Commander.

Anno Domini. This era, based on the assumed year of Jesus of Nazareth’s conception or birth, uses AD to denote years since the beginning of the era and BC for years before it. There is no year zero in this system, so AD 1 follows directly after 1 BC. Dionysius Exiguus, a scholar from Scythia Minor, established this dating method in 525, but widespread adoption did not occur until after the year 800.

Švitrigaila. Švitrigaila, son of Algirdas, Grand Duke of Lithuania, and his second wife Uliana of Tver, had an unknown birthdate. It is believed he was among the youngest of Algirdas’s sons. Švitrigaila’s first recorded political appearance came in October 1382 when he witnessed the Treaty of Dubysa between his older brother Jogaila and the Teutonic Knights. According to historians, this suggests Švitrigaila was at least 12 years old by 1382, placing his birth sometime before 1370. In a document presented to the Council of Florence, Švitrigaila asserted that he and Jogaila were considered their father’s favorites. On his death in 1377, Algirdas designated Jogaila as his successor but made Jogaila pledge to name Švitrigaila as his heir. Jogaila’s representatives did not explicitly deny this arrangement, instead suggesting it had been mutually altered by the brothers.

Natural-born-citizen clause. The phrase “natural born Citizen” appears in the U.S. Constitution, though its definition is not provided. Modern constitutional experts, supported by case law, generally agree that individuals who were U.S. citizens at birth—regardless of location, provided they meet citizenship requirements—are considered natural born citizens. To date, every U.S. president was either a citizen when the Constitution was adopted in 1789 or was born on U.S. soil, and several had at least one parent who was not born in the United States.

List of Dragon Ball Super episodes. Section Name Release Date Episodes Part One July 25, 2017 Episodes 1 – 13 Part Two October 3, 2017 Episodes 14 – 26 Part Three February 20, 2018 Episodes 27 – 39 Part Four July 27, 2010 Episodes 40 – 51

Streams of Expression. This is Joe Lovano’s twentieth studio album for Blue Note. Released in 2006, the record features a five-part suite, a three-part suite inspired by Miles Davis’s 1948 and 1950 nonet works, and three additional compositions. George Garzone, Ralph Lalama, Gary Smulyan, and Tim Hagans also contributed to the album.

Pir Syed Muhammad Binyamin Rizvi. Pir Syed Muhammad Binyamin Rizvi (born 15 August 1959; died 24 June 2004) was a Pakistani politician. He was the eldest son of Pir Syed Mohammad Yaqoob Shah, a renowned spiritual leader and provincial assembly member who passed away on 31 August 1991. Rizvi was killed in Lahore in 2004 and is buried beside his father in Phalia.

La naissance d'Osiris. “The Birth of Osiris, or The Pamylia Festival” is a one-act opera composed by Jean-Philippe Rameau, with a libretto by Louis de Cahusac. It premiered on 12 October 1754 in Fontainebleau to commemorate the birth of the future King Louis XVI. The opera depicts Jupiter announcing the birth of Osiris, who symbolizes the infant prince.

Sue Ryder. Ryder’s birth and death certificates both record her date of birth as 3 July 1924, a date she reportedly maintained throughout her life. At 15, she volunteered for the First Aid Nursing Yeomanry at the war’s onset. She continued to serve, maintaining the deception about her age.

Pak Nam-gi. Pak Nam-gi, also spelled Park Nam-ki (21 February 1934 – 17 March 2010), was a North Korean political figure and, until early 2010, headed the Planning and Finance Department of the ruling party. There are differing reports about his birth year, with some sources citing 1934 and others 1928. 

William Shakespeare. William Shakespeare was born to John Shakespeare, a local alderman and glove-maker from Snitterfield, and Mary Arden, daughter of a wealthy farmer. He was baptized on 26 April 1564 in Stratford-upon-Avon, though his exact birthdate is unknown and is commonly celebrated on 23 April, Saint George’s Day, a tradition stemming from an 18th-century error, as he died on the same day in 1616. He was the third and oldest surviving son among eight children.

List of Soul Eater episodes. Segment Name Release Date Episodes Part One February 9, 2010 1 – 13 Part Two March 30, 2010 14 – 26 Part Three June 1, 2010 27 – 39 Part Four July 27, 2010 40 – 51

Note: The instruction to reword did not specify a target tone or style, so I have simply reworded for clarity and variety while preserving factual content and structure.",1208
2hop__635544_110949,What is the date of birth of the person who was part of Ratata?,style,paraphrase,1,Reword this text.,2,"Shirley Abicair was born in Melbourne, Victoria, Australia. Although certain sources indicate 1935 as her birth year, other contemporary evidence points to her being 23 or 24 upon arriving in Britain. Since she had already finished her higher education in Australia at that time, the earlier date is considered more probable. She was the only daughter of a Wing Commander in the Royal Australian Air Force.

Anno Domini dating system. This system, which counts years from the estimated birth or conception of Jesus of Nazareth, uses AD for years after and BC for years before this reference point. There is no year designated as zero between 1 BC and AD 1. The system was developed by Dionysius Exiguus, a scholar from Scythia Minor, in 525, but it became widely adopted only after the year 800.

Švitrigaila. Švitrigaila, son of Algirdas, the Grand Duke of Lithuania, and his second wife Uliana of Tver, is believed to have been born before 1370. He was likely one of Algirdas’s younger sons. Švitrigaila’s earliest recorded political involvement was in October 1382, when he was a witness to the Treaty of Dubysa between his brother Jogaila and the Teutonic Knights. This suggests he was at least 12 by 1382. Upon Algirdas’s death in 1377, the grand duke named Jogaila his successor but required Jogaila to promise that Švitrigaila would eventually inherit the throne. Jogaila’s representatives did not outright reject this provision but implied that the arrangement had since changed by mutual consent.

Natural-born-citizen requirement. The term “natural born Citizen” is found in the U.S. Constitution, but its meaning is not explicitly defined within the document. Current constitutional scholars and relevant court decisions agree that anyone who is a citizen at birth—regardless of where the birth occurred, as long as they meet citizenship criteria—is regarded as a natural-born citizen. All U.S. presidents to date were either citizens at the time the Constitution was adopted in 1789 or were born in the United States, and some had at least one parent who was not a U.S. citizen.

Pir Syed Muhammad Binyamin Rizvi. Born on 15 August 1959 and deceased on 24 June 2004, Pir Syed Muhammad Binyamin Rizvi was a Pakistani politician. He was the eldest son of Pir Syed Mohammad Yaqoob Shah, a well-known spiritual leader and member of the provincial assembly, who died on 31 August 1991. Rizvi was killed in Lahore in 2004 and is buried next to his father in Phalia.

Pak Nam-gi. Pak Nam-gi, also known as Park Nam-ki (21 February 1934 – 17 March 2010), was a North Korean political official and, until early 2010, led the Planning and Finance Department of the ruling party. There are conflicting accounts regarding his birth year, with some sources stating 1934 and others 1928.

William Shakespeare. Shakespeare was the son of John Shakespeare, an alderman and glove-maker from Snitterfield, and Mary Arden, daughter of a prosperous farmer. He was baptized on 26 April 1564 in Stratford-upon-Avon, but the exact date of his birth remains unknown. His birthday is traditionally observed on 23 April, in honor of Saint George’s Day, though this custom likely arose from a mistake in the 18th century, as he died on the same day in 1616. He was the third and eldest surviving son out of eight children.

Dragon Ball Super episode list. Segment Title Release Date Episode Range Part One July 25, 2017 Episodes 1 – 13 Part Two October 3, 2017 Episodes 14 – 26 Part Three February 20, 2018 Episodes 27 – 39 Part Four July 27, 2010 Episodes 40 – 51

Expression Streams. Joe Lovano’s twentieth Blue Note studio album, Expression Streams, was released in 2006. The album includes a five-part suite inspired by Miles Davis’s nonet works, a three-part suite, and three other compositions. Musicians such as George Garzone, Ralph Lalama, Gary Smulyan, and Tim Hagans also participated in the recording.

The Birth of Osiris, or The Pamylia Festival. This one-act opera by Jean-Philippe Rameau features a libretto written by Louis de Cahusac. It premiered on 12 October 1754 in Fontainebleau to celebrate the birth of the future King Louis XVI, with the story centering on Jupiter proclaiming the birth of Osiris, who symbolizes the infant prince.",1009
2hop__635544_110949,What is the date of birth of the person who was part of Ratata?,style,paraphrase,1,Reword this text.,3,"Shirley Abicair was born in Melbourne, Victoria, Australia. While some sources cite 1935 as her birth year, other contemporary evidence suggests she was either 23 or 24 when she arrived in Britain. Because she had completed her higher education in Australia by that time, the earlier date is generally considered more likely. She was the sole daughter of a Royal Australian Air Force Wing Commander.

Anno Domini chronology. The Anno Domini system counts years from the approximate year of Jesus of Nazareth’s birth and uses AD for years that follow and BC for years that precede this point. There is no year labeled as zero between 1 BC and AD 1. This dating method was created by the scholar Dionysius Exiguus in 525, but it only gained widespread use after the year 800.

Švitrigaila. Švitrigaila, the son of Algirdas, Grand Duke of Lithuania, and his second wife Uliana of Tver, is believed to have been born before 1370. Likely one of Algirdas’s younger sons, Švitrigaila’s first documented political appearance was as a witness to the Treaty of Dubysa in October 1382, suggesting he was at least 12 years old by then. Following Algirdas’s death in 1377, the grand duke named Jogaila as his successor but stipulated that Švitrigaila would eventually inherit the throne. Jogaila’s representatives acknowledged the original agreement but indicated that the arrangement had changed by mutual consent.

Natural-born citizen definition. The phrase “natural born Citizen” appears in the U.S. Constitution, but its meaning is not clearly spelled out within the document itself. Both current constitutional scholars and pertinent court rulings agree that anyone who is a citizen at birth—regardless of where the birth took place, as long as the citizenship requirements are met—is recognized as a natural-born citizen. Every U.S. president to date was either a citizen at the time the Constitution was adopted in 1789 or was born in the United States, and some had at least one parent who was not a U.S. citizen.

Pir Syed Muhammad Binyamin Rizvi. Pir Syed Muhammad Binyamin Rizvi, a Pakistani politician born on 15 August 1959 and who passed away on 24 June 2004, was the eldest son of Pir Syed Mohammad Yaqoob Shah, a prominent spiritual leader and provincial assembly member who died on 31 August 1991. Rizvi was assassinated in Lahore in 2004 and is interred beside his father in Phalia.

Pak Nam-gi. Pak Nam-gi, also referred to as Park Nam-ki (21 February 1934 – 17 March 2010), was a senior official in North Korea’s ruling party and headed its Planning and Finance Department until early 2010. Discrepancies exist regarding his birth year, with some sources listing 1934 and others 1928.

William Shakespeare. Shakespeare was born to John Shakespeare, an alderman and glove-maker from Snitterfield, and Mary Arden, the daughter of a well-to-do farmer. Although his exact birth date is unknown, he was baptized on 26 April 1564 in Stratford-upon-Avon. His birthday is commonly celebrated on 23 April, likely due to a historical error, since he also died on that day in 1616. He was the third and only surviving son among eight siblings.

Dragon Ball Super episode breakdown. The series Dragon Ball Super is organized into four segments, each released at different times. The first segment, covering episodes 1 to 13, was released on July 25, 2017. The second, comprising episodes 14 to 26, premiered on October 3, 2017. The third segment, episodes 27 to 39, was released on February 20, 2018. The fourth, covering episodes 40 to 51, was released on July 27, 2010.

Expression Streams. On Joe Lovano’s twentieth Blue Note studio album, titled Expression Streams and issued in 2006, a five-part suite inspired by Miles Davis’s nonet compositions is featured, along with a three-part suite and three additional pieces. Other musicians such as George Garzone, Ralph Lalama, Gary Smulyan, and Tim Hagans also contributed to the recording.

The Birth of Osiris, or The Pamylia Festival. This one-act opera by Jean-Philippe Rameau features a libretto by Louis de Cahusac. It made its debut in Fontainebleau on 12 October 1754 in celebration of the birth of the future King Louis XVI, with the plot focusing on Jupiter announcing the birth of Osiris, who represents the infant prince.",1004
2hop__635544_110949,What is the date of birth of the person who was part of Ratata?,style,paraphrase,2,,0,"Shirley Abicair. Shirley Abicair was born in Melbourne, Victoria, Australia. Some sources show her year of birth as 1935, but a contemporary account shows she was 23 or 24 on arrival in Britain and, as she had completed tertiary studies in Australia, the earlier date seems more likely. She was the only daughter of a Wing Commander in the RAAF.

Anno Domini. This calendar era is based on the traditionally reckoned year of the conception or birth of Jesus of Nazareth, with AD counting years from the start of this epoch, and BC denoting years before the start of the era. There is no year zero in this scheme, so the year AD 1 immediately follows the year 1 BC. This dating system was devised in 525 by Dionysius Exiguus of Scythia Minor, but was not widely used until after 800.

Švitrigaila. Švitrigaila was born to Algirdas, Grand Duke of Lithuania, and his second wife Uliana of Tver. His date of birth is unknown, but it is believed that he was the youngest or second youngest son of Algirdas. He first appeared in politics in October 1382 when he witnessed the Treaty of Dubysa between his elder brother Jogaila and the Teutonic Knights. Historians believe that would indicate that at the time Švitrigaila was no younger than 12 which would put his date of birth sometime before 1370. In a complaint submitted to the Council of Florence, Švitrigaila claimed that he and Jogaila were favorite sons of Algirdas. Before his death in 1377, Algirdas transferred his throne to Jogaila but made him swear to make Švitrigaila his heir. Jogaila's representatives did not outright deny the arrangement and instead claimed that it had been modified by mutual agreement between the brothers.

Natural-born-citizen clause. The U.S. Constitution uses but does not define the phrase ``natural born Citizen '', and various opinions have been offered over time regarding its precise meaning. The consensus of early 21st - century constitutional scholars, together with relevant case law, is that natural - born citizens include, subject to exceptions, those born in the United States. Many scholars have also concluded that those who meet the legal requirements for U.S. citizenship`` at the moment of birth'', regardless of place of birth, are also natural - born citizens. Every president to date was either a citizen at the adoption of the Constitution in 1789 or was born in the United States; of these there have been seven that had at least one parent who was not born on U.S. soil.

Australia Day. The meaning and significance of Australia Day has evolved over time. Unofficially, or historically, the date has also been variously named ``Anniversary Day '',`` Foundation Day'', and ``ANA Day ''. 26 January 1788 marked the proclamation of British sovereignty over the eastern seaboard of Australia (then known as New Holland). Although it was not known as Australia Day until over a century later, records of celebrations on 26 January date back to 1808, with the first official celebration of the formation of New South Wales held in 1818. On New Year's Day 1901, the British colonies of Australia formed a federation, marking the birth of modern Australia. A national day of unity and celebration was looked for. It was not until 1935 that all Australian states and territories adopted use of the term`` Australia Day'' to mark the date, and not until 1994 that the date was consistently marked by a public holiday on that day by all states and territories.

Giovanni Cifolelli. Giovanni Cifolelli was an Italian mandolin virtuoso and dramatic composer whose date and place of birth are unknown. In 1764 he made his appearance in Paris as a mandolin virtuoso and was highly esteemed, both as a performer and teacher. He published his ""Method for the mandolin"" while residing in Paris, which met with great success throughout France, being the most popular of its period.

Maureen Payne. Maureen Payne (date of birth unknown, died 1997, South Africa) was a South Africa Test cricketer. She captained the side for their second series, played against New Zealand in 1971–72. She appeared in five Tests for South Africa, claiming eight wickets.

List of Dragon Ball Super episodes. Name Date Discs Episodes Part One July 25, 2017 01 -- 13 Part Two October 3, 2017 14 -- 26 Part Three February 20, 2018 27 -- 39

Streams of Expression. Streams of Expression is the 20th studio album by American jazz musician Joe Lovano to be released on the Blue Note label. It was released in 2006 and features a five-part ""Streams of Expression Suite,"" three-part ""Birth of the Cool Suite,"" and three other shorter works. The ""Birth of the Cool Suite"" was conducted by Gunther Schuller and utilizes melodic themes inspired by Miles Davis' work from his 1948 and 1950 nonet. The album also features George Garzone, Ralph Lalama, Gary Smulyan, and Tim Hagans.

Pir Syed Muhammad Binyamin Rizvi. Pir Syed Muhammad Binyamin Rizvi (Urdu: پیر سید محمد بنیامین رضوی)date of Birth 15 Aug 1959 date of Death 24 June 2004) was a Pakistani politician. He was the oldest son of Pir Syed Mohammad Yaqoob Shah (a famous spiritual and religious scholar, and member of provincial assembly who died on 31 August 1991). On 24 June 2004 he was brutally murdered in Lahore near his House. He is buried next to his father late Pir Syed Mohammad Yaqoob Shah in his home town Phalia.

La naissance d'Osiris. La naissance d'Osiris, ou La fête Pamilie (""The Birth of Osiris, or The Festival of Pamylia"") is a one-act opera by Jean-Philippe Rameau, first performed on 12 October 1754 at Fontainebleau to celebrate the birth of the future King Louis XVI. The libretto is by Rameau's frequent collaborator Louis de Cahusac. Cahusac styled the work a ""ballet allégorique"" (""allegorical ballet""), but it is usually categorised as an ""acte de ballet"". Its slender plot tells of Jupiter's announcement to a group of Egyptian shepherds of the birth of the god Osiris, who symbolises the baby prince. The piece may have started life as part of a larger work, ""Les beaux jours de l'Amour"", an ""opéra-ballet"" Rameau and Cahusac planned but never completed for reasons which are still uncertain.

Sue Ryder. Her birth and death certificates both put the date one year later, on 3 July 1924, as does a plaque unveiled in honour of Sue Ryder and Leonard Cheshire in Cavendish Church in Suffolk. At the beginning of the war, Ryder volunteered to the First Aid Nursing Yeomanry, even though she was only 15. To get in, she lied about her age and seems to have maintained the deception for the rest of her life.

Pak Nam-gi. Pak Nam-gi or Park Nam-ki (21 February 1934 – 17 March 2010) was, until as late as January 2010, Director of the Planning and Finance Department of the ruling party of North Korea. There are doubts about his date of birth, with at least two unattributed sources reporting it as 21 February 1934 or sometime in 1928 respectively.

William Shakespeare. William Shakespeare was the son of John Shakespeare, an alderman and a successful glover (glove-maker) originally from Snitterfield, and Mary Arden, the daughter of an affluent landowning farmer. He was born in Stratford-upon-Avon and baptised there on 26 April 1564. His actual date of birth remains unknown, but is traditionally observed on 23 April, Saint George's Day. This date, which can be traced to a mistake made by an 18th-century scholar, has proved appealing to biographers because Shakespeare died on the same date in 1616. He was the third of eight children, and the eldest surviving son.

List of Soul Eater episodes. Partial box sets (DVD only) Name Release date Discs Episodes Part One February 9, 2010 1 - 13 Part Two March 30, 2010 14 - 26 Part Three June 1, 2010 27 - 39 Part Four July 27, 2010 40 - 51

Conscription in Australia. In 1964 compulsory National Service for 20 - year - old males was introduced under the National Service Act (1964). The selection of conscripts was made by a sortition or lottery draw based on date of birth, and conscripts were obligated to give two years' continuous full - time service, followed by a further three years on the active reserve list. The full - time service requirement was reduced to eighteen months in October 1971.

Clara Morris. Clara Morris (March 17, 1849 – November 20, 1925) (her birth date is sometimes given as 1846/48) was an American actress.

Ratata (band). Ratata was a Swedish pop group fronted by Swedish vocalist Mauro Scocco formed in 1980. It functioned as a 4-piece band until 1983, when it was disbanded. But Johan Ekelund having played with the band briefly continued to cooperate with Scocco continuing as a duo until 1989. The duo had a brief comeback in 2002.

Yang Meng. Yang Meng was the third son of Yang Xingmi, a major warlord at the end of Tang Dynasty as the military governor (""Jiedushi"") of Huainan Circuit (淮南, headquartered in modern Yangzhou, Jiangsu). It is not known when he was born, although his immediately older brother Yang Longyan was born in 897 and his immediately younger brother Yang Pu was born in 900, placing a timeframe on his birth date. His mother's name was not recorded in history.

Mauro Scocco. Mauro Scocco (born 11 September 1962) is a Swedish pop artist of Italian descent. He has been described as ""one of the sharpest songwriters in Sweden"". Scocco was the singer for the pop group Ratata (1980–83) transformed into a duo with Johan Ekelund (1983–89). After Ratata, Scocco has continued as a solo artist since. In 2014, he cooperated with Plura Jonsson releasing a joint album as ""Mauro & Plura"".",2308
2hop__635544_110949,What is the date of birth of the person who was part of Ratata?,style,paraphrase,2,Use different wording.,1,"Shirley Abicair originated from Melbourne, Victoria, Australia. While some records indicate she was born in 1935, contemporary accounts suggest she was in her early twenties when she arrived in Britain. Given that she had already completed higher education in Australia, the earlier year is considered more probable. She was the sole daughter of a Royal Australian Air Force Wing Commander.

Anno Domini. This era, used for dating, is rooted in the traditional year marking the supposed conception or birth of Jesus of Nazareth. The years are counted from the commencement of this era: AD refers to years after, and BC to years before, with no intervening year zero. This system was created by Dionysius Exiguus of Scythia Minor around 525, though its widespread adoption did not occur until after the year 800.

Švitrigaila. Švitrigaila, son of Algirdas, Grand Duke of Lithuania, and his second spouse Uliana of Tver, has an uncertain birth year. It is thought he was Algirdas’s youngest or second youngest son. His first recorded political appearance came in October 1382, when he signed the Treaty of Dubysa alongside his older brother Jogaila and the Teutonic Knights. Following Algirdas's death in 1377, he transferred the title to Jogaila but required him to pledge to make Švitrigaila his successor. Jogaila’s representatives neither fully confirmed nor denied the agreement, stating it may have been altered by mutual consent.

Sue Ryder. Sue Ryder (birth date sometimes recorded as 1923, death: 1997, South Africa) was a South African cricketer. She captained the national team during their second series against New Zealand in 1971–72. She joined the First Aid Nursing Yeomanry at 15 during the early years of World War II, having lied about her age, a fact she maintained throughout her life.

Pak Nam-gi. Pak Nam-gi, also known as Park Nam-ki (21 February 1934 – 17 March 2010), was the director of the Planning and Finance Department for North Korea’s ruling party until at least January 2010. There is uncertainty surrounding his birth year, with some reports suggesting 1928 instead of 1934.

William Shakespeare. William Shakespeare, son of John Shakespeare—a local alderman and glove-maker from Snitterfield—and Mary Arden, the daughter of a wealthy farmer, was born in Stratford-upon-Avon and baptized on 26 April 1564. His exact birth date is unknown, but 23 April, in honor of Saint George, is traditionally celebrated, partly due to a historical error by an 18th-century scholar, as Shakespeare also died on that day in 1616. He was the third of eight children and the eldest to survive infancy.

List of Dragon Ball Super episodes. Sectioned into four parts:
Part One – 25 July 2017, discs 1–13
Part Two – 3 October 2017, discs 14–26
Part Three – 20 February 2018, discs 27–39
Part Four – 27 July 2010, discs 40–51

Conscription in Australia. Under the National Service Act of 1964, males turning 20 were required to serve. Selection was determined by a random lottery based on birth date. Conscription required 24 months of full-time duty, followed by three more years on the active reserve list.

Clara Morris. Clara Morris (born March 17, 1849—alternatively cited as 1846 or 1848—was an American actress.

Ratata (band). Ratata was a Swedish pop group led by singer Mauro Scocco, established in 1980. Initially a four-member band, it became a duo with Johan Ekelund from 1983 onward. The duo reunited temporarily in 2002.

Yang Meng. Yang Meng, third son of Yang Xingmi, a prominent late Tang Dynasty warlord and military governor of Huainan (based in present-day Yangzhou, Jiangsu), had an unspecified birth year. His older brother, Yang Longyan, was born in 897, and his younger brother, Yang Pu, in 900, narrowing the likely period of his birth.

Mauro Scocco. Mauro Scocco (born 11 September 1962), of Italian heritage, is a Swedish pop singer-songwriter, recognized as one of Sweden’s sharpest lyricists. He was the frontman of Ratata from 1980 to 1983, then continued with Johan Ekelund as a duo until 1989, after which he pursued a solo career, collaborating with Plura Jonsson for a 2014 album titled “Mauro & Plura.”",1001
2hop__635544_110949,What is the date of birth of the person who was part of Ratata?,style,paraphrase,2,Use different wording.,2,"Shirley Abicair was born in Melbourne, Victoria, Australia. While certain documents claim her birth year as 1935, other historical accounts indicate she was in her early twenties when she moved to Britain. Because she had finished advanced education in Australia beforehand, historians tend to favor the earlier date. She was the only daughter of a Royal Australian Air Force Wing Commander.

Anno Domini, the dating system widely used for historical and religious contexts, traces its origins to the traditional calculation of the year marking the believed birth or conception of Jesus of Nazareth. Years after this reference are labeled AD, while years before are marked BC. There is no year zero in this system. Dionysius Exiguus, a monk from Scythia Minor, developed this system around 525, though it did not become broadly adopted until after the year 800.

Švitrigaila. Švitrigaila, the son of Algirdas, the Grand Duke of Lithuania, and his second wife Uliana of Tver, has an unclear birth year. He is believed to have been either the youngest or the second youngest of Algirdas’s sons. His first documented political involvement occurred in October 1382 when he signed the Treaty of Dubysa together with his elder brother Jogaila and representatives of the Teutonic Knights. Following Algirdas’s death in 1377, Švitrigaila arranged for Jogaila to receive a title but insisted that Jogaila promise to designate him as his successor. Jogaila’s envoys gave a noncommittal response, noting the agreement may have been subject to mutual changes.

Sue Ryder. Sue Ryder, whose birth year is sometimes listed as 1923, passed away in 1997. She was a cricketer from South Africa and led the national team in their second series against New Zealand in 1971–72. At age 15, during the early stages of World War II, she joined the First Aid Nursing Yeomanry by falsifying her age, a claim she upheld throughout her life.

Pak Nam-gi. Pak Nam-gi, also known as Park Nam-ki (21 February 1934 – 17 March 2010), served as director of the Planning and Finance Department in North Korea’s ruling party until at least January 2010. However, some sources cite 1928 as his year of birth instead of 1934.

William Shakespeare. William Shakespeare, born to John Shakespeare—a local official and glove-maker from Snitterfield—and Mary Arden, the daughter of a prosperous farmer, was baptized on 26 April 1564 in Stratford-upon-Avon. The exact date of his birth is unknown, but 23 April is traditionally observed in his honor, partly due to an 18th-century scholar’s mistake, as Shakespeare also died on that day in 1616. He was the third surviving child out of eight.

List of Dragon Ball Super episodes. Divided into four segments:
Segment One – Premiered 25 July 2017, spanning discs 1–13
Segment Two – Began 3 October 2017, covering discs 14–26
Segment Three – Launched 20 February 2018, includes discs 27–39
Segment Four – Started 27 July 2010, covers discs 40–51

Conscription in Australia. The National Service Act of 1964 mandated that men turning 20 register for service. Conscription was decided by a lottery based on their date of birth. Those selected were obligated to serve two years full-time, followed by three additional years on the active reserve roster.

Clara Morris. Clara Morris, born on March 17, 1849 (though some sources say 1846 or 1848), was an American actress.",787
2hop__635544_110949,What is the date of birth of the person who was part of Ratata?,style,paraphrase,2,Use different wording.,3,"Shirley Abicair came into the world in Melbourne, Victoria, Australia. Some records state she was born in 1935, but other historical narratives suggest she was in her early twenties when she relocated to Britain. Given that she had already completed higher education in Australia, most historians lean towards the earlier year. She was the sole daughter of a Royal Australian Air Force Wing Commander.

Anno Domini, the calendar era commonly employed for historical and religious purposes, originates from the computation of the year believed to mark the birth or conception of Jesus of Nazareth. Years following this reference are designated as AD, while those preceding it are marked as BC. The system does not include a year zero. This method was devised by Dionysius Exiguus, a monk from Scythia Minor, circa 525. Widespread adoption only occurred after the ninth century.

Švitrigaila. Švitrigaila, offspring of Algirdas—the Grand Duke of Lithuania—and his second wife Uliana of Tver, has a disputed birth year. He likely was the youngest or the second youngest among Algirdas’s sons. The first official record of his involvement in politics appears in October 1382, when he co-signed the Treaty of Dubysa with his older brother Jogaila and Teutonic Knights’ representatives. After Algirdas’s death in 1377, Švitrigaila ensured Jogaila received a title but required that Jogaila agree to name him as his successor, though Jogaila’s representatives gave a response that left the matter open to future change.

Sue Ryder. Although some sources list her birth year as 1923, Sue Ryder was a cricketer from South Africa and took charge of the national squad for their second series against New Zealand in the 1971–72 period. At fifteen, during the initial phase of World War II, she joined the First Aid Nursing Yeomanry by providing a false age, a fact she maintained for her entire life.

Pak Nam-gi. Pak Nam-gi, also referred to as Park Nam-ki (21 February 1934 – 17 March 2010), was the head of the Planning and Finance Department within North Korea’s ruling party until at least January 2010. Nevertheless, alternative accounts propose that he was born in 1928 rather than 1934.

William Shakespeare. William Shakespeare, the son of John Shakespeare—a town official and glove-maker from Snitterfield—and Mary Arden, a daughter of a prosperous farmer, was baptized on April 26, 1564, in Stratford-upon-Avon. The precise day of his birth remains unknown, but April 23 is customarily recognized in his honor. This is partly due to an error made by an 18th-century scholar, as Shakespeare also died on April 23, 1616. He was the third child among eight who survived infancy.

Compilation of Dragon Ball Super episodes. These episodes are partitioned into four arcs:
Arc One – First aired on July 25, 2017, distributed across discs 1–13.
Arc Two – Commenced October 3, 2017, encompassing discs 14–26.
Arc Three – Debuted on February 20, 2018, comprising discs 27–39.
Arc Four – Began July 27, 2010, covering discs 40–51.

Compulsory military service in Australia. The National Service Act of 1964 required men upon reaching age 20 to enroll for military service. Assignment for service was determined by a lottery that took into account each man’s birthdate. Those chosen were compelled to serve two years on a full-time basis, plus an additional three years as part of the active reserves.",776
2hop__635544_110949,What is the date of birth of the person who was part of Ratata?,content,shorten,0,,0,"Shirley Abicair. Shirley Abicair was born in Melbourne, Victoria, Australia. Some sources show her year of birth as 1935, but a contemporary account shows she was 23 or 24 on arrival in Britain and, as she had completed tertiary studies in Australia, the earlier date seems more likely. She was the only daughter of a Wing Commander in the RAAF.

Anno Domini. This calendar era is based on the traditionally reckoned year of the conception or birth of Jesus of Nazareth, with AD counting years from the start of this epoch, and BC denoting years before the start of the era. There is no year zero in this scheme, so the year AD 1 immediately follows the year 1 BC. This dating system was devised in 525 by Dionysius Exiguus of Scythia Minor, but was not widely used until after 800.

Švitrigaila. Švitrigaila was born to Algirdas, Grand Duke of Lithuania, and his second wife Uliana of Tver. His date of birth is unknown, but it is believed that he was the youngest or second youngest son of Algirdas. He first appeared in politics in October 1382 when he witnessed the Treaty of Dubysa between his elder brother Jogaila and the Teutonic Knights. Historians believe that would indicate that at the time Švitrigaila was no younger than 12 which would put his date of birth sometime before 1370. In a complaint submitted to the Council of Florence, Švitrigaila claimed that he and Jogaila were favorite sons of Algirdas. Before his death in 1377, Algirdas transferred his throne to Jogaila but made him swear to make Švitrigaila his heir. Jogaila's representatives did not outright deny the arrangement and instead claimed that it had been modified by mutual agreement between the brothers.

Natural-born-citizen clause. The U.S. Constitution uses but does not define the phrase ``natural born Citizen '', and various opinions have been offered over time regarding its precise meaning. The consensus of early 21st - century constitutional scholars, together with relevant case law, is that natural - born citizens include, subject to exceptions, those born in the United States. Many scholars have also concluded that those who meet the legal requirements for U.S. citizenship`` at the moment of birth'', regardless of place of birth, are also natural - born citizens. Every president to date was either a citizen at the adoption of the Constitution in 1789 or was born in the United States; of these there have been seven that had at least one parent who was not born on U.S. soil.

Australia Day. The meaning and significance of Australia Day has evolved over time. Unofficially, or historically, the date has also been variously named ``Anniversary Day '',`` Foundation Day'', and ``ANA Day ''. 26 January 1788 marked the proclamation of British sovereignty over the eastern seaboard of Australia (then known as New Holland). Although it was not known as Australia Day until over a century later, records of celebrations on 26 January date back to 1808, with the first official celebration of the formation of New South Wales held in 1818. On New Year's Day 1901, the British colonies of Australia formed a federation, marking the birth of modern Australia. A national day of unity and celebration was looked for. It was not until 1935 that all Australian states and territories adopted use of the term`` Australia Day'' to mark the date, and not until 1994 that the date was consistently marked by a public holiday on that day by all states and territories.

Giovanni Cifolelli. Giovanni Cifolelli was an Italian mandolin virtuoso and dramatic composer whose date and place of birth are unknown. In 1764 he made his appearance in Paris as a mandolin virtuoso and was highly esteemed, both as a performer and teacher. He published his ""Method for the mandolin"" while residing in Paris, which met with great success throughout France, being the most popular of its period.

Maureen Payne. Maureen Payne (date of birth unknown, died 1997, South Africa) was a South Africa Test cricketer. She captained the side for their second series, played against New Zealand in 1971–72. She appeared in five Tests for South Africa, claiming eight wickets.

List of Dragon Ball Super episodes. Name Date Discs Episodes Part One July 25, 2017 01 -- 13 Part Two October 3, 2017 14 -- 26 Part Three February 20, 2018 27 -- 39

Streams of Expression. Streams of Expression is the 20th studio album by American jazz musician Joe Lovano to be released on the Blue Note label. It was released in 2006 and features a five-part ""Streams of Expression Suite,"" three-part ""Birth of the Cool Suite,"" and three other shorter works. The ""Birth of the Cool Suite"" was conducted by Gunther Schuller and utilizes melodic themes inspired by Miles Davis' work from his 1948 and 1950 nonet. The album also features George Garzone, Ralph Lalama, Gary Smulyan, and Tim Hagans.

Pir Syed Muhammad Binyamin Rizvi. Pir Syed Muhammad Binyamin Rizvi (Urdu: پیر سید محمد بنیامین رضوی)date of Birth 15 Aug 1959 date of Death 24 June 2004) was a Pakistani politician. He was the oldest son of Pir Syed Mohammad Yaqoob Shah (a famous spiritual and religious scholar, and member of provincial assembly who died on 31 August 1991). On 24 June 2004 he was brutally murdered in Lahore near his House. He is buried next to his father late Pir Syed Mohammad Yaqoob Shah in his home town Phalia.

La naissance d'Osiris. La naissance d'Osiris, ou La fête Pamilie (""The Birth of Osiris, or The Festival of Pamylia"") is a one-act opera by Jean-Philippe Rameau, first performed on 12 October 1754 at Fontainebleau to celebrate the birth of the future King Louis XVI. The libretto is by Rameau's frequent collaborator Louis de Cahusac. Cahusac styled the work a ""ballet allégorique"" (""allegorical ballet""), but it is usually categorised as an ""acte de ballet"". Its slender plot tells of Jupiter's announcement to a group of Egyptian shepherds of the birth of the god Osiris, who symbolises the baby prince. The piece may have started life as part of a larger work, ""Les beaux jours de l'Amour"", an ""opéra-ballet"" Rameau and Cahusac planned but never completed for reasons which are still uncertain.

Sue Ryder. Her birth and death certificates both put the date one year later, on 3 July 1924, as does a plaque unveiled in honour of Sue Ryder and Leonard Cheshire in Cavendish Church in Suffolk. At the beginning of the war, Ryder volunteered to the First Aid Nursing Yeomanry, even though she was only 15. To get in, she lied about her age and seems to have maintained the deception for the rest of her life.

Pak Nam-gi. Pak Nam-gi or Park Nam-ki (21 February 1934 – 17 March 2010) was, until as late as January 2010, Director of the Planning and Finance Department of the ruling party of North Korea. There are doubts about his date of birth, with at least two unattributed sources reporting it as 21 February 1934 or sometime in 1928 respectively.

William Shakespeare. William Shakespeare was the son of John Shakespeare, an alderman and a successful glover (glove-maker) originally from Snitterfield, and Mary Arden, the daughter of an affluent landowning farmer. He was born in Stratford-upon-Avon and baptised there on 26 April 1564. His actual date of birth remains unknown, but is traditionally observed on 23 April, Saint George's Day. This date, which can be traced to a mistake made by an 18th-century scholar, has proved appealing to biographers because Shakespeare died on the same date in 1616. He was the third of eight children, and the eldest surviving son.

List of Soul Eater episodes. Partial box sets (DVD only) Name Release date Discs Episodes Part One February 9, 2010 1 - 13 Part Two March 30, 2010 14 - 26 Part Three June 1, 2010 27 - 39 Part Four July 27, 2010 40 - 51

Conscription in Australia. In 1964 compulsory National Service for 20 - year - old males was introduced under the National Service Act (1964). The selection of conscripts was made by a sortition or lottery draw based on date of birth, and conscripts were obligated to give two years' continuous full - time service, followed by a further three years on the active reserve list. The full - time service requirement was reduced to eighteen months in October 1971.

Clara Morris. Clara Morris (March 17, 1849 – November 20, 1925) (her birth date is sometimes given as 1846/48) was an American actress.

Ratata (band). Ratata was a Swedish pop group fronted by Swedish vocalist Mauro Scocco formed in 1980. It functioned as a 4-piece band until 1983, when it was disbanded. But Johan Ekelund having played with the band briefly continued to cooperate with Scocco continuing as a duo until 1989. The duo had a brief comeback in 2002.

Yang Meng. Yang Meng was the third son of Yang Xingmi, a major warlord at the end of Tang Dynasty as the military governor (""Jiedushi"") of Huainan Circuit (淮南, headquartered in modern Yangzhou, Jiangsu). It is not known when he was born, although his immediately older brother Yang Longyan was born in 897 and his immediately younger brother Yang Pu was born in 900, placing a timeframe on his birth date. His mother's name was not recorded in history.

Mauro Scocco. Mauro Scocco (born 11 September 1962) is a Swedish pop artist of Italian descent. He has been described as ""one of the sharpest songwriters in Sweden"". Scocco was the singer for the pop group Ratata (1980–83) transformed into a duo with Johan Ekelund (1983–89). After Ratata, Scocco has continued as a solo artist since. In 2014, he cooperated with Plura Jonsson releasing a joint album as ""Mauro & Plura"".",2308
2hop__635544_110949,What is the date of birth of the person who was part of Ratata?,content,shorten,0,Make wording more concise.,1,"Shirley Abicair. Born in Melbourne, Australia. Likely born in 1935. Only daughter of a RAAF Wing Commander.

Anno Domini. Calendar era based on Jesus’ estimated birth. No year zero; AD 1 follows 1 BC. Invented by Dionysius Exiguus in 525. Became widespread after 800.

Pir Syed Muhammad Binyamin Rizvi. Pakistani politician. Alleged birthdate: 15 Aug 1934. Died 17 Mar 2010. Oldest son of Pir Syed Mohammad Yaqoob Shah. Killed in Lahore, 2004. Buried with father in Phalia.

Conscription in Australia. Introduced in 1964 under the National Service Act. 20-year-old males selected by lottery. Required two years full-time service, then three years on active reserve. Reduced to eighteen months in 1971.

Yang Meng. Third son of Yang Xingmi, a late Tang warlord. Birth date unknown; older brother born 897, younger in 900.

Mauro Scocco. Swedish pop artist, Italian descent. Born 11 Sep 1962. Ratata singer 1980–83, became duo with Johan Ekelund 1983–89. Solo since 1989. Released album with Plura Jonsson in 2014 as “Mauro & Plura.”",286
2hop__635544_110949,What is the date of birth of the person who was part of Ratata?,content,shorten,0,Make wording more concise.,2,"Shirley Abicair. Born in Melbourne, 1935. Daughter of a RAAF Wing Commander.

Anno Domini. Calendar era based on Jesus’ birth. No year zero; AD 1 follows 1 BC. Invented by Dionysius Exiguus, 525. Spread after 800.

Pir Syed Muhammad Binyamin Rizvi. Pakistani politician. Alleged birthdate: 15 Aug 1934. Died 17 Mar 2010. Oldest son of Pir Syed Mohammad Yaqoob Shah. Killed in Lahore, 2004. Buried with father in Phalia.

Conscription in Australia. Began 1964 under National Service Act. 20-year-old men chosen by lottery. Two years full-time service, then three years on active reserve. Reduced to eighteen months in 1971.

Yang Meng. Third son of Yang Xingmi, Tang warlord. Birth date unknown; older brother 897, younger 900.

Mauro Scocco. Swedish pop artist of Italian descent. Born 11 Sep 1962. Sang with Ratata 1980–83. Duo with Johan Ekelund 1983–89. Solo since 1989. Released 2014 album with Plura Jonsson as “Mauro & Plura.”",271
2hop__635544_110949,What is the date of birth of the person who was part of Ratata?,content,shorten,0,Make wording more concise.,3,"Shirley Abicair. Born Melbourne, 1935. Daughter of RAAF Wing Commander.

Anno Domini. Era based on Jesus’ birth. No year zero; AD 1 follows 1 BC. Invented 525 by Dionysius Exiguus. Spread after 800.

Pir Syed Muhammad Binyamin Rizvi. Pakistani politician. Alleged birthdate: 15 Aug 1934. Died 17 Mar 2010. Oldest son of Pir Syed Mohammad Yaqoob Shah. Killed in Lahore, 2004. Buried with father in Phalia.

Conscription in Australia. Started 1964 via National Service Act. 20-year-olds selected by lottery. Two years full-time service; then three years active reserve. Reduced to eighteen months in 1971.

Yang Meng. Tang warlord Yang Xingmi’s third son. Birth date unknown; brothers born 897 and 900.

Mauro Scocco. Swedish pop artist of Italian origin. Born 11 Sep 1962. Member of Ratata 1980–83. Duo with Johan Ekelund 1983–89. Solo since 1989. Released 2014 album with Plura Jonsson as “Mauro & Plura.”",262
2hop__635544_110949,What is the date of birth of the person who was part of Ratata?,content,shorten,1,,0,"Shirley Abicair. Shirley Abicair was born in Melbourne, Victoria, Australia. Some sources show her year of birth as 1935, but a contemporary account shows she was 23 or 24 on arrival in Britain and, as she had completed tertiary studies in Australia, the earlier date seems more likely. She was the only daughter of a Wing Commander in the RAAF.

Anno Domini. This calendar era is based on the traditionally reckoned year of the conception or birth of Jesus of Nazareth, with AD counting years from the start of this epoch, and BC denoting years before the start of the era. There is no year zero in this scheme, so the year AD 1 immediately follows the year 1 BC. This dating system was devised in 525 by Dionysius Exiguus of Scythia Minor, but was not widely used until after 800.

Švitrigaila. Švitrigaila was born to Algirdas, Grand Duke of Lithuania, and his second wife Uliana of Tver. His date of birth is unknown, but it is believed that he was the youngest or second youngest son of Algirdas. He first appeared in politics in October 1382 when he witnessed the Treaty of Dubysa between his elder brother Jogaila and the Teutonic Knights. Historians believe that would indicate that at the time Švitrigaila was no younger than 12 which would put his date of birth sometime before 1370. In a complaint submitted to the Council of Florence, Švitrigaila claimed that he and Jogaila were favorite sons of Algirdas. Before his death in 1377, Algirdas transferred his throne to Jogaila but made him swear to make Švitrigaila his heir. Jogaila's representatives did not outright deny the arrangement and instead claimed that it had been modified by mutual agreement between the brothers.

Natural-born-citizen clause. The U.S. Constitution uses but does not define the phrase ``natural born Citizen '', and various opinions have been offered over time regarding its precise meaning. The consensus of early 21st - century constitutional scholars, together with relevant case law, is that natural - born citizens include, subject to exceptions, those born in the United States. Many scholars have also concluded that those who meet the legal requirements for U.S. citizenship`` at the moment of birth'', regardless of place of birth, are also natural - born citizens. Every president to date was either a citizen at the adoption of the Constitution in 1789 or was born in the United States; of these there have been seven that had at least one parent who was not born on U.S. soil.

Australia Day. The meaning and significance of Australia Day has evolved over time. Unofficially, or historically, the date has also been variously named ``Anniversary Day '',`` Foundation Day'', and ``ANA Day ''. 26 January 1788 marked the proclamation of British sovereignty over the eastern seaboard of Australia (then known as New Holland). Although it was not known as Australia Day until over a century later, records of celebrations on 26 January date back to 1808, with the first official celebration of the formation of New South Wales held in 1818. On New Year's Day 1901, the British colonies of Australia formed a federation, marking the birth of modern Australia. A national day of unity and celebration was looked for. It was not until 1935 that all Australian states and territories adopted use of the term`` Australia Day'' to mark the date, and not until 1994 that the date was consistently marked by a public holiday on that day by all states and territories.

Giovanni Cifolelli. Giovanni Cifolelli was an Italian mandolin virtuoso and dramatic composer whose date and place of birth are unknown. In 1764 he made his appearance in Paris as a mandolin virtuoso and was highly esteemed, both as a performer and teacher. He published his ""Method for the mandolin"" while residing in Paris, which met with great success throughout France, being the most popular of its period.

Maureen Payne. Maureen Payne (date of birth unknown, died 1997, South Africa) was a South Africa Test cricketer. She captained the side for their second series, played against New Zealand in 1971–72. She appeared in five Tests for South Africa, claiming eight wickets.

List of Dragon Ball Super episodes. Name Date Discs Episodes Part One July 25, 2017 01 -- 13 Part Two October 3, 2017 14 -- 26 Part Three February 20, 2018 27 -- 39

Streams of Expression. Streams of Expression is the 20th studio album by American jazz musician Joe Lovano to be released on the Blue Note label. It was released in 2006 and features a five-part ""Streams of Expression Suite,"" three-part ""Birth of the Cool Suite,"" and three other shorter works. The ""Birth of the Cool Suite"" was conducted by Gunther Schuller and utilizes melodic themes inspired by Miles Davis' work from his 1948 and 1950 nonet. The album also features George Garzone, Ralph Lalama, Gary Smulyan, and Tim Hagans.

Pir Syed Muhammad Binyamin Rizvi. Pir Syed Muhammad Binyamin Rizvi (Urdu: پیر سید محمد بنیامین رضوی)date of Birth 15 Aug 1959 date of Death 24 June 2004) was a Pakistani politician. He was the oldest son of Pir Syed Mohammad Yaqoob Shah (a famous spiritual and religious scholar, and member of provincial assembly who died on 31 August 1991). On 24 June 2004 he was brutally murdered in Lahore near his House. He is buried next to his father late Pir Syed Mohammad Yaqoob Shah in his home town Phalia.

La naissance d'Osiris. La naissance d'Osiris, ou La fête Pamilie (""The Birth of Osiris, or The Festival of Pamylia"") is a one-act opera by Jean-Philippe Rameau, first performed on 12 October 1754 at Fontainebleau to celebrate the birth of the future King Louis XVI. The libretto is by Rameau's frequent collaborator Louis de Cahusac. Cahusac styled the work a ""ballet allégorique"" (""allegorical ballet""), but it is usually categorised as an ""acte de ballet"". Its slender plot tells of Jupiter's announcement to a group of Egyptian shepherds of the birth of the god Osiris, who symbolises the baby prince. The piece may have started life as part of a larger work, ""Les beaux jours de l'Amour"", an ""opéra-ballet"" Rameau and Cahusac planned but never completed for reasons which are still uncertain.

Sue Ryder. Her birth and death certificates both put the date one year later, on 3 July 1924, as does a plaque unveiled in honour of Sue Ryder and Leonard Cheshire in Cavendish Church in Suffolk. At the beginning of the war, Ryder volunteered to the First Aid Nursing Yeomanry, even though she was only 15. To get in, she lied about her age and seems to have maintained the deception for the rest of her life.

Pak Nam-gi. Pak Nam-gi or Park Nam-ki (21 February 1934 – 17 March 2010) was, until as late as January 2010, Director of the Planning and Finance Department of the ruling party of North Korea. There are doubts about his date of birth, with at least two unattributed sources reporting it as 21 February 1934 or sometime in 1928 respectively.

William Shakespeare. William Shakespeare was the son of John Shakespeare, an alderman and a successful glover (glove-maker) originally from Snitterfield, and Mary Arden, the daughter of an affluent landowning farmer. He was born in Stratford-upon-Avon and baptised there on 26 April 1564. His actual date of birth remains unknown, but is traditionally observed on 23 April, Saint George's Day. This date, which can be traced to a mistake made by an 18th-century scholar, has proved appealing to biographers because Shakespeare died on the same date in 1616. He was the third of eight children, and the eldest surviving son.

List of Soul Eater episodes. Partial box sets (DVD only) Name Release date Discs Episodes Part One February 9, 2010 1 - 13 Part Two March 30, 2010 14 - 26 Part Three June 1, 2010 27 - 39 Part Four July 27, 2010 40 - 51

Conscription in Australia. In 1964 compulsory National Service for 20 - year - old males was introduced under the National Service Act (1964). The selection of conscripts was made by a sortition or lottery draw based on date of birth, and conscripts were obligated to give two years' continuous full - time service, followed by a further three years on the active reserve list. The full - time service requirement was reduced to eighteen months in October 1971.

Clara Morris. Clara Morris (March 17, 1849 – November 20, 1925) (her birth date is sometimes given as 1846/48) was an American actress.

Ratata (band). Ratata was a Swedish pop group fronted by Swedish vocalist Mauro Scocco formed in 1980. It functioned as a 4-piece band until 1983, when it was disbanded. But Johan Ekelund having played with the band briefly continued to cooperate with Scocco continuing as a duo until 1989. The duo had a brief comeback in 2002.

Yang Meng. Yang Meng was the third son of Yang Xingmi, a major warlord at the end of Tang Dynasty as the military governor (""Jiedushi"") of Huainan Circuit (淮南, headquartered in modern Yangzhou, Jiangsu). It is not known when he was born, although his immediately older brother Yang Longyan was born in 897 and his immediately younger brother Yang Pu was born in 900, placing a timeframe on his birth date. His mother's name was not recorded in history.

Mauro Scocco. Mauro Scocco (born 11 September 1962) is a Swedish pop artist of Italian descent. He has been described as ""one of the sharpest songwriters in Sweden"". Scocco was the singer for the pop group Ratata (1980–83) transformed into a duo with Johan Ekelund (1983–89). After Ratata, Scocco has continued as a solo artist since. In 2014, he cooperated with Plura Jonsson releasing a joint album as ""Mauro & Plura"".",2308
2hop__635544_110949,What is the date of birth of the person who was part of Ratata?,content,shorten,1,Rephrase for clarity and conciseness.,1,"Shirley Abicair was born in Melbourne, Australia, likely in 1935. She was the only daughter of a Royal Australian Air Force Wing Commander. 

The Anno Domini (AD) system began with Dionysius Exiguus in 525. It lacks a year zero, so AD 1 follows 1 BC. 

Švitrigaila was a Lithuanian prince and possibly the youngest son of Grand Duke Algirdas. He was active by 1382 and was named as a potential heir by Algirdas before his death in 1377. 

The “natural born Citizen” phrase in the U.S. Constitution is generally understood to include people who are citizens at birth, whether in the U.S. or abroad. All U.S. presidents were either citizens at the Constitution’s adoption or born in the U.S., and several had at least one parent who was not a U.S. citizen.

Australia Day marks the 1788 British claim to Australia and later, the 1901 formation of the nation. The holiday was not called “Australia Day” until 1935 and standardized as a nationwide public holiday in 1994.

Mauro Scocco, born September 11, 1962, is a Swedish pop artist of Italian descent and a noted songwriter. He led the pop group Ratata from 1980 to 1989 and has since pursued a solo career. In 2014, he released a joint album with Plura Jonsson.

Pir Syed Muhammad Binyamin Rizvi (15 August 1959 – 24 June 2004) was a Pakistani politician and the eldest surviving son of Pir Syed Mohammad Yaqoob Shah. Rizvi was killed in Lahore in 2004 and is buried next to his father in Phalia.

The opera La naissance d'Osiris premiered in 1754 in honor of the future King Louis XVI. It is usually classified as an allegorical ballet and depicts the announcement of Osiris’s birth by Jupiter to Egyptian shepherds.

Conscription in Australia began in 1964. Men turning 20 entered a lottery for military service, serving two years full-time and three more in the reserves. The full-time requirement was reduced to 18 months in 1971.

Yang Meng was a son of Yang Xingmi, a Tang Dynasty warlord. His birth year is uncertain but falls between 897 and 900, based on his brothers’ birth years.

Giovanni Cifolelli, an Italian mandolin virtuoso and composer, arrived in Paris in 1764. His birth details are unknown.

Maureen Ryder volunteered for the First Aid Nursing Yeomanry at 15 during World War II. Official records list her birth as 3 July 1924, though some sources say 1946 or 1948.

Pak Nam-gi (21 February 1934 or possibly 1928) was a North Korean official in the Planning and Finance Department. 

William Shakespeare was born in Stratford-upon-Avon in 1564 (likely April 23). He was the eldest surviving son of John Shakespeare and Mary Arden.

The list of Dragon Ball Super episodes is divided into four parts: 1–13 (July 25, 2017), 14–26 (October 3, 2017), 27–39 (February 20, 2018), and 40–51 (July 27, 2010).

Ratata was a Swedish pop group led by Mauro Scocco from 1980 to 1983 as a quartet, then as a duo with Johan Ekelund until 1989, and reunited briefly in 2002.

Clara Morris (March 17, 1849 – November 20, 1925) was an American actress. Some sources list her birth year as 1846 or 1848.",806
2hop__635544_110949,What is the date of birth of the person who was part of Ratata?,content,shorten,1,Rephrase for clarity and conciseness.,2,"Shirley Abicair, born in 1935 in Melbourne, was the only daughter of a Royal Australian Air Force Wing Commander.

The AD (Anno Domini) dating system, introduced by Dionysius Exiguus in 525, starts with AD 1 immediately after 1 BC, omitting a year zero.

Švitrigaila, a Lithuanian prince and possibly the youngest son of Grand Duke Algirdas, became active by 1382 and was considered as a potential heir before Algirdas’s death in 1377.

In the U.S. Constitution, a “natural born Citizen” refers to someone who is a citizen from birth, whether in the United States or abroad. All U.S. presidents were either citizens at the time of the Constitution’s adoption or born in the U.S., and several had at least one non-U.S. citizen parent.

Australia Day commemorates the 1788 British colonization of Australia and the 1901 formation of the country as a nation. It was not known by that name until 1935 and became a national public holiday in 1994.

Mauro Scocco, born on September 11, 1962 (of Italian descent and a Swedish pop artist), moved to Paris in 1764 and is also a noted songwriter. He led the group Ratata from 1980 to 1989 and released a joint album with Plura Jonsson in 2014.

Pir Syed Muhammad Binyamin Rizvi (February 21, 1934, or possibly 1928–June 24, 2004) was a North Korean official in the Planning and Finance Department and the eldest surviving son of Pir Syed Mohammad Yaqoob Shah. He was killed in Lahore in 2004 and buried next to his father in Phalia.

The premiere of the opera La naissance d'Osiris in 1754 honored the future King Louis XVI. The work is generally regarded as an allegorical ballet depicting the announcement of Osiris’s birth to Egyptian shepherds by Jupiter.

Conscription in Australia started in 1964. Men turning 20 entered a lottery for two years of full-time military service and three more years in the reserves, with the full-time period shortened to 18 months in 1971.

Yang Meng, son of Yang Xingmi, a Tang Dynasty warlord, was born between 897 and 900, based on his brothers’ birth years.

Giovanni Cifolelli, an Italian-born Swedish mandolin virtuoso and composer, relocated to Paris in 1764. His exact birth date is unknown.

Clara Morris (March 17, 1849–November 20, 1925), an American actress, is sometimes listed as being born in 1846 or 1848.",581
2hop__635544_110949,What is the date of birth of the person who was part of Ratata?,content,shorten,1,Rephrase for clarity and conciseness.,3,"Shirley Abicair was born in 1935 in Melbourne as the only daughter of a Royal Australian Air Force Wing Commander.

The AD system, established by Dionysius Exiguus in 525, begins with AD 1 directly after 1 BC, skipping a year zero.

Švitrigaila, a Lithuanian prince and likely one of the youngest sons of Grand Duke Algirdas, became prominent by 1382 and was considered as a possible heir before Algirdas’s death in 1377.

According to the U.S. Constitution, a “natural born Citizen” is someone who is a citizen from birth, either in the United States or elsewhere. All U.S. presidents were either citizens at the time the Constitution was adopted or born in the U.S., and several had at least one parent who was not a U.S. citizen.

Australia Day marks the 1788 British colonization of Australia and the creation of the nation in 1901. The holiday did not receive its current name until 1935 and was not a national public holiday until 1994.

Mauro Scocco, a Swedish pop artist and songwriter of Italian descent, moved to Paris in 1764. He was the leader of Ratata from 1980 to 1989 and released a collaborative album with Plura Jonsson in 2014.

Pir Syed Muhammad Binyamin Rizvi (born 1934 or possibly 1928; died June 24, 2004) was a North Korean official in the Planning and Finance Department and the eldest surviving son of Pir Syed Mohammad Yaqoob Shah. He was killed in Lahore in 2004 and buried beside his father in Phalia.

The opera La naissance d'Osiris premiered in 1754 to honor the future King Louis XVI. It is generally seen as an allegorical ballet announcing Osiris’s birth to Egyptian shepherds through Jupiter.

Conscription in Australia began in 1964, requiring men who turned 20 to enter a lottery for two years of full-time military service and three more years in the reserves. In 1971, the full-time service was reduced to 18 months.",449
2hop__635544_110949,What is the date of birth of the person who was part of Ratata?,content,shorten,2,,0,"Shirley Abicair. Shirley Abicair was born in Melbourne, Victoria, Australia. Some sources show her year of birth as 1935, but a contemporary account shows she was 23 or 24 on arrival in Britain and, as she had completed tertiary studies in Australia, the earlier date seems more likely. She was the only daughter of a Wing Commander in the RAAF.

Anno Domini. This calendar era is based on the traditionally reckoned year of the conception or birth of Jesus of Nazareth, with AD counting years from the start of this epoch, and BC denoting years before the start of the era. There is no year zero in this scheme, so the year AD 1 immediately follows the year 1 BC. This dating system was devised in 525 by Dionysius Exiguus of Scythia Minor, but was not widely used until after 800.

Švitrigaila. Švitrigaila was born to Algirdas, Grand Duke of Lithuania, and his second wife Uliana of Tver. His date of birth is unknown, but it is believed that he was the youngest or second youngest son of Algirdas. He first appeared in politics in October 1382 when he witnessed the Treaty of Dubysa between his elder brother Jogaila and the Teutonic Knights. Historians believe that would indicate that at the time Švitrigaila was no younger than 12 which would put his date of birth sometime before 1370. In a complaint submitted to the Council of Florence, Švitrigaila claimed that he and Jogaila were favorite sons of Algirdas. Before his death in 1377, Algirdas transferred his throne to Jogaila but made him swear to make Švitrigaila his heir. Jogaila's representatives did not outright deny the arrangement and instead claimed that it had been modified by mutual agreement between the brothers.

Natural-born-citizen clause. The U.S. Constitution uses but does not define the phrase ``natural born Citizen '', and various opinions have been offered over time regarding its precise meaning. The consensus of early 21st - century constitutional scholars, together with relevant case law, is that natural - born citizens include, subject to exceptions, those born in the United States. Many scholars have also concluded that those who meet the legal requirements for U.S. citizenship`` at the moment of birth'', regardless of place of birth, are also natural - born citizens. Every president to date was either a citizen at the adoption of the Constitution in 1789 or was born in the United States; of these there have been seven that had at least one parent who was not born on U.S. soil.

Australia Day. The meaning and significance of Australia Day has evolved over time. Unofficially, or historically, the date has also been variously named ``Anniversary Day '',`` Foundation Day'', and ``ANA Day ''. 26 January 1788 marked the proclamation of British sovereignty over the eastern seaboard of Australia (then known as New Holland). Although it was not known as Australia Day until over a century later, records of celebrations on 26 January date back to 1808, with the first official celebration of the formation of New South Wales held in 1818. On New Year's Day 1901, the British colonies of Australia formed a federation, marking the birth of modern Australia. A national day of unity and celebration was looked for. It was not until 1935 that all Australian states and territories adopted use of the term`` Australia Day'' to mark the date, and not until 1994 that the date was consistently marked by a public holiday on that day by all states and territories.

Giovanni Cifolelli. Giovanni Cifolelli was an Italian mandolin virtuoso and dramatic composer whose date and place of birth are unknown. In 1764 he made his appearance in Paris as a mandolin virtuoso and was highly esteemed, both as a performer and teacher. He published his ""Method for the mandolin"" while residing in Paris, which met with great success throughout France, being the most popular of its period.

Maureen Payne. Maureen Payne (date of birth unknown, died 1997, South Africa) was a South Africa Test cricketer. She captained the side for their second series, played against New Zealand in 1971–72. She appeared in five Tests for South Africa, claiming eight wickets.

List of Dragon Ball Super episodes. Name Date Discs Episodes Part One July 25, 2017 01 -- 13 Part Two October 3, 2017 14 -- 26 Part Three February 20, 2018 27 -- 39

Streams of Expression. Streams of Expression is the 20th studio album by American jazz musician Joe Lovano to be released on the Blue Note label. It was released in 2006 and features a five-part ""Streams of Expression Suite,"" three-part ""Birth of the Cool Suite,"" and three other shorter works. The ""Birth of the Cool Suite"" was conducted by Gunther Schuller and utilizes melodic themes inspired by Miles Davis' work from his 1948 and 1950 nonet. The album also features George Garzone, Ralph Lalama, Gary Smulyan, and Tim Hagans.

Pir Syed Muhammad Binyamin Rizvi. Pir Syed Muhammad Binyamin Rizvi (Urdu: پیر سید محمد بنیامین رضوی)date of Birth 15 Aug 1959 date of Death 24 June 2004) was a Pakistani politician. He was the oldest son of Pir Syed Mohammad Yaqoob Shah (a famous spiritual and religious scholar, and member of provincial assembly who died on 31 August 1991). On 24 June 2004 he was brutally murdered in Lahore near his House. He is buried next to his father late Pir Syed Mohammad Yaqoob Shah in his home town Phalia.

La naissance d'Osiris. La naissance d'Osiris, ou La fête Pamilie (""The Birth of Osiris, or The Festival of Pamylia"") is a one-act opera by Jean-Philippe Rameau, first performed on 12 October 1754 at Fontainebleau to celebrate the birth of the future King Louis XVI. The libretto is by Rameau's frequent collaborator Louis de Cahusac. Cahusac styled the work a ""ballet allégorique"" (""allegorical ballet""), but it is usually categorised as an ""acte de ballet"". Its slender plot tells of Jupiter's announcement to a group of Egyptian shepherds of the birth of the god Osiris, who symbolises the baby prince. The piece may have started life as part of a larger work, ""Les beaux jours de l'Amour"", an ""opéra-ballet"" Rameau and Cahusac planned but never completed for reasons which are still uncertain.

Sue Ryder. Her birth and death certificates both put the date one year later, on 3 July 1924, as does a plaque unveiled in honour of Sue Ryder and Leonard Cheshire in Cavendish Church in Suffolk. At the beginning of the war, Ryder volunteered to the First Aid Nursing Yeomanry, even though she was only 15. To get in, she lied about her age and seems to have maintained the deception for the rest of her life.

Pak Nam-gi. Pak Nam-gi or Park Nam-ki (21 February 1934 – 17 March 2010) was, until as late as January 2010, Director of the Planning and Finance Department of the ruling party of North Korea. There are doubts about his date of birth, with at least two unattributed sources reporting it as 21 February 1934 or sometime in 1928 respectively.

William Shakespeare. William Shakespeare was the son of John Shakespeare, an alderman and a successful glover (glove-maker) originally from Snitterfield, and Mary Arden, the daughter of an affluent landowning farmer. He was born in Stratford-upon-Avon and baptised there on 26 April 1564. His actual date of birth remains unknown, but is traditionally observed on 23 April, Saint George's Day. This date, which can be traced to a mistake made by an 18th-century scholar, has proved appealing to biographers because Shakespeare died on the same date in 1616. He was the third of eight children, and the eldest surviving son.

List of Soul Eater episodes. Partial box sets (DVD only) Name Release date Discs Episodes Part One February 9, 2010 1 - 13 Part Two March 30, 2010 14 - 26 Part Three June 1, 2010 27 - 39 Part Four July 27, 2010 40 - 51

Conscription in Australia. In 1964 compulsory National Service for 20 - year - old males was introduced under the National Service Act (1964). The selection of conscripts was made by a sortition or lottery draw based on date of birth, and conscripts were obligated to give two years' continuous full - time service, followed by a further three years on the active reserve list. The full - time service requirement was reduced to eighteen months in October 1971.

Clara Morris. Clara Morris (March 17, 1849 – November 20, 1925) (her birth date is sometimes given as 1846/48) was an American actress.

Ratata (band). Ratata was a Swedish pop group fronted by Swedish vocalist Mauro Scocco formed in 1980. It functioned as a 4-piece band until 1983, when it was disbanded. But Johan Ekelund having played with the band briefly continued to cooperate with Scocco continuing as a duo until 1989. The duo had a brief comeback in 2002.

Yang Meng. Yang Meng was the third son of Yang Xingmi, a major warlord at the end of Tang Dynasty as the military governor (""Jiedushi"") of Huainan Circuit (淮南, headquartered in modern Yangzhou, Jiangsu). It is not known when he was born, although his immediately older brother Yang Longyan was born in 897 and his immediately younger brother Yang Pu was born in 900, placing a timeframe on his birth date. His mother's name was not recorded in history.

Mauro Scocco. Mauro Scocco (born 11 September 1962) is a Swedish pop artist of Italian descent. He has been described as ""one of the sharpest songwriters in Sweden"". Scocco was the singer for the pop group Ratata (1980–83) transformed into a duo with Johan Ekelund (1983–89). After Ratata, Scocco has continued as a solo artist since. In 2014, he cooperated with Plura Jonsson releasing a joint album as ""Mauro & Plura"".",2308
2hop__635544_110949,What is the date of birth of the person who was part of Ratata?,content,shorten,2,"Improve accuracy, clarity, and conciseness of language.",1,"Shirley Abicair was born in Melbourne, Australia. While some sources cite 1935 as her birth year, contemporary accounts suggest she was likely born earlier, around 1932, as she was reported to be 23 or 24 when she arrived in Britain and had already completed tertiary education. She was the only daughter of a Royal Australian Air Force Wing Commander.

Anno Domini (AD) is the calendar era based on the traditionally recognized year of the birth of Jesus of Nazareth. AD denotes years after this event, and BC denotes years before. There is no year zero; AD 1 follows 1 BC. The system was developed by Dionysius Exiguus in 525 but only became widely used after 800.

Švitrigaila. Švitrigaila was the son of Algirdas, Grand Duke of Lithuania, and his second wife Uliana of Tver. His exact birth date is unknown, but he was likely the youngest or second youngest of Algirdas’s sons. He was present at the Treaty of Dubysa in October 1382, suggesting he was at least 12 then, placing his birth around or before 1370. Before Algirdas died in 1377, he designated Jogaila as his successor, but made Jogaila promise to name Švitrigaila as heir. Jogaila’s representatives acknowledged the arrangement but claimed it had been modified by mutual agreement.

Natural-Born Citizen Clause. The U.S. Constitution uses the phrase “natural born Citizen” without defining it. Modern constitutional scholars and relevant court decisions agree that people who are citizens at birth, including those born in the United States, qualify as natural born citizens. Some also include individuals whose parents fulfilled the legal requirements for citizenship at their birth, even if born outside the United States. All U.S. presidents to date were either U.S. citizens when the Constitution was adopted or were born in the United States; of these, seven had at least one parent who was not a U.S. citizen at birth.

Australia Day. The significance of 26 January has changed over time. Unofficial names included Anniversary Day, Foundation Day, and ANA Day. In 1788, this date marked the proclamation of British authority over Australia’s eastern coast. The first recorded celebrations occurred in 1808, with the first official celebration in 1818. The holiday marking the federation of Australian colonies in 1901 began later. The term “Australia Day” was adopted in 1935, and it became a nationwide public holiday in 1994.

Pir Syed Muhammad Binyamin Rizvi. Pir Syed Muhammad Binyamin Rizvi (15 August 1959 – 24 June 2004) was a Pakistani politician. He was the eldest son of Pir Syed Mohammad Yaqoob Shah, a religious figure and politician. Rizvi was killed in Lahore in 2004 and is buried beside his father in Phalia.

Clara Morris. Clara Morris (March 17, 1849 – November 20, 1925) is sometimes listed as born in 1846 or 1848. She was an American actress.

Ratata (Band). Ratata was a Swedish pop band led by Mauro Scocco, formed in 1980. The group was a quartet until 1983, after which it became a duo with Johan Ekelund until 1989. The duo reunited in 2002 for a new album.

Yang Meng. Yang Meng was the third son of Yang Xingmi, a prominent late Tang warlord and military governor of Huainan Circuit (modern Yangzhou, Jiangsu). His birth date is unknown, but he was likely born between 1370 and 1380, as his older brother was born in 897 and younger brother in 900.

Mauro Scocco. Mauro Scocco (born 11 September 1962) is a Swedish pop artist of Italian heritage, noted as one of Sweden’s sharpest songwriters. He was the lead singer of Ratata from 1980 to 1983, later forming a duo with Johan Ekelund until 1989, and has since performed as a solo artist. In 2014, he released a collaborative album with Plura Jonsson as “Mauro & Plura.”",898
2hop__635544_110949,What is the date of birth of the person who was part of Ratata?,content,shorten,2,"Improve accuracy, clarity, and conciseness of language.",2,"Shirley Abicair was born in Melbourne, Australia. Although some sources state 1935 as her birth year, contemporary records indicate she was probably born around 1932. At the time of her arrival in Britain, she was reported to be about 23 or 24 years old and had already completed higher education. She was the only daughter of a Royal Australian Air Force Wing Commander.

The Anno Domini (AD) era refers to the calendar system that counts years from the traditionally accepted birth of Jesus of Nazareth. Years after this event are labeled AD, while years before are labeled BC. There is no year zero; AD 1 immediately follows 1 BC. The system was invented by Dionysius Exiguus in 525 and gained widespread use after 800.

Švitrigaila was the son of Algirdas, Grand Duke of Lithuania, and his second wife, Uliana of Tver. His exact birth date is unknown, but he was likely born around or before 1370, as he attended the Treaty of Dubysa in October 1382, implying he was at least twelve years old then. Prior to Algirdas’s death in 1377, Algirdas designated Jogaila as his successor but required Jogaila to name Švitrigaila as his heir. Jogaila’s representatives acknowledged the designation but claimed it had been modified by mutual agreement.

Natural-Born Citizen Clause. The U.S. Constitution uses the term “natural born Citizen” without a formal definition. Constitutional scholars and relevant court rulings agree that individuals who are citizens at birth—such as those born in the United States—qualify as natural born citizens. This may also include those born abroad to parents who met the constitutional requirements for citizenship. All U.S. presidents have either been U.S. citizens at the time the Constitution was adopted or born in the United States, and in several cases, at least one parent was not a U.S. citizen at birth.

Australia Day marks 26 January, which has evolved in significance over time. Early names for the day included Anniversary Day and Foundation Day. In 1788, it commemorated the British proclamation of authority over the eastern coast of Australia. The first documented celebrations occurred in 1808, with the first official observance in 1818. The holiday recognizing the federation of the Australian colonies in 1901 began later. The name “Australia Day” came into use in 1935 and became a national public holiday in 1994.

Pir Syed Muhammad Binyamin Rizvi (15 August 1959 – 24 June 2004) was a Pakistani politician and the eldest son of Pir Syed Mohammad Yaqoob Shah, a religious and political leader. Rizvi was killed in Lahore in 2004 and is buried next to his father in Phalia.

Clara Morris (March 17, 1849 – November 20, 1925) was an American actress. Some sources incorrectly list her birth year as 1846 or 1848.",630
2hop__635544_110949,What is the date of birth of the person who was part of Ratata?,content,shorten,2,"Improve accuracy, clarity, and conciseness of language.",3,"Shirley Abicair was born in Melbourne, Australia, likely around 1932 rather than 1935 as some sources claim. She was the only daughter of a Royal Australian Air Force Wing Commander.

The Anno Domini (AD) system is a calendar that numbers years from the supposed birth of Jesus of Nazareth. Years after this event are labeled AD, while those before are labeled BC. There is no year zero; AD 1 follows 1 BC directly. This system was created by Dionysius Exiguus in 525 and became widespread after 800.

Švitrigaila was the son of Algirdas, Grand Duke of Lithuania, and Uliana of Tver. While his exact birth date is unknown, he was probably born around or before 1370, as he attended the Treaty of Dubysa in October 1382, suggesting he was at least twelve then. Before Algirdas died in 1377, he designated Jogaila as his successor but stipulated that Jogaila name Švitrigaila as his heir. Jogaila’s representatives acknowledged the designation but asserted that mutual agreement had altered it.

The U.S. Constitution uses the term “natural born Citizen” without an explicit definition. Constitutional authorities agree that a natural born citizen is someone who is a U.S. citizen at birth, such as those born in the United States, or those born abroad to parents who meet the constitutional citizenship requirements. All U.S. presidents have either been U.S. citizens when the Constitution was adopted or born in the United States, and in some cases, at least one parent was not a U.S. citizen at birth.

Australia Day is observed on January 26. Its significance has changed over time. Early names included Anniversary Day and Foundation Day. In 1788, it marked the British assertion of control over Australia’s eastern coast. The first recorded celebrations took place in 1808, with the first official observance in 1818. The holiday commemorating the federation of Australia’s colonies in 1901 began later. The name “Australia Day” was adopted in 1935 and became a national public holiday in 1994.

Pir Syed Muhammad Binyamin Rizvi (15 August 1959 – 24 June 2004) was a Pakistani politician and the eldest son of Pir Syed Mohammad Yaqoob Shah, a prominent religious and political leader. Rizvi was killed in Lahore in 2004 and is buried alongside his father in Phalia.

Clara Morris (March 17, 1849 – November 20, 1925) was an American actress. Some sources mistakenly list her birth year as 1846 or 1848.",561
2hop__635544_110949,What is the date of birth of the person who was part of Ratata?,content,elaborate,0,,0,"Shirley Abicair. Shirley Abicair was born in Melbourne, Victoria, Australia. Some sources show her year of birth as 1935, but a contemporary account shows she was 23 or 24 on arrival in Britain and, as she had completed tertiary studies in Australia, the earlier date seems more likely. She was the only daughter of a Wing Commander in the RAAF.

Anno Domini. This calendar era is based on the traditionally reckoned year of the conception or birth of Jesus of Nazareth, with AD counting years from the start of this epoch, and BC denoting years before the start of the era. There is no year zero in this scheme, so the year AD 1 immediately follows the year 1 BC. This dating system was devised in 525 by Dionysius Exiguus of Scythia Minor, but was not widely used until after 800.

Švitrigaila. Švitrigaila was born to Algirdas, Grand Duke of Lithuania, and his second wife Uliana of Tver. His date of birth is unknown, but it is believed that he was the youngest or second youngest son of Algirdas. He first appeared in politics in October 1382 when he witnessed the Treaty of Dubysa between his elder brother Jogaila and the Teutonic Knights. Historians believe that would indicate that at the time Švitrigaila was no younger than 12 which would put his date of birth sometime before 1370. In a complaint submitted to the Council of Florence, Švitrigaila claimed that he and Jogaila were favorite sons of Algirdas. Before his death in 1377, Algirdas transferred his throne to Jogaila but made him swear to make Švitrigaila his heir. Jogaila's representatives did not outright deny the arrangement and instead claimed that it had been modified by mutual agreement between the brothers.

Natural-born-citizen clause. The U.S. Constitution uses but does not define the phrase ``natural born Citizen '', and various opinions have been offered over time regarding its precise meaning. The consensus of early 21st - century constitutional scholars, together with relevant case law, is that natural - born citizens include, subject to exceptions, those born in the United States. Many scholars have also concluded that those who meet the legal requirements for U.S. citizenship`` at the moment of birth'', regardless of place of birth, are also natural - born citizens. Every president to date was either a citizen at the adoption of the Constitution in 1789 or was born in the United States; of these there have been seven that had at least one parent who was not born on U.S. soil.

Australia Day. The meaning and significance of Australia Day has evolved over time. Unofficially, or historically, the date has also been variously named ``Anniversary Day '',`` Foundation Day'', and ``ANA Day ''. 26 January 1788 marked the proclamation of British sovereignty over the eastern seaboard of Australia (then known as New Holland). Although it was not known as Australia Day until over a century later, records of celebrations on 26 January date back to 1808, with the first official celebration of the formation of New South Wales held in 1818. On New Year's Day 1901, the British colonies of Australia formed a federation, marking the birth of modern Australia. A national day of unity and celebration was looked for. It was not until 1935 that all Australian states and territories adopted use of the term`` Australia Day'' to mark the date, and not until 1994 that the date was consistently marked by a public holiday on that day by all states and territories.

Giovanni Cifolelli. Giovanni Cifolelli was an Italian mandolin virtuoso and dramatic composer whose date and place of birth are unknown. In 1764 he made his appearance in Paris as a mandolin virtuoso and was highly esteemed, both as a performer and teacher. He published his ""Method for the mandolin"" while residing in Paris, which met with great success throughout France, being the most popular of its period.

Maureen Payne. Maureen Payne (date of birth unknown, died 1997, South Africa) was a South Africa Test cricketer. She captained the side for their second series, played against New Zealand in 1971–72. She appeared in five Tests for South Africa, claiming eight wickets.

List of Dragon Ball Super episodes. Name Date Discs Episodes Part One July 25, 2017 01 -- 13 Part Two October 3, 2017 14 -- 26 Part Three February 20, 2018 27 -- 39

Streams of Expression. Streams of Expression is the 20th studio album by American jazz musician Joe Lovano to be released on the Blue Note label. It was released in 2006 and features a five-part ""Streams of Expression Suite,"" three-part ""Birth of the Cool Suite,"" and three other shorter works. The ""Birth of the Cool Suite"" was conducted by Gunther Schuller and utilizes melodic themes inspired by Miles Davis' work from his 1948 and 1950 nonet. The album also features George Garzone, Ralph Lalama, Gary Smulyan, and Tim Hagans.

Pir Syed Muhammad Binyamin Rizvi. Pir Syed Muhammad Binyamin Rizvi (Urdu: پیر سید محمد بنیامین رضوی)date of Birth 15 Aug 1959 date of Death 24 June 2004) was a Pakistani politician. He was the oldest son of Pir Syed Mohammad Yaqoob Shah (a famous spiritual and religious scholar, and member of provincial assembly who died on 31 August 1991). On 24 June 2004 he was brutally murdered in Lahore near his House. He is buried next to his father late Pir Syed Mohammad Yaqoob Shah in his home town Phalia.

La naissance d'Osiris. La naissance d'Osiris, ou La fête Pamilie (""The Birth of Osiris, or The Festival of Pamylia"") is a one-act opera by Jean-Philippe Rameau, first performed on 12 October 1754 at Fontainebleau to celebrate the birth of the future King Louis XVI. The libretto is by Rameau's frequent collaborator Louis de Cahusac. Cahusac styled the work a ""ballet allégorique"" (""allegorical ballet""), but it is usually categorised as an ""acte de ballet"". Its slender plot tells of Jupiter's announcement to a group of Egyptian shepherds of the birth of the god Osiris, who symbolises the baby prince. The piece may have started life as part of a larger work, ""Les beaux jours de l'Amour"", an ""opéra-ballet"" Rameau and Cahusac planned but never completed for reasons which are still uncertain.

Sue Ryder. Her birth and death certificates both put the date one year later, on 3 July 1924, as does a plaque unveiled in honour of Sue Ryder and Leonard Cheshire in Cavendish Church in Suffolk. At the beginning of the war, Ryder volunteered to the First Aid Nursing Yeomanry, even though she was only 15. To get in, she lied about her age and seems to have maintained the deception for the rest of her life.

Pak Nam-gi. Pak Nam-gi or Park Nam-ki (21 February 1934 – 17 March 2010) was, until as late as January 2010, Director of the Planning and Finance Department of the ruling party of North Korea. There are doubts about his date of birth, with at least two unattributed sources reporting it as 21 February 1934 or sometime in 1928 respectively.

William Shakespeare. William Shakespeare was the son of John Shakespeare, an alderman and a successful glover (glove-maker) originally from Snitterfield, and Mary Arden, the daughter of an affluent landowning farmer. He was born in Stratford-upon-Avon and baptised there on 26 April 1564. His actual date of birth remains unknown, but is traditionally observed on 23 April, Saint George's Day. This date, which can be traced to a mistake made by an 18th-century scholar, has proved appealing to biographers because Shakespeare died on the same date in 1616. He was the third of eight children, and the eldest surviving son.

List of Soul Eater episodes. Partial box sets (DVD only) Name Release date Discs Episodes Part One February 9, 2010 1 - 13 Part Two March 30, 2010 14 - 26 Part Three June 1, 2010 27 - 39 Part Four July 27, 2010 40 - 51

Conscription in Australia. In 1964 compulsory National Service for 20 - year - old males was introduced under the National Service Act (1964). The selection of conscripts was made by a sortition or lottery draw based on date of birth, and conscripts were obligated to give two years' continuous full - time service, followed by a further three years on the active reserve list. The full - time service requirement was reduced to eighteen months in October 1971.

Clara Morris. Clara Morris (March 17, 1849 – November 20, 1925) (her birth date is sometimes given as 1846/48) was an American actress.

Ratata (band). Ratata was a Swedish pop group fronted by Swedish vocalist Mauro Scocco formed in 1980. It functioned as a 4-piece band until 1983, when it was disbanded. But Johan Ekelund having played with the band briefly continued to cooperate with Scocco continuing as a duo until 1989. The duo had a brief comeback in 2002.

Yang Meng. Yang Meng was the third son of Yang Xingmi, a major warlord at the end of Tang Dynasty as the military governor (""Jiedushi"") of Huainan Circuit (淮南, headquartered in modern Yangzhou, Jiangsu). It is not known when he was born, although his immediately older brother Yang Longyan was born in 897 and his immediately younger brother Yang Pu was born in 900, placing a timeframe on his birth date. His mother's name was not recorded in history.

Mauro Scocco. Mauro Scocco (born 11 September 1962) is a Swedish pop artist of Italian descent. He has been described as ""one of the sharpest songwriters in Sweden"". Scocco was the singer for the pop group Ratata (1980–83) transformed into a duo with Johan Ekelund (1983–89). After Ratata, Scocco has continued as a solo artist since. In 2014, he cooperated with Plura Jonsson releasing a joint album as ""Mauro & Plura"".",2308
2hop__635544_110949,What is the date of birth of the person who was part of Ratata?,content,elaborate,0,"Elaborate on the content, adding relevant details while staying faithful to the source text.",1,"Shirley Abicair was born in Melbourne, Victoria, Australia, likely in 1935, as evidenced by contemporary accounts indicating she was 23 or 24 years old upon arriving in Britain and had already completed tertiary studies, supporting the earlier birth year. She was the only daughter of a Wing Commander in the Royal Australian Air Force.

Anno Domini, meaning ""in the year of the Lord,"" refers to the Gregorian calendar system that begins with the traditionally recognized year of the birth of Jesus of Nazareth. The years are counted as AD for years following that event and BC for years before. There is no year zero in this system; thus, AD 1 follows directly after 1 BC. The system was created by Dionysius Exiguus of Scythia Minor in 525, but it gained widespread use only after the year 800. The festival celebrated on October 12, 1754, with the premiere of Jean-Philippe Rameau’s opera La naissance d'Osiris, also called La fête Pamilie, which was intended as an allegorical ballet. The opera celebrated the birth of the future King Louis XVI and was written with a libretto by Louis de Cahusac. The plot centers on Jupiter announcing the birth of Osiris to Egyptian shepherds, with Osiris symbolizing the infant king.

Pir Syed Muhammad Binyamin Rizvi, born on 15 August 1959 and died on 24 June 2004, was a Pakistani politician and the eldest surviving son of Pir Syed Mohammad Yaqoob Shah, a notable spiritual leader and former member of the provincial assembly. Rizvi served as Director of the Planning and Finance Department of North Korea’s ruling party until at least January 2010. He was tragically murdered in Lahore in 2004 and was laid to rest next to his father in their hometown of Phalia.

Pak Nam-gi, also known as Park Nam-ki, was born on 21 February 1934 (with some sources citing 1928), and died on 17 March 2010. He was the director of the Planning and Finance Department for North Korea’s ruling party and is sometimes listed as having served until January 2010. The uncertainty surrounding his exact birth year remains unresolved.

Mauro Scocco, born on 11 September 1962, is a Swedish pop artist of Italian descent, recognized as one of Sweden’s sharpest songwriters. He began his career as the lead singer of the pop group Ratata from 1980 until 1983, after which the band continued as a duo with Johan Ekelund until 1989. Following the dissolution of Ratata, Scocco pursued a successful solo career and reunited with Plura Jonsson in 2014 to release a collaborative album titled ""Mauro & Plura.""

Yang Meng was the third son of Yang Xingmi, a prominent warlord and military governor of Huainan Circuit during the late Tang Dynasty. His exact birth date is unknown, but historical records of his siblings’ birth years—Yang Longyan in 897 and Yang Pu in 900—suggest he was born sometime between those years. Yang Meng’s family background is well documented, though details about his mother are not recorded in historical sources.

Clara Morris, born on March 17, 1849 (though some sources cite 1846 or 1848), was an American actress known for her stage and screen performances.

Ratata, a Swedish pop band formed in 1980 and led by Mauro Scocco, started as a quartet but became a duo with Johan Ekelund from 1983 onwards until 1989. The duo briefly reunited in 2002 to perform together again.",774
2hop__635544_110949,What is the date of birth of the person who was part of Ratata?,content,elaborate,0,"Elaborate on the content, adding relevant details while staying faithful to the source text.",2,"Shirley Abicair was born in Melbourne, Victoria, Australia, most likely in 1935. This conclusion is drawn from contemporary reports stating that, when she arrived in Britain, she was described as being either 23 or 24 years old, and that she had already completed higher education prior to her emigration. She was the sole daughter of a Wing Commander who served in the Royal Australian Air Force.

Anno Domini, commonly abbreviated as AD, is the Latin term for ""in the year of the Lord,"" referring to the system of numbering years in the Gregorian calendar, which commences with the supposed year of the birth of Jesus of Nazareth. Years after Jesus' birth are designated as AD, while years prior are marked as BC. Notably, there is no year zero in this system; the year immediately after 1 BC is AD 1. The Anno Domini system was developed by Dionysius Exiguus, a monk from Scythia Minor, in the year 525. However, it was not widely adopted until much later, around the year 800. The significance of this calendar was symbolically celebrated during the premiere of Jean-Philippe Rameau’s opera La naissance d'Osiris, also known as La fête Pamilie, which took place on October 12, 1754. The opera was an allegorical work and was performed to commemorate the anticipated birth of the future King of France, Louis XVI. The libretto for the opera was written by Louis de Cahusac, and the plot centers on the Roman god Jupiter informing Egyptian shepherds of the birth of Osiris, who in this allegory represents the infant king.

Pir Syed Muhammad Binyamin Rizvi was born on August 15, 1959, and passed away on June 24, 2004. He was a Pakistani politician and the eldest surviving son of Pir Syed Mohammad Yaqoob Shah, a distinguished spiritual leader and former member of the provincial assembly in Pakistan. Rizvi held the position of Director of the Planning and Finance Department within the ruling Workers’ Party of Korea until at least January 2010. Tragically, he was assassinated in Lahore in 2004 and was buried beside his father in their ancestral hometown of Phalia.

Pak Nam-gi, also known as Park Nam-ki, was born on February 21, 1934, though some sources suggest 1928 as his birth year, leaving the exact date uncertain. He died on March 17, 2010. Pak Nam-gi served as the director of the Planning and Finance Department for North Korea’s ruling party and is sometimes recorded as holding the position until January 2010. Despite his significant role in the North Korean government, there remains ambiguity regarding his precise year of birth.

Mauro Scocco, born on September 11, 1962, is a Swedish pop artist of Italian heritage and is widely regarded as one of Sweden’s most astute songwriters. He began his musical career as the lead vocalist of the pop group Ratata, which was formed in 1980. Initially, the band consisted of four members, but following the departure of the other two, it continued as a duo with Johan Ekelund from 1983 until 1989. After Ratata disbanded, Scocco established a successful solo career. In 2014, he reunited with Plura Jonsson to collaborate on an album titled ""Mauro & Plura,"" demonstrating the enduring nature of their artistic partnership.

Yang Meng was born sometime between 897 and 900 AD, as evidenced by the known birth years of his siblings: Yang Longyan, born in 897, and Yang Pu, born in 900. His exact birth date is not recorded in historical sources. Yang Meng came from a prominent family, as his father, Yang Xingmi, was a major warlord and served as the military governor of Huainan Circuit during the late Tang Dynasty. While details of Yang Meng’s life are less documented compared to those of his father and brother, his family background is well noted in historical records, though information about his mother is not available.",861
2hop__635544_110949,What is the date of birth of the person who was part of Ratata?,content,elaborate,0,"Elaborate on the content, adding relevant details while staying faithful to the source text.",3,"Shirley Abicair was most likely born in 1935 in Melbourne, Victoria, Australia. This estimation is based on historical records and contemporary news reports from the time she moved to Britain, which described her as either 23 or 24 years old upon her arrival. She was the only daughter of a Wing Commander in the Royal Australian Air Force. Her family background and the timing of her emigration suggest that she had already pursued and completed higher education before relocating overseas. 

The system of numbering years as Anno Domini (AD) originated from the Latin phrase meaning ""in the year of the Lord."" This method of dating years in the Gregorian calendar starts with what is believed to be the year of Jesus Christ’s birth. Years that follow are counted as AD, while years before are designated as BC. Importantly, there is no year zero between 1 BC and 1 AD, making the transition from BC to AD direct. The concept of Anno Domini was introduced by Dionysius Exiguus, a monk from Scythia Minor, in the year 525. Although his system was not immediately popular, it gradually gained widespread adoption, especially around the year 800. The significance of this system was symbolically recognized during the premiere of the opera La naissance d'Osiris, also known as La fête Pamilie, composed by Jean-Philippe Rameau. The opera premiered on October 12, 1754, and was an allegorical celebration marking the anticipated birth of Louis XVI, the future King of France. The opera’s libretto was written by Louis de Cahusac, and the story centers on the Roman god Jupiter informing Egyptian shepherds about the birth of Osiris, who in this allegory represents the young king.

Pir Syed Muhammad Binyamin Rizvi was born on August 15, 1959, and died on June 24, 2004. He was a Pakistani politician and the eldest surviving son of Pir Syed Mohammad Yaqoob Shah, a highly respected spiritual leader and former member of the provincial assembly in Pakistan. Rizvi held the position of Director of the Planning and Finance Department within North Korea’s ruling Workers’ Party. He retained this role at least until January 2010. Tragically, Pir Syed Muhammad Binyamin Rizvi was assassinated in Lahore in 2004. Following his death, he was buried next to his father in their ancestral village of Phalia, highlighting the family’s continued connection to their heritage.

Pak Nam-gi, also known as Park Nam-ki, was born between 1928 and 1934, with 1934 being the more commonly cited year. However, some sources claim he was born in 1928, which leaves his exact birth date and year somewhat uncertain. He passed away on March 17, 2010. Pak Nam-gi served as the director of the Planning and Finance Department for the Workers’ Party of Korea, a position he held at least until January 2010. While his involvement in the North Korean government was significant, detailed records regarding his early life and personal history are sparse. Nevertheless, his family lineage is well documented, as his father, Yang Xingmi, was a prominent warlord and held the office of military governor over the Huainan Circuit in the late Tang Dynasty of China. Information concerning his mother is not available in historical sources.

Mauro Scocco, born on September 11, 1962, is a celebrated Swedish pop artist of Italian descent and is frequently recognized as one of Sweden’s most skilled and insightful songwriters. He launched his musical journey as the lead singer of the pop group Ratata, which was formed in 1980. The original lineup of the band included four members, but after two of them left, Mauro Scocco and Johan Ekelund continued as a duo from 1983 to 1989. Following the dissolution of Ratata, Scocco embarked on a prosperous solo music career. His enduring professional relationship with Plura Jonsson is exemplified by their reunion in 2014 to collaborate on an album titled ""Mauro & Plura,"" which underscored the lasting impact of their artistic partnership.",869
2hop__635544_110949,What is the date of birth of the person who was part of Ratata?,content,elaborate,1,,0,"Shirley Abicair. Shirley Abicair was born in Melbourne, Victoria, Australia. Some sources show her year of birth as 1935, but a contemporary account shows she was 23 or 24 on arrival in Britain and, as she had completed tertiary studies in Australia, the earlier date seems more likely. She was the only daughter of a Wing Commander in the RAAF.

Anno Domini. This calendar era is based on the traditionally reckoned year of the conception or birth of Jesus of Nazareth, with AD counting years from the start of this epoch, and BC denoting years before the start of the era. There is no year zero in this scheme, so the year AD 1 immediately follows the year 1 BC. This dating system was devised in 525 by Dionysius Exiguus of Scythia Minor, but was not widely used until after 800.

Švitrigaila. Švitrigaila was born to Algirdas, Grand Duke of Lithuania, and his second wife Uliana of Tver. His date of birth is unknown, but it is believed that he was the youngest or second youngest son of Algirdas. He first appeared in politics in October 1382 when he witnessed the Treaty of Dubysa between his elder brother Jogaila and the Teutonic Knights. Historians believe that would indicate that at the time Švitrigaila was no younger than 12 which would put his date of birth sometime before 1370. In a complaint submitted to the Council of Florence, Švitrigaila claimed that he and Jogaila were favorite sons of Algirdas. Before his death in 1377, Algirdas transferred his throne to Jogaila but made him swear to make Švitrigaila his heir. Jogaila's representatives did not outright deny the arrangement and instead claimed that it had been modified by mutual agreement between the brothers.

Natural-born-citizen clause. The U.S. Constitution uses but does not define the phrase ``natural born Citizen '', and various opinions have been offered over time regarding its precise meaning. The consensus of early 21st - century constitutional scholars, together with relevant case law, is that natural - born citizens include, subject to exceptions, those born in the United States. Many scholars have also concluded that those who meet the legal requirements for U.S. citizenship`` at the moment of birth'', regardless of place of birth, are also natural - born citizens. Every president to date was either a citizen at the adoption of the Constitution in 1789 or was born in the United States; of these there have been seven that had at least one parent who was not born on U.S. soil.

Australia Day. The meaning and significance of Australia Day has evolved over time. Unofficially, or historically, the date has also been variously named ``Anniversary Day '',`` Foundation Day'', and ``ANA Day ''. 26 January 1788 marked the proclamation of British sovereignty over the eastern seaboard of Australia (then known as New Holland). Although it was not known as Australia Day until over a century later, records of celebrations on 26 January date back to 1808, with the first official celebration of the formation of New South Wales held in 1818. On New Year's Day 1901, the British colonies of Australia formed a federation, marking the birth of modern Australia. A national day of unity and celebration was looked for. It was not until 1935 that all Australian states and territories adopted use of the term`` Australia Day'' to mark the date, and not until 1994 that the date was consistently marked by a public holiday on that day by all states and territories.

Giovanni Cifolelli. Giovanni Cifolelli was an Italian mandolin virtuoso and dramatic composer whose date and place of birth are unknown. In 1764 he made his appearance in Paris as a mandolin virtuoso and was highly esteemed, both as a performer and teacher. He published his ""Method for the mandolin"" while residing in Paris, which met with great success throughout France, being the most popular of its period.

Maureen Payne. Maureen Payne (date of birth unknown, died 1997, South Africa) was a South Africa Test cricketer. She captained the side for their second series, played against New Zealand in 1971–72. She appeared in five Tests for South Africa, claiming eight wickets.

List of Dragon Ball Super episodes. Name Date Discs Episodes Part One July 25, 2017 01 -- 13 Part Two October 3, 2017 14 -- 26 Part Three February 20, 2018 27 -- 39

Streams of Expression. Streams of Expression is the 20th studio album by American jazz musician Joe Lovano to be released on the Blue Note label. It was released in 2006 and features a five-part ""Streams of Expression Suite,"" three-part ""Birth of the Cool Suite,"" and three other shorter works. The ""Birth of the Cool Suite"" was conducted by Gunther Schuller and utilizes melodic themes inspired by Miles Davis' work from his 1948 and 1950 nonet. The album also features George Garzone, Ralph Lalama, Gary Smulyan, and Tim Hagans.

Pir Syed Muhammad Binyamin Rizvi. Pir Syed Muhammad Binyamin Rizvi (Urdu: پیر سید محمد بنیامین رضوی)date of Birth 15 Aug 1959 date of Death 24 June 2004) was a Pakistani politician. He was the oldest son of Pir Syed Mohammad Yaqoob Shah (a famous spiritual and religious scholar, and member of provincial assembly who died on 31 August 1991). On 24 June 2004 he was brutally murdered in Lahore near his House. He is buried next to his father late Pir Syed Mohammad Yaqoob Shah in his home town Phalia.

La naissance d'Osiris. La naissance d'Osiris, ou La fête Pamilie (""The Birth of Osiris, or The Festival of Pamylia"") is a one-act opera by Jean-Philippe Rameau, first performed on 12 October 1754 at Fontainebleau to celebrate the birth of the future King Louis XVI. The libretto is by Rameau's frequent collaborator Louis de Cahusac. Cahusac styled the work a ""ballet allégorique"" (""allegorical ballet""), but it is usually categorised as an ""acte de ballet"". Its slender plot tells of Jupiter's announcement to a group of Egyptian shepherds of the birth of the god Osiris, who symbolises the baby prince. The piece may have started life as part of a larger work, ""Les beaux jours de l'Amour"", an ""opéra-ballet"" Rameau and Cahusac planned but never completed for reasons which are still uncertain.

Sue Ryder. Her birth and death certificates both put the date one year later, on 3 July 1924, as does a plaque unveiled in honour of Sue Ryder and Leonard Cheshire in Cavendish Church in Suffolk. At the beginning of the war, Ryder volunteered to the First Aid Nursing Yeomanry, even though she was only 15. To get in, she lied about her age and seems to have maintained the deception for the rest of her life.

Pak Nam-gi. Pak Nam-gi or Park Nam-ki (21 February 1934 – 17 March 2010) was, until as late as January 2010, Director of the Planning and Finance Department of the ruling party of North Korea. There are doubts about his date of birth, with at least two unattributed sources reporting it as 21 February 1934 or sometime in 1928 respectively.

William Shakespeare. William Shakespeare was the son of John Shakespeare, an alderman and a successful glover (glove-maker) originally from Snitterfield, and Mary Arden, the daughter of an affluent landowning farmer. He was born in Stratford-upon-Avon and baptised there on 26 April 1564. His actual date of birth remains unknown, but is traditionally observed on 23 April, Saint George's Day. This date, which can be traced to a mistake made by an 18th-century scholar, has proved appealing to biographers because Shakespeare died on the same date in 1616. He was the third of eight children, and the eldest surviving son.

List of Soul Eater episodes. Partial box sets (DVD only) Name Release date Discs Episodes Part One February 9, 2010 1 - 13 Part Two March 30, 2010 14 - 26 Part Three June 1, 2010 27 - 39 Part Four July 27, 2010 40 - 51

Conscription in Australia. In 1964 compulsory National Service for 20 - year - old males was introduced under the National Service Act (1964). The selection of conscripts was made by a sortition or lottery draw based on date of birth, and conscripts were obligated to give two years' continuous full - time service, followed by a further three years on the active reserve list. The full - time service requirement was reduced to eighteen months in October 1971.

Clara Morris. Clara Morris (March 17, 1849 – November 20, 1925) (her birth date is sometimes given as 1846/48) was an American actress.

Ratata (band). Ratata was a Swedish pop group fronted by Swedish vocalist Mauro Scocco formed in 1980. It functioned as a 4-piece band until 1983, when it was disbanded. But Johan Ekelund having played with the band briefly continued to cooperate with Scocco continuing as a duo until 1989. The duo had a brief comeback in 2002.

Yang Meng. Yang Meng was the third son of Yang Xingmi, a major warlord at the end of Tang Dynasty as the military governor (""Jiedushi"") of Huainan Circuit (淮南, headquartered in modern Yangzhou, Jiangsu). It is not known when he was born, although his immediately older brother Yang Longyan was born in 897 and his immediately younger brother Yang Pu was born in 900, placing a timeframe on his birth date. His mother's name was not recorded in history.

Mauro Scocco. Mauro Scocco (born 11 September 1962) is a Swedish pop artist of Italian descent. He has been described as ""one of the sharpest songwriters in Sweden"". Scocco was the singer for the pop group Ratata (1980–83) transformed into a duo with Johan Ekelund (1983–89). After Ratata, Scocco has continued as a solo artist since. In 2014, he cooperated with Plura Jonsson releasing a joint album as ""Mauro & Plura"".",2308
2hop__635544_110949,What is the date of birth of the person who was part of Ratata?,content,elaborate,1,"Expand the text with more context, without introducing information that is not supported by the original.",1,"Shirley Abicair was born in Melbourne, Victoria, Australia. While some sources indicate 1935 as her birth year, contemporary accounts suggest she was approximately 23 or 24 years old when she arrived in Britain. At that time, she had already completed tertiary studies in Australia, supporting the earlier possible birth year. She was the only daughter of a Wing Commander in the Royal Australian Air Force.

Anno Domini is the calendar system that counts years from what is believed to be the approximate time of the birth of Jesus of Nazareth. This era divides time into years before Christ (BC) and years after Christ (AD), with no year zero between 1 BC and 1 AD. Dionysius Exiguus introduced this system in 525, but widespread adoption did not occur until after the year 800, when it began to be used more consistently across Europe.

Švitrigaila was the son of Algirdas, Grand Duke of Lithuania, and his second wife Uliana of Tver. Although his exact birth date is not recorded, historians estimate he was the youngest or second youngest son, based on his appearance at the Treaty of Dubysa in October 1382 and the age he likely would have been at that time. Following the death of Algirdas in 1377, he arranged for Jogaila, his elder brother, to become Grand Duke but required Jogaila to promise to name Švitrigaila as his heir. The arrangement was acknowledged by Jogaila’s representatives, who stated it had been modified by mutual agreement, though the exact terms of any modification remain unclear.

The natural-born-citizen clause of the U.S. Constitution refers to individuals who are citizens from birth, though the precise definition has been debated. The consensus among early 21st-century constitutional scholars and supported by case law is that persons born in the United States or who meet certain legal requirements for citizenship at birth are considered natural-born citizens. All U.S. presidents to date were either citizens at the time of the Constitution's adoption in 1789 or were born in the United States, and several had at least one parent not born in the United States.

Pir Syed Muhammad Binyamin Rizvi, an Italian-descended Pakistani politician and spiritual leader, was born on 15 August 1959 and died on 24 June 2004. He was the eldest son of Pir Syed Mohammad Yaqoob Shah, a religious and spiritual figure and provincial assembly member. Rizvi was killed in Lahore in 2004 and was buried next to his father in Phalia.

Ratata was a Swedish pop group, led by vocalist Mauro Scocco, established in 1980. Initially a four-member band, it became a duo with Johan Ekelund from 1983 onward. After Ratata disbanded as a group in 1989, Scocco continued his music career as a solo artist and reunited with Ekelund in 2002 for a brief collaboration.

Yang Meng was a historical figure and the third son of Yang Xingmi, a prominent warlord at the end of the Tang Dynasty and the military governor of Huainan Circuit, based in modern-day Yangzhou, Jiangsu. The exact year of Yang Meng’s birth is not known, though it is inferred from the recorded birth years of his older and younger brothers, suggesting he was born sometime between 897 and 900.

Mauro Scocco, born on 11 September 1962, is a Swedish pop artist of Italian descent and is recognized as one of Sweden’s most incisive songwriters. He was the vocalist for the band Ratata from 1980 until 1983, after which the group continued as a duo with Johan Ekelund until 1989. Following the dissolution of Ratata as a group, Scocco pursued a solo career. In 2014, he released a joint album with Plura Jonsson under the name ""Mauro & Plura.""

Clara Morris was an American actress born on March 17, 1849, and died on November 20, 1925, though some sources give her birth year as 1846 or 1848. The variation in her birth year is reflected in different historical records.

The natural-born-citizen clause in the U.S. Constitution has not been explicitly defined within the document itself. The accepted understanding, based on early U.S. case law and scholarly consensus in the early 21st century, is that individuals born in the United States or who satisfy particular legal requirements for citizenship at birth are regarded as natural-born citizens. To date, every U.S. president was either a citizen at the time of the Constitution’s adoption or born in the United States, and among them, several had at least one parent who was not born in the United States.

Pak Nam-gi, also known as Park Nam-ki, was a North Korean political figure and the Director of the Planning and Finance Department of the ruling party. His birth date is uncertain, with some sources citing 21 February 1934 and others 1928. He served in this capacity until at least January 2010.

William Shakespeare was born in Stratford-upon-Avon and was baptized on 26 April 1564. His exact birth date is not known, but is traditionally observed on 23 April, coinciding with Saint George's Day, though this likely originated from an 18th-century error. Shakespeare was the third of eight children and the eldest surviving son.

La naissance d'Osiris, also known as La fête Pamilie, is a one-act opera composed by Jean-Philippe Rameau with a libretto by Louis de Cahusac. First performed on 12 October 1754 at Fontainebleau to commemorate the birth of the future King Louis XVI, the work is considered an allegorical ballet. It dramatizes the announcement of the birth of the god Osiris, who symbolizes the newborn prince.

Conscription in Australia was introduced with the National Service Act of 1964, requiring 20-year-old males to serve two years of full-time service, followed by three years on active reserve status. The selection process for conscripts was by lottery according to date of birth. In October 1971, the period of full-time service was shortened to eighteen months.

The list of Dragon Ball Super episodes is divided into four parts, each comprising thirteen episodes. Part One aired from July 25, 2017, covering episodes 1 to 13. Part Two aired from October 3, 2017, covering episodes 14 to 26. Part Three was released February 20, 2018, covering episodes 27 to 39. Part Four began airing on July 27, 2010, and covered episodes 40 to 51.

The list of Soul Eater episodes is organized into four parts, each containing thirteen episodes. Part One was released on February 9, 2010. Part Two came out on March 30, 2010. Part Three was issued June 1, 2010. Part Four followed on July 27, 2010.

Pir Syed Muhammad Binyamin Rizvi, born 15 August 1959 and died 24 June 2004, was a Pakistani politician and spiritual leader. He was the eldest son of Pir Syed Mohammad Yaqoob Shah, a religious scholar and former provincial assembly member. Rizvi was murdered in Lahore in 2004 and was buried beside his father in Phalia.

Mauro Scocco, born 11 September 1962, is a Swedish pop artist of Italian descent. Renowned for his lyricism, he was the frontman of the pop group Ratata from 1980 until 1983, then continued as a duo with Johan Ekelund until 1989. After Ratata ended as a group, Scocco continued as a solo artist and collaborated with Plura Jonsson in 2014.

Yang Meng was a son of Yang Xingmi, the military governor of Huainan Circuit during the decline of the Tang Dynasty. His exact birth date is unknown, though his older brother was born in 897 and his younger brother in 900, narrowing the likely period of his birth.

No additional context beyond these facts has been included, per instruction.",1720
2hop__635544_110949,What is the date of birth of the person who was part of Ratata?,content,elaborate,1,"Expand the text with more context, without introducing information that is not supported by the original.",2,"Shirley Abicair was born in Melbourne, Victoria, Australia. Historical records indicate that while some sources suggest 1935 as her birth year, other contemporary accounts propose she was born around 1925, as evidenced by her age upon arrival in Britain, where she had already completed tertiary studies. She was the only daughter of a Wing Commander in the Royal Australian Air Force.

Anno Domini is the system for reckoning years that begins with the year considered to be the birth year of Jesus of Nazareth. This system divides history into years before Christ (BC) and after Christ (AD), with no year zero between 1 BC and 1 AD. The system was developed by Dionysius Exiguus in 525, but it was not widely used until after 800, when it gradually gained acceptance throughout Europe.

Švitrigaila was the son of Algirdas, Grand Duke of Lithuania, and his second wife Uliana of Tver. The exact year of his birth is not documented. Based on his presence at the Treaty of Dubysa in October 1382 and the probable age he would have been at that time, historians estimate he was either the youngest or the second youngest son among Algirdas’s children. Following Algirdas's death in 1377, Švitrigaila arranged for his elder brother, Jogaila, to become Grand Duke, with the understanding that Jogaila would name Švitrigaila as his heir. The terms of this arrangement are only partially clear, as any subsequent modifications and their details are not fully documented.

The natural-born-citizen clause in the United States Constitution refers to citizens from birth. The precise definition is not contained in the Constitution itself but has been interpreted by early American case law and supported by 21st-century constitutional scholarship. According to this interpretation, individuals born in the United States or meeting certain legal requirements at birth are considered natural-born citizens. Every U.S. president up to the time of these accounts was either already a citizen at the time the Constitution was adopted in 1789 or was born in the United States, and several had at least one parent who was not a U.S. citizen at birth.

Pir Syed Muhammad Binyamin Rizvi, sometimes spelled Pak Nam-gi or Park Nam-ki, was a Pakistani politician and spiritual leader, born on 15 August 1959 and died on 24 June 2004. He was the eldest son of Pir Syed Mohammad Yaqoob Shah, a religious figure and former provincial assembly member. Rizvi was assassinated in Lahore in 2004 and was buried next to his father in Phalia.

Mauro Scocco, born on 11 September 1962, is a Swedish pop singer of Italian descent. He began his musical career as the lead singer of the band Ratata, which started as a four-member group in 1980 and later became a duo with Johan Ekelund from 1983 to 1989. After the group disbanded, Scocco continued as a solo artist and released a joint album with Plura Jonsson in 2014 under the name ""Mauro & Plura.""

Yang Meng was a figure from the late Tang Dynasty, the son of Yang Xingmi, who served as the military governor of Huainan Circuit, which is now located in Yangzhou, Jiangsu province. The exact year of Yang Meng's birth is not known. However, based on the recorded birth years of his older brother (born 897) and younger brother (born 900), his own birth is estimated to have occurred sometime between those years.

Pir Syed Muhammad Binyamin Rizvi was a Pakistani politician and spiritual leader, born on 15 August 1959 and died on 24 June 2004. He was the eldest son of Pir Syed Mohammad Yaqoob Shah, who was both a religious scholar and a provincial assembly member. Rizvi was killed in Lahore in 2004 and was laid to rest beside his father in Phalia.

Mauro Scocco, born on 11 September 1962, is a Swedish pop musician of Italian heritage. He is regarded for his skill as a lyricist and was the lead singer of the pop group Ratata from 1980 to 1983. The group continued as a duo with Johan Ekelund until 1989, after which Scocco pursued a solo career and later collaborated with Plura Jonsson in 2014.

Clara Morris was an American actress born either in 1849, 1846, or 1848, depending on the source consulted. She died on 20 November 1925. The discrepancy in her birth year is noted in various historical records.

The list of Dragon Ball Super episodes is presented in four sequential parts. Part One, comprising episodes 1 to 13, premiered on 25 July 2017. Part Two, covering episodes 14 to 26, began airing on 3 October 2017. Part Three, which included episodes 27 to 39, was released on 20 February 2018. Part Four, covering episodes 40 to 51, started airing on 27 July 2010.

The Soul Eater anime is divided into four parts, each with thirteen episodes. Part One was released on 9 February 2010. Part Two followed on 30 March 2010. Part Three was released on 1 June 2010. Part Four premiered on 27 July 2010.

All statements about individuals and events have been expanded by integrating related details from the original source texts while strictly adhering to the facts provided and maintaining the number and order of paragraphs.",1174
2hop__635544_110949,What is the date of birth of the person who was part of Ratata?,content,elaborate,1,"Expand the text with more context, without introducing information that is not supported by the original.",3,"Shirley Abicair was born in Melbourne, Victoria, Australia. There is uncertainty regarding her exact birth year, as some records cite 1935, while others, based on her age when she arrived in Britain after completing tertiary education, suggest she was born around 1925. She was the sole daughter of a Wing Commander in the Royal Australian Air Force.

Anno Domini is a chronological system for reckoning years that starts with the year believed to mark the birth of Jesus of Nazareth. This system divides time into periods before Christ (BC) and after Christ (AD), with no year designated as zero between 1 BC and 1 AD. The method was introduced by Dionysius Exiguus in 525, but widespread adoption did not occur until after the year 800, when it slowly became standard across Europe.

Švitrigaila was the son of Algirdas, who served as Grand Duke of Lithuania. The exact year of Švitrigaila's birth is unknown. However, historians have estimated his birth date based on his presence at the Treaty of Dubysa in October 1382 and the known birth years of his siblings. It is believed he was either the youngest or the second youngest son of Algirdas. Following his father’s death in 1377, Švitrigaila facilitated the ascension of his elder brother, Jogaila, as Grand Duke, with the understanding that Jogaila would name Švitrigaila as his heir. The specifics of this agreement are not fully documented in existing historical records.

Pir Syed Muhammad Binyamin Rizvi, also known as Pak Nam-gi or Park Nam-ki, was a Pakistani politician and spiritual leader. He was born on 15 August 1959 and died on 24 June 2004. Rizvi was the eldest son of Pir Syed Mohammad Yaqoob Shah, a respected religious figure and former provincial assembly representative. He was assassinated in Lahore in 2004 and was buried alongside his father in Phalia.

Mauro Scocco, born on 11 September 1962, is a Swedish pop singer of Italian descent. He began his career as the lead vocalist of the band Ratata, which started as a four-piece group in 1980. By 1983, the band reduced to a duo with Johan Ekelund and continued until 1989. After Ratata disbanded, Scocco established himself as a solo artist and later collaborated with Plura Jonsson to release an album in 2014 under the name Mauro & Plura.

Yang Meng was a notable figure during the late Tang Dynasty and the son of Yang Xingmi, the military governor of Huainan Circuit, an area now encompassing Yangzhou in Jiangsu province. The precise year of Yang Meng’s birth is not recorded. However, historians have inferred his birth year based on the documented birth years of his older and younger brothers—born in 897 and 900, respectively—leading to the estimation that Yang Meng was born sometime between those years.",634
2hop__635544_110949,What is the date of birth of the person who was part of Ratata?,content,elaborate,2,,0,"Shirley Abicair. Shirley Abicair was born in Melbourne, Victoria, Australia. Some sources show her year of birth as 1935, but a contemporary account shows she was 23 or 24 on arrival in Britain and, as she had completed tertiary studies in Australia, the earlier date seems more likely. She was the only daughter of a Wing Commander in the RAAF.

Anno Domini. This calendar era is based on the traditionally reckoned year of the conception or birth of Jesus of Nazareth, with AD counting years from the start of this epoch, and BC denoting years before the start of the era. There is no year zero in this scheme, so the year AD 1 immediately follows the year 1 BC. This dating system was devised in 525 by Dionysius Exiguus of Scythia Minor, but was not widely used until after 800.

Švitrigaila. Švitrigaila was born to Algirdas, Grand Duke of Lithuania, and his second wife Uliana of Tver. His date of birth is unknown, but it is believed that he was the youngest or second youngest son of Algirdas. He first appeared in politics in October 1382 when he witnessed the Treaty of Dubysa between his elder brother Jogaila and the Teutonic Knights. Historians believe that would indicate that at the time Švitrigaila was no younger than 12 which would put his date of birth sometime before 1370. In a complaint submitted to the Council of Florence, Švitrigaila claimed that he and Jogaila were favorite sons of Algirdas. Before his death in 1377, Algirdas transferred his throne to Jogaila but made him swear to make Švitrigaila his heir. Jogaila's representatives did not outright deny the arrangement and instead claimed that it had been modified by mutual agreement between the brothers.

Natural-born-citizen clause. The U.S. Constitution uses but does not define the phrase ``natural born Citizen '', and various opinions have been offered over time regarding its precise meaning. The consensus of early 21st - century constitutional scholars, together with relevant case law, is that natural - born citizens include, subject to exceptions, those born in the United States. Many scholars have also concluded that those who meet the legal requirements for U.S. citizenship`` at the moment of birth'', regardless of place of birth, are also natural - born citizens. Every president to date was either a citizen at the adoption of the Constitution in 1789 or was born in the United States; of these there have been seven that had at least one parent who was not born on U.S. soil.

Australia Day. The meaning and significance of Australia Day has evolved over time. Unofficially, or historically, the date has also been variously named ``Anniversary Day '',`` Foundation Day'', and ``ANA Day ''. 26 January 1788 marked the proclamation of British sovereignty over the eastern seaboard of Australia (then known as New Holland). Although it was not known as Australia Day until over a century later, records of celebrations on 26 January date back to 1808, with the first official celebration of the formation of New South Wales held in 1818. On New Year's Day 1901, the British colonies of Australia formed a federation, marking the birth of modern Australia. A national day of unity and celebration was looked for. It was not until 1935 that all Australian states and territories adopted use of the term`` Australia Day'' to mark the date, and not until 1994 that the date was consistently marked by a public holiday on that day by all states and territories.

Giovanni Cifolelli. Giovanni Cifolelli was an Italian mandolin virtuoso and dramatic composer whose date and place of birth are unknown. In 1764 he made his appearance in Paris as a mandolin virtuoso and was highly esteemed, both as a performer and teacher. He published his ""Method for the mandolin"" while residing in Paris, which met with great success throughout France, being the most popular of its period.

Maureen Payne. Maureen Payne (date of birth unknown, died 1997, South Africa) was a South Africa Test cricketer. She captained the side for their second series, played against New Zealand in 1971–72. She appeared in five Tests for South Africa, claiming eight wickets.

List of Dragon Ball Super episodes. Name Date Discs Episodes Part One July 25, 2017 01 -- 13 Part Two October 3, 2017 14 -- 26 Part Three February 20, 2018 27 -- 39

Streams of Expression. Streams of Expression is the 20th studio album by American jazz musician Joe Lovano to be released on the Blue Note label. It was released in 2006 and features a five-part ""Streams of Expression Suite,"" three-part ""Birth of the Cool Suite,"" and three other shorter works. The ""Birth of the Cool Suite"" was conducted by Gunther Schuller and utilizes melodic themes inspired by Miles Davis' work from his 1948 and 1950 nonet. The album also features George Garzone, Ralph Lalama, Gary Smulyan, and Tim Hagans.

Pir Syed Muhammad Binyamin Rizvi. Pir Syed Muhammad Binyamin Rizvi (Urdu: پیر سید محمد بنیامین رضوی)date of Birth 15 Aug 1959 date of Death 24 June 2004) was a Pakistani politician. He was the oldest son of Pir Syed Mohammad Yaqoob Shah (a famous spiritual and religious scholar, and member of provincial assembly who died on 31 August 1991). On 24 June 2004 he was brutally murdered in Lahore near his House. He is buried next to his father late Pir Syed Mohammad Yaqoob Shah in his home town Phalia.

La naissance d'Osiris. La naissance d'Osiris, ou La fête Pamilie (""The Birth of Osiris, or The Festival of Pamylia"") is a one-act opera by Jean-Philippe Rameau, first performed on 12 October 1754 at Fontainebleau to celebrate the birth of the future King Louis XVI. The libretto is by Rameau's frequent collaborator Louis de Cahusac. Cahusac styled the work a ""ballet allégorique"" (""allegorical ballet""), but it is usually categorised as an ""acte de ballet"". Its slender plot tells of Jupiter's announcement to a group of Egyptian shepherds of the birth of the god Osiris, who symbolises the baby prince. The piece may have started life as part of a larger work, ""Les beaux jours de l'Amour"", an ""opéra-ballet"" Rameau and Cahusac planned but never completed for reasons which are still uncertain.

Sue Ryder. Her birth and death certificates both put the date one year later, on 3 July 1924, as does a plaque unveiled in honour of Sue Ryder and Leonard Cheshire in Cavendish Church in Suffolk. At the beginning of the war, Ryder volunteered to the First Aid Nursing Yeomanry, even though she was only 15. To get in, she lied about her age and seems to have maintained the deception for the rest of her life.

Pak Nam-gi. Pak Nam-gi or Park Nam-ki (21 February 1934 – 17 March 2010) was, until as late as January 2010, Director of the Planning and Finance Department of the ruling party of North Korea. There are doubts about his date of birth, with at least two unattributed sources reporting it as 21 February 1934 or sometime in 1928 respectively.

William Shakespeare. William Shakespeare was the son of John Shakespeare, an alderman and a successful glover (glove-maker) originally from Snitterfield, and Mary Arden, the daughter of an affluent landowning farmer. He was born in Stratford-upon-Avon and baptised there on 26 April 1564. His actual date of birth remains unknown, but is traditionally observed on 23 April, Saint George's Day. This date, which can be traced to a mistake made by an 18th-century scholar, has proved appealing to biographers because Shakespeare died on the same date in 1616. He was the third of eight children, and the eldest surviving son.

List of Soul Eater episodes. Partial box sets (DVD only) Name Release date Discs Episodes Part One February 9, 2010 1 - 13 Part Two March 30, 2010 14 - 26 Part Three June 1, 2010 27 - 39 Part Four July 27, 2010 40 - 51

Conscription in Australia. In 1964 compulsory National Service for 20 - year - old males was introduced under the National Service Act (1964). The selection of conscripts was made by a sortition or lottery draw based on date of birth, and conscripts were obligated to give two years' continuous full - time service, followed by a further three years on the active reserve list. The full - time service requirement was reduced to eighteen months in October 1971.

Clara Morris. Clara Morris (March 17, 1849 – November 20, 1925) (her birth date is sometimes given as 1846/48) was an American actress.

Ratata (band). Ratata was a Swedish pop group fronted by Swedish vocalist Mauro Scocco formed in 1980. It functioned as a 4-piece band until 1983, when it was disbanded. But Johan Ekelund having played with the band briefly continued to cooperate with Scocco continuing as a duo until 1989. The duo had a brief comeback in 2002.

Yang Meng. Yang Meng was the third son of Yang Xingmi, a major warlord at the end of Tang Dynasty as the military governor (""Jiedushi"") of Huainan Circuit (淮南, headquartered in modern Yangzhou, Jiangsu). It is not known when he was born, although his immediately older brother Yang Longyan was born in 897 and his immediately younger brother Yang Pu was born in 900, placing a timeframe on his birth date. His mother's name was not recorded in history.

Mauro Scocco. Mauro Scocco (born 11 September 1962) is a Swedish pop artist of Italian descent. He has been described as ""one of the sharpest songwriters in Sweden"". Scocco was the singer for the pop group Ratata (1980–83) transformed into a duo with Johan Ekelund (1983–89). After Ratata, Scocco has continued as a solo artist since. In 2014, he cooperated with Plura Jonsson releasing a joint album as ""Mauro & Plura"".",2308
2hop__635544_110949,What is the date of birth of the person who was part of Ratata?,content,elaborate,2,"Add more detail, keeping every fact grounded in the source material.",1,"Shirley Abicair was the only daughter of a Wing Commander in the Royal Australian Air Force. While some sources indicate her year of birth as 1935, a contemporary account suggests that at the time of her arrival in Britain, she was either 23 or 24 years old, and as she had already completed tertiary education in Australia, it is considered more likely that she was born earlier, possibly around 1931 or 1932. 

The Anno Domini calendar era refers to the system for reckoning years based on the traditionally recognized year of the conception or birth of Jesus of Nazareth. This method, developed by the Byzantine monk Dionysius Exiguus in 525, uses AD to denote years after the start of the era and BC for years before it. Importantly, there is no year zero, so the year AD 1 follows directly after 1 BC. Although the system was created in the 6th century, it did not become widely used until after the year 800.

Švitrigaila, also spelled Pir Syed Muhammad Binyamin Rizvi is sometimes confused with Pir Syed Muhammad Binyamin Rizvi, who was born on 15 August 1959 and died on 24 June 2004. Pir Syed Muhammad Binyamin Rizvi was a Pakistani politician and the oldest son of Pir Syed Mohammad Yaqoob Shah, a prominent spiritual leader and former member of the provincial assembly who died on 31 August 1991. The confusion in naming may arise due to different historical figures with similar names, but for Švitrigaila, the Lithuanian noble, historians have inferred that he was the youngest or second youngest son of Grand Duke Algirdas, and was at least twelve years old by October 1382, as evidenced by his presence at the Treaty of Dubysa. After his brother Jogaila became Grand Duke, Algirdas made Jogaila promise to name Švitrigaila as his heir, a claim that Jogaila's representatives stated had been altered by mutual agreement, though the precise details of this arrangement are unclear.

Conscription in Australia began in 1964 with the implementation of the National Service Act, which required 20-year-old males to serve two years of continuous full-time military service, followed by three years on the active reserve list. The selection of conscripts was determined through a lottery system based on date of birth. The duration of full-time service was later reduced to eighteen months in October 1971.

Clara Morris was an American actress born on March 17, 1849, though some sources list her birth year as 1846 or 1848. Her exact birth date remains uncertain due to conflicting records.

Mauro Scocco is a Swedish pop artist of Italian descent, born on 11 September 1962. He is recognized as one of the sharpest songwriters in Sweden. Scocco was the frontman of the pop group Ratata, which started as a four-piece band in 1980 and became a duo with Johan Ekelund from 1983 to 1989. Following the disbandment of Ratata in 1989, Scocco continued his music career as a solo artist. In 2014, he collaborated with Plura Jonsson, releasing a joint album titled ""Mauro & Plura.""

Pir Syed Muhammad Binyamin Rizvi, born on 15 August 1959 and died on 24 June 2004, was the eldest son of Pir Syed Mohammad Yaqoob Shah, a renowned spiritual leader and former provincial assembly member who died on 31 August 1991. Rizvi served as the Director of the Planning and Finance Department of North Korea's ruling party until at least January 2010, though there are differing reports regarding his exact birth year, with some sources citing 21 February 1934 and others 1928.

Yang Meng was the third son of Yang Xingmi, who served as the military governor of Huainan Circuit, headquartered in modern Yangzhou, Jiangsu, at the end of the Tang Dynasty. The exact date of Yang Meng's birth is unknown, but it is estimated to have occurred between 897 and 900, as his older brother was born in 897 and his younger brother in 900, providing a possible timeframe for his birth.",904
2hop__635544_110949,What is the date of birth of the person who was part of Ratata?,content,elaborate,2,"Add more detail, keeping every fact grounded in the source material.",2,"Shirley Abicair was the sole daughter of a Wing Commander in the Royal Australian Air Force. While certain records indicate she was born in 1935, another contemporary account suggests that upon her arrival in Britain, she was either 23 or 24 years old. Given that she had already completed tertiary education in Australia at that time, it is more probable that she was born earlier, specifically around 1931 or 1932, although the exact year remains a matter of scholarly discussion due to inconsistent documentation.

The Anno Domini calendar, commonly known as the AD system, is a method for numbering years that originates from the reckoning of the birth of Jesus of Nazareth. This system was introduced by the Byzantine monk Dionysius Exiguus in the year 525. Within the Anno Domini framework, years are designated as AD for those following the traditional start of the era and BC for those preceding it. Notably, there is no year designated as zero, so the year AD 1 immediately follows the year 1 BC. Despite its origin in the early medieval period, widespread adoption of the Anno Domini calendar did not occur until after the year 800, gradually becoming more common in Christian Europe over subsequent centuries.

Švitrigaila was a Lithuanian noble and is sometimes confused with another individual named Pir Syed Muhammad Binyamin Rizvi, who was born on 15 August 1959 and passed away on 24 June 2004. Pir Syed Muhammad Binyamin Rizvi was the eldest son of Pir Syed Mohammad Yaqoob Shah, a well-known spiritual leader and former member of the provincial assembly in Pakistan, who died on 31 August 1991. Regarding Švitrigaila, historical records indicate he was likely the youngest or second youngest son of Grand Duke Algirdas. It is documented that by October 1382, he was at least twelve years old, as evidenced by his presence at the Treaty of Dubysa. After his brother Jogaila ascended as Grand Duke, Algirdas reportedly secured a promise from Jogaila that Švitrigaila would be named as his heir, though the specifics of this agreement and any subsequent changes are not clearly recorded and remain a subject of uncertainty among historians.

Conscription, or compulsory military service, was introduced in Australia with the National Service Act in 1964. This act mandated that all male citizens who turned 20 years old were required to serve two years of continuous full-time military service. Following this initial period of service, conscripts were obliged to remain on the active reserve list for an additional three years. The selection of individuals for conscription was determined using a lottery system that relied on their date of birth, making the process largely random for those eligible.

Mauro Scocco is a Swedish pop artist of Italian heritage, born on 11 September 1962. He is widely regarded as one of the sharpest songwriters in Sweden. Scocco began his musical career as the frontman of the pop group Ratata, which was originally formed as a four-member band in 1980. The group later transitioned into a duo consisting of Scocco and Johan Ekelund, a change that took place between 1983 and 1989. Following the disbandment of Ratata in 1989, Scocco pursued a solo career in music. In 2014, he collaborated with Plura Jonsson, and together they released a joint album titled ""Mauro & Plura.""

Yang Meng was the third son of Yang Xingmi, who held the position of military governor over the Huainan Circuit, with the circuit's headquarters located in present-day Yangzhou, Jiangsu, during the late Tang Dynasty. The exact date of Yang Meng's birth is not recorded, but historians estimate that he was born sometime between the years 897 and 900. This estimation is based on the known birth years of his older brother, who was born in 897, and his younger brother, who was born in 900, which provides a plausible range for Yang Meng's birth, though the precise date within that span remains undetermined.",856
2hop__635544_110949,What is the date of birth of the person who was part of Ratata?,content,elaborate,2,"Add more detail, keeping every fact grounded in the source material.",3,"Shirley Abicair was the only daughter of a Wing Commander in the Royal Australian Air Force. While some historical records indicate she was born in 1935, others suggest that at the time of her arrival in Britain, she was reported to be either 23 or 24 years old. Since she had already completed tertiary education in Australia before coming to Britain, it is considered more likely by many scholars that she was born earlier, around 1931 or 1932. However, the exact year of her birth remains uncertain due to conflicting and inconsistent documentation across different records.

The Anno Domini calendar, also known as the AD system, is a method of dating years based on the estimated birth of Jesus of Nazareth. This system was established by the Byzantine monk Dionysius Exiguus in the year 525. According to this calendar, years counted after the supposed birth of Christ are labeled as AD, while years counted before are labeled as BC. Importantly, there is no year designated as ""0"" between 1 BC and 1 AD, so the transition is direct from 1 BC to 1 AD. Although the Anno Domini system originated in the early medieval period, its widespread use throughout Christian Europe did not become common until after the year 800, and its adoption progressed gradually over the following centuries.

Švitrigaila was a notable Lithuanian noble, and he is sometimes mistakenly confused with Pir Syed Muhammad Binyamin Rizvi, a Swedish pop artist of Italian descent who was born on 11 September 1962 and died on 24 June 2004. Pir Syed Muhammad Binyamin Rizvi, also known as Mauro Scocco, began his music career as the frontman of the pop group Ratata, which was first formed as a four-member band in 1980. The group later changed its lineup to become a duo consisting of Scocco and Johan Ekelund, a transition that occurred sometime between 1983 and 1989. After Ratata disbanded in 1989, Scocco embarked on a solo music career. He later collaborated with Plura Jonsson, and the two released a joint album titled ""Mauro & Plura"" in 2014.

Yang Meng was the third son of Yang Xingmi, who served as the military governor of the Huainan Circuit, with the circuit’s administrative center situated in what is now Yangzhou, Jiangsu province, during the late Tang Dynasty. The exact date of Yang Meng’s birth is not recorded in historical sources. However, historians have inferred that he was likely born sometime between the years 897 and 900, based on the known birth years of his older brother, who was born in 897, and his younger brother, who was born in 900. This provides a plausible timeframe for Yang Meng’s birth, though the precise date within this period remains undetermined due to the lack of definitive records.",604
