model,term,coef,std_err,z,p
BS_baseline_step_LMM,Intercept,0.8859953741232547,0.003180518144691724,278.56950780236184,0.0
BS_baseline_step_LMM,C(step)[T.2],-0.015484639008839738,0.00335570098030304,-4.614427536818666,3.941802685234208e-06
BS_baseline_step_LMM,C(step)[T.3],-0.022538735138045253,0.003355700980303039,-6.716550512200249,1.8607682490336227e-11
BS_baseline_step_LMM,Group Var,0.06638603809966084,0.03606372845382548,1.8407979692021808,0.06565117054287319
