model,term,coef,std_err,z,p
BS_base_LMM_style_step_x_instr,Intercept,0.9135933862792122,0.004526280797918373,201.8419596723588,0.0
BS_base_LMM_style_step_x_instr,C(step)[T.2],-0.01489379008611059,0.003715300576201941,-4.0087712368446216,6.103550701207946e-05
BS_base_LMM_style_step_x_instr,C(step)[T.3],-0.020690164301130676,0.0037153005762019416,-5.568907246336907,2.563418912880334e-08
BS_base_LMM_style_step_x_instr,C(instruction_type)[T.paraphrase],-0.034230878618028496,0.003715300576201945,-9.213488361423998,3.156949475728433e-20
BS_base_LMM_style_step_x_instr,C(step)[T.2]:C(instruction_type)[T.paraphrase],0.0010326743125916309,0.005254228463157365,0.19654157024818017,0.844186298748709
BS_base_LMM_style_step_x_instr,C(step)[T.3]:C(instruction_type)[T.paraphrase],0.00031357473797277133,0.005254228463157365,0.05968045359495814,0.9524101397530075
BS_base_LMM_style_step_x_instr,Group Var,0.6561393678879403,0.2764166366754668,2.373733273725834,0.017609265841661906
