contrast,n_pairs,mean_diff,wilcoxon_stat,p,rank_biserial,p_holm
step1->step2,15,-0.015484639008839911,0.0,6.103515625e-05,1.0,0.0001220703125
step2->step3,15,-0.007054096129205497,0.0,6.103515625e-05,1.0,0.0001220703125
