metric,n_hop,n_qid,mean_at_min,mean_at_max,mean_diff_min_to_max,wilcoxon_p,wilcoxon_p_holm
bs_base,2,5,0.8891311724980673,0.8676877548297247,-0.021443417668342568,0.0625,0.1875
bs_base,3,5,0.8801688333352408,0.8593818267186484,-0.020787006616592406,0.0625,0.1875
bs_base,4,5,0.8886861165364582,0.863300335407257,-0.025385781129201247,0.0625,0.1875
