model,term,coef,std_err,z,p
BS_base_LMM_content_step_x_instr,Intercept,0.9042618844244223,0.003432025469805678,263.47761471467805,0.0
BS_base_LMM_content_step_x_instr,C(step)[T.2],-0.019084229734209666,0.0039000609170600385,-4.893315807127399,9.91511097691107e-07
BS_base_LMM_content_step_x_instr,C(step)[T.3],-0.028989568021563283,0.003900060917060038,-7.433106466300104,1.0607645234132947e-13
BS_base_LMM_content_step_x_instr,C(instruction_type)[T.shorten],-0.05749816629621837,0.0039000609170600394,-14.742889282755584,3.4184118046116256e-49
BS_base_LMM_content_step_x_instr,C(step)[T.2]:C(instruction_type)[T.shorten],0.004984809292688389,0.005515519042987555,0.9037788200597526,0.36611269463745266
BS_base_LMM_content_step_x_instr,C(step)[T.3]:C(instruction_type)[T.shorten],0.008890949355232547,0.005515519042987555,1.6119877904395095,0.10696459664110033
BS_base_LMM_content_step_x_instr,Group Var,0.1829248682892138,0.09262635936906516,1.974868380180621,0.04828308653872203
