model,term,coef,std_err,z,p
BS_cons_LMM_content_step_x_instr,Intercept,0.9042618844244213,0.003327127766036657,271.7845385004847,0.0
BS_cons_LMM_content_step_x_instr,C(step)[T.2],0.031098296907213,0.004323404479792944,7.193011214324863,6.337773470542795e-13
BS_cons_LMM_content_step_x_instr,C(step)[T.3],0.04856086439556549,0.0043234044797929435,11.23208911461626,2.836904305826022e-29
BS_cons_LMM_content_step_x_instr,C(instruction_type)[T.shorten],-0.057498166296216124,0.004323404479792942,-13.299279899661354,2.3370827884331297e-40
BS_cons_LMM_content_step_x_instr,C(step)[T.2]:C(instruction_type)[T.shorten],0.05055872996648044,0.006114217250947776,8.269043753498167,1.3503770889643148e-16
BS_cons_LMM_content_step_x_instr,C(step)[T.3]:C(instruction_type)[T.shorten],0.055320225821599935,0.0061142172509477755,9.047801795565025,1.4587525916942262e-19
BS_cons_LMM_content_step_x_instr,Group Var,0.06148377357732846,0.04545811199565956,1.3525368933755777,0.176203624823961
