model,term,coef,std_err,z,p
BS_cons_LMM_style_step_x_instr,Intercept,0.9135933862792118,0.003686905751712699,247.79407118145485,0.0
BS_cons_LMM_style_step_x_instr,C(step)[T.2],0.04902854495578358,0.004870573389375462,10.06627783552818,7.786946319520367e-24
BS_cons_LMM_style_step_x_instr,C(step)[T.3],0.06331814527511596,0.004870573389375462,13.000141916193371,1.2211646465313594e-38
BS_cons_LMM_style_step_x_instr,C(instruction_type)[T.paraphrase],-0.03423087861802821,0.004870573389375457,-7.028100365492606,2.0936428407478725e-12
BS_cons_LMM_style_step_x_instr,C(step)[T.2]:C(instruction_type)[T.paraphrase],0.016914804776509206,0.006888030943788267,2.4556807184153606,0.014061802968681482
BS_cons_LMM_style_step_x_instr,C(step)[T.3]:C(instruction_type)[T.paraphrase],0.016006260448031717,0.006888030943788266,2.323778824261295,0.02013735124049536
BS_cons_LMM_style_step_x_instr,Group Var,0.04867481747239449,0.04048341732136654,1.2023396415871408,0.2292319640893532
