model,term,coef,std_err,z,p
BS_consecutive_step_LMM,Intercept,0.885995374123256,0.0022632174765175907,391.47602177698616,0.0
BS_consecutive_step_LMM,C(step)[T.2],0.05693180461724553,0.002980520478485476,19.1012962427874,2.462959445161319e-81
BS_consecutive_step_LMM,C(step)[T.3],0.07377112640274837,0.002980520478485475,24.751088588471806,3.017738888028164e-135
BS_consecutive_step_LMM,Group Var,0.012765276576082289,0.015526761751273146,0.8221467412569511,0.41099338600098756
