model,term,coef,std_err,z,p
BS_cons_LMM_step_x_group,Intercept,0.8755128012763126,0.002942329038219983,297.5577475882746,0.0
BS_cons_LMM_step_x_group,C(step)[T.2],0.05637766189045436,0.003948528972730935,14.27814314642389,2.994749837153145e-46
BS_cons_LMM_step_x_group,C(step)[T.3],0.07622097730636657,0.003948528972730935,19.30363885709305,5.005690324734957e-83
BS_cons_LMM_step_x_group,C(group)[T.style],0.020965145693885592,0.003948528972730939,5.309609183235997,1.0986055484511915e-07
BS_cons_LMM_step_x_group,C(step)[T.2]:C(group)[T.style],0.0011082854535838175,0.005584063224659197,0.19847294147559688,0.8426750532096715
BS_cons_LMM_step_x_group,C(step)[T.3]:C(group)[T.style],-0.004899701807234671,0.005584063224659197,-0.8774438272112699,0.3802456168904239
BS_cons_LMM_step_x_group,Group Var,0.018426575599413925,0.01769713057044534,1.041218265642837,0.29777426029008724
