x,y,r,ci_low,ci_high,p
answer_f1,factscore,0.009287711814908896,-0.08,0.09,0.8317102574150746
answer_f1,bert_f1_baseline,0.11198852590106843,0.03,0.2,0.010158060479972747
factscore,bert_f1_baseline,-0.028555519074478914,-0.11,0.06,0.5134422457129125
