model,term,coef,std_err,z,p
OFS_LMM_step_x_group,Intercept,0.8868259755159265,0.012346106825251786,71.83041488852828,0.0
OFS_LMM_step_x_group,C(step)[T.2],-0.01740914734993208,0.007826794603252077,-2.2243010366847344,0.0261281970128663
OFS_LMM_step_x_group,C(step)[T.3],-0.036354748012140954,0.007826794603252075,-4.644908912907382,3.4022653205898903e-06
OFS_LMM_step_x_group,C(group)[T.style],0.01728219344798527,0.007826794603252071,2.2080806158889663,0.027238653997684853
OFS_LMM_step_x_group,C(step)[T.2]:C(group)[T.style],0.01827527620046463,0.011068759077827629,1.6510682066495357,0.0987246483909576
OFS_LMM_step_x_group,C(step)[T.3]:C(group)[T.style],0.03632721442676371,0.011068759077827627,3.281959086048998,0.0010308856174460958
OFS_LMM_step_x_group,Group Var,0.6627465132769148,0.26446967822543377,2.505945171952719,0.012212455547207148
