metric,n_hop,n_qid,mean_at_min,mean_at_max,mean_diff_min_to_max,wilcoxon_p,wilcoxon_p_holm
ofs,2,5,0.9127050625544134,0.9027246475485351,-0.009980415005878474,0.625,0.625
ofs,3,5,0.9065374633307723,0.887743466584066,-0.018793996746706277,0.0625,0.1875
ofs,4,5,0.8671586908345521,0.8413596801908595,-0.025799010643692565,0.0625,0.1875
