metric,friedman_chi2,friedman_p,var_qid,var_run,var_resid,icc_qid,icc_run
f1,2.666666666666646,0.26359713811572943,0.1169340469525362,0.0017039520954063808,0.04691170574443119,0.7063379973959513,0.01029269183864395
ofs,4.133333333333326,0.12660710278908405,0.0019036292064750784,0.00017162240287313602,0.0028617795354017907,0.3855817698252483,0.034762268626892856
bs_base,16.133333333333326,0.00031382763161986354,9.54319442864146e-05,5.0028980417738364e-05,0.0009343732702064247,0.0883764792189392,0.046330242784987305
bs_cons,9.73333333333332,0.00769898584940163,3.241649436281444e-05,2.4523761496750817e-05,0.0007517575495911478,0.040084805652152965,0.03032500067572577
