metric,test,n_qid,k_steps,chi2,df,p_value
answer_f1,Friedman,297,4,43.99029126213608,3,1.5163661324050081e-09
openfactscore,Friedman,297,3,183.0774410774411,2,1.7588904445996527e-40
bertscore_baseline,Friedman,297,3,483.8451178451178,2,8.597409481574444e-106
bertscore_consecutive,Friedman,297,3,563.7239057239058,2,3.880692341759562e-123
bleurt_baseline,Friedman,297,3,341.6228956228956,2,6.569476592951768e-75
