model,ICC_qid,n_obs,n_qid
answer_f1_lpm,0.40158006163704535,14256,297
openfactscore_lmm,0.32094325379906957,10692,297
bertscore_baseline_lmm,0.4105205914801554,10692,297
bertscore_consecutive_lmm,0.0009742771289684209,10692,297
bleurt_baseline_lmm,0.35001826741541947,10692,297
