n,diff_mean,se,bound,p_lower,p_upper,p_tost,equivalent,contrast,metric
297,0.14672026277278813,0.02211914296159749,0.02,2.944311461305915e-13,0.9999999875798338,0.9999999875798338,False,step0_vs_step1,answer_f1
297,0.024822444200773106,0.004599731885735165,0.02,0.0,0.8523494505667882,0.8523494505667882,False,step1_vs_step2,answer_f1
297,0.013678937885093452,0.0038308770196579995,0.02,1.1102230246251565e-16,0.049998742754861436,0.049998742754861436,True,step2_vs_step3,answer_f1
