threshold,recovery_rate,ci_lo,ci_hi,n_chains,B
0.0001,0.21888888888888888,0.17722222222222223,0.2627777777777778,1800,10000
0.1,0.20277777777777778,0.16166666666666665,0.245,1800,10000
0.25,0.1761111111111111,0.13944444444444445,0.215,1800,10000
0.5,0.14222222222222222,0.10833333333333334,0.17944444444444443,1800,10000
0.75,0.11722222222222223,0.08555555555555555,0.15055555555555555,1800,10000
0.9,0.11222222222222222,0.08222222222222222,0.1461111111111111,1800,10000
1.0,0.11222222222222222,0.08222222222222222,0.145,1800,10000
