step,n_pairs,mean_elaborate,mean_shorten,mean_diff,wilcoxon_stat,p,p_holm
1,15,1505.7555555555552,602.9777777777778,902.7777777777777,0.0,6.103515625e-05,0.00018310546875
2,15,1543.1111111111106,504.8888888888889,1038.2222222222224,0.0,6.103515625e-05,0.00018310546875
3,15,1638.4444444444446,463.6444444444444,1174.7999999999997,0.0,6.103515625e-05,0.00018310546875
