qid,question,group,instruction_type,run,instruction_used,step,text,n_tokens
2hop__635544_110949,What is the date of birth of the person who was part of Ratata?,style,formality,0,,0,"Shirley Abicair. Shirley Abicair was born in Melbourne, Victoria, Australia. Some sources show her year of birth as 1935, but a contemporary account shows she was 23 or 24 on arrival in Britain and, as she had completed tertiary studies in Australia, the earlier date seems more likely. She was the only daughter of a Wing Commander in the RAAF.

Anno Domini. This calendar era is based on the traditionally reckoned year of the conception or birth of Jesus of Nazareth, with AD counting years from the start of this epoch, and BC denoting years before the start of the era. There is no year zero in this scheme, so the year AD 1 immediately follows the year 1 BC. This dating system was devised in 525 by Dionysius Exiguus of Scythia Minor, but was not widely used until after 800.

Švitrigaila. Švitrigaila was born to Algirdas, Grand Duke of Lithuania, and his second wife Uliana of Tver. His date of birth is unknown, but it is believed that he was the youngest or second youngest son of Algirdas. He first appeared in politics in October 1382 when he witnessed the Treaty of Dubysa between his elder brother Jogaila and the Teutonic Knights. Historians believe that would indicate that at the time Švitrigaila was no younger than 12 which would put his date of birth sometime before 1370. In a complaint submitted to the Council of Florence, Švitrigaila claimed that he and Jogaila were favorite sons of Algirdas. Before his death in 1377, Algirdas transferred his throne to Jogaila but made him swear to make Švitrigaila his heir. Jogaila's representatives did not outright deny the arrangement and instead claimed that it had been modified by mutual agreement between the brothers.

Natural-born-citizen clause. The U.S. Constitution uses but does not define the phrase ``natural born Citizen '', and various opinions have been offered over time regarding its precise meaning. The consensus of early 21st - century constitutional scholars, together with relevant case law, is that natural - born citizens include, subject to exceptions, those born in the United States. Many scholars have also concluded that those who meet the legal requirements for U.S. citizenship`` at the moment of birth'', regardless of place of birth, are also natural - born citizens. Every president to date was either a citizen at the adoption of the Constitution in 1789 or was born in the United States; of these there have been seven that had at least one parent who was not born on U.S. soil.

Australia Day. The meaning and significance of Australia Day has evolved over time. Unofficially, or historically, the date has also been variously named ``Anniversary Day '',`` Foundation Day'', and ``ANA Day ''. 26 January 1788 marked the proclamation of British sovereignty over the eastern seaboard of Australia (then known as New Holland). Although it was not known as Australia Day until over a century later, records of celebrations on 26 January date back to 1808, with the first official celebration of the formation of New South Wales held in 1818. On New Year's Day 1901, the British colonies of Australia formed a federation, marking the birth of modern Australia. A national day of unity and celebration was looked for. It was not until 1935 that all Australian states and territories adopted use of the term`` Australia Day'' to mark the date, and not until 1994 that the date was consistently marked by a public holiday on that day by all states and territories.

Giovanni Cifolelli. Giovanni Cifolelli was an Italian mandolin virtuoso and dramatic composer whose date and place of birth are unknown. In 1764 he made his appearance in Paris as a mandolin virtuoso and was highly esteemed, both as a performer and teacher. He published his ""Method for the mandolin"" while residing in Paris, which met with great success throughout France, being the most popular of its period.

Maureen Payne. Maureen Payne (date of birth unknown, died 1997, South Africa) was a South Africa Test cricketer. She captained the side for their second series, played against New Zealand in 1971–72. She appeared in five Tests for South Africa, claiming eight wickets.

List of Dragon Ball Super episodes. Name Date Discs Episodes Part One July 25, 2017 01 -- 13 Part Two October 3, 2017 14 -- 26 Part Three February 20, 2018 27 -- 39

Streams of Expression. Streams of Expression is the 20th studio album by American jazz musician Joe Lovano to be released on the Blue Note label. It was released in 2006 and features a five-part ""Streams of Expression Suite,"" three-part ""Birth of the Cool Suite,"" and three other shorter works. The ""Birth of the Cool Suite"" was conducted by Gunther Schuller and utilizes melodic themes inspired by Miles Davis' work from his 1948 and 1950 nonet. The album also features George Garzone, Ralph Lalama, Gary Smulyan, and Tim Hagans.

Pir Syed Muhammad Binyamin Rizvi. Pir Syed Muhammad Binyamin Rizvi (Urdu: پیر سید محمد بنیامین رضوی)date of Birth 15 Aug 1959 date of Death 24 June 2004) was a Pakistani politician. He was the oldest son of Pir Syed Mohammad Yaqoob Shah (a famous spiritual and religious scholar, and member of provincial assembly who died on 31 August 1991). On 24 June 2004 he was brutally murdered in Lahore near his House. He is buried next to his father late Pir Syed Mohammad Yaqoob Shah in his home town Phalia.

La naissance d'Osiris. La naissance d'Osiris, ou La fête Pamilie (""The Birth of Osiris, or The Festival of Pamylia"") is a one-act opera by Jean-Philippe Rameau, first performed on 12 October 1754 at Fontainebleau to celebrate the birth of the future King Louis XVI. The libretto is by Rameau's frequent collaborator Louis de Cahusac. Cahusac styled the work a ""ballet allégorique"" (""allegorical ballet""), but it is usually categorised as an ""acte de ballet"". Its slender plot tells of Jupiter's announcement to a group of Egyptian shepherds of the birth of the god Osiris, who symbolises the baby prince. The piece may have started life as part of a larger work, ""Les beaux jours de l'Amour"", an ""opéra-ballet"" Rameau and Cahusac planned but never completed for reasons which are still uncertain.

Sue Ryder. Her birth and death certificates both put the date one year later, on 3 July 1924, as does a plaque unveiled in honour of Sue Ryder and Leonard Cheshire in Cavendish Church in Suffolk. At the beginning of the war, Ryder volunteered to the First Aid Nursing Yeomanry, even though she was only 15. To get in, she lied about her age and seems to have maintained the deception for the rest of her life.

Pak Nam-gi. Pak Nam-gi or Park Nam-ki (21 February 1934 – 17 March 2010) was, until as late as January 2010, Director of the Planning and Finance Department of the ruling party of North Korea. There are doubts about his date of birth, with at least two unattributed sources reporting it as 21 February 1934 or sometime in 1928 respectively.

William Shakespeare. William Shakespeare was the son of John Shakespeare, an alderman and a successful glover (glove-maker) originally from Snitterfield, and Mary Arden, the daughter of an affluent landowning farmer. He was born in Stratford-upon-Avon and baptised there on 26 April 1564. His actual date of birth remains unknown, but is traditionally observed on 23 April, Saint George's Day. This date, which can be traced to a mistake made by an 18th-century scholar, has proved appealing to biographers because Shakespeare died on the same date in 1616. He was the third of eight children, and the eldest surviving son.

List of Soul Eater episodes. Partial box sets (DVD only) Name Release date Discs Episodes Part One February 9, 2010 1 - 13 Part Two March 30, 2010 14 - 26 Part Three June 1, 2010 27 - 39 Part Four July 27, 2010 40 - 51

Conscription in Australia. In 1964 compulsory National Service for 20 - year - old males was introduced under the National Service Act (1964). The selection of conscripts was made by a sortition or lottery draw based on date of birth, and conscripts were obligated to give two years' continuous full - time service, followed by a further three years on the active reserve list. The full - time service requirement was reduced to eighteen months in October 1971.

Clara Morris. Clara Morris (March 17, 1849 – November 20, 1925) (her birth date is sometimes given as 1846/48) was an American actress.

Ratata (band). Ratata was a Swedish pop group fronted by Swedish vocalist Mauro Scocco formed in 1980. It functioned as a 4-piece band until 1983, when it was disbanded. But Johan Ekelund having played with the band briefly continued to cooperate with Scocco continuing as a duo until 1989. The duo had a brief comeback in 2002.

Yang Meng. Yang Meng was the third son of Yang Xingmi, a major warlord at the end of Tang Dynasty as the military governor (""Jiedushi"") of Huainan Circuit (淮南, headquartered in modern Yangzhou, Jiangsu). It is not known when he was born, although his immediately older brother Yang Longyan was born in 897 and his immediately younger brother Yang Pu was born in 900, placing a timeframe on his birth date. His mother's name was not recorded in history.

Mauro Scocco. Mauro Scocco (born 11 September 1962) is a Swedish pop artist of Italian descent. He has been described as ""one of the sharpest songwriters in Sweden"". Scocco was the singer for the pop group Ratata (1980–83) transformed into a duo with Johan Ekelund (1983–89). After Ratata, Scocco has continued as a solo artist since. In 2014, he cooperated with Plura Jonsson releasing a joint album as ""Mauro & Plura"".",2292
2hop__635544_110949,What is the date of birth of the person who was part of Ratata?,style,formality,0,Make the text more formal.,1,"Shirley Abicair. Shirley Abicair was born in Melbourne, Victoria, Australia. Certain sources indicate her year of birth as 1935, whereas a contemporary account suggests she was 23 or 24 years of age upon her arrival in Britain, and, as she had completed tertiary studies in Australia, the earlier date appears to be more plausible. She was the sole daughter of a Wing Commander in the Royal Australian Air Force.

The Anno Domini Era. This calendar era is predicated upon the traditionally reckoned year of the conception or birth of Jesus of Nazareth, with the Anno Domini reckoning commencing from the inception of this epoch, and the Before Christ designation denoting years preceding the commencement of the era. Notably, there is no year zero in this scheme, such that the year Anno Domini 1 immediately succeeds the year 1 Before Christ. This dating system was devised in 525 by Dionysius Exiguus of Scythia Minor, although it did not gain widespread acceptance until after 800.

Švitrigaila. Švitrigaila was born to Algirdas, the Grand Duke of Lithuania, and his second wife, Uliana of Tver. His precise date of birth is unknown, but it is surmised that he was the youngest or second youngest son of Algirdas. He first emerged in the realm of politics in October 1382 when he bore witness to the Treaty of Dubysa between his elder brother, Jogaila, and the Teutonic Knights. Historians believe that this would indicate that, at the time, Švitrigaila was no younger than 12 years of age, which would place his date of birth sometime prior to 1370. In a complaint submitted to the Council of Florence, Švitrigaila claimed that he and Jogaila were the favored sons of Algirdas. Prior to his demise in 1377, Algirdas transferred his throne to Jogaila, although he made him swear to designate Švitrigaila as his heir. Jogaila's representatives did not categorically deny the arrangement and instead contended that it had been modified by mutual agreement between the brothers.

The Natural-Born-Citizen Clause. The United States Constitution employs, but does not define, the term ""natural-born Citizen,"" and various opinions have been proffered over time regarding its precise meaning. The consensus among early 21st-century constitutional scholars, in conjunction with relevant case law, is that natural-born citizens include, subject to exceptions, those born within the United States. Many scholars have also concluded that those who meet the legal requirements for United States citizenship at the moment of birth, regardless of place of birth, are also natural-born citizens. Every president to date has either been a citizen at the adoption of the Constitution in 1789 or was born within the United States; of these, there have been seven who had at least one parent who was not born on United States soil.

Australia Day. The significance and connotation of Australia Day have evolved over time. Unofficially, or historically, the date has also been referred to by various names, including ""Anniversary Day,"" ""Foundation Day,"" and ""ANA Day."" The 26th of January, 1788, marked the proclamation of British sovereignty over the eastern seaboard of Australia, then known as New Holland. Although it was not referred to as Australia Day until over a century later, records of celebrations on the 26th of January date back to 1808, with the first official celebration of the formation of New South Wales held in 1818. On New Year's Day, 1901, the British colonies of Australia formed a federation, marking the birth of modern Australia. A national day of unity and celebration was sought, and it was not until 1935 that all Australian states and territories adopted the use of the term ""Australia Day"" to mark the date, and not until 1994 that the date was consistently observed as a public holiday by all states and territories.

Giovanni Cifolelli. Giovanni Cifolelli was an Italian mandolin virtuoso and dramatic composer whose date and place of birth are unknown. In 1764, he made his appearance in Paris as a mandolin virtuoso and was highly esteemed, both as a performer and teacher. He published his ""Method for the Mandolin"" while residing in Paris, which met with great success throughout France, being the most popular of its period.

Maureen Payne. Maureen Payne, whose date of birth is unknown, passed away in 1997 in South Africa. She was a South Africa Test cricketer who captained the side for their second series, played against New Zealand in 1971–72. She appeared in five Tests for South Africa, claiming eight wickets.

List of Dragon Ball Super Episodes. Name Date Discs Episodes Part One July 25, 2017 01 -- 13 Part Two October 3, 2017 14 -- 26 Part Three February 20, 2018 27 -- 39

Streams of Expression. Streams of Expression is the 20th studio album by American jazz musician Joe Lovano to be released on the Blue Note label. It was released in 2006 and features a five-part ""Streams of Expression Suite,"" a three-part ""Birth of the Cool Suite,"" and three other shorter works. The ""Birth of the Cool Suite"" was conducted by Gunther Schuller and utilizes melodic themes inspired by Miles Davis' work from his 1948 and 1950 nonet. The album also features George Garzone, Ralph Lalama, Gary Smulyan, and Tim Hagans.

Pir Syed Muhammad Binyamin Rizvi. Pir Syed Muhammad Binyamin Rizvi, whose date of birth was August 15, 1959, and date of death was June 24, 2004, was a Pakistani politician. He was the oldest son of Pir Syed Mohammad Yaqoob Shah, a famous spiritual and religious scholar and member of the provincial assembly, who passed away on August 31, 1991. On June 24, 2004, he was brutally murdered in Lahore near his residence. He is interred adjacent to his father, the late Pir Syed Mohammad Yaqoob Shah, in his hometown of Phalia.

La naissance d'Osiris. La naissance d'Osiris, or La fête Pamilie, is a one-act opera by Jean-Philippe Rameau, first performed on October 12, 1754, at Fontainebleau to celebrate the birth of the future King Louis XVI. The libretto is by Rameau's frequent collaborator, Louis de Cahusac. Cahusac styled the work as a ""ballet allégorique,"" although it is typically categorized as an ""acte de ballet."" The slender plot recounts Jupiter's announcement to a group of Egyptian shepherds of the birth of the god Osiris, who symbolizes the baby prince. The piece may have originated as part of a larger work, ""Les beaux jours de l'Amour,"" an ""opéra-ballet"" that Rameau and Cahusac planned but never completed for reasons that remain uncertain.

Sue Ryder. Her birth and death certificates both indicate the date one year later, on July 3, 1924, as does a plaque unveiled in honor of Sue Ryder and Leonard Cheshire in Cavendish Church, Suffolk. At the beginning of the war, Ryder volunteered for the First Aid Nursing Yeomanry, despite being only 15 years of age. To gain admission, she misrepresented her age and appears to have maintained the deception for the remainder of her life.

Pak Nam-gi. Pak Nam-gi, or Park Nam-ki, whose date of birth is reported as February 21, 1934, and who passed away on March 17, 2010, was, until as late as January 2010, the Director of the Planning and Finance Department of the ruling party of North Korea. There are doubts regarding his date of birth, with at least two unattributed sources reporting it as February 21, 1934, or sometime in 1928.

William Shakespeare. William Shakespeare was the son of John Shakespeare, an alderman and a successful glover, originally from Snitterfield, and Mary Arden, the daughter of an affluent landowning farmer. He was born in Stratford-upon-Avon and baptized there on April 26, 1564. His actual date of birth remains unknown, although it is traditionally observed on April 23, Saint George's Day. This date, which can be traced to a mistake made by an 18th-century scholar, has proven appealing to biographers because Shakespeare passed away on the same date in 1616. He was the third of eight children and the eldest surviving son.

List of Soul Eater Episodes. Partial box sets (DVD only) Name Release date Discs Episodes Part One February 9, 2010 1 - 13 Part Two March 30, 2010 14 - 26 Part Three June 1, 2010 27 - 39 Part Four July 27, 2010 40 - 51

Conscription in Australia. In 1964, compulsory National Service for 20-year-old males was introduced under the National Service Act (1964). The selection of conscripts was made by a sortition or lottery draw based on date of birth, and conscripts were obligated to provide two years of continuous full-time service, followed by a further three years on the active reserve list. The full-time service requirement was reduced to 18 months in October 1971.

Clara Morris. Clara Morris, whose birth date is sometimes reported as 1846 or 1848, was born",2048
2hop__635544_110949,What is the date of birth of the person who was part of Ratata?,style,formality,0,Make the text more formal.,2,"Shirley Abicair was born in Melbourne, Victoria, Australia. According to certain sources, her year of birth is 1935, whereas a contemporary account suggests that she was 23 or 24 years of age upon her arrival in Britain, and, as she had completed tertiary studies in Australia, the earlier date appears to be more plausible. As the sole daughter of a Wing Commander in the Royal Australian Air Force, her family background is of note.

The Anno Domini Era is a calendar era that is based on the traditionally reckoned year of the conception or birth of Jesus of Nazareth. The Anno Domini reckoning commences from the inception of this epoch, and the Before Christ designation denotes years preceding the commencement of the era. Notably, this scheme does not include a year zero, such that the year Anno Domini 1 immediately succeeds the year 1 Before Christ. This dating system was devised in 525 by Dionysius Exiguus of Scythia Minor, although it did not gain widespread acceptance until after 800.

Švitrigaila was born to Algirdas, the Grand Duke of Lithuania, and his second wife, Uliana of Tver. Although his precise date of birth is unknown, it is surmised that he was the youngest or second youngest son of Algirdas. He first emerged in the realm of politics in October 1382 when he bore witness to the Treaty of Dubysa between his elder brother, Jogaila, and the Teutonic Knights. Historians believe that this would indicate that, at the time, Švitrigaila was no younger than 12 years of age, which would place his date of birth sometime prior to 1370. In a complaint submitted to the Council of Florence, Švitrigaila claimed that he and Jogaila were the favored sons of Algirdas. Prior to his demise in 1377, Algirdas transferred his throne to Jogaila, although he made him swear to designate Švitrigaila as his heir. Jogaila's representatives did not categorically deny the arrangement and instead contended that it had been modified by mutual agreement between the brothers.

The Natural-Born-Citizen Clause of the United States Constitution employs, but does not define, the term ""natural-born Citizen,"" and various opinions have been proffered over time regarding its precise meaning. The consensus among early 21st-century constitutional scholars, in conjunction with relevant case law, is that natural-born citizens include, subject to exceptions, those born within the United States. Many scholars have also concluded that those who meet the legal requirements for United States citizenship at the moment of birth, regardless of place of birth, are also natural-born citizens. Every president to date has either been a citizen at the adoption of the Constitution in 1789 or was born within the United States; of these, there have been seven who had at least one parent who was not born on United States soil.

The significance and connotation of Australia Day have evolved over time. Unofficially, or historically, the date has also been referred to by various names, including ""Anniversary Day,"" ""Foundation Day,"" and ""ANA Day."" The 26th of January, 1788, marked the proclamation of British sovereignty over the eastern seaboard of Australia, then known as New Holland. Although it was not referred to as Australia Day until over a century later, records of celebrations on the 26th of January date back to 1808, with the first official celebration of the formation of New South Wales held in 1818. On New Year's Day, 1901, the British colonies of Australia formed a federation, marking the birth of modern Australia. A national day of unity and celebration was sought, and it was not until 1935 that all Australian states and territories adopted the use of the term ""Australia Day"" to mark the date, and not until 1994 that the date was consistently observed as a public holiday by all states and territories.

Giovanni Cifolelli was an Italian mandolin virtuoso and dramatic composer whose date and place of birth are unknown. In 1764, he made his appearance in Paris as a mandolin virtuoso and was highly esteemed, both as a performer and teacher. He published his ""Method for the Mandolin"" while residing in Paris, which met with great success throughout France, being the most popular of its period.

Maureen Payne, whose date of birth is unknown, passed away in 1997 in South Africa. She was a South African Test cricketer who captained the side for their second series, played against New Zealand in 1971–72. She appeared in five Tests for South Africa, claiming eight wickets.

The list of Dragon Ball Super Episodes is as follows: Name Date Discs Episodes Part One July 25, 2017 01 -- 13 Part Two October 3, 2017 14 -- 26 Part Three February 20, 2018 27 -- 39

Streams of Expression is the 20th studio album by American jazz musician Joe Lovano to be released on the Blue Note label. It was released in 2006 and features a five-part ""Streams of Expression Suite,"" a three-part ""Birth of the Cool Suite,"" and three other shorter works. The ""Birth of the Cool Suite"" was conducted by Gunther Schuller and utilizes melodic themes inspired by Miles Davis' work from his 1948 and 1950 nonet. The album also features George Garzone, Ralph Lalama, Gary Smulyan, and Tim Hagans.

Pir Syed Muhammad Binyamin Rizvi, whose date of birth was August 15, 1959, and date of death was June 24, 2004, was a Pakistani politician. He was the oldest son of Pir Syed Mohammad Yaqoob Shah, a famous spiritual and religious scholar and member of the provincial assembly, who passed away on August 31, 1991. On June 24, 2004, he was brutally murdered in Lahore near his residence. He is interred adjacent to his father, the late Pir Syed Mohammad Yaqoob Shah, in his hometown of Phalia.

La naissance d'Osiris, or La fête Pamilie, is a one-act opera by Jean-Philippe Rameau, first performed on October 12, 1754, at Fontainebleau to celebrate the birth of the future King Louis XVI. The libretto is by Rameau's frequent collaborator, Louis de Cahusac. Cahusac styled the work as a ""ballet allégorique,"" although it is typically categorized as an ""acte de ballet."" The slender plot recounts Jupiter's announcement to a group of Egyptian shepherds of the birth of the god Osiris, who symbolizes the baby prince. The piece may have originated as part of a larger work, ""Les beaux jours de l'Amour,"" an ""opéra-ballet"" that Rameau and Cahusac planned but never completed for reasons that remain uncertain.

Sue Ryder's birth and death certificates both indicate the date one year later, on July 3, 1924, as does a plaque unveiled in honor of Sue Ryder and Leonard Cheshire in Cavendish Church, Suffolk. At the beginning of the war, Ryder volunteered for the First Aid Nursing Yeomanry, despite being only 15 years of age. To gain admission, she misrepresented her age and appears to have maintained the deception for the remainder of her life.

Pak Nam-gi, or Park Nam-ki, whose date of birth is reported as February 21, 1934, and who passed away on March 17, 2010, was, until as late as January 2010, the Director of the Planning and Finance Department of the ruling party of North Korea. There are doubts regarding his date of birth, with at least two unattributed sources reporting it as February 21, 1934, or sometime in 1928.

William Shakespeare was the son of John Shakespeare, an alderman and a successful glover, originally from Snitterfield, and Mary Arden, the daughter of an affluent landowning farmer. He was born in Stratford-upon-Avon and baptized there on April 26, 1564. His actual date of birth remains unknown, although it is traditionally observed on April 23, Saint George's Day. This date, which can be traced to a mistake made by an 18th-century scholar, has proven appealing to biographers because Shakespeare passed away on the same date in 1616. He was the third of eight children and the eldest surviving son.

The list of Soul Eater Episodes is as follows: Partial box sets (DVD only) Name Release date Discs Episodes Part One February 9, 2010 1 - 13 Part Two March 30, 2010 14 - 26 Part Three June 1, 2010 27 - 39 Part Four July 27, 2010 40 - 51

Conscription in Australia was introduced in 1964 under the National Service Act (1964). The selection of conscripts was made by a sortition or lottery draw based on date of birth, and conscripts were obligated to provide two years of continuous full-time service, followed by a further three years on the active reserve list. The full-time service requirement was reduced to 18 months in October 1971.

Clara Morris, whose birth date is sometimes reported as 1846 or 1848, was born",1993
2hop__635544_110949,What is the date of birth of the person who was part of Ratata?,style,formality,0,Make the text more formal.,3,"Shirley Abicair was born in Melbourne, Victoria, Australia, with certain sources indicating her year of birth as 1935. Conversely, a contemporary account suggests that she was 23 or 24 years of age upon her arrival in Britain, and, given that she had completed tertiary studies in Australia, the earlier date appears to be more plausible. As the sole daughter of a Wing Commander in the Royal Australian Air Force, her family background is noteworthy.

The Anno Domini Era is a calendar era based on the traditionally reckoned year of the conception or birth of Jesus of Nazareth. The Anno Domini reckoning commences from the inception of this epoch, and the Before Christ designation denotes years preceding the commencement of the era. Notably, this scheme does not include a year zero, such that the year Anno Domini 1 immediately succeeds the year 1 Before Christ. This dating system was devised in 525 by Dionysius Exiguus of Scythia Minor, although it did not gain widespread acceptance until after 800.

Švitrigaila was born to Algirdas, the Grand Duke of Lithuania, and his second wife, Uliana of Tver. Although his precise date of birth is unknown, it is surmised that he was the youngest or second youngest son of Algirdas. He first emerged in the realm of politics in October 1382 when he bore witness to the Treaty of Dubysa between his elder brother, Jogaila, and the Teutonic Knights. Historians believe that this would indicate that, at the time, Švitrigaila was no younger than 12 years of age, which would place his date of birth sometime prior to 1370. In a complaint submitted to the Council of Florence, Švitrigaila claimed that he and Jogaila were the favored sons of Algirdas. Prior to his demise in 1377, Algirdas transferred his throne to Jogaila, although he made him swear to designate Švitrigaila as his heir. Jogaila's representatives did not categorically deny the arrangement and instead contended that it had been modified by mutual agreement between the brothers.

The Natural-Born-Citizen Clause of the United States Constitution employs, but does not define, the term ""natural-born Citizen,"" and various opinions have been proffered over time regarding its precise meaning. The consensus among early 21st-century constitutional scholars, in conjunction with relevant case law, is that natural-born citizens include, subject to exceptions, those born within the United States. Many scholars have also concluded that those who meet the legal requirements for United States citizenship at the moment of birth, regardless of place of birth, are also natural-born citizens. Every president to date has either been a citizen at the adoption of the Constitution in 1789 or was born within the United States; of these, there have been seven who had at least one parent who was not born on United States soil.

The significance and connotation of Australia Day have evolved over time. Unofficially, or historically, the date has also been referred to by various names, including ""Anniversary Day,"" ""Foundation Day,"" and ""ANA Day."" The 26th of January, 1788, marked the proclamation of British sovereignty over the eastern seaboard of Australia, then known as New Holland. Although it was not referred to as Australia Day until over a century later, records of celebrations on the 26th of January date back to 1808, with the first official celebration of the formation of New South Wales held in 1818. On New Year's Day, 1901, the British colonies of Australia formed a federation, marking the birth of modern Australia. A national day of unity and celebration was sought, and it was not until 1935 that all Australian states and territories adopted the use of the term ""Australia Day"" to mark the date, and not until 1994 that the date was consistently observed as a public holiday by all states and territories.

Giovanni Cifolelli was an Italian mandolin virtuoso and dramatic composer whose date and place of birth are unknown. In 1764, he made his appearance in Paris as a mandolin virtuoso and was highly esteemed, both as a performer and teacher. He published his ""Method for the Mandolin"" while residing in Paris, which met with great success throughout France, being the most popular of its period.

Maureen Payne, whose date of birth is unknown, passed away in 1997 in South Africa. She was a South African Test cricketer who captained the side for their second series, played against New Zealand in 1971–72. She appeared in five Tests for South Africa, claiming eight wickets.

The list of Dragon Ball Super Episodes is as follows: Name Date Discs Episodes Part One July 25, 2017 01 – 13 Part Two October 3, 2017 14 – 26 Part Three February 20, 2018 27 – 39

Streams of Expression is the 20th studio album by American jazz musician Joe Lovano to be released on the Blue Note label. It was released in 2006 and features a five-part ""Streams of Expression Suite,"" a three-part ""Birth of the Cool Suite,"" and three other shorter works. The ""Birth of the Cool Suite"" was conducted by Gunther Schuller and utilizes melodic themes inspired by Miles Davis' work from his 1948 and 1950 nonet. The album also features George Garzone, Ralph Lalama, Gary Smulyan, and Tim Hagans.

Pir Syed Muhammad Binyamin Rizvi, whose date of birth was August 15, 1959, and date of death was June 24, 2004, was a Pakistani politician. He was the oldest son of Pir Syed Mohammad Yaqoob Shah, a famous spiritual and religious scholar and member of the provincial assembly, who passed away on August 31, 1991. On June 24, 2004, he was brutally murdered in Lahore near his residence. He is interred adjacent to his father, the late Pir Syed Mohammad Yaqoob Shah, in his hometown of Phalia.

La naissance d'Osiris, or La fête Pamilie, is a one-act opera by Jean-Philippe Rameau, first performed on October 12, 1754, at Fontainebleau to celebrate the birth of the future King Louis XVI. The libretto is by Rameau's frequent collaborator, Louis de Cahusac. Cahusac styled the work as a ""ballet allégorique,"" although it is typically categorized as an ""acte de ballet."" The slender plot recounts Jupiter's announcement to a group of Egyptian shepherds of the birth of the god Osiris, who symbolizes the baby prince. The piece may have originated as part of a larger work, ""Les beaux jours de l'Amour,"" an ""opéra-ballet"" that Rameau and Cahusac planned but never completed for reasons that remain uncertain.

Sue Ryder's birth and death certificates both indicate the date one year later, on July 3, 1924, as does a plaque unveiled in honor of Sue Ryder and Leonard Cheshire in Cavendish Church, Suffolk. At the beginning of the war, Ryder volunteered for the First Aid Nursing Yeomanry, despite being only 15 years of age. To gain admission, she misrepresented her age and appears to have maintained the deception for the remainder of her life.

Pak Nam-gi, or Park Nam-ki, whose date of birth is reported as February 21, 1934, and who passed away on March 17, 2010, was, until as late as January 2010, the Director of the Planning and Finance Department of the ruling party of North Korea. There are doubts regarding his date of birth, with at least two unattributed sources reporting it as February 21, 1934, or sometime in 1928.

William Shakespeare was the son of John Shakespeare, an alderman and a successful glover, originally from Snitterfield, and Mary Arden, the daughter of an affluent landowning farmer. He was born in Stratford-upon-Avon and baptized there on April 26, 1564. His actual date of birth remains unknown, although it is traditionally observed on April 23, Saint George's Day. This date, which can be traced to a mistake made by an 18th-century scholar, has proven appealing to biographers because Shakespeare passed away on the same date in 1616. He was the third of eight children and the eldest surviving son.

The list of Soul Eater Episodes is as follows: Partial box sets (DVD only) Name Release date Discs Episodes Part One February 9, 2010 1 – 13 Part Two March 30, 2010 14 – 26 Part Three June 1, 2010 27 – 39 Part Four July 27, 2010 40 – 51

Conscription in Australia was introduced in 1964 under the National Service Act (1964). The selection of conscripts was made by a sortition or lottery draw based on date of birth, and conscripts were obligated to provide two years of continuous full-time service, followed by a further three years on the active reserve list. The full-time service requirement was reduced to 18 months in October 1971.

Clara Morris, whose birth date is sometimes reported as 1846 or 1848, was born",1991
2hop__635544_110949,What is the date of birth of the person who was part of Ratata?,style,formality,1,,0,"Shirley Abicair. Shirley Abicair was born in Melbourne, Victoria, Australia. Some sources show her year of birth as 1935, but a contemporary account shows she was 23 or 24 on arrival in Britain and, as she had completed tertiary studies in Australia, the earlier date seems more likely. She was the only daughter of a Wing Commander in the RAAF.

Anno Domini. This calendar era is based on the traditionally reckoned year of the conception or birth of Jesus of Nazareth, with AD counting years from the start of this epoch, and BC denoting years before the start of the era. There is no year zero in this scheme, so the year AD 1 immediately follows the year 1 BC. This dating system was devised in 525 by Dionysius Exiguus of Scythia Minor, but was not widely used until after 800.

Švitrigaila. Švitrigaila was born to Algirdas, Grand Duke of Lithuania, and his second wife Uliana of Tver. His date of birth is unknown, but it is believed that he was the youngest or second youngest son of Algirdas. He first appeared in politics in October 1382 when he witnessed the Treaty of Dubysa between his elder brother Jogaila and the Teutonic Knights. Historians believe that would indicate that at the time Švitrigaila was no younger than 12 which would put his date of birth sometime before 1370. In a complaint submitted to the Council of Florence, Švitrigaila claimed that he and Jogaila were favorite sons of Algirdas. Before his death in 1377, Algirdas transferred his throne to Jogaila but made him swear to make Švitrigaila his heir. Jogaila's representatives did not outright deny the arrangement and instead claimed that it had been modified by mutual agreement between the brothers.

Natural-born-citizen clause. The U.S. Constitution uses but does not define the phrase ``natural born Citizen '', and various opinions have been offered over time regarding its precise meaning. The consensus of early 21st - century constitutional scholars, together with relevant case law, is that natural - born citizens include, subject to exceptions, those born in the United States. Many scholars have also concluded that those who meet the legal requirements for U.S. citizenship`` at the moment of birth'', regardless of place of birth, are also natural - born citizens. Every president to date was either a citizen at the adoption of the Constitution in 1789 or was born in the United States; of these there have been seven that had at least one parent who was not born on U.S. soil.

Australia Day. The meaning and significance of Australia Day has evolved over time. Unofficially, or historically, the date has also been variously named ``Anniversary Day '',`` Foundation Day'', and ``ANA Day ''. 26 January 1788 marked the proclamation of British sovereignty over the eastern seaboard of Australia (then known as New Holland). Although it was not known as Australia Day until over a century later, records of celebrations on 26 January date back to 1808, with the first official celebration of the formation of New South Wales held in 1818. On New Year's Day 1901, the British colonies of Australia formed a federation, marking the birth of modern Australia. A national day of unity and celebration was looked for. It was not until 1935 that all Australian states and territories adopted use of the term`` Australia Day'' to mark the date, and not until 1994 that the date was consistently marked by a public holiday on that day by all states and territories.

Giovanni Cifolelli. Giovanni Cifolelli was an Italian mandolin virtuoso and dramatic composer whose date and place of birth are unknown. In 1764 he made his appearance in Paris as a mandolin virtuoso and was highly esteemed, both as a performer and teacher. He published his ""Method for the mandolin"" while residing in Paris, which met with great success throughout France, being the most popular of its period.

Maureen Payne. Maureen Payne (date of birth unknown, died 1997, South Africa) was a South Africa Test cricketer. She captained the side for their second series, played against New Zealand in 1971–72. She appeared in five Tests for South Africa, claiming eight wickets.

List of Dragon Ball Super episodes. Name Date Discs Episodes Part One July 25, 2017 01 -- 13 Part Two October 3, 2017 14 -- 26 Part Three February 20, 2018 27 -- 39

Streams of Expression. Streams of Expression is the 20th studio album by American jazz musician Joe Lovano to be released on the Blue Note label. It was released in 2006 and features a five-part ""Streams of Expression Suite,"" three-part ""Birth of the Cool Suite,"" and three other shorter works. The ""Birth of the Cool Suite"" was conducted by Gunther Schuller and utilizes melodic themes inspired by Miles Davis' work from his 1948 and 1950 nonet. The album also features George Garzone, Ralph Lalama, Gary Smulyan, and Tim Hagans.

Pir Syed Muhammad Binyamin Rizvi. Pir Syed Muhammad Binyamin Rizvi (Urdu: پیر سید محمد بنیامین رضوی)date of Birth 15 Aug 1959 date of Death 24 June 2004) was a Pakistani politician. He was the oldest son of Pir Syed Mohammad Yaqoob Shah (a famous spiritual and religious scholar, and member of provincial assembly who died on 31 August 1991). On 24 June 2004 he was brutally murdered in Lahore near his House. He is buried next to his father late Pir Syed Mohammad Yaqoob Shah in his home town Phalia.

La naissance d'Osiris. La naissance d'Osiris, ou La fête Pamilie (""The Birth of Osiris, or The Festival of Pamylia"") is a one-act opera by Jean-Philippe Rameau, first performed on 12 October 1754 at Fontainebleau to celebrate the birth of the future King Louis XVI. The libretto is by Rameau's frequent collaborator Louis de Cahusac. Cahusac styled the work a ""ballet allégorique"" (""allegorical ballet""), but it is usually categorised as an ""acte de ballet"". Its slender plot tells of Jupiter's announcement to a group of Egyptian shepherds of the birth of the god Osiris, who symbolises the baby prince. The piece may have started life as part of a larger work, ""Les beaux jours de l'Amour"", an ""opéra-ballet"" Rameau and Cahusac planned but never completed for reasons which are still uncertain.

Sue Ryder. Her birth and death certificates both put the date one year later, on 3 July 1924, as does a plaque unveiled in honour of Sue Ryder and Leonard Cheshire in Cavendish Church in Suffolk. At the beginning of the war, Ryder volunteered to the First Aid Nursing Yeomanry, even though she was only 15. To get in, she lied about her age and seems to have maintained the deception for the rest of her life.

Pak Nam-gi. Pak Nam-gi or Park Nam-ki (21 February 1934 – 17 March 2010) was, until as late as January 2010, Director of the Planning and Finance Department of the ruling party of North Korea. There are doubts about his date of birth, with at least two unattributed sources reporting it as 21 February 1934 or sometime in 1928 respectively.

William Shakespeare. William Shakespeare was the son of John Shakespeare, an alderman and a successful glover (glove-maker) originally from Snitterfield, and Mary Arden, the daughter of an affluent landowning farmer. He was born in Stratford-upon-Avon and baptised there on 26 April 1564. His actual date of birth remains unknown, but is traditionally observed on 23 April, Saint George's Day. This date, which can be traced to a mistake made by an 18th-century scholar, has proved appealing to biographers because Shakespeare died on the same date in 1616. He was the third of eight children, and the eldest surviving son.

List of Soul Eater episodes. Partial box sets (DVD only) Name Release date Discs Episodes Part One February 9, 2010 1 - 13 Part Two March 30, 2010 14 - 26 Part Three June 1, 2010 27 - 39 Part Four July 27, 2010 40 - 51

Conscription in Australia. In 1964 compulsory National Service for 20 - year - old males was introduced under the National Service Act (1964). The selection of conscripts was made by a sortition or lottery draw based on date of birth, and conscripts were obligated to give two years' continuous full - time service, followed by a further three years on the active reserve list. The full - time service requirement was reduced to eighteen months in October 1971.

Clara Morris. Clara Morris (March 17, 1849 – November 20, 1925) (her birth date is sometimes given as 1846/48) was an American actress.

Ratata (band). Ratata was a Swedish pop group fronted by Swedish vocalist Mauro Scocco formed in 1980. It functioned as a 4-piece band until 1983, when it was disbanded. But Johan Ekelund having played with the band briefly continued to cooperate with Scocco continuing as a duo until 1989. The duo had a brief comeback in 2002.

Yang Meng. Yang Meng was the third son of Yang Xingmi, a major warlord at the end of Tang Dynasty as the military governor (""Jiedushi"") of Huainan Circuit (淮南, headquartered in modern Yangzhou, Jiangsu). It is not known when he was born, although his immediately older brother Yang Longyan was born in 897 and his immediately younger brother Yang Pu was born in 900, placing a timeframe on his birth date. His mother's name was not recorded in history.

Mauro Scocco. Mauro Scocco (born 11 September 1962) is a Swedish pop artist of Italian descent. He has been described as ""one of the sharpest songwriters in Sweden"". Scocco was the singer for the pop group Ratata (1980–83) transformed into a duo with Johan Ekelund (1983–89). After Ratata, Scocco has continued as a solo artist since. In 2014, he cooperated with Plura Jonsson releasing a joint album as ""Mauro & Plura"".",2292
2hop__635544_110949,What is the date of birth of the person who was part of Ratata?,style,formality,1,Rephrase it to be more formal.,1,"Shirley Abicair. Shirley Abicair was born in Melbourne, Victoria, Australia. Although certain sources indicate that her year of birth was 1935, a contemporary account suggests that she was 23 or 24 years of age upon her arrival in Britain. Given that she had completed her tertiary studies in Australia, the earlier date appears to be more plausible. She was the sole daughter of a Wing Commander in the Royal Australian Air Force.

Anno Domini. This calendar era is based on the traditionally reckoned year of the conception or birth of Jesus of Nazareth. In this system, the years are counted from the inception of this epoch, denoted as AD, while years preceding the start of this era are denoted as BC. Notably, there is no year zero in this scheme, and therefore, the year AD 1 immediately follows the year 1 BC. This dating system was devised by Dionysius Exiguus of Scythia Minor in 525, although it did not gain widespread usage until after 800.

Švitrigaila. Švitrigaila was born to Algirdas, the Grand Duke of Lithuania, and his second wife, Uliana of Tver. Unfortunately, the exact date of his birth remains unknown. Nevertheless, historians believe that he was the youngest or second youngest son of Algirdas. His first recorded appearance in the realm of politics occurred in October 1382, when he witnessed the Treaty of Dubysa between his elder brother Jogaila and the Teutonic Knights. It is presumed that at the time, Švitrigaila was no younger than 12 years of age, which would place his birth sometime prior to 1370. In a complaint submitted to the Council of Florence, Švitrigaila asserted that he and Jogaila were the favorite sons of Algirdas. Prior to his demise in 1377, Algirdas transferred his throne to Jogaila, obliging him to swear to make Švitrigaila his heir. Jogaila's representatives did not explicitly deny the arrangement, instead claiming that it had been modified by mutual agreement between the brothers.

Natural-born-citizen clause. The United States Constitution employs the term ""natural-born Citizen,"" although it does not provide a definitive explanation of its meaning. Over time, various opinions have been offered regarding its precise definition. The prevailing consensus among early 21st-century constitutional scholars, supported by relevant case law, is that natural-born citizens encompass, subject to certain exceptions, individuals born within the United States. Many scholars have also concluded that those who meet the legal requirements for United States citizenship at the moment of birth, regardless of their place of birth, are also considered natural-born citizens. Every president to date has either been a citizen at the time of the adoption of the Constitution in 1789 or has been born within the United States. Among these, seven have had at least one parent who was not born on United States soil.

Australia Day. The meaning and significance of Australia Day have evolved over time. Historically, this date has been referred to by various names, including ""Anniversary Day,"" ""Foundation Day,"" and ""ANA Day."" The 26th of January 1788 marked the proclamation of British sovereignty over the eastern seaboard of Australia, then known as New Holland. Although it did not become known as Australia Day until over a century later, records of celebrations on the 26th of January date back to 1808, with the first official celebration of the formation of New South Wales held in 1818. On New Year's Day in 1901, the British colonies of Australia formed a federation, marking the birth of modern Australia. A national day of unity and celebration was sought. It was not until 1935 that all Australian states and territories adopted the term ""Australia Day"" to commemorate this date, and not until 1994 that the date was consistently observed as a public holiday by all states and territories.

Giovanni Cifolelli. Giovanni Cifolelli was an Italian mandolin virtuoso and composer of dramatic music, whose date and place of birth remain unknown. He made his appearance in Paris as a mandolin virtuoso in 1764, where he was highly esteemed both as a performer and teacher. During his residence in Paris, he published his ""Method for the Mandolin,"" which met with great success throughout France, becoming the most popular work of its time.

Maureen Payne. Maureen Payne, a South African Test cricketer, was of unknown birth date and passed away in 1997 in South Africa. She captained the team for their second series, played against New Zealand in 1971-72. She appeared in five Tests for South Africa, claiming eight wickets.

List of Dragon Ball Super episodes. 
Name Date Discs Episodes 
Part One July 25, 2017 01 -- 13 
Part Two October 3, 2017 14 -- 26 
Part Three February 20, 2018 27 -- 39

Streams of Expression. Streams of Expression is the 20th studio album by American jazz musician Joe Lovano, released on the Blue Note label. It was released in 2006 and features a five-part ""Streams of Expression Suite,"" a three-part ""Birth of the Cool Suite,"" and three other shorter works. The ""Birth of the Cool Suite"" was conducted by Gunther Schuller and utilizes melodic themes inspired by Miles Davis' work from his 1948 and 1950 nonet. The album also features George Garzone, Ralph Lalama, Gary Smulyan, and Tim Hagans.

Pir Syed Muhammad Binyamin Rizvi. Pir Syed Muhammad Binyamin Rizvi, a Pakistani politician, was born on August 15, 1959, and passed away on June 24, 2004. He was the oldest son of Pir Syed Mohammad Yaqoob Shah, a renowned spiritual and religious scholar and member of the provincial assembly, who passed away on August 31, 1991. On June 24, 2004, Pir Syed Muhammad Binyamin Rizvi was brutally murdered in Lahore, near his residence. He is interred beside his father, the late Pir Syed Mohammad Yaqoob Shah, in his hometown of Phalia.

La naissance d'Osiris. La naissance d'Osiris, or La fête Pamilie, is a one-act opera by Jean-Philippe Rameau, first performed on October 12, 1754, at Fontainebleau, to commemorate the birth of the future King Louis XVI. The libretto was written by Rameau's frequent collaborator, Louis de Cahusac. Cahusac styled the work as a ""ballet allégorique,"" although it is typically categorized as an ""acte de ballet."" The plot revolves around Jupiter's announcement to a group of Egyptian shepherds of the birth of the god Osiris, who symbolizes the baby prince. The piece may have originated as part of a larger work, ""Les beaux jours de l'Amour,"" an ""opéra-ballet"" that Rameau and Cahusac planned but never completed, for reasons that remain uncertain.

Sue Ryder. Her birth and death certificates both indicate that her birth date was July 3, 1924, which is also confirmed by a plaque unveiled in her honor and that of Leonard Cheshire at Cavendish Church in Suffolk. At the beginning of the war, Ryder volunteered for the First Aid Nursing Yeomanry, despite being only 15 years of age. To join, she misrepresented her age and appears to have maintained this deception for the remainder of her life.

Pak Nam-gi. Pak Nam-gi, or Park Nam-ki, was a North Korean politician, born on February 21, 1934, and passed away on March 17, 2010. Until January 2010, he served as the Director of the Planning and Finance Department of the ruling party of North Korea. There are doubts regarding his date of birth, with at least two unattributed sources reporting it as February 21, 1934, or sometime in 1928, respectively.

William Shakespeare. William Shakespeare was the son of John Shakespeare, an alderman and a successful glover, originally from Snitterfield, and Mary Arden, the daughter of an affluent landowning farmer. He was born in Stratford-upon-Avon and baptized there on April 26, 1564. His actual date of birth remains unknown, but it is traditionally observed on April 23, Saint George's Day. This date, which can be attributed to an error made by an 18th-century scholar, has proven appealing to biographers, as Shakespeare passed away on the same date in 1616. He was the third of eight children and the eldest surviving son.

List of Soul Eater episodes. 
Partial box sets (DVD only) 
Name Release date Discs Episodes 
Part One February 9, 2010 1 - 13 
Part Two March 30, 2010 14 - 26 
Part Three June 1, 2010 27 - 39 
Part Four July 27, 2010 40 - 51

Conscription in Australia. In 1964, compulsory National Service for 20-year-old males was introduced under the National Service Act of 1964. The selection of conscripts was made through a sortition or lottery draw based on the date of birth, and conscripts were obligated to provide two years of continuous full-time service, followed by a further three years on the active reserve list. The full-time service requirement was reduced to eighteen months in October 1971.

Clara Morris. Clara Morris, an American actress, was born on March 17, 184",2048
2hop__635544_110949,What is the date of birth of the person who was part of Ratata?,style,formality,1,Rephrase it to be more formal.,2,"Shirley Abicair was a notable figure born in Melbourne, Victoria, Australia. Although certain sources suggest that her year of birth was 1935, a contemporary account indicates that she was 23 or 24 years of age upon her arrival in Britain, thereby rendering the earlier date more plausible. She was the sole daughter of a Wing Commander in the Royal Australian Air Force, having completed her tertiary studies in Australia.

The Anno Domini calendar era is based on the traditionally reckoned year of the conception or birth of Jesus of Nazareth. This system denotes the years from the inception of this epoch as AD, while years preceding the start of this era are denoted as BC. Notably, there is no year zero in this scheme, resulting in the year AD 1 immediately following the year 1 BC. This dating system was devised by Dionysius Exiguus of Scythia Minor in 525, although it did not gain widespread usage until after 800.

Švitrigaila was born to Algirdas, the Grand Duke of Lithuania, and his second wife, Uliana of Tver. Unfortunately, the exact date of his birth remains unknown. Nevertheless, historians believe that he was the youngest or second youngest son of Algirdas. His first recorded appearance in the realm of politics occurred in October 1382, when he witnessed the Treaty of Dubysa between his elder brother Jogaila and the Teutonic Knights. It is presumed that at the time, Švitrigaila was no younger than 12 years of age, which would place his birth sometime prior to 1370. In a complaint submitted to the Council of Florence, Švitrigaila asserted that he and Jogaila were the favorite sons of Algirdas. Prior to his demise in 1377, Algirdas transferred his throne to Jogaila, obliging him to swear to make Švitrigaila his heir. Jogaila's representatives did not explicitly deny the arrangement, instead claiming that it had been modified by mutual agreement between the brothers.

The United States Constitution employs the term ""natural-born Citizen,"" although it does not provide a definitive explanation of its meaning. Over time, various opinions have been offered regarding its precise definition. The prevailing consensus among early 21st-century constitutional scholars, supported by relevant case law, is that natural-born citizens encompass, subject to certain exceptions, individuals born within the United States. Many scholars have also concluded that those who meet the legal requirements for United States citizenship at the moment of birth, regardless of their place of birth, are also considered natural-born citizens. Every president to date has either been a citizen at the time of the adoption of the Constitution in 1789 or has been born within the United States. Among these, seven have had at least one parent who was not born on United States soil.

Australia Day has evolved in its meaning and significance over time. Historically, this date has been referred to by various names, including ""Anniversary Day,"" ""Foundation Day,"" and ""ANA Day."" The 26th of January 1788 marked the proclamation of British sovereignty over the eastern seaboard of Australia, then known as New Holland. Although it did not become known as Australia Day until over a century later, records of celebrations on the 26th of January date back to 1808, with the first official celebration of the formation of New South Wales held in 1818. On New Year's Day in 1901, the British colonies of Australia formed a federation, marking the birth of modern Australia. A national day of unity and celebration was sought. It was not until 1935 that all Australian states and territories adopted the term ""Australia Day"" to commemorate this date, and not until 1994 that the date was consistently observed as a public holiday by all states and territories.

Giovanni Cifolelli was an Italian mandolin virtuoso and composer of dramatic music, whose date and place of birth remain unknown. He made his appearance in Paris as a mandolin virtuoso in 1764, where he was highly esteemed both as a performer and teacher. During his residence in Paris, he published his ""Method for the Mandolin,"" which met with great success throughout France, becoming the most popular work of its time.

Maureen Payne, a South African Test cricketer, was of unknown birth date and passed away in 1997 in South Africa. She captained the team for their second series, played against New Zealand in 1971-72. She appeared in five Tests for South Africa, claiming eight wickets.

The list of Dragon Ball Super episodes is divided into several parts. 
Name Date Discs Episodes 
Part One July 25, 2017 01 -- 13 
Part Two October 3, 2017 14 -- 26 
Part Three February 20, 2018 27 -- 39

Streams of Expression is the 20th studio album by American jazz musician Joe Lovano, released on the Blue Note label. It was released in 2006 and features a five-part ""Streams of Expression Suite,"" a three-part ""Birth of the Cool Suite,"" and three other shorter works. The ""Birth of the Cool Suite"" was conducted by Gunther Schuller and utilizes melodic themes inspired by Miles Davis' work from his 1948 and 1950 nonet. The album also features George Garzone, Ralph Lalama, Gary Smulyan, and Tim Hagans.

Pir Syed Muhammad Binyamin Rizvi, a Pakistani politician, was born on August 15, 1959, and passed away on June 24, 2004. He was the oldest son of Pir Syed Mohammad Yaqoob Shah, a renowned spiritual and religious scholar and member of the provincial assembly, who passed away on August 31, 1991. On June 24, 2004, Pir Syed Muhammad Binyamin Rizvi was brutally murdered in Lahore, near his residence. He is interred beside his father, the late Pir Syed Mohammad Yaqoob Shah, in his hometown of Phalia.

La naissance d'Osiris, or La fête Pamilie, is a one-act opera by Jean-Philippe Rameau, first performed on October 12, 1754, at Fontainebleau, to commemorate the birth of the future King Louis XVI. The libretto was written by Rameau's frequent collaborator, Louis de Cahusac. Cahusac styled the work as a ""ballet allégorique,"" although it is typically categorized as an ""acte de ballet."" The plot revolves around Jupiter's announcement to a group of Egyptian shepherds of the birth of the god Osiris, who symbolizes the baby prince. The piece may have originated as part of a larger work, ""Les beaux jours de l'Amour,"" an ""opéra-ballet"" that Rameau and Cahusac planned but never completed, for reasons that remain uncertain.

Sue Ryder's birth and death certificates both indicate that her birth date was July 3, 1924, which is also confirmed by a plaque unveiled in her honor and that of Leonard Cheshire at Cavendish Church in Suffolk. At the beginning of the war, Ryder volunteered for the First Aid Nursing Yeomanry, despite being only 15 years of age. To join, she misrepresented her age and appears to have maintained this deception for the remainder of her life.

Pak Nam-gi, or Park Nam-ki, was a North Korean politician, born on February 21, 1934, and passed away on March 17, 2010. Until January 2010, he served as the Director of the Planning and Finance Department of the ruling party of North Korea. There are doubts regarding his date of birth, with at least two unattributed sources reporting it as February 21, 1934, or sometime in 1928, respectively.

William Shakespeare was the son of John Shakespeare, an alderman and a successful glover, originally from Snitterfield, and Mary Arden, the daughter of an affluent landowning farmer. He was born in Stratford-upon-Avon and baptized there on April 26, 1564. His actual date of birth remains unknown, but it is traditionally observed on April 23, Saint George's Day. This date, which can be attributed to an error made by an 18th-century scholar, has proven appealing to biographers, as Shakespeare passed away on the same date in 1616. He was the third of eight children and the eldest surviving son.

The list of Soul Eater episodes is divided into several parts. 
Partial box sets (DVD only) 
Name Release date Discs Episodes 
Part One February 9, 2010 1 - 13 
Part Two March 30, 2010 14 - 26 
Part Three June 1, 2010 27 - 39 
Part Four July 27, 2010 40 - 51

Conscription in Australia was introduced in 1964 under the National Service Act of 1964. The selection of conscripts was made through a sortition or lottery draw based on the date of birth, and conscripts were obligated to provide two years of continuous full-time service, followed by a further three years on the active reserve list. The full-time service requirement was reduced to eighteen months in October 1971.

Clara Morris, an American actress, was born on March 17, 1848.",1977
2hop__635544_110949,What is the date of birth of the person who was part of Ratata?,style,formality,1,Rephrase it to be more formal.,3,"Shirley Abicair was a notable figure born in Melbourne, Victoria, Australia. Although certain sources suggest that her year of birth was 1935, a contemporary account indicates that she was 23 or 24 years of age upon her arrival in Britain, thereby rendering the earlier date more plausible. She was the sole daughter of a Wing Commander in the Royal Australian Air Force, having completed her tertiary studies in Australia.

The Anno Domini calendar era is based on the traditionally reckoned year of the conception or birth of Jesus of Nazareth. This system denotes the years from the inception of this epoch as AD, while years preceding the start of this era are denoted as BC. Notably, there is no year zero in this scheme, resulting in the year AD 1 immediately following the year 1 BC. This dating system was devised by Dionysius Exiguus of Scythia Minor in 525, although it did not gain widespread usage until after 800.

Švitrigaila was born to Algirdas, the Grand Duke of Lithuania, and his second wife, Uliana of Tver. Unfortunately, the exact date of his birth remains unknown. Nevertheless, historians believe that he was the youngest or second youngest son of Algirdas. His first recorded appearance in the realm of politics occurred in October 1382, when he witnessed the Treaty of Dubysa between his elder brother Jogaila and the Teutonic Knights. It is presumed that at the time, Švitrigaila was no younger than 12 years of age, which would place his birth sometime prior to 1370. In a complaint submitted to the Council of Florence, Švitrigaila asserted that he and Jogaila were the favorite sons of Algirdas. Prior to his demise in 1377, Algirdas transferred his throne to Jogaila, obliging him to swear to make Švitrigaila his heir. Jogaila's representatives did not explicitly deny the arrangement, instead claiming that it had been modified by mutual agreement between the brothers.

The United States Constitution employs the term ""natural-born Citizen,"" although it does not provide a definitive explanation of its meaning. Over time, various opinions have been offered regarding its precise definition. The prevailing consensus among early 21st-century constitutional scholars, supported by relevant case law, is that natural-born citizens encompass, subject to certain exceptions, individuals born within the United States. Many scholars have also concluded that those who meet the legal requirements for United States citizenship at the moment of birth, regardless of their place of birth, are also considered natural-born citizens. Every president to date has either been a citizen at the time of the adoption of the Constitution in 1789 or has been born within the United States. Among these, seven have had at least one parent who was not born on United States soil.

Australia Day has evolved in its meaning and significance over time. Historically, this date has been referred to by various names, including ""Anniversary Day,"" ""Foundation Day,"" and ""ANA Day."" The 26th of January 1788 marked the proclamation of British sovereignty over the eastern seaboard of Australia, then known as New Holland. Although it did not become known as Australia Day until over a century later, records of celebrations on the 26th of January date back to 1808, with the first official celebration of the formation of New South Wales held in 1818. On New Year's Day in 1901, the British colonies of Australia formed a federation, marking the birth of modern Australia. A national day of unity and celebration was sought. It was not until 1935 that all Australian states and territories adopted the term ""Australia Day"" to commemorate this date, and not until 1994 that the date was consistently observed as a public holiday by all states and territories.

Giovanni Cifolelli was an Italian mandolin virtuoso and composer of dramatic music, whose date and place of birth remain unknown. He made his appearance in Paris as a mandolin virtuoso in 1764, where he was highly esteemed both as a performer and teacher. During his residence in Paris, he published his ""Method for the Mandolin,"" which met with great success throughout France, becoming the most popular work of its time.

Maureen Payne, a South African Test cricketer, was of unknown birth date and passed away in 1997 in South Africa. She captained the team for their second series, played against New Zealand in 1971-72. She appeared in five Tests for South Africa, claiming eight wickets.

The list of Dragon Ball Super episodes is divided into several parts. 
Name Date Discs Episodes 
Part One July 25, 2017 01 -- 13 
Part Two October 3, 2017 14 -- 26 
Part Three February 20, 2018 27 -- 39

Streams of Expression is the 20th studio album by American jazz musician Joe Lovano, released on the Blue Note label. It was released in 2006 and features a five-part ""Streams of Expression Suite,"" a three-part ""Birth of the Cool Suite,"" and three other shorter works. The ""Birth of the Cool Suite"" was conducted by Gunther Schuller and utilizes melodic themes inspired by Miles Davis' work from his 1948 and 1950 nonet. The album also features George Garzone, Ralph Lalama, Gary Smulyan, and Tim Hagans.

Pir Syed Muhammad Binyamin Rizvi, a Pakistani politician, was born on August 15, 1959, and passed away on June 24, 2004. He was the oldest son of Pir Syed Mohammad Yaqoob Shah, a renowned spiritual and religious scholar and member of the provincial assembly, who passed away on August 31, 1991. On June 24, 2004, Pir Syed Muhammad Binyamin Rizvi was brutally murdered in Lahore, near his residence. He is interred beside his father, the late Pir Syed Mohammad Yaqoob Shah, in his hometown of Phalia.

La naissance d'Osiris, or La fête Pamilie, is a one-act opera by Jean-Philippe Rameau, first performed on October 12, 1754, at Fontainebleau, to commemorate the birth of the future King Louis XVI. The libretto was written by Rameau's frequent collaborator, Louis de Cahusac. Cahusac styled the work as a ""ballet allégorique,"" although it is typically categorized as an ""acte de ballet."" The plot revolves around Jupiter's announcement to a group of Egyptian shepherds of the birth of the god Osiris, who symbolizes the baby prince. The piece may have originated as part of a larger work, ""Les beaux jours de l'Amour,"" an ""opéra-ballet"" that Rameau and Cahusac planned but never completed, for reasons that remain uncertain.

Sue Ryder's birth and death certificates both indicate that her birth date was July 3, 1924, which is also confirmed by a plaque unveiled in her honor and that of Leonard Cheshire at Cavendish Church in Suffolk. At the beginning of the war, Ryder volunteered for the First Aid Nursing Yeomanry, despite being only 15 years of age. To join, she misrepresented her age and appears to have maintained this deception for the remainder of her life.

Pak Nam-gi, or Park Nam-ki, was a North Korean politician, born on February 21, 1934, and passed away on March 17, 2010. Until January 2010, he served as the Director of the Planning and Finance Department of the ruling party of North Korea. There are doubts regarding his date of birth, with at least two unattributed sources reporting it as February 21, 1934, or sometime in 1928, respectively.

William Shakespeare was the son of John Shakespeare, an alderman and a successful glover, originally from Snitterfield, and Mary Arden, the daughter of an affluent landowning farmer. He was born in Stratford-upon-Avon and baptized there on April 26, 1564. His actual date of birth remains unknown, but it is traditionally observed on April 23, Saint George's Day. This date, which can be attributed to an error made by an 18th-century scholar, has proven appealing to biographers, as Shakespeare passed away on the same date in 1616. He was the third of eight children and the eldest surviving son.

The list of Soul Eater episodes is divided into several parts. 
Partial box sets (DVD only) 
Name Release date Discs Episodes 
Part One February 9, 2010 1 - 13 
Part Two March 30, 2010 14 - 26 
Part Three June 1, 2010 27 - 39 
Part Four July 27, 2010 40 - 51

Conscription in Australia was introduced in 1964 under the National Service Act of 1964. The selection of conscripts was made through a sortition or lottery draw based on the date of birth, and conscripts were obligated to provide two years of continuous full-time service, followed by a further three years on the active reserve list. The full-time service requirement was reduced to eighteen months in October 1971.

Clara Morris, an American actress, was born on March 17, 1848.",1977
2hop__635544_110949,What is the date of birth of the person who was part of Ratata?,style,formality,2,,0,"Shirley Abicair. Shirley Abicair was born in Melbourne, Victoria, Australia. Some sources show her year of birth as 1935, but a contemporary account shows she was 23 or 24 on arrival in Britain and, as she had completed tertiary studies in Australia, the earlier date seems more likely. She was the only daughter of a Wing Commander in the RAAF.

Anno Domini. This calendar era is based on the traditionally reckoned year of the conception or birth of Jesus of Nazareth, with AD counting years from the start of this epoch, and BC denoting years before the start of the era. There is no year zero in this scheme, so the year AD 1 immediately follows the year 1 BC. This dating system was devised in 525 by Dionysius Exiguus of Scythia Minor, but was not widely used until after 800.

Švitrigaila. Švitrigaila was born to Algirdas, Grand Duke of Lithuania, and his second wife Uliana of Tver. His date of birth is unknown, but it is believed that he was the youngest or second youngest son of Algirdas. He first appeared in politics in October 1382 when he witnessed the Treaty of Dubysa between his elder brother Jogaila and the Teutonic Knights. Historians believe that would indicate that at the time Švitrigaila was no younger than 12 which would put his date of birth sometime before 1370. In a complaint submitted to the Council of Florence, Švitrigaila claimed that he and Jogaila were favorite sons of Algirdas. Before his death in 1377, Algirdas transferred his throne to Jogaila but made him swear to make Švitrigaila his heir. Jogaila's representatives did not outright deny the arrangement and instead claimed that it had been modified by mutual agreement between the brothers.

Natural-born-citizen clause. The U.S. Constitution uses but does not define the phrase ``natural born Citizen '', and various opinions have been offered over time regarding its precise meaning. The consensus of early 21st - century constitutional scholars, together with relevant case law, is that natural - born citizens include, subject to exceptions, those born in the United States. Many scholars have also concluded that those who meet the legal requirements for U.S. citizenship`` at the moment of birth'', regardless of place of birth, are also natural - born citizens. Every president to date was either a citizen at the adoption of the Constitution in 1789 or was born in the United States; of these there have been seven that had at least one parent who was not born on U.S. soil.

Australia Day. The meaning and significance of Australia Day has evolved over time. Unofficially, or historically, the date has also been variously named ``Anniversary Day '',`` Foundation Day'', and ``ANA Day ''. 26 January 1788 marked the proclamation of British sovereignty over the eastern seaboard of Australia (then known as New Holland). Although it was not known as Australia Day until over a century later, records of celebrations on 26 January date back to 1808, with the first official celebration of the formation of New South Wales held in 1818. On New Year's Day 1901, the British colonies of Australia formed a federation, marking the birth of modern Australia. A national day of unity and celebration was looked for. It was not until 1935 that all Australian states and territories adopted use of the term`` Australia Day'' to mark the date, and not until 1994 that the date was consistently marked by a public holiday on that day by all states and territories.

Giovanni Cifolelli. Giovanni Cifolelli was an Italian mandolin virtuoso and dramatic composer whose date and place of birth are unknown. In 1764 he made his appearance in Paris as a mandolin virtuoso and was highly esteemed, both as a performer and teacher. He published his ""Method for the mandolin"" while residing in Paris, which met with great success throughout France, being the most popular of its period.

Maureen Payne. Maureen Payne (date of birth unknown, died 1997, South Africa) was a South Africa Test cricketer. She captained the side for their second series, played against New Zealand in 1971–72. She appeared in five Tests for South Africa, claiming eight wickets.

List of Dragon Ball Super episodes. Name Date Discs Episodes Part One July 25, 2017 01 -- 13 Part Two October 3, 2017 14 -- 26 Part Three February 20, 2018 27 -- 39

Streams of Expression. Streams of Expression is the 20th studio album by American jazz musician Joe Lovano to be released on the Blue Note label. It was released in 2006 and features a five-part ""Streams of Expression Suite,"" three-part ""Birth of the Cool Suite,"" and three other shorter works. The ""Birth of the Cool Suite"" was conducted by Gunther Schuller and utilizes melodic themes inspired by Miles Davis' work from his 1948 and 1950 nonet. The album also features George Garzone, Ralph Lalama, Gary Smulyan, and Tim Hagans.

Pir Syed Muhammad Binyamin Rizvi. Pir Syed Muhammad Binyamin Rizvi (Urdu: پیر سید محمد بنیامین رضوی)date of Birth 15 Aug 1959 date of Death 24 June 2004) was a Pakistani politician. He was the oldest son of Pir Syed Mohammad Yaqoob Shah (a famous spiritual and religious scholar, and member of provincial assembly who died on 31 August 1991). On 24 June 2004 he was brutally murdered in Lahore near his House. He is buried next to his father late Pir Syed Mohammad Yaqoob Shah in his home town Phalia.

La naissance d'Osiris. La naissance d'Osiris, ou La fête Pamilie (""The Birth of Osiris, or The Festival of Pamylia"") is a one-act opera by Jean-Philippe Rameau, first performed on 12 October 1754 at Fontainebleau to celebrate the birth of the future King Louis XVI. The libretto is by Rameau's frequent collaborator Louis de Cahusac. Cahusac styled the work a ""ballet allégorique"" (""allegorical ballet""), but it is usually categorised as an ""acte de ballet"". Its slender plot tells of Jupiter's announcement to a group of Egyptian shepherds of the birth of the god Osiris, who symbolises the baby prince. The piece may have started life as part of a larger work, ""Les beaux jours de l'Amour"", an ""opéra-ballet"" Rameau and Cahusac planned but never completed for reasons which are still uncertain.

Sue Ryder. Her birth and death certificates both put the date one year later, on 3 July 1924, as does a plaque unveiled in honour of Sue Ryder and Leonard Cheshire in Cavendish Church in Suffolk. At the beginning of the war, Ryder volunteered to the First Aid Nursing Yeomanry, even though she was only 15. To get in, she lied about her age and seems to have maintained the deception for the rest of her life.

Pak Nam-gi. Pak Nam-gi or Park Nam-ki (21 February 1934 – 17 March 2010) was, until as late as January 2010, Director of the Planning and Finance Department of the ruling party of North Korea. There are doubts about his date of birth, with at least two unattributed sources reporting it as 21 February 1934 or sometime in 1928 respectively.

William Shakespeare. William Shakespeare was the son of John Shakespeare, an alderman and a successful glover (glove-maker) originally from Snitterfield, and Mary Arden, the daughter of an affluent landowning farmer. He was born in Stratford-upon-Avon and baptised there on 26 April 1564. His actual date of birth remains unknown, but is traditionally observed on 23 April, Saint George's Day. This date, which can be traced to a mistake made by an 18th-century scholar, has proved appealing to biographers because Shakespeare died on the same date in 1616. He was the third of eight children, and the eldest surviving son.

List of Soul Eater episodes. Partial box sets (DVD only) Name Release date Discs Episodes Part One February 9, 2010 1 - 13 Part Two March 30, 2010 14 - 26 Part Three June 1, 2010 27 - 39 Part Four July 27, 2010 40 - 51

Conscription in Australia. In 1964 compulsory National Service for 20 - year - old males was introduced under the National Service Act (1964). The selection of conscripts was made by a sortition or lottery draw based on date of birth, and conscripts were obligated to give two years' continuous full - time service, followed by a further three years on the active reserve list. The full - time service requirement was reduced to eighteen months in October 1971.

Clara Morris. Clara Morris (March 17, 1849 – November 20, 1925) (her birth date is sometimes given as 1846/48) was an American actress.

Ratata (band). Ratata was a Swedish pop group fronted by Swedish vocalist Mauro Scocco formed in 1980. It functioned as a 4-piece band until 1983, when it was disbanded. But Johan Ekelund having played with the band briefly continued to cooperate with Scocco continuing as a duo until 1989. The duo had a brief comeback in 2002.

Yang Meng. Yang Meng was the third son of Yang Xingmi, a major warlord at the end of Tang Dynasty as the military governor (""Jiedushi"") of Huainan Circuit (淮南, headquartered in modern Yangzhou, Jiangsu). It is not known when he was born, although his immediately older brother Yang Longyan was born in 897 and his immediately younger brother Yang Pu was born in 900, placing a timeframe on his birth date. His mother's name was not recorded in history.

Mauro Scocco. Mauro Scocco (born 11 September 1962) is a Swedish pop artist of Italian descent. He has been described as ""one of the sharpest songwriters in Sweden"". Scocco was the singer for the pop group Ratata (1980–83) transformed into a duo with Johan Ekelund (1983–89). After Ratata, Scocco has continued as a solo artist since. In 2014, he cooperated with Plura Jonsson releasing a joint album as ""Mauro & Plura"".",2292
2hop__635544_110949,What is the date of birth of the person who was part of Ratata?,style,formality,2,"Too conversational, rephrase it to be more formal.",1,"Shirley Abicair was a notable figure born in Melbourne, Victoria, Australia. The year of her birth is reported in various sources as 1935; however, a contemporary account suggests that she was 23 or 24 years of age upon her arrival in Britain, indicating that an earlier birthdate may be more accurate, considering she had completed tertiary studies in Australia. She was the only daughter of a Wing Commander in the Royal Australian Air Force.

The Anno Domini calendar era is based on the traditionally accepted year of the conception or birth of Jesus of Nazareth, with the years counting from the start of this epoch denoted as AD, and the years preceding the start of the era denoted as BC. This system does not include a year zero, resulting in the year AD 1 immediately following the year 1 BC. This dating system was devised by Dionysius Exiguus of Scythia Minor in 525, but its widespread use did not occur until after 800.

Švitrigaila was born to Algirdas, the Grand Duke of Lithuania, and his second wife, Uliana of Tver. The exact date of his birth remains unknown, but it is believed that he was the youngest or second youngest son of Algirdas. He first appeared in the political arena in October 1382 when he witnessed the Treaty of Dubysa between his elder brother Jogaila and the Teutonic Knights. Historians believe that this would indicate that, at the time, Švitrigaila was no younger than 12 years of age, which would place his birthdate sometime before 1370. In a complaint submitted to the Council of Florence, Švitrigaila claimed that he and Jogaila were the favorite sons of Algirdas. Prior to his death in 1377, Algirdas transferred his throne to Jogaila, but made him swear to make Švitrigaila his heir. Jogaila's representatives did not outright deny the arrangement and instead claimed that it had been modified by mutual agreement between the brothers.

The U.S. Constitution utilizes the term ""natural-born Citizen"" but does not provide a definition for it. Over time, various opinions have been expressed regarding its precise meaning. The consensus among early 21st-century constitutional scholars, as well as relevant case law, is that natural-born citizens include, subject to exceptions, those born in the United States. Many scholars have also concluded that those who meet the legal requirements for U.S. citizenship ""at the moment of birth,"" regardless of the place of birth, are also considered natural-born citizens. To date, every U.S. president has either been a citizen at the adoption of the Constitution in 1789 or was born in the United States, with seven of them having at least one parent who was not born on U.S. soil.

The meaning and significance of Australia Day have evolved over time. Historically, the date has also been referred to as ""Anniversary Day,"" ""Foundation Day,"" and ""ANA Day."" The date of 26 January 1788 marked the proclamation of British sovereignty over the eastern seaboard of Australia, then known as New Holland. Although it was not referred to as Australia Day until over a century later, records of celebrations on 26 January date back to 1808, with the first official celebration of the formation of New South Wales held in 1818. On New Year's Day in 1901, the British colonies of Australia formed a federation, marking the birth of modern Australia. A national day of unity and celebration was sought, and it was not until 1935 that all Australian states and territories adopted the term ""Australia Day"" to mark the date, with the date consistently being marked by a public holiday in all states and territories starting in 1994.

Giovanni Cifolelli was an Italian mandolin virtuoso and dramatic composer whose date and place of birth are unknown. In 1764, he made his appearance in Paris as a mandolin virtuoso and was highly esteemed, both as a performer and teacher. While residing in Paris, he published his ""Method for the mandolin,"" which achieved great success throughout France and became the most popular of its period.

Maureen Payne was a South African Test cricketer whose date of birth is unknown, and who passed away in 1997 in South Africa. She captained the team for their second series, played against New Zealand in 1971-72. She appeared in five Tests for South Africa, claiming eight wickets.

The list of Dragon Ball Super episodes is as follows: Part One, released on July 25, 2017, includes episodes 01-13. Part Two, released on October 3, 2017, includes episodes 14-26. Part Three, released on February 20, 2018, includes episodes 27-39.

Streams of Expression is the 20th studio album by American jazz musician Joe Lovano, released on the Blue Note label. It was released in 2006 and features a five-part ""Streams of Expression Suite,"" a three-part ""Birth of the Cool Suite,"" and three other shorter works. The ""Birth of the Cool Suite"" was conducted by Gunther Schuller and utilizes melodic themes inspired by Miles Davis' work from his 1948 and 1950 nonet. The album also features George Garzone, Ralph Lalama, Gary Smulyan, and Tim Hagans.

Pir Syed Muhammad Binyamin Rizvi was a Pakistani politician born on August 15, 1959, and who passed away on June 24, 2004. He was the oldest son of Pir Syed Mohammad Yaqoob Shah, a famous spiritual and religious scholar and member of the provincial assembly who passed away on August 31, 1991. On June 24, 2004, Pir Syed Muhammad Binyamin Rizvi was brutally murdered in Lahore, near his house. He is buried next to his father, late Pir Syed Mohammad Yaqoob Shah, in his hometown of Phalia.

La naissance d'Osiris, or La fête Pamilie, is a one-act opera by Jean-Philippe Rameau, first performed on October 12, 1754, at Fontainebleau to celebrate the birth of the future King Louis XVI. The libretto is by Rameau's frequent collaborator, Louis de Cahusac. Cahusac styled the work as a ""ballet allégorique,"" but it is usually categorized as an ""acte de ballet."" The slender plot tells of Jupiter's announcement to a group of Egyptian shepherds of the birth of the god Osiris, who symbolizes the baby prince. The piece may have originated as part of a larger work, ""Les beaux jours de l'Amour,"" an ""opéra-ballet"" that Rameau and Cahusac planned but never completed for reasons that remain uncertain.

Sue Ryder's birth and death certificates both indicate that her birthdate was July 3, 1924, as does a plaque unveiled in her honor and Leonard Cheshire's in Cavendish Church in Suffolk. At the beginning of the war, Ryder volunteered for the First Aid Nursing Yeomanry, despite being only 15 years of age. To be eligible, she misrepresented her age and appears to have maintained the deception for the rest of her life.

Pak Nam-gi, or Park Nam-ki, was born on February 21, 1934, and passed away on March 17, 2010. He was, until January 2010, the Director of the Planning and Finance Department of the ruling party of North Korea. There are doubts about his date of birth, with at least two unattributed sources reporting it as February 21, 1934, or sometime in 1928.

William Shakespeare was the son of John Shakespeare, an alderman and a successful glover originally from Snitterfield, and Mary Arden, the daughter of an affluent landowning farmer. He was born in Stratford-upon-Avon and baptized there on April 26, 1564. His actual date of birth remains unknown, but is traditionally observed on April 23, Saint George's Day. This date, which can be traced to a mistake made by an 18th-century scholar, has been appealing to biographers because Shakespeare died on the same date in 1616. He was the third of eight children and the eldest surviving son.

The list of Soul Eater episodes is as follows: Part One, released on February 9, 2010, includes episodes 1-13. Part Two, released on March 30, 2010, includes episodes 14-26. Part Three, released on June 1, 2010, includes episodes 27-39. Part Four, released on July 27, 2010, includes episodes 40-51.

Conscription in Australia was introduced under the National Service Act of 1964, which required 20-year-old males to provide two years of continuous full-time service, followed by a further three years on the active reserve list. The selection of conscripts was made by a sortition or lottery draw based on the date of birth. In October 1971, the full-time service requirement was reduced to 18 months.

Clara Morris was an American actress born on March 17, 1849, and who passed away on November 20, 1925. Her birthdate is sometimes reported as 1846 or 1848.

Ratata was a Swedish pop group fronted by Swedish vocalist Mauro Scocco, formed in 1980. The group functioned as a four-piece band until 1983, when it was disbanded. However, Johan Ekelund, who had played with the band briefly, continued to cooperate with Scocco",2048
2hop__635544_110949,What is the date of birth of the person who was part of Ratata?,style,formality,2,"Too conversational, rephrase it to be more formal.",2,"Shirley Abicair was a notable figure born in Melbourne, Victoria, Australia. Her birth year is reported in various sources as 1935; however, a contemporary account suggests that she was 23 or 24 years of age upon her arrival in Britain, indicating that an earlier birthdate may be more accurate, considering she had completed tertiary studies in Australia. As the only daughter of a Wing Commander in the Royal Australian Air Force, her family background was quite distinguished.

The Anno Domini calendar era is based on the traditionally accepted year of the conception or birth of Jesus of Nazareth, with the years counting from the start of this epoch denoted as AD, and the years preceding the start of the era denoted as BC. This system does not include a year zero, resulting in the year AD 1 immediately following the year 1 BC. The development of this dating system is attributed to Dionysius Exiguus of Scythia Minor in 525, although its widespread adoption did not occur until after 800.

Švitrigaila was born to Algirdas, the Grand Duke of Lithuania, and his second wife, Uliana of Tver. Although the exact date of his birth remains unknown, it is believed that he was the youngest or second youngest son of Algirdas. He first appeared in the political arena in October 1382 when he witnessed the Treaty of Dubysa between his elder brother Jogaila and the Teutonic Knights. Historians believe that this would indicate that, at the time, Švitrigaila was no younger than 12 years of age, which would place his birthdate sometime before 1370. In a complaint submitted to the Council of Florence, Švitrigaila claimed that he and Jogaila were the favorite sons of Algirdas. Prior to his death in 1377, Algirdas transferred his throne to Jogaila, but made him swear to make Švitrigaila his heir. Jogaila's representatives did not outright deny the arrangement and instead claimed that it had been modified by mutual agreement between the brothers.

The U.S. Constitution utilizes the term ""natural-born Citizen"" but does not provide a definition for it. Over time, various opinions have been expressed regarding its precise meaning. The consensus among early 21st-century constitutional scholars, as well as relevant case law, is that natural-born citizens include, subject to exceptions, those born in the United States. Many scholars have also concluded that those who meet the legal requirements for U.S. citizenship ""at the moment of birth,"" regardless of the place of birth, are also considered natural-born citizens. To date, every U.S. president has either been a citizen at the adoption of the Constitution in 1789 or was born in the United States, with seven of them having at least one parent who was not born on U.S. soil.

The meaning and significance of Australia Day have evolved over time. Historically, the date has also been referred to as ""Anniversary Day,"" ""Foundation Day,"" and ""ANA Day."" The date of 26 January 1788 marked the proclamation of British sovereignty over the eastern seaboard of Australia, then known as New Holland. Although it was not referred to as Australia Day until over a century later, records of celebrations on 26 January date back to 1808, with the first official celebration of the formation of New South Wales held in 1818. On New Year's Day in 1901, the British colonies of Australia formed a federation, marking the birth of modern Australia. A national day of unity and celebration was sought, and it was not until 1935 that all Australian states and territories adopted the term ""Australia Day"" to mark the date, with the date consistently being marked by a public holiday in all states and territories starting in 1994.

Giovanni Cifolelli was an Italian mandolin virtuoso and dramatic composer whose date and place of birth are unknown. In 1764, he made his appearance in Paris as a mandolin virtuoso and was highly esteemed, both as a performer and teacher. While residing in Paris, he published his ""Method for the mandolin,"" which achieved great success throughout France and became the most popular of its period.

Maureen Payne was a South African Test cricketer whose date of birth is unknown, and who passed away in 1997 in South Africa. She captained the team for their second series, played against New Zealand in 1971-72. She appeared in five Tests for South Africa, claiming eight wickets.

The list of Dragon Ball Super episodes is as follows: Part One, released on July 25, 2017, includes episodes 01-13. Part Two, released on October 3, 2017, includes episodes 14-26. Part Three, released on February 20, 2018, includes episodes 27-39.

Streams of Expression is the 20th studio album by American jazz musician Joe Lovano, released on the Blue Note label. It was released in 2006 and features a five-part ""Streams of Expression Suite,"" a three-part ""Birth of the Cool Suite,"" and three other shorter works. The ""Birth of the Cool Suite"" was conducted by Gunther Schuller and utilizes melodic themes inspired by Miles Davis' work from his 1948 and 1950 nonet. The album also features George Garzone, Ralph Lalama, Gary Smulyan, and Tim Hagans.

Pir Syed Muhammad Binyamin Rizvi was a Pakistani politician born on August 15, 1959, and who passed away on June 24, 2004. He was the oldest son of Pir Syed Mohammad Yaqoob Shah, a famous spiritual and religious scholar and member of the provincial assembly who passed away on August 31, 1991. On June 24, 2004, Pir Syed Muhammad Binyamin Rizvi was brutally murdered in Lahore, near his house. He is buried next to his father, late Pir Syed Mohammad Yaqoob Shah, in his hometown of Phalia.

La naissance d'Osiris, or La fête Pamilie, is a one-act opera by Jean-Philippe Rameau, first performed on October 12, 1754, at Fontainebleau to celebrate the birth of the future King Louis XVI. The libretto is by Rameau's frequent collaborator, Louis de Cahusac. Cahusac styled the work as a ""ballet allégorique,"" but it is usually categorized as an ""acte de ballet."" The slender plot tells of Jupiter's announcement to a group of Egyptian shepherds of the birth of the god Osiris, who symbolizes the baby prince. The piece may have originated as part of a larger work, ""Les beaux jours de l'Amour,"" an ""opéra-ballet"" that Rameau and Cahusac planned but never completed for reasons that remain uncertain.

Sue Ryder's birth and death certificates both indicate that her birthdate was July 3, 1924, as does a plaque unveiled in her honor and Leonard Cheshire's in Cavendish Church in Suffolk. At the beginning of the war, Ryder volunteered for the First Aid Nursing Yeomanry, despite being only 15 years of age. To be eligible, she misrepresented her age and appears to have maintained the deception for the rest of her life.

Pak Nam-gi, or Park Nam-ki, was born on February 21, 1934, and passed away on March 17, 2010. He was, until January 2010, the Director of the Planning and Finance Department of the ruling party of North Korea. There are doubts about his date of birth, with at least two unattributed sources reporting it as February 21, 1934, or sometime in 1928.

William Shakespeare was the son of John Shakespeare, an alderman and a successful glover originally from Snitterfield, and Mary Arden, the daughter of an affluent landowning farmer. He was born in Stratford-upon-Avon and baptized there on April 26, 1564. His actual date of birth remains unknown, but is traditionally observed on April 23, Saint George's Day. This date, which can be traced to a mistake made by an 18th-century scholar, has been appealing to biographers because Shakespeare died on the same date in 1616. He was the third of eight children and the eldest surviving son.

The list of Soul Eater episodes is as follows: Part One, released on February 9, 2010, includes episodes 1-13. Part Two, released on March 30, 2010, includes episodes 14-26. Part Three, released on June 1, 2010, includes episodes 27-39. Part Four, released on July 27, 2010, includes episodes 40-51.

Conscription in Australia was introduced under the National Service Act of 1964, which required 20-year-old males to provide two years of continuous full-time service, followed by a further three years on the active reserve list. The selection of conscripts was made by a sortition or lottery draw based on the date of birth. In October 1971, the full-time service requirement was reduced to 18 months.

Clara Morris was an American actress born on March 17, 1849, and who passed away on November 20, 1925. Her birthdate is sometimes reported as 1846 or 1848.

Ratata was a Swedish pop group fronted by Swedish vocalist Mauro Scocco, formed in 1980. The group functioned as a four-piece band until 1983, when it was disbanded. However, Johan Ekelund, who had played with the band briefly",2048
2hop__635544_110949,What is the date of birth of the person who was part of Ratata?,style,formality,2,"Too conversational, rephrase it to be more formal.",3,"Shirley Abicair was a prominent individual born in Melbourne, Victoria, Australia. The year of her birth is reported in various sources as 1935; however, a contemporary account suggests that she was 23 or 24 years of age upon her arrival in Britain, indicating that an earlier birthdate may be more accurate, given that she had completed tertiary studies in Australia. As the only daughter of a Wing Commander in the Royal Australian Air Force, her family background was distinguished.

The Anno Domini calendar era is based on the traditionally accepted year of the conception or birth of Jesus of Nazareth, with the years counting from the start of this epoch denoted as AD, and the years preceding the start of the era denoted as BC. This system does not include a year zero, resulting in the year AD 1 immediately following the year 1 BC. The development of this dating system is attributed to Dionysius Exiguus of Scythia Minor in 525, although its widespread adoption did not occur until after 800.

Švitrigaila was born to Algirdas, the Grand Duke of Lithuania, and his second wife, Uliana of Tver. Although the exact date of his birth remains unknown, it is believed that he was the youngest or second youngest son of Algirdas. He first appeared in the political arena in October 1382 when he witnessed the Treaty of Dubysa between his elder brother Jogaila and the Teutonic Knights. Historians believe that this would indicate that, at the time, Švitrigaila was no younger than 12 years of age, which would place his birthdate sometime before 1370. In a complaint submitted to the Council of Florence, Švitrigaila claimed that he and Jogaila were the favorite sons of Algirdas. Prior to his death in 1377, Algirdas transferred his throne to Jogaila, but made him swear to make Švitrigaila his heir. Jogaila's representatives did not outright deny the arrangement and instead claimed that it had been modified by mutual agreement between the brothers.

The U.S. Constitution utilizes the term ""natural-born Citizen"" but does not provide a definition for it. Over time, various opinions have been expressed regarding its precise meaning. The consensus among early 21st-century constitutional scholars, as well as relevant case law, is that natural-born citizens include, subject to exceptions, those born in the United States. Many scholars have also concluded that those who meet the legal requirements for U.S. citizenship ""at the moment of birth,"" regardless of the place of birth, are also considered natural-born citizens. To date, every U.S. president has either been a citizen at the adoption of the Constitution in 1789 or was born in the United States, with seven of them having at least one parent who was not born on U.S. soil.

The meaning and significance of Australia Day have evolved over time. Historically, the date has also been referred to as ""Anniversary Day,"" ""Foundation Day,"" and ""ANA Day."" The date of 26 January 1788 marked the proclamation of British sovereignty over the eastern seaboard of Australia, then known as New Holland. Although it was not referred to as Australia Day until over a century later, records of celebrations on 26 January date back to 1808, with the first official celebration of the formation of New South Wales held in 1818. On New Year's Day in 1901, the British colonies of Australia formed a federation, marking the birth of modern Australia. A national day of unity and celebration was sought, and it was not until 1935 that all Australian states and territories adopted the term ""Australia Day"" to mark the date, with the date consistently being marked by a public holiday in all states and territories starting in 1994.

Giovanni Cifolelli was an Italian mandolin virtuoso and dramatic composer whose date and place of birth are unknown. In 1764, he made his appearance in Paris as a mandolin virtuoso and was highly esteemed, both as a performer and teacher. While residing in Paris, he published his ""Method for the mandolin,"" which achieved great success throughout France and became the most popular of its period.

Maureen Payne was a South African Test cricketer whose date of birth is unknown, and who passed away in 1997 in South Africa. She captained the team for their second series, played against New Zealand in 1971-72. She appeared in five Tests for South Africa, claiming eight wickets.

The list of Dragon Ball Super episodes is as follows: Part One, released on July 25, 2017, includes episodes 01-13. Part Two, released on October 3, 2017, includes episodes 14-26. Part Three, released on February 20, 2018, includes episodes 27-39.

Streams of Expression is the 20th studio album by American jazz musician Joe Lovano, released on the Blue Note label. It was released in 2006 and features a five-part ""Streams of Expression Suite,"" a three-part ""Birth of the Cool Suite,"" and three other shorter works. The ""Birth of the Cool Suite"" was conducted by Gunther Schuller and utilizes melodic themes inspired by Miles Davis' work from his 1948 and 1950 nonet. The album also features George Garzone, Ralph Lalama, Gary Smulyan, and Tim Hagans.

Pir Syed Muhammad Binyamin Rizvi was a Pakistani politician born on August 15, 1959, and who passed away on June 24, 2004. He was the oldest son of Pir Syed Mohammad Yaqoob Shah, a famous spiritual and religious scholar and member of the provincial assembly who passed away on August 31, 1991. On June 24, 2004, Pir Syed Muhammad Binyamin Rizvi was brutally murdered in Lahore, near his house. He is buried next to his father, late Pir Syed Mohammad Yaqoob Shah, in his hometown of Phalia.

La naissance d'Osiris, or La fête Pamilie, is a one-act opera by Jean-Philippe Rameau, first performed on October 12, 1754, at Fontainebleau to celebrate the birth of the future King Louis XVI. The libretto is by Rameau's frequent collaborator, Louis de Cahusac. Cahusac styled the work as a ""ballet allégorique,"" but it is usually categorized as an ""acte de ballet."" The slender plot tells of Jupiter's announcement to a group of Egyptian shepherds of the birth of the god Osiris, who symbolizes the baby prince. The piece may have originated as part of a larger work, ""Les beaux jours de l'Amour,"" an ""opéra-ballet"" that Rameau and Cahusac planned but never completed for reasons that remain uncertain.

Sue Ryder's birth and death certificates both indicate that her birthdate was July 3, 1924, as does a plaque unveiled in her honor and Leonard Cheshire's in Cavendish Church in Suffolk. At the beginning of the war, Ryder volunteered for the First Aid Nursing Yeomanry, despite being only 15 years of age. To be eligible, she misrepresented her age and appears to have maintained the deception for the rest of her life.

Pak Nam-gi, or Park Nam-ki, was born on February 21, 1934, and passed away on March 17, 2010. He was, until January 2010, the Director of the Planning and Finance Department of the ruling party of North Korea. There are doubts about his date of birth, with at least two unattributed sources reporting it as February 21, 1934, or sometime in 1928.

William Shakespeare was the son of John Shakespeare, an alderman and a successful glover originally from Snitterfield, and Mary Arden, the daughter of an affluent landowning farmer. He was born in Stratford-upon-Avon and baptized there on April 26, 1564. His actual date of birth remains unknown, but is traditionally observed on April 23, Saint George's Day. This date, which can be traced to a mistake made by an 18th-century scholar, has been appealing to biographers because Shakespeare died on the same date in 1616. He was the third of eight children and the eldest surviving son.

The list of Soul Eater episodes is as follows: Part One, released on February 9, 2010, includes episodes 1-13. Part Two, released on March 30, 2010, includes episodes 14-26. Part Three, released on June 1, 2010, includes episodes 27-39. Part Four, released on July 27, 2010, includes episodes 40-51.

Conscription in Australia was introduced under the National Service Act of 1964, which required 20-year-old males to provide two years of continuous full-time service, followed by a further three years on the active reserve list. The selection of conscripts was made by a sortition or lottery draw based on the date of birth. In October 1971, the full-time service requirement was reduced to 18 months.

Clara Morris was an American actress born on March 17, 1849, and who passed away on November 20, 1925. Her birthdate is sometimes reported as 1846 or 1848.

Ratata was a Swedish pop group fronted by Swedish vocalist Mauro Scocco, formed in 1980. The group functioned as a four-piece band until 1983, when it was disbanded. However, Johan Ekelund, who had played with the",2048
2hop__635544_110949,What is the date of birth of the person who was part of Ratata?,style,paraphrase,0,,0,"Shirley Abicair. Shirley Abicair was born in Melbourne, Victoria, Australia. Some sources show her year of birth as 1935, but a contemporary account shows she was 23 or 24 on arrival in Britain and, as she had completed tertiary studies in Australia, the earlier date seems more likely. She was the only daughter of a Wing Commander in the RAAF.

Anno Domini. This calendar era is based on the traditionally reckoned year of the conception or birth of Jesus of Nazareth, with AD counting years from the start of this epoch, and BC denoting years before the start of the era. There is no year zero in this scheme, so the year AD 1 immediately follows the year 1 BC. This dating system was devised in 525 by Dionysius Exiguus of Scythia Minor, but was not widely used until after 800.

Švitrigaila. Švitrigaila was born to Algirdas, Grand Duke of Lithuania, and his second wife Uliana of Tver. His date of birth is unknown, but it is believed that he was the youngest or second youngest son of Algirdas. He first appeared in politics in October 1382 when he witnessed the Treaty of Dubysa between his elder brother Jogaila and the Teutonic Knights. Historians believe that would indicate that at the time Švitrigaila was no younger than 12 which would put his date of birth sometime before 1370. In a complaint submitted to the Council of Florence, Švitrigaila claimed that he and Jogaila were favorite sons of Algirdas. Before his death in 1377, Algirdas transferred his throne to Jogaila but made him swear to make Švitrigaila his heir. Jogaila's representatives did not outright deny the arrangement and instead claimed that it had been modified by mutual agreement between the brothers.

Natural-born-citizen clause. The U.S. Constitution uses but does not define the phrase ``natural born Citizen '', and various opinions have been offered over time regarding its precise meaning. The consensus of early 21st - century constitutional scholars, together with relevant case law, is that natural - born citizens include, subject to exceptions, those born in the United States. Many scholars have also concluded that those who meet the legal requirements for U.S. citizenship`` at the moment of birth'', regardless of place of birth, are also natural - born citizens. Every president to date was either a citizen at the adoption of the Constitution in 1789 or was born in the United States; of these there have been seven that had at least one parent who was not born on U.S. soil.

Australia Day. The meaning and significance of Australia Day has evolved over time. Unofficially, or historically, the date has also been variously named ``Anniversary Day '',`` Foundation Day'', and ``ANA Day ''. 26 January 1788 marked the proclamation of British sovereignty over the eastern seaboard of Australia (then known as New Holland). Although it was not known as Australia Day until over a century later, records of celebrations on 26 January date back to 1808, with the first official celebration of the formation of New South Wales held in 1818. On New Year's Day 1901, the British colonies of Australia formed a federation, marking the birth of modern Australia. A national day of unity and celebration was looked for. It was not until 1935 that all Australian states and territories adopted use of the term`` Australia Day'' to mark the date, and not until 1994 that the date was consistently marked by a public holiday on that day by all states and territories.

Giovanni Cifolelli. Giovanni Cifolelli was an Italian mandolin virtuoso and dramatic composer whose date and place of birth are unknown. In 1764 he made his appearance in Paris as a mandolin virtuoso and was highly esteemed, both as a performer and teacher. He published his ""Method for the mandolin"" while residing in Paris, which met with great success throughout France, being the most popular of its period.

Maureen Payne. Maureen Payne (date of birth unknown, died 1997, South Africa) was a South Africa Test cricketer. She captained the side for their second series, played against New Zealand in 1971–72. She appeared in five Tests for South Africa, claiming eight wickets.

List of Dragon Ball Super episodes. Name Date Discs Episodes Part One July 25, 2017 01 -- 13 Part Two October 3, 2017 14 -- 26 Part Three February 20, 2018 27 -- 39

Streams of Expression. Streams of Expression is the 20th studio album by American jazz musician Joe Lovano to be released on the Blue Note label. It was released in 2006 and features a five-part ""Streams of Expression Suite,"" three-part ""Birth of the Cool Suite,"" and three other shorter works. The ""Birth of the Cool Suite"" was conducted by Gunther Schuller and utilizes melodic themes inspired by Miles Davis' work from his 1948 and 1950 nonet. The album also features George Garzone, Ralph Lalama, Gary Smulyan, and Tim Hagans.

Pir Syed Muhammad Binyamin Rizvi. Pir Syed Muhammad Binyamin Rizvi (Urdu: پیر سید محمد بنیامین رضوی)date of Birth 15 Aug 1959 date of Death 24 June 2004) was a Pakistani politician. He was the oldest son of Pir Syed Mohammad Yaqoob Shah (a famous spiritual and religious scholar, and member of provincial assembly who died on 31 August 1991). On 24 June 2004 he was brutally murdered in Lahore near his House. He is buried next to his father late Pir Syed Mohammad Yaqoob Shah in his home town Phalia.

La naissance d'Osiris. La naissance d'Osiris, ou La fête Pamilie (""The Birth of Osiris, or The Festival of Pamylia"") is a one-act opera by Jean-Philippe Rameau, first performed on 12 October 1754 at Fontainebleau to celebrate the birth of the future King Louis XVI. The libretto is by Rameau's frequent collaborator Louis de Cahusac. Cahusac styled the work a ""ballet allégorique"" (""allegorical ballet""), but it is usually categorised as an ""acte de ballet"". Its slender plot tells of Jupiter's announcement to a group of Egyptian shepherds of the birth of the god Osiris, who symbolises the baby prince. The piece may have started life as part of a larger work, ""Les beaux jours de l'Amour"", an ""opéra-ballet"" Rameau and Cahusac planned but never completed for reasons which are still uncertain.

Sue Ryder. Her birth and death certificates both put the date one year later, on 3 July 1924, as does a plaque unveiled in honour of Sue Ryder and Leonard Cheshire in Cavendish Church in Suffolk. At the beginning of the war, Ryder volunteered to the First Aid Nursing Yeomanry, even though she was only 15. To get in, she lied about her age and seems to have maintained the deception for the rest of her life.

Pak Nam-gi. Pak Nam-gi or Park Nam-ki (21 February 1934 – 17 March 2010) was, until as late as January 2010, Director of the Planning and Finance Department of the ruling party of North Korea. There are doubts about his date of birth, with at least two unattributed sources reporting it as 21 February 1934 or sometime in 1928 respectively.

William Shakespeare. William Shakespeare was the son of John Shakespeare, an alderman and a successful glover (glove-maker) originally from Snitterfield, and Mary Arden, the daughter of an affluent landowning farmer. He was born in Stratford-upon-Avon and baptised there on 26 April 1564. His actual date of birth remains unknown, but is traditionally observed on 23 April, Saint George's Day. This date, which can be traced to a mistake made by an 18th-century scholar, has proved appealing to biographers because Shakespeare died on the same date in 1616. He was the third of eight children, and the eldest surviving son.

List of Soul Eater episodes. Partial box sets (DVD only) Name Release date Discs Episodes Part One February 9, 2010 1 - 13 Part Two March 30, 2010 14 - 26 Part Three June 1, 2010 27 - 39 Part Four July 27, 2010 40 - 51

Conscription in Australia. In 1964 compulsory National Service for 20 - year - old males was introduced under the National Service Act (1964). The selection of conscripts was made by a sortition or lottery draw based on date of birth, and conscripts were obligated to give two years' continuous full - time service, followed by a further three years on the active reserve list. The full - time service requirement was reduced to eighteen months in October 1971.

Clara Morris. Clara Morris (March 17, 1849 – November 20, 1925) (her birth date is sometimes given as 1846/48) was an American actress.

Ratata (band). Ratata was a Swedish pop group fronted by Swedish vocalist Mauro Scocco formed in 1980. It functioned as a 4-piece band until 1983, when it was disbanded. But Johan Ekelund having played with the band briefly continued to cooperate with Scocco continuing as a duo until 1989. The duo had a brief comeback in 2002.

Yang Meng. Yang Meng was the third son of Yang Xingmi, a major warlord at the end of Tang Dynasty as the military governor (""Jiedushi"") of Huainan Circuit (淮南, headquartered in modern Yangzhou, Jiangsu). It is not known when he was born, although his immediately older brother Yang Longyan was born in 897 and his immediately younger brother Yang Pu was born in 900, placing a timeframe on his birth date. His mother's name was not recorded in history.

Mauro Scocco. Mauro Scocco (born 11 September 1962) is a Swedish pop artist of Italian descent. He has been described as ""one of the sharpest songwriters in Sweden"". Scocco was the singer for the pop group Ratata (1980–83) transformed into a duo with Johan Ekelund (1983–89). After Ratata, Scocco has continued as a solo artist since. In 2014, he cooperated with Plura Jonsson releasing a joint album as ""Mauro & Plura"".",2292
2hop__635544_110949,What is the date of birth of the person who was part of Ratata?,style,paraphrase,0,Paraphrase this.,1,"Shirley Abicair. Born in Melbourne, Victoria, Australia, the exact year of Shirley Abicair's birth is not certain, with some sources indicating 1935, although a contemporary account suggests she was likely born earlier. She was the only daughter of a Wing Commander in the RAAF.

The Anno Domini calendar era is based on the traditionally reckoned year of Jesus of Nazareth's conception or birth. This system, which counts years from the start of this epoch, was devised by Dionysius Exiguus of Scythia Minor in 525 but did not gain widespread use until after 800. The years are counted from the start of the era, with BC denoting years before the start of the era and AD 1 following immediately after 1 BC.

Švitrigaila was the son of Algirdas, the Grand Duke of Lithuania, and his second wife, Uliana of Tver. Although his exact date of birth is unknown, it is believed that he was the youngest or second youngest son of Algirdas. In October 1382, Švitrigaila witnessed the Treaty of Dubysa between his elder brother Jogaila and the Teutonic Knights. Historians estimate that at the time, Švitrigaila was no younger than 12, suggesting that his birth occurred before 1370. Before his death in 1377, Algirdas transferred his throne to Jogaila, making him promise to make Švitrigaila his heir.

The phrase ""natural-born Citizen"" is used in the U.S. Constitution but is not explicitly defined. Over time, various opinions have been offered regarding its precise meaning. The consensus among early 21st-century constitutional scholars, supported by relevant case law, is that natural-born citizens include those born in the United States. Many scholars also believe that those who meet the legal requirements for U.S. citizenship at the moment of birth are also considered natural-born citizens.

Australia Day has evolved in meaning and significance over time. The date has been referred to by various names, including ""Anniversary Day,"" ""Foundation Day,"" and ""ANA Day."" On January 26, 1788, British sovereignty was proclaimed over the eastern seaboard of Australia. Although it was not known as Australia Day until much later, records of celebrations on January 26 date back to 1808, with the first official celebration of the formation of New South Wales held in 1818. On January 1, 1901, the British colonies of Australia formed a federation, marking the birth of modern Australia.

Giovanni Cifolelli was an Italian mandolin virtuoso and dramatic composer. Although his exact date and place of birth are unknown, he appeared in Paris in 1764 as a highly esteemed mandolin virtuoso and teacher. While residing in Paris, he published his ""Method for the mandolin,"" which achieved great success throughout France.

Maureen Payne was a South African Test cricketer, and her exact date of birth is unknown. She died in 1997 in South Africa. Payne captained the side in their second series, played against New Zealand in 1971-72, and appeared in five Tests for South Africa, claiming eight wickets.

The 20th studio album by American jazz musician Joe Lovano, ""Streams of Expression,"" was released on the Blue Note label in 2006. The album features a five-part ""Streams of Expression Suite"" and a three-part ""Birth of the Cool Suite,"" conducted by Gunther Schuller. The ""Birth of the Cool Suite"" utilizes melodic themes inspired by Miles Davis' work from his 1948 and 1950 nonet.

Pir Syed Muhammad Binyamin Rizvi was a Pakistani politician born on August 15, 1959. He was the oldest son of Pir Syed Mohammad Yaqoob Shah, a famous spiritual and religious scholar and member of the provincial assembly who died on August 31, 1991. Pir Syed Muhammad Binyamin Rizvi was brutally murdered in Lahore near his house on June 24, 2004, and is buried next to his father in his hometown of Phalia.

La naissance d'Osiris, a one-act opera by Jean-Philippe Rameau, was first performed on October 12, 1754, at Fontainebleau to celebrate the birth of the future King Louis XVI. The libretto, written by Louis de Cahusac, is styled as a ""ballet allégorique"" but is usually categorized as an ""acte de ballet."" The plot revolves around Jupiter's announcement to a group of Egyptian shepherds of the birth of the god Osiris, who symbolizes the baby prince.

Sue Ryder's birth and death certificates indicate that she was born on July 3, 1924, which is also confirmed by a plaque unveiled in her honor in Cavendish Church in Suffolk. However, it is reported that Ryder volunteered for the First Aid Nursing Yeomanry at the beginning of the war, claiming to be older than her actual age.

Pak Nam-gi, also known as Park Nam-ki, was the Director of the Planning and Finance Department of North Korea's ruling party until January 2010. His exact date of birth is uncertain, with some sources reporting it as February 21, 1934, and others as sometime in 1928.

William Shakespeare was the son of John Shakespeare, a successful glover, and Mary Arden, the daughter of an affluent landowning farmer. Although his actual date of birth remains unknown, he was baptized on April 26, 1564, in Stratford-upon-Avon. Traditionally, his birth is observed on April 23, Saint George's Day, a date that has been linked to a mistake made by an 18th-century scholar.

The list of episodes for the anime series ""Soul Eater"" includes multiple partial box sets, with the first set released on February 9, 2010, containing episodes 1-13.

Conscription was introduced in Australia in 1964 for 20-year-old males under the National Service Act. The selection of conscripts was made by a sortition or lottery draw based on date of birth, with conscripts required to serve two years of continuous full-time service, followed by three years on the active reserve list. The full-time service requirement was later reduced to 18 months in October 1971.

Clara Morris was an American actress born on March 17, 1849, although some sources give her birth date as 1846 or 1848. She passed away on November 20, 1925.

Ratata was a Swedish pop group formed in 1980, fronted by vocalist Mauro Scocco. The group functioned as a four-piece band until 1983, when it was disbanded. However, Johan Ekelund, who had briefly played with the band, continued to cooperate with Scocco, and they formed a duo that continued until 1989. The duo briefly reunited in 2002.

Yang Meng was the third son of Yang Xingmi, a major warlord at the end of the Tang Dynasty. Although his exact date of birth is unknown, his immediately older brother Yang Longyan was born in 897, and his immediately younger brother Yang Pu was born in 900, providing a timeframe for his birth. His mother's name was not recorded in history.

Mauro Scocco is a Swedish pop artist of Italian descent, born on September 11, 1962. He has been described as ""one of the sharpest songwriters in Sweden."" Scocco was the singer for the pop group Ratata from 1980 to 1983, which later transformed into a duo with Johan Ekelund until 1989. After Ratata, Scocco continued as a solo artist and cooperated with Plura Jonsson in 2014, releasing a joint album as ""Mauro & Plura.""",1656
2hop__635544_110949,What is the date of birth of the person who was part of Ratata?,style,paraphrase,0,Paraphrase this.,2,"Shirley Abicair was born in Melbourne, Victoria, Australia, with the year of her birth unclear, some sources suggesting 1935, and others indicating she was likely born earlier. She was the daughter of a Wing Commander in the RAAF.

The Anno Domini calendar era is based on the traditionally reckoned year of Jesus of Nazareth's conception or birth. This system, devised by Dionysius Exiguus of Scythia Minor in 525 but not widely adopted until after 800, counts years from the start of this epoch. The years are counted from the start of the era, with BC denoting years before the start of the era and AD 1 following immediately after 1 BC.

Švitrigaila, the son of Algirdas, the Grand Duke of Lithuania, and his second wife, Uliana of Tver, had an unknown date of birth, but it is believed that he was the youngest or second youngest son of Algirdas. In October 1382, Švitrigaila witnessed the Treaty of Dubysa between his elder brother Jogaila and the Teutonic Knights. Historians estimate that at the time, Švitrigaila was no younger than 12, suggesting that his birth occurred before 1370. Before his death in 1377, Algirdas transferred his throne to Jogaila, making him promise to make Švitrigaila his heir.

The term ""natural-born Citizen"" is used in the U.S. Constitution but lacks a clear definition. Over time, various opinions have been offered regarding its precise meaning. The consensus among early 21st-century constitutional scholars, supported by relevant case law, is that natural-born citizens include those born in the United States. Many scholars also believe that those who meet the legal requirements for U.S. citizenship at the moment of birth are also considered natural-born citizens.

The meaning and significance of Australia Day have evolved over time. The date has been referred to by various names, including ""Anniversary Day,"" ""Foundation Day,"" and ""ANA Day."" On January 26, 1788, British sovereignty was proclaimed over the eastern seaboard of Australia. Although it was not known as Australia Day until much later, records of celebrations on January 26 date back to 1808, with the first official celebration of the formation of New South Wales held in 1818. On January 1, 1901, the British colonies of Australia formed a federation, marking the birth of modern Australia.

Giovanni Cifolelli was an Italian mandolin virtuoso and dramatic composer. Although his exact date and place of birth are unknown, he appeared in Paris in 1764 as a highly esteemed mandolin virtuoso and teacher. While residing in Paris, he published his ""Method for the mandolin,"" which achieved great success throughout France.

Maureen Payne was a South African Test cricketer, with her exact date of birth unknown. She died in 1997 in South Africa. Payne captained the side in their second series, played against New Zealand in 1971-72, and appeared in five Tests for South Africa, claiming eight wickets.

The 20th studio album by American jazz musician Joe Lovano, ""Streams of Expression,"" was released on the Blue Note label in 2006. The album features a five-part ""Streams of Expression Suite"" and a three-part ""Birth of the Cool Suite,"" conducted by Gunther Schuller. The ""Birth of the Cool Suite"" utilizes melodic themes inspired by Miles Davis' work from his 1948 and 1950 nonet.

Pir Syed Muhammad Binyamin Rizvi was a Pakistani politician born on August 15, 1959. He was the oldest son of Pir Syed Mohammad Yaqoob Shah, a famous spiritual and religious scholar and member of the provincial assembly who died on August 31, 1991. Pir Syed Muhammad Binyamin Rizvi was brutally murdered in Lahore near his house on June 24, 2004, and is buried next to his father in his hometown of Phalia.

La naissance d'Osiris, a one-act opera by Jean-Philippe Rameau, was first performed on October 12, 1754, at Fontainebleau to celebrate the birth of the future King Louis XVI. The libretto, written by Louis de Cahusac, is styled as a ""ballet allégorique"" but is usually categorized as an ""acte de ballet."" The plot revolves around Jupiter's announcement to a group of Egyptian shepherds of the birth of the god Osiris, who symbolizes the baby prince.

Sue Ryder's birth and death certificates indicate that she was born on July 3, 1924, which is also confirmed by a plaque unveiled in her honor in Cavendish Church in Suffolk. However, it is reported that Ryder volunteered for the First Aid Nursing Yeomanry at the beginning of the war, claiming to be older than her actual age.

Pak Nam-gi, also known as Park Nam-ki, was the Director of the Planning and Finance Department of North Korea's ruling party until January 2010. His exact date of birth is uncertain, with some sources reporting it as February 21, 1934, and others as sometime in 1928.

William Shakespeare was the son of John Shakespeare, a successful glover, and Mary Arden, the daughter of an affluent landowning farmer. Although his actual date of birth remains unknown, he was baptized on April 26, 1564, in Stratford-upon-Avon. Traditionally, his birth is observed on April 23, Saint George's Day, a date that has been linked to a mistake made by an 18th-century scholar.

The list of episodes for the anime series ""Soul Eater"" includes multiple partial box sets, with the first set released on February 9, 2010, containing episodes 1-13.

Conscription was introduced in Australia in 1964 for 20-year-old males under the National Service Act. The selection of conscripts was made by a sortition or lottery draw based on date of birth, with conscripts required to serve two years of continuous full-time service, followed by three years on the active reserve list. The full-time service requirement was later reduced to 18 months in October 1971.

Clara Morris was an American actress born on March 17, 1849, although some sources give her birth date as 1846 or 1848. She passed away on November 20, 1925.

Ratata was a Swedish pop group formed in 1980, fronted by vocalist Mauro Scocco. The group functioned as a four-piece band until 1983, when it was disbanded. However, Johan Ekelund, who had briefly played with the band, continued to cooperate with Scocco, and they formed a duo that continued until 1989. The duo briefly reunited in 2002.

Yang Meng was the third son of Yang Xingmi, a major warlord at the end of the Tang Dynasty. Although his exact date of birth is unknown, his immediately older brother Yang Longyan was born in 897, and his immediately younger brother Yang Pu was born in 900, providing a timeframe for his birth. His mother's name was not recorded in history.

Mauro Scocco is a Swedish pop artist of Italian descent, born on September 11, 1962. He has been described as ""one of the sharpest songwriters in Sweden."" Scocco was the singer for the pop group Ratata from 1980 to 1983, which later transformed into a duo with Johan Ekelund until 1989. After Ratata, Scocco continued as a solo artist and cooperated with Plura Jonsson in 2014, releasing a joint album as ""Mauro & Plura.""",1641
2hop__635544_110949,What is the date of birth of the person who was part of Ratata?,style,paraphrase,0,Paraphrase this.,3,"Shirley Abicair's birth year remains unclear, with some sources indicating she was born in 1935, while others suggest she may have been born earlier. As the daughter of a Wing Commander in the RAAF, her early life is somewhat of a mystery.

The Anno Domini calendar era was devised by Dionysius Exiguus of Scythia Minor in 525 but didn't gain widespread acceptance until after 800. This system is based on the traditionally reckoned year of Jesus of Nazareth's conception or birth, counting years from the start of this epoch. BC denotes years before the start of the era, while AD 1 immediately follows 1 BC.

Švitrigaila, the son of Algirdas, the Grand Duke of Lithuania, and his second wife, Uliana of Tver, has an unknown birthdate. However, it is believed that he was the youngest or second youngest son of Algirdas. In October 1382, Švitrigaila witnessed the Treaty of Dubysa between his elder brother Jogaila and the Teutonic Knights. Historians estimate that at the time, Švitrigaila was at least 12 years old, suggesting he was born before 1370. Before his death in 1377, Algirdas transferred his throne to Jogaila, making him promise to make Švitrigaila his heir.

The term ""natural-born Citizen"" in the U.S. Constitution lacks a clear definition, leading to various opinions on its meaning. However, a consensus among early 21st-century constitutional scholars, supported by relevant case law, suggests that natural-born citizens include those born in the United States. Many scholars also believe that individuals who meet the legal requirements for U.S. citizenship at the moment of birth are considered natural-born citizens.

Over time, the meaning and significance of Australia Day have evolved. This date has been referred to by various names, including ""Anniversary Day,"" ""Foundation Day,"" and ""ANA Day."" On January 26, 1788, British sovereignty was proclaimed over the eastern seaboard of Australia. Although it was not known as Australia Day until much later, records of celebrations on January 26 date back to 1808, with the first official celebration of the formation of New South Wales held in 1818. On January 1, 1901, the British colonies of Australia formed a federation, marking the birth of modern Australia.

Giovanni Cifolelli, an Italian mandolin virtuoso and composer, appeared in Paris in 1764 as a highly esteemed mandolin virtuoso and teacher. Although his exact date and place of birth are unknown, he published his ""Method for the mandolin"" while residing in Paris, achieving great success throughout France.

Maureen Payne, a South African Test cricketer, has an unknown birthdate. She died in 1997 in South Africa. Payne captained the side in their second series, played against New Zealand in 1971-72, and appeared in five Tests for South Africa, claiming eight wickets.

Joe Lovano's 20th studio album, ""Streams of Expression,"" was released on the Blue Note label in 2006. The album features a five-part ""Streams of Expression Suite"" and a three-part ""Birth of the Cool Suite,"" conducted by Gunther Schuller. The ""Birth of the Cool Suite"" utilizes melodic themes inspired by Miles Davis' work from his 1948 and 1950 nonet.

Pir Syed Muhammad Binyamin Rizvi was a Pakistani politician born on August 15, 1959. He was the oldest son of Pir Syed Mohammad Yaqoob Shah, a famous spiritual and religious scholar and member of the provincial assembly who died on August 31, 1991. Pir Syed Muhammad Binyamin Rizvi was brutally murdered in Lahore near his house on June 24, 2004, and is buried next to his father in his hometown of Phalia.

La naissance d'Osiris, a one-act opera by Jean-Philippe Rameau, premiered on October 12, 1754, at Fontainebleau to celebrate the birth of the future King Louis XVI. The libretto, written by Louis de Cahusac, is styled as a ""ballet allégorique"" but is usually categorized as an ""acte de ballet."" The plot revolves around Jupiter's announcement to a group of Egyptian shepherds of the birth of the god Osiris, who symbolizes the baby prince.

Sue Ryder's birth and death certificates indicate that she was born on July 3, 1924, which is also confirmed by a plaque unveiled in her honor in Cavendish Church in Suffolk. However, it is reported that Ryder volunteered for the First Aid Nursing Yeomanry at the beginning of the war, claiming to be older than her actual age.

Pak Nam-gi, also known as Park Nam-ki, was the Director of the Planning and Finance Department of North Korea's ruling party until January 2010. His exact date of birth is uncertain, with some sources reporting it as February 21, 1934, and others as sometime in 1928.

William Shakespeare was the son of John Shakespeare, a successful glover, and Mary Arden, the daughter of an affluent landowning farmer. Although his actual date of birth remains unknown, he was baptized on April 26, 1564, in Stratford-upon-Avon. Traditionally, his birth is observed on April 23, Saint George's Day, a date that has been linked to a mistake made by an 18th-century scholar.

The list of episodes for the anime series ""Soul Eater"" includes multiple partial box sets, with the first set released on February 9, 2010, containing episodes 1-13.

Conscription was introduced in Australia in 1964 for 20-year-old males under the National Service Act. The selection of conscripts was made by a sortition or lottery draw based on date of birth, with conscripts required to serve two years of continuous full-time service, followed by three years on the active reserve list. The full-time service requirement was later reduced to 18 months in October 1971.

Clara Morris was an American actress born on March 17, 1849, although some sources give her birth date as 1846 or 1848. She passed away on November 20, 1925.

Ratata was a Swedish pop group formed in 1980, fronted by vocalist Mauro Scocco. The group functioned as a four-piece band until 1983, when it was disbanded. However, Johan Ekelund, who had briefly played with the band, continued to cooperate with Scocco, and they formed a duo that continued until 1989. The duo briefly reunited in 2002.

Yang Meng was the third son of Yang Xingmi, a major warlord at the end of the Tang Dynasty. Although his exact date of birth is unknown, his immediately older brother Yang Longyan was born in 897, and his immediately younger brother Yang Pu was born in 900, providing a timeframe for his birth. His mother's name was not recorded in history.

Mauro Scocco is a Swedish pop artist of Italian descent, born on September 11, 1962. He has been described as ""one of the sharpest songwriters in Sweden."" Scocco was the singer for the pop group Ratata from 1980 to 1983, which later transformed into a duo with Johan Ekelund until 1989. After Ratata, Scocco continued as a solo artist and cooperated with Plura Jonsson in 2014, releasing a joint album as ""Mauro & Plura.""",1616
2hop__635544_110949,What is the date of birth of the person who was part of Ratata?,style,paraphrase,1,,0,"Shirley Abicair. Shirley Abicair was born in Melbourne, Victoria, Australia. Some sources show her year of birth as 1935, but a contemporary account shows she was 23 or 24 on arrival in Britain and, as she had completed tertiary studies in Australia, the earlier date seems more likely. She was the only daughter of a Wing Commander in the RAAF.

Anno Domini. This calendar era is based on the traditionally reckoned year of the conception or birth of Jesus of Nazareth, with AD counting years from the start of this epoch, and BC denoting years before the start of the era. There is no year zero in this scheme, so the year AD 1 immediately follows the year 1 BC. This dating system was devised in 525 by Dionysius Exiguus of Scythia Minor, but was not widely used until after 800.

Švitrigaila. Švitrigaila was born to Algirdas, Grand Duke of Lithuania, and his second wife Uliana of Tver. His date of birth is unknown, but it is believed that he was the youngest or second youngest son of Algirdas. He first appeared in politics in October 1382 when he witnessed the Treaty of Dubysa between his elder brother Jogaila and the Teutonic Knights. Historians believe that would indicate that at the time Švitrigaila was no younger than 12 which would put his date of birth sometime before 1370. In a complaint submitted to the Council of Florence, Švitrigaila claimed that he and Jogaila were favorite sons of Algirdas. Before his death in 1377, Algirdas transferred his throne to Jogaila but made him swear to make Švitrigaila his heir. Jogaila's representatives did not outright deny the arrangement and instead claimed that it had been modified by mutual agreement between the brothers.

Natural-born-citizen clause. The U.S. Constitution uses but does not define the phrase ``natural born Citizen '', and various opinions have been offered over time regarding its precise meaning. The consensus of early 21st - century constitutional scholars, together with relevant case law, is that natural - born citizens include, subject to exceptions, those born in the United States. Many scholars have also concluded that those who meet the legal requirements for U.S. citizenship`` at the moment of birth'', regardless of place of birth, are also natural - born citizens. Every president to date was either a citizen at the adoption of the Constitution in 1789 or was born in the United States; of these there have been seven that had at least one parent who was not born on U.S. soil.

Australia Day. The meaning and significance of Australia Day has evolved over time. Unofficially, or historically, the date has also been variously named ``Anniversary Day '',`` Foundation Day'', and ``ANA Day ''. 26 January 1788 marked the proclamation of British sovereignty over the eastern seaboard of Australia (then known as New Holland). Although it was not known as Australia Day until over a century later, records of celebrations on 26 January date back to 1808, with the first official celebration of the formation of New South Wales held in 1818. On New Year's Day 1901, the British colonies of Australia formed a federation, marking the birth of modern Australia. A national day of unity and celebration was looked for. It was not until 1935 that all Australian states and territories adopted use of the term`` Australia Day'' to mark the date, and not until 1994 that the date was consistently marked by a public holiday on that day by all states and territories.

Giovanni Cifolelli. Giovanni Cifolelli was an Italian mandolin virtuoso and dramatic composer whose date and place of birth are unknown. In 1764 he made his appearance in Paris as a mandolin virtuoso and was highly esteemed, both as a performer and teacher. He published his ""Method for the mandolin"" while residing in Paris, which met with great success throughout France, being the most popular of its period.

Maureen Payne. Maureen Payne (date of birth unknown, died 1997, South Africa) was a South Africa Test cricketer. She captained the side for their second series, played against New Zealand in 1971–72. She appeared in five Tests for South Africa, claiming eight wickets.

List of Dragon Ball Super episodes. Name Date Discs Episodes Part One July 25, 2017 01 -- 13 Part Two October 3, 2017 14 -- 26 Part Three February 20, 2018 27 -- 39

Streams of Expression. Streams of Expression is the 20th studio album by American jazz musician Joe Lovano to be released on the Blue Note label. It was released in 2006 and features a five-part ""Streams of Expression Suite,"" three-part ""Birth of the Cool Suite,"" and three other shorter works. The ""Birth of the Cool Suite"" was conducted by Gunther Schuller and utilizes melodic themes inspired by Miles Davis' work from his 1948 and 1950 nonet. The album also features George Garzone, Ralph Lalama, Gary Smulyan, and Tim Hagans.

Pir Syed Muhammad Binyamin Rizvi. Pir Syed Muhammad Binyamin Rizvi (Urdu: پیر سید محمد بنیامین رضوی)date of Birth 15 Aug 1959 date of Death 24 June 2004) was a Pakistani politician. He was the oldest son of Pir Syed Mohammad Yaqoob Shah (a famous spiritual and religious scholar, and member of provincial assembly who died on 31 August 1991). On 24 June 2004 he was brutally murdered in Lahore near his House. He is buried next to his father late Pir Syed Mohammad Yaqoob Shah in his home town Phalia.

La naissance d'Osiris. La naissance d'Osiris, ou La fête Pamilie (""The Birth of Osiris, or The Festival of Pamylia"") is a one-act opera by Jean-Philippe Rameau, first performed on 12 October 1754 at Fontainebleau to celebrate the birth of the future King Louis XVI. The libretto is by Rameau's frequent collaborator Louis de Cahusac. Cahusac styled the work a ""ballet allégorique"" (""allegorical ballet""), but it is usually categorised as an ""acte de ballet"". Its slender plot tells of Jupiter's announcement to a group of Egyptian shepherds of the birth of the god Osiris, who symbolises the baby prince. The piece may have started life as part of a larger work, ""Les beaux jours de l'Amour"", an ""opéra-ballet"" Rameau and Cahusac planned but never completed for reasons which are still uncertain.

Sue Ryder. Her birth and death certificates both put the date one year later, on 3 July 1924, as does a plaque unveiled in honour of Sue Ryder and Leonard Cheshire in Cavendish Church in Suffolk. At the beginning of the war, Ryder volunteered to the First Aid Nursing Yeomanry, even though she was only 15. To get in, she lied about her age and seems to have maintained the deception for the rest of her life.

Pak Nam-gi. Pak Nam-gi or Park Nam-ki (21 February 1934 – 17 March 2010) was, until as late as January 2010, Director of the Planning and Finance Department of the ruling party of North Korea. There are doubts about his date of birth, with at least two unattributed sources reporting it as 21 February 1934 or sometime in 1928 respectively.

William Shakespeare. William Shakespeare was the son of John Shakespeare, an alderman and a successful glover (glove-maker) originally from Snitterfield, and Mary Arden, the daughter of an affluent landowning farmer. He was born in Stratford-upon-Avon and baptised there on 26 April 1564. His actual date of birth remains unknown, but is traditionally observed on 23 April, Saint George's Day. This date, which can be traced to a mistake made by an 18th-century scholar, has proved appealing to biographers because Shakespeare died on the same date in 1616. He was the third of eight children, and the eldest surviving son.

List of Soul Eater episodes. Partial box sets (DVD only) Name Release date Discs Episodes Part One February 9, 2010 1 - 13 Part Two March 30, 2010 14 - 26 Part Three June 1, 2010 27 - 39 Part Four July 27, 2010 40 - 51

Conscription in Australia. In 1964 compulsory National Service for 20 - year - old males was introduced under the National Service Act (1964). The selection of conscripts was made by a sortition or lottery draw based on date of birth, and conscripts were obligated to give two years' continuous full - time service, followed by a further three years on the active reserve list. The full - time service requirement was reduced to eighteen months in October 1971.

Clara Morris. Clara Morris (March 17, 1849 – November 20, 1925) (her birth date is sometimes given as 1846/48) was an American actress.

Ratata (band). Ratata was a Swedish pop group fronted by Swedish vocalist Mauro Scocco formed in 1980. It functioned as a 4-piece band until 1983, when it was disbanded. But Johan Ekelund having played with the band briefly continued to cooperate with Scocco continuing as a duo until 1989. The duo had a brief comeback in 2002.

Yang Meng. Yang Meng was the third son of Yang Xingmi, a major warlord at the end of Tang Dynasty as the military governor (""Jiedushi"") of Huainan Circuit (淮南, headquartered in modern Yangzhou, Jiangsu). It is not known when he was born, although his immediately older brother Yang Longyan was born in 897 and his immediately younger brother Yang Pu was born in 900, placing a timeframe on his birth date. His mother's name was not recorded in history.

Mauro Scocco. Mauro Scocco (born 11 September 1962) is a Swedish pop artist of Italian descent. He has been described as ""one of the sharpest songwriters in Sweden"". Scocco was the singer for the pop group Ratata (1980–83) transformed into a duo with Johan Ekelund (1983–89). After Ratata, Scocco has continued as a solo artist since. In 2014, he cooperated with Plura Jonsson releasing a joint album as ""Mauro & Plura"".",2292
2hop__635544_110949,What is the date of birth of the person who was part of Ratata?,style,paraphrase,1,Reword this text.,1,"Shirley Abicair was an individual born in Melbourne, Victoria, Australia. Certain sources indicate her year of birth as 1935; however, a contemporary account reveals she was 23 or 24 upon arrival in Britain, and having completed tertiary studies in Australia, the earlier date appears more plausible. She was the only daughter of a Wing Commander in the RAAF.

The Anno Domini calendar era is based on the traditionally calculated year of Jesus of Nazareth's conception or birth. The years are counted from the start of this epoch, with AD denoting the years after the beginning of the era and BC signifying the years before. There is no year zero in this system; therefore, the year AD 1 immediately follows the year 1 BC. This dating system was devised in 525 by Dionysius Exiguus of Scythia Minor but did not gain widespread use until after 800.

Švitrigaila was the son of Algirdas, the Grand Duke of Lithuania, and his second wife Uliana of Tver. His date of birth is unknown; however, it is believed that he was the youngest or second youngest son of Algirdas. He first appeared in politics in October 1382, witnessing the Treaty of Dubysa between his elder brother Jogaila and the Teutonic Knights. Historians believe that this would indicate that Švitrigaila was at least 12 years old at the time, which would place his date of birth sometime before 1370. In a complaint submitted to the Council of Florence, Švitrigaila claimed that he and Jogaila were the favorite sons of Algirdas. Before his death in 1377, Algirdas transferred his throne to Jogaila but made him swear to make Švitrigaila his heir. Jogaila's representatives did not deny the arrangement outright and instead claimed that it had been modified by mutual agreement between the brothers.

The U.S. Constitution uses the term ""natural-born Citizen"" but does not define it, and various opinions have been offered regarding its precise meaning. The consensus among early 21st-century constitutional scholars, along with relevant case law, is that natural-born citizens include, subject to exceptions, those born in the United States. Many scholars have also concluded that those who meet the legal requirements for U.S. citizenship at the moment of birth, regardless of place of birth, are also natural-born citizens. Every president to date was either a citizen at the adoption of the Constitution in 1789 or was born in the United States; of these, there have been seven who had at least one parent who was not born on U.S. soil.

The meaning and significance of Australia Day have evolved over time. Unofficially, or historically, the date has also been referred to as ""Anniversary Day,"" ""Foundation Day,"" and ""ANA Day."" The proclamation of British sovereignty over the eastern seaboard of Australia, then known as New Holland, took place on 26 January 1788. Although it was not known as Australia Day until over a century later, records of celebrations on 26 January date back to 1808, with the first official celebration of the formation of New South Wales held in 1818. On New Year's Day 1901, the British colonies of Australia formed a federation, marking the birth of modern Australia. A national day of unity and celebration was sought. It was not until 1935 that all Australian states and territories adopted the use of the term ""Australia Day"" to mark the date, and not until 1994 that the date was consistently marked by a public holiday on that day by all states and territories.

Giovanni Cifolelli was an Italian mandolin virtuoso and dramatic composer whose date and place of birth are unknown. In 1764, he made his appearance in Paris as a mandolin virtuoso and was highly esteemed, both as a performer and teacher. He published his ""Method for the mandolin"" while residing in Paris, which met with great success throughout France, being the most popular of its period.

Maureen Payne, a South Africa Test cricketer, was born on an unknown date and died in 1997 in South Africa. She captained the side for their second series, played against New Zealand in 1971–72. She appeared in five Tests for South Africa, claiming eight wickets.

The following is the list of Dragon Ball Super episodes: 
Name Date Discs Episodes 
Part One July 25, 2017 01 -- 13 
Part Two October 3, 2017 14 -- 26 
Part Three February 20, 2018 27 -- 39

Streams of Expression is the 20th studio album by American jazz musician Joe Lovano, released on the Blue Note label. It was released in 2006 and features a five-part ""Streams of Expression Suite,"" a three-part ""Birth of the Cool Suite,"" and three other shorter works. The ""Birth of the Cool Suite"" was conducted by Gunther Schuller and utilizes melodic themes inspired by Miles Davis' work from his 1948 and 1950 nonet. The album also features George Garzone, Ralph Lalama, Gary Smulyan, and Tim Hagans.

Pir Syed Muhammad Binyamin Rizvi was a Pakistani politician born on 15 August 1959 and died on 24 June 2004. He was the oldest son of Pir Syed Mohammad Yaqoob Shah, a famous spiritual and religious scholar and member of the provincial assembly who died on 31 August 1991. On 24 June 2004, he was brutally murdered in Lahore near his house. He is buried next to his father, the late Pir Syed Mohammad Yaqoob Shah, in his hometown Phalia.

La naissance d'Osiris, or La fête Pamilie, is a one-act opera by Jean-Philippe Rameau, first performed on 12 October 1754 at Fontainebleau to celebrate the birth of the future King Louis XVI. The libretto is by Rameau's frequent collaborator Louis de Cahusac. Cahusac styled the work a ""ballet allégorique,"" but it is usually categorized as an ""acte de ballet."" Its slender plot tells of Jupiter's announcement to a group of Egyptian shepherds of the birth of the god Osiris, who symbolizes the baby prince. The piece may have started life as part of a larger work, ""Les beaux jours de l'Amour,"" an ""opéra-ballet"" Rameau and Cahusac planned but never completed for reasons that are still uncertain.

Sue Ryder's birth and death certificates both indicate that her date of birth was 3 July 1924, as does a plaque unveiled in her honor and Leonard Cheshire's in Cavendish Church in Suffolk. At the beginning of the war, Ryder volunteered for the First Aid Nursing Yeomanry, even though she was only 15. To get in, she lied about her age and seems to have maintained the deception for the rest of her life.

Pak Nam-gi, or Park Nam-ki, was the Director of the Planning and Finance Department of the ruling party of North Korea until January 2010. He was born on 21 February 1934, or sometime in 1928, according to unattributed sources, and died on 17 March 2010.

William Shakespeare was the son of John Shakespeare, an alderman and a successful glover originally from Snitterfield, and Mary Arden, the daughter of an affluent landowning farmer. He was born in Stratford-upon-Avon and baptized there on 26 April 1564. His actual date of birth remains unknown, but is traditionally observed on 23 April, Saint George's Day. This date, which can be traced to a mistake made by an 18th-century scholar, has proved appealing to biographers because Shakespeare died on the same date in 1616. He was the third of eight children and the eldest surviving son.

The following is the list of Soul Eater episodes: 
Name Release date Discs Episodes 
Part One February 9, 2010 1 - 13 
Part Two March 30, 2010 14 - 26 
Part Three June 1, 2010 27 - 39 
Part Four July 27, 2010 40 - 51

Conscription in Australia was introduced under the National Service Act in 1964 for 20-year-old males. The selection of conscripts was made by a sortition or lottery draw based on the date of birth, and conscripts were obligated to give two years' continuous full-time service, followed by a further three years on the active reserve list. The full-time service requirement was reduced to eighteen months in October 1971.

Clara Morris was an American actress born on 17 March 1849, with her birth date sometimes given as 1846 or 1848, and died on 20 November 1925.

Ratata was a Swedish pop group fronted by Swedish vocalist Mauro Scocco, formed in 1980. It functioned as a 4-piece band until 1983, when it was disbanded. However, Johan Ekelund, who had played with the band briefly, continued to cooperate with Scocco, and they continued as a duo until 1989. The duo had a brief comeback in 2002.

Yang Meng was the third son of Yang Xingmi, a major warlord at the end of the Tang Dynasty as the military governor of Huainan Circuit. It is not known when he was born, although his immediately older brother Yang Longyan was born in 897, and his immediately younger brother Yang Pu was born in 900, placing a timeframe on his birth date",2048
2hop__635544_110949,What is the date of birth of the person who was part of Ratata?,style,paraphrase,1,Reword this text.,2,"Shirley Abicair was an individual who hailed from Melbourne, Victoria, Australia. Some sources claim that she was born in 1935, although a contemporary report indicates that she was either 23 or 24 years old when she arrived in Britain, and having completed her tertiary education in Australia, it appears that the earlier date may be more accurate. As the only daughter of a Wing Commander in the RAAF, her family background was quite distinct.

The Anno Domini calendar era is based on the traditionally calculated year of Jesus of Nazareth's conception or birth. The years are counted from the start of this epoch, with AD denoting the years after the beginning of the era and BC signifying the years before. This system does not include a year zero; therefore, the year AD 1 immediately follows the year 1 BC. This dating system was devised in 525 by Dionysius Exiguus of Scythia Minor but did not gain widespread use until after 800.

Švitrigaila was the son of Algirdas, the Grand Duke of Lithuania, and his second wife Uliana of Tver. Although his date of birth is unknown, it is believed that he was the youngest or second youngest son of Algirdas. He first appeared in politics in October 1382, witnessing the Treaty of Dubysa between his elder brother Jogaila and the Teutonic Knights. Historians believe that this would indicate that Švitrigaila was at least 12 years old at the time, which would place his date of birth sometime before 1370. In a complaint submitted to the Council of Florence, Švitrigaila claimed that he and Jogaila were the favorite sons of Algirdas. Before his death in 1377, Algirdas transferred his throne to Jogaila but made him swear to make Švitrigaila his heir. Jogaila's representatives did not deny the arrangement outright and instead claimed that it had been modified by mutual agreement between the brothers.

The U.S. Constitution uses the term ""natural-born Citizen"" but does not define it, and various opinions have been offered regarding its precise meaning. The consensus among early 21st-century constitutional scholars, along with relevant case law, is that natural-born citizens include, subject to exceptions, those born in the United States. Many scholars have also concluded that those who meet the legal requirements for U.S. citizenship at the moment of birth, regardless of place of birth, are also natural-born citizens. Every president to date was either a citizen at the adoption of the Constitution in 1789 or was born in the United States; of these, there have been seven who had at least one parent who was not born on U.S. soil.

The meaning and significance of Australia Day have evolved over time. Unofficially, or historically, the date has also been referred to as ""Anniversary Day,"" ""Foundation Day,"" and ""ANA Day."" The proclamation of British sovereignty over the eastern seaboard of Australia, then known as New Holland, took place on 26 January 1788. Although it was not known as Australia Day until over a century later, records of celebrations on 26 January date back to 1808, with the first official celebration of the formation of New South Wales held in 1818. On New Year's Day 1901, the British colonies of Australia formed a federation, marking the birth of modern Australia. A national day of unity and celebration was sought. It was not until 1935 that all Australian states and territories adopted the use of the term ""Australia Day"" to mark the date, and not until 1994 that the date was consistently marked by a public holiday on that day by all states and territories.

Giovanni Cifolelli was an Italian mandolin virtuoso and dramatic composer whose date and place of birth are unknown. In 1764, he made his appearance in Paris as a mandolin virtuoso and was highly esteemed, both as a performer and teacher. He published his ""Method for the mandolin"" while residing in Paris, which met with great success throughout France, being the most popular of its period.

Maureen Payne, a South Africa Test cricketer, was born on an unknown date and died in 1997 in South Africa. She captained the side for their second series, played against New Zealand in 1971–72. She appeared in five Tests for South Africa, claiming eight wickets.

The following is the list of Dragon Ball Super episodes: 
Name Date Discs Episodes 
Part One July 25, 2017 01 -- 13 
Part Two October 3, 2017 14 -- 26 
Part Three February 20, 2018 27 -- 39

Streams of Expression is the 20th studio album by American jazz musician Joe Lovano, released on the Blue Note label. It was released in 2006 and features a five-part ""Streams of Expression Suite,"" a three-part ""Birth of the Cool Suite,"" and three other shorter works. The ""Birth of the Cool Suite"" was conducted by Gunther Schuller and utilizes melodic themes inspired by Miles Davis' work from his 1948 and 1950 nonet. The album also features George Garzone, Ralph Lalama, Gary Smulyan, and Tim Hagans.

Pir Syed Muhammad Binyamin Rizvi was a Pakistani politician born on 15 August 1959 and died on 24 June 2004. He was the oldest son of Pir Syed Mohammad Yaqoob Shah, a famous spiritual and religious scholar and member of the provincial assembly who died on 31 August 1991. On 24 June 2004, he was brutally murdered in Lahore near his house. He is buried next to his father, the late Pir Syed Mohammad Yaqoob Shah, in his hometown Phalia.

La naissance d'Osiris, or La fête Pamilie, is a one-act opera by Jean-Philippe Rameau, first performed on 12 October 1754 at Fontainebleau to celebrate the birth of the future King Louis XVI. The libretto is by Rameau's frequent collaborator Louis de Cahusac. Cahusac styled the work a ""ballet allégorique,"" but it is usually categorized as an ""acte de ballet."" Its slender plot tells of Jupiter's announcement to a group of Egyptian shepherds of the birth of the god Osiris, who symbolizes the baby prince. The piece may have started life as part of a larger work, ""Les beaux jours de l'Amour,"" an ""opéra-ballet"" Rameau and Cahusac planned but never completed for reasons that are still uncertain.

Sue Ryder's birth and death certificates both indicate that her date of birth was 3 July 1924, as does a plaque unveiled in her honor and Leonard Cheshire's in Cavendish Church in Suffolk. At the beginning of the war, Ryder volunteered for the First Aid Nursing Yeomanry, even though she was only 15. To get in, she lied about her age and seems to have maintained the deception for the rest of her life.

Pak Nam-gi, or Park Nam-ki, was the Director of the Planning and Finance Department of the ruling party of North Korea until January 2010. He was born on 21 February 1934, or sometime in 1928, according to unattributed sources, and died on 17 March 2010.

William Shakespeare was the son of John Shakespeare, an alderman and a successful glover originally from Snitterfield, and Mary Arden, the daughter of an affluent landowning farmer. He was born in Stratford-upon-Avon and baptized there on 26 April 1564. His actual date of birth remains unknown, but is traditionally observed on 23 April, Saint George's Day. This date, which can be traced to a mistake made by an 18th-century scholar, has proved appealing to biographers because Shakespeare died on the same date in 1616. He was the third of eight children and the eldest surviving son.

The following is the list of Soul Eater episodes: 
Name Release date Discs Episodes 
Part One February 9, 2010 1 - 13 
Part Two March 30, 2010 14 - 26 
Part Three June 1, 2010 27 - 39 
Part Four July 27, 2010 40 - 51

Conscription in Australia was introduced under the National Service Act in 1964 for 20-year-old males. The selection of conscripts was made by a sortition or lottery draw based on the date of birth, and conscripts were obligated to give two years' continuous full-time service, followed by a further three years on the active reserve list. The full-time service requirement was reduced to eighteen months in October 1971.

Clara Morris was an American actress born on 17 March 1849, with her birth date sometimes given as 1846 or 1848, and died on 20 November 1925.

Ratata was a Swedish pop group fronted by Swedish vocalist Mauro Scocco, formed in 1980. It functioned as a 4-piece band until 1983, when it was disbanded. However, Johan Ekelund, who had played with the band briefly, continued to cooperate with Scocco, and they continued as a duo until 1989. The duo had a brief comeback in 2002.

Yang Meng was the third son of Yang Xingmi, a major warlord at the end of the Tang Dynasty as the military governor of Huainan Circuit. It is not known when he was born, although his immediately older brother Yang Longyan was born in 897, and his immediately younger brother",2048
2hop__635544_110949,What is the date of birth of the person who was part of Ratata?,style,paraphrase,1,Reword this text.,3,"Shirley Abicair hailed from Melbourne, Victoria, Australia. Some sources indicate that she was born in 1935, although another report indicates that she was either 23 or 24 years old when she arrived in Britain, and having completed her tertiary education in Australia, it appears that the earlier date may be more accurate. As the only daughter of a Wing Commander in the RAAF, her family background was quite distinct.

The Anno Domini calendar era is based on the traditionally calculated year of Jesus of Nazareth's conception or birth. The years are counted from the start of this epoch, with AD denoting the years after the beginning of the era and BC signifying the years before. This system does not include a year zero; therefore, the year AD 1 immediately follows the year 1 BC. This dating system was devised in 525 by Dionysius Exiguus of Scythia Minor but did not gain widespread use until after 800.

Švitrigaila was the son of Algirdas, the Grand Duke of Lithuania, and his second wife Uliana of Tver. Although his date of birth is unknown, it is believed that he was the youngest or second youngest son of Algirdas. He first appeared in politics in October 1382, witnessing the Treaty of Dubysa between his elder brother Jogaila and the Teutonic Knights. Historians believe that this would indicate that Švitrigaila was at least 12 years old at the time, which would place his date of birth sometime before 1370. In a complaint submitted to the Council of Florence, Švitrigaila claimed that he and Jogaila were the favorite sons of Algirdas. Before his death in 1377, Algirdas transferred his throne to Jogaila but made him swear to make Švitrigaila his heir. Jogaila's representatives did not deny the arrangement outright and instead claimed that it had been modified by mutual agreement between the brothers.

The U.S. Constitution uses the term ""natural-born Citizen"" but does not define it, and various opinions have been offered regarding its precise meaning. The consensus among early 21st-century constitutional scholars, along with relevant case law, is that natural-born citizens include, subject to exceptions, those born in the United States. Many scholars have also concluded that those who meet the legal requirements for U.S. citizenship at the moment of birth, regardless of place of birth, are also natural-born citizens. Every president to date was either a citizen at the adoption of the Constitution in 1789 or was born in the United States; of these, there have been seven who had at least one parent who was not born on U.S. soil.

The meaning and significance of Australia Day have evolved over time. Unofficially, or historically, the date has also been referred to as ""Anniversary Day,"" ""Foundation Day,"" and ""ANA Day."" The proclamation of British sovereignty over the eastern seaboard of Australia, then known as New Holland, took place on 26 January 1788. Although it was not known as Australia Day until over a century later, records of celebrations on 26 January date back to 1808, with the first official celebration of the formation of New South Wales held in 1818. On New Year's Day 1901, the British colonies of Australia formed a federation, marking the birth of modern Australia. A national day of unity and celebration was sought. It was not until 1935 that all Australian states and territories adopted the use of the term ""Australia Day"" to mark the date, and not until 1994 that the date was consistently marked by a public holiday on that day by all states and territories.

Giovanni Cifolelli was an Italian mandolin virtuoso and dramatic composer whose date and place of birth are unknown. In 1764, he made his appearance in Paris as a mandolin virtuoso and was highly esteemed, both as a performer and teacher. He published his ""Method for the mandolin"" while residing in Paris, which met with great success throughout France, being the most popular of its period.

Maureen Payne, a South Africa Test cricketer, was born on an unknown date and died in 1997 in South Africa. She captained the side for their second series, played against New Zealand in 1971–72. She appeared in five Tests for South Africa, claiming eight wickets.

The following is the list of Dragon Ball Super episodes: 
Name Date Discs Episodes 
Part One July 25, 2017 01 -- 13 
Part Two October 3, 2017 14 -- 26 
Part Three February 20, 2018 27 -- 39

Streams of Expression is the 20th studio album by American jazz musician Joe Lovano, released on the Blue Note label. It was released in 2006 and features a five-part ""Streams of Expression Suite,"" a three-part ""Birth of the Cool Suite,"" and three other shorter works. The ""Birth of the Cool Suite"" was conducted by Gunther Schuller and utilizes melodic themes inspired by Miles Davis' work from his 1948 and 1950 nonet. The album also features George Garzone, Ralph Lalama, Gary Smulyan, and Tim Hagans.

Pir Syed Muhammad Binyamin Rizvi was a Pakistani politician born on 15 August 1959 and died on 24 June 2004. He was the oldest son of Pir Syed Mohammad Yaqoob Shah, a famous spiritual and religious scholar and member of the provincial assembly who died on 31 August 1991. On 24 June 2004, he was brutally murdered in Lahore near his house. He is buried next to his father, the late Pir Syed Mohammad Yaqoob Shah, in his hometown Phalia.

La naissance d'Osiris, or La fête Pamilie, is a one-act opera by Jean-Philippe Rameau, first performed on 12 October 1754 at Fontainebleau to celebrate the birth of the future King Louis XVI. The libretto is by Rameau's frequent collaborator Louis de Cahusac. Cahusac styled the work a ""ballet allégorique,"" but it is usually categorized as an ""acte de ballet."" Its slender plot tells of Jupiter's announcement to a group of Egyptian shepherds of the birth of the god Osiris, who symbolizes the baby prince. The piece may have started life as part of a larger work, ""Les beaux jours de l'Amour,"" an ""opéra-ballet"" Rameau and Cahusac planned but never completed for reasons that are still uncertain.

Sue Ryder's birth and death certificates both indicate that her date of birth was 3 July 1924, as does a plaque unveiled in her honor and Leonard Cheshire's in Cavendish Church in Suffolk. At the beginning of the war, Ryder volunteered for the First Aid Nursing Yeomanry, even though she was only 15. To get in, she lied about her age and seems to have maintained the deception for the rest of her life.

Pak Nam-gi, or Park Nam-ki, was the Director of the Planning and Finance Department of the ruling party of North Korea until January 2010. He was born on 21 February 1934, or sometime in 1928, according to unattributed sources, and died on 17 March 2010.

William Shakespeare was the son of John Shakespeare, an alderman and a successful glover originally from Snitterfield, and Mary Arden, the daughter of an affluent landowning farmer. He was born in Stratford-upon-Avon and baptized there on 26 April 1564. His actual date of birth remains unknown, but is traditionally observed on 23 April, Saint George's Day. This date, which can be traced to a mistake made by an 18th-century scholar, has proved appealing to biographers because Shakespeare died on the same date in 1616. He was the third of eight children and the eldest surviving son.

The following is the list of Soul Eater episodes: 
Name Release date Discs Episodes 
Part One February 9, 2010 1 - 13 
Part Two March 30, 2010 14 - 26 
Part Three June 1, 2010 27 - 39 
Part Four July 27, 2010 40 - 51

Conscription in Australia was introduced under the National Service Act in 1964 for 20-year-old males. The selection of conscripts was made by a sortition or lottery draw based on the date of birth, and conscripts were obligated to give two years' continuous full-time service, followed by a further three years on the active reserve list. The full-time service requirement was reduced to eighteen months in October 1971.

Clara Morris was an American actress born on 17 March 1849, with her birth date sometimes given as 1846 or 1848, and died on 20 November 1925.

Ratata was a Swedish pop group fronted by Swedish vocalist Mauro Scocco, formed in 1980. It functioned as a 4-piece band until 1983, when it was disbanded. However, Johan Ekelund, who had played with the band briefly, continued to cooperate with Scocco, and they continued as a duo until 1989. The duo had a brief comeback in 2002.

Yang Meng was the third son of Yang Xingmi, a major warlord at the end of the Tang Dynasty as the military governor of Huainan Circuit. It is not known when he was born, although his immediately older brother Yang Longyan was born in 897, and his immediately younger brother",2043
2hop__635544_110949,What is the date of birth of the person who was part of Ratata?,style,paraphrase,2,,0,"Shirley Abicair. Shirley Abicair was born in Melbourne, Victoria, Australia. Some sources show her year of birth as 1935, but a contemporary account shows she was 23 or 24 on arrival in Britain and, as she had completed tertiary studies in Australia, the earlier date seems more likely. She was the only daughter of a Wing Commander in the RAAF.

Anno Domini. This calendar era is based on the traditionally reckoned year of the conception or birth of Jesus of Nazareth, with AD counting years from the start of this epoch, and BC denoting years before the start of the era. There is no year zero in this scheme, so the year AD 1 immediately follows the year 1 BC. This dating system was devised in 525 by Dionysius Exiguus of Scythia Minor, but was not widely used until after 800.

Švitrigaila. Švitrigaila was born to Algirdas, Grand Duke of Lithuania, and his second wife Uliana of Tver. His date of birth is unknown, but it is believed that he was the youngest or second youngest son of Algirdas. He first appeared in politics in October 1382 when he witnessed the Treaty of Dubysa between his elder brother Jogaila and the Teutonic Knights. Historians believe that would indicate that at the time Švitrigaila was no younger than 12 which would put his date of birth sometime before 1370. In a complaint submitted to the Council of Florence, Švitrigaila claimed that he and Jogaila were favorite sons of Algirdas. Before his death in 1377, Algirdas transferred his throne to Jogaila but made him swear to make Švitrigaila his heir. Jogaila's representatives did not outright deny the arrangement and instead claimed that it had been modified by mutual agreement between the brothers.

Natural-born-citizen clause. The U.S. Constitution uses but does not define the phrase ``natural born Citizen '', and various opinions have been offered over time regarding its precise meaning. The consensus of early 21st - century constitutional scholars, together with relevant case law, is that natural - born citizens include, subject to exceptions, those born in the United States. Many scholars have also concluded that those who meet the legal requirements for U.S. citizenship`` at the moment of birth'', regardless of place of birth, are also natural - born citizens. Every president to date was either a citizen at the adoption of the Constitution in 1789 or was born in the United States; of these there have been seven that had at least one parent who was not born on U.S. soil.

Australia Day. The meaning and significance of Australia Day has evolved over time. Unofficially, or historically, the date has also been variously named ``Anniversary Day '',`` Foundation Day'', and ``ANA Day ''. 26 January 1788 marked the proclamation of British sovereignty over the eastern seaboard of Australia (then known as New Holland). Although it was not known as Australia Day until over a century later, records of celebrations on 26 January date back to 1808, with the first official celebration of the formation of New South Wales held in 1818. On New Year's Day 1901, the British colonies of Australia formed a federation, marking the birth of modern Australia. A national day of unity and celebration was looked for. It was not until 1935 that all Australian states and territories adopted use of the term`` Australia Day'' to mark the date, and not until 1994 that the date was consistently marked by a public holiday on that day by all states and territories.

Giovanni Cifolelli. Giovanni Cifolelli was an Italian mandolin virtuoso and dramatic composer whose date and place of birth are unknown. In 1764 he made his appearance in Paris as a mandolin virtuoso and was highly esteemed, both as a performer and teacher. He published his ""Method for the mandolin"" while residing in Paris, which met with great success throughout France, being the most popular of its period.

Maureen Payne. Maureen Payne (date of birth unknown, died 1997, South Africa) was a South Africa Test cricketer. She captained the side for their second series, played against New Zealand in 1971–72. She appeared in five Tests for South Africa, claiming eight wickets.

List of Dragon Ball Super episodes. Name Date Discs Episodes Part One July 25, 2017 01 -- 13 Part Two October 3, 2017 14 -- 26 Part Three February 20, 2018 27 -- 39

Streams of Expression. Streams of Expression is the 20th studio album by American jazz musician Joe Lovano to be released on the Blue Note label. It was released in 2006 and features a five-part ""Streams of Expression Suite,"" three-part ""Birth of the Cool Suite,"" and three other shorter works. The ""Birth of the Cool Suite"" was conducted by Gunther Schuller and utilizes melodic themes inspired by Miles Davis' work from his 1948 and 1950 nonet. The album also features George Garzone, Ralph Lalama, Gary Smulyan, and Tim Hagans.

Pir Syed Muhammad Binyamin Rizvi. Pir Syed Muhammad Binyamin Rizvi (Urdu: پیر سید محمد بنیامین رضوی)date of Birth 15 Aug 1959 date of Death 24 June 2004) was a Pakistani politician. He was the oldest son of Pir Syed Mohammad Yaqoob Shah (a famous spiritual and religious scholar, and member of provincial assembly who died on 31 August 1991). On 24 June 2004 he was brutally murdered in Lahore near his House. He is buried next to his father late Pir Syed Mohammad Yaqoob Shah in his home town Phalia.

La naissance d'Osiris. La naissance d'Osiris, ou La fête Pamilie (""The Birth of Osiris, or The Festival of Pamylia"") is a one-act opera by Jean-Philippe Rameau, first performed on 12 October 1754 at Fontainebleau to celebrate the birth of the future King Louis XVI. The libretto is by Rameau's frequent collaborator Louis de Cahusac. Cahusac styled the work a ""ballet allégorique"" (""allegorical ballet""), but it is usually categorised as an ""acte de ballet"". Its slender plot tells of Jupiter's announcement to a group of Egyptian shepherds of the birth of the god Osiris, who symbolises the baby prince. The piece may have started life as part of a larger work, ""Les beaux jours de l'Amour"", an ""opéra-ballet"" Rameau and Cahusac planned but never completed for reasons which are still uncertain.

Sue Ryder. Her birth and death certificates both put the date one year later, on 3 July 1924, as does a plaque unveiled in honour of Sue Ryder and Leonard Cheshire in Cavendish Church in Suffolk. At the beginning of the war, Ryder volunteered to the First Aid Nursing Yeomanry, even though she was only 15. To get in, she lied about her age and seems to have maintained the deception for the rest of her life.

Pak Nam-gi. Pak Nam-gi or Park Nam-ki (21 February 1934 – 17 March 2010) was, until as late as January 2010, Director of the Planning and Finance Department of the ruling party of North Korea. There are doubts about his date of birth, with at least two unattributed sources reporting it as 21 February 1934 or sometime in 1928 respectively.

William Shakespeare. William Shakespeare was the son of John Shakespeare, an alderman and a successful glover (glove-maker) originally from Snitterfield, and Mary Arden, the daughter of an affluent landowning farmer. He was born in Stratford-upon-Avon and baptised there on 26 April 1564. His actual date of birth remains unknown, but is traditionally observed on 23 April, Saint George's Day. This date, which can be traced to a mistake made by an 18th-century scholar, has proved appealing to biographers because Shakespeare died on the same date in 1616. He was the third of eight children, and the eldest surviving son.

List of Soul Eater episodes. Partial box sets (DVD only) Name Release date Discs Episodes Part One February 9, 2010 1 - 13 Part Two March 30, 2010 14 - 26 Part Three June 1, 2010 27 - 39 Part Four July 27, 2010 40 - 51

Conscription in Australia. In 1964 compulsory National Service for 20 - year - old males was introduced under the National Service Act (1964). The selection of conscripts was made by a sortition or lottery draw based on date of birth, and conscripts were obligated to give two years' continuous full - time service, followed by a further three years on the active reserve list. The full - time service requirement was reduced to eighteen months in October 1971.

Clara Morris. Clara Morris (March 17, 1849 – November 20, 1925) (her birth date is sometimes given as 1846/48) was an American actress.

Ratata (band). Ratata was a Swedish pop group fronted by Swedish vocalist Mauro Scocco formed in 1980. It functioned as a 4-piece band until 1983, when it was disbanded. But Johan Ekelund having played with the band briefly continued to cooperate with Scocco continuing as a duo until 1989. The duo had a brief comeback in 2002.

Yang Meng. Yang Meng was the third son of Yang Xingmi, a major warlord at the end of Tang Dynasty as the military governor (""Jiedushi"") of Huainan Circuit (淮南, headquartered in modern Yangzhou, Jiangsu). It is not known when he was born, although his immediately older brother Yang Longyan was born in 897 and his immediately younger brother Yang Pu was born in 900, placing a timeframe on his birth date. His mother's name was not recorded in history.

Mauro Scocco. Mauro Scocco (born 11 September 1962) is a Swedish pop artist of Italian descent. He has been described as ""one of the sharpest songwriters in Sweden"". Scocco was the singer for the pop group Ratata (1980–83) transformed into a duo with Johan Ekelund (1983–89). After Ratata, Scocco has continued as a solo artist since. In 2014, he cooperated with Plura Jonsson releasing a joint album as ""Mauro & Plura"".",2292
2hop__635544_110949,What is the date of birth of the person who was part of Ratata?,style,paraphrase,2,Use different wording.,1,"Shirley Abicair was an Australian-born individual, with some sources suggesting she was born in 1935, although a contemporary account implies an earlier birth year, given that she was 23 or 24 when she arrived in Britain and had completed her tertiary education in Australia. She was the sole daughter of a Wing Commander in the Royal Australian Air Force.

The Anno Domini calendar era is based on the traditionally calculated year of Jesus' conception or birth, with AD counting years from the start of this epoch, and BC signifying years preceding the start of the era. A notable aspect of this system is the absence of a year zero, resulting in the year AD 1 directly following the year 1 BC. This dating system was conceived by Dionysius Exiguus of Scythia Minor in 525, although it did not gain widespread use until after 800.

Švitrigaila, the son of Algirdas, Grand Duke of Lithuania, and his second wife Uliana of Tver, is believed to have been the youngest or second youngest son. His exact birthdate is unknown, but historians estimate it to be prior to 1370, as he was at least 12 years old when he witnessed the Treaty of Dubysa between his elder brother Jogaila and the Teutonic Knights in October 1382. In a complaint submitted to the Council of Florence, Švitrigaila claimed that he and Jogaila were their father's favorite sons. Before his death in 1377, Algirdas transferred his throne to Jogaila, making him promise to make Švitrigaila his heir. Jogaila's representatives did not explicitly deny the arrangement but instead claimed it had been modified by mutual agreement between the brothers.

The U.S. Constitution employs the term ""natural-born Citizen"" without defining it, resulting in various interpretations of its meaning over time. The prevailing consensus among 21st-century constitutional scholars, supported by relevant case law, is that natural-born citizens include, with some exceptions, those born in the United States. Additionally, many scholars believe that individuals who meet the legal requirements for U.S. citizenship at the moment of birth, regardless of their place of birth, are also considered natural-born citizens. To date, every U.S. president has been either a citizen at the adoption of the Constitution in 1789 or born in the United States, with seven of them having at least one parent not born on U.S. soil.

Australia Day has undergone a transformation in its meaning and significance over time. The date has been referred to by various names, including ""Anniversary Day,"" ""Foundation Day,"" and ""ANA Day."" The proclamation of British sovereignty over the eastern seaboard of Australia, then known as New Holland, took place on January 26, 1788. Although it was not officially recognized as Australia Day until much later, records of celebrations on January 26 date back to 1808, with the first official celebration of the formation of New South Wales held in 1818. On New Year's Day in 1901, the British colonies in Australia formed a federation, marking the birth of modern Australia, and a national day of unity and celebration was sought. It was not until 1935 that all Australian states and territories adopted the term ""Australia Day"" to commemorate the date, and not until 1994 that the date was consistently observed as a public holiday by all states and territories.

Giovanni Cifolelli was an Italian mandolin virtuoso and composer of dramatic music, with his date and place of birth unknown. In 1764, he appeared in Paris as a mandolin virtuoso and was highly esteemed as both a performer and teacher. During his time in Paris, he published his ""Method for the mandolin,"" which achieved great success throughout France and became the most popular work of its period.

Maureen Payne, whose date of birth is unknown, was a South African Test cricketer who passed away in 1997 in South Africa. She captained the team during their second series, played against New Zealand in 1971-72. Payne appeared in five Tests for South Africa, claiming eight wickets.

The release dates and episode ranges for the first three parts of the Dragon Ball Super series are as follows: Part One, released on July 25, 2017, includes episodes 01-13; Part Two, released on October 3, 2017, includes episodes 14-26; and Part Three, released on February 20, 2018, includes episodes 27-39.

Streams of Expression, the 20th studio album by American jazz musician Joe Lovano, was released on the Blue Note label in 2006. The album features a five-part ""Streams of Expression Suite,"" a three-part ""Birth of the Cool Suite,"" and three shorter works. The ""Birth of the Cool Suite"" was conducted by Gunther Schuller and incorporates melodic themes inspired by Miles Davis' work from his 1948 and 1950 nonet. The album also features contributions from George Garzone, Ralph Lalama, Gary Smulyan, and Tim Hagans.

Pir Syed Muhammad Binyamin Rizvi, born on August 15, 1959, was a Pakistani politician who was brutally murdered in Lahore on June 24, 2004. He was the eldest son of Pir Syed Mohammad Yaqoob Shah, a renowned spiritual and religious scholar and member of the provincial assembly who passed away on August 31, 1991. Pir Syed Muhammad Binyamin Rizvi is buried alongside his father in their hometown of Phalia.

La naissance d'Osiris, or La fête Pamilie, is a one-act opera by Jean-Philippe Rameau, first performed on October 12, 1754, at Fontainebleau to celebrate the birth of the future King Louis XVI. The libretto was written by Rameau's frequent collaborator Louis de Cahusac, who categorized the work as a ""ballet allégorique."" The opera's plot revolves around Jupiter's announcement to a group of Egyptian shepherds of the birth of the god Osiris, symbolizing the baby prince. The piece may have originated as part of a larger work, ""Les beaux jours de l'Amour,"" an ""opéra-ballet"" that Rameau and Cahusac planned but never completed due to uncertain reasons.

Sue Ryder's birth and death certificates list her date of birth as July 3, 1924, which is also confirmed by a plaque in her honor in Cavendish Church, Suffolk. At the beginning of the war, Ryder volunteered for the First Aid Nursing Yeomanry, despite being only 15 years old. She lied about her age to join and appears to have maintained the deception for the rest of her life.

Pak Nam-gi, also known as Park Nam-ki, was a North Korean official who, until January 2010, served as the Director of the Planning and Finance Department of the ruling party. There are doubts about his date of birth, with at least two unattributed sources reporting it as February 21, 1934, or sometime in 1928.

William Shakespeare was the son of John Shakespeare, an alderman and successful glover, and Mary Arden, the daughter of a wealthy landowning farmer. He was born in Stratford-upon-Avon and baptized there on April 26, 1564. Although his exact date of birth is unknown, it is traditionally observed on April 23, Saint George's Day. This date, which originated from a mistake made by an 18th-century scholar, has been adopted by biographers because Shakespeare died on the same date in 1616. He was the third of eight children and the eldest surviving son.

The release dates and episode ranges for the first four parts of the Soul Eater series are as follows: Part One, released on February 9, 2010, includes episodes 1-13; Part Two, released on March 30, 2010, includes episodes 14-26; Part Three, released on June 1, 2010, includes episodes 27-39; and Part Four, released on July 27, 2010, includes episodes 40-51.

Conscription was introduced in Australia in 1964 through the National Service Act, requiring 20-year-old males to serve. The selection of conscripts was made through a lottery draw based on their date of birth, and conscripts were obligated to serve two years of continuous full-time service, followed by three years on the active reserve list. The full-time service requirement was later reduced to 18 months in October 1971.

Clara Morris, whose birthdate is sometimes listed as 1846 or 1848, was an American actress born on March 17, 1849. She passed away on November 20, 1925.

Ratata was a Swedish pop group formed in 1980, fronted by Swedish vocalist Mauro Scocco. The group functioned as a four-piece band until 1983, when it disbanded. However, Johan Ekelund, who had briefly played with the band, continued to collaborate with Scocco, and they performed as a duo until 1989. The duo had a brief reunion in 2002.

Yang Meng, the third son of Yang Xingmi, a prominent warlord at the end of the Tang Dynasty, is believed to have been born sometime after 897, as his older brother Yang Longyan was born in that year, and his younger brother Yang Pu was born in 900. The exact date of his birth is unknown, and his mother's name is not recorded in history.

Mauro Scocco, a Swedish pop artist of Italian descent, was born on September 11, 1962.",2048
2hop__635544_110949,What is the date of birth of the person who was part of Ratata?,style,paraphrase,2,Use different wording.,2,"Shirley Abicair was an Australian-born individual, with some sources suggesting she was born in 1935, although a contemporary account implies an earlier birth year, given that she was 23 or 24 when she arrived in Britain and had completed her tertiary education in Australia. She was the sole daughter of a Wing Commander in the Royal Australian Air Force.

The Anno Domini calendar era is based on the traditionally calculated year of Jesus' conception or birth, with AD counting years from the start of this epoch, and BC signifying years preceding the start of the era. A notable aspect of this system is the absence of a year zero, resulting in the year AD 1 directly following the year 1 BC. This dating system was conceived by Dionysius Exiguus of Scythia Minor in 525, although it did not gain widespread use until after 800.

Švitrigaila, the son of Algirdas, Grand Duke of Lithuania, and his second wife Uliana of Tver, is believed to have been the youngest or second youngest son. His exact birthdate is unknown, but historians estimate it to be prior to 1370, as he was at least 12 years old when he witnessed the Treaty of Dubysa between his elder brother Jogaila and the Teutonic Knights in October 1382. In a complaint submitted to the Council of Florence, Švitrigaila claimed that he and Jogaila were their father's favorite sons. Before his death in 1377, Algirdas transferred his throne to Jogaila, making him promise to make Švitrigaila his heir. Jogaila's representatives did not explicitly deny the arrangement but instead claimed it had been modified by mutual agreement between the brothers.

The U.S. Constitution employs the term ""natural-born Citizen"" without defining it, resulting in various interpretations of its meaning over time. The prevailing consensus among 21st-century constitutional scholars, supported by relevant case law, is that natural-born citizens include, with some exceptions, those born in the United States. Additionally, many scholars believe that individuals who meet the legal requirements for U.S. citizenship at the moment of birth, regardless of their place of birth, are also considered natural-born citizens. To date, every U.S. president has been either a citizen at the adoption of the Constitution in 1789 or born in the United States, with seven of them having at least one parent not born on U.S. soil.

Australia Day has undergone a transformation in its meaning and significance over time. The date has been referred to by various names, including ""Anniversary Day,"" ""Foundation Day,"" and ""ANA Day."" The proclamation of British sovereignty over the eastern seaboard of Australia, then known as New Holland, took place on January 26, 1788. Although it was not officially recognized as Australia Day until much later, records of celebrations on January 26 date back to 1808, with the first official celebration of the formation of New South Wales held in 1818. On New Year's Day in 1901, the British colonies in Australia formed a federation, marking the birth of modern Australia, and a national day of unity and celebration was sought. It was not until 1935 that all Australian states and territories adopted the term ""Australia Day"" to commemorate the date, and not until 1994 that the date was consistently observed as a public holiday by all states and territories.

Giovanni Cifolelli was an Italian mandolin virtuoso and composer of dramatic music, with his date and place of birth unknown. In 1764, he appeared in Paris as a mandolin virtuoso and was highly esteemed as both a performer and teacher. During his time in Paris, he published his ""Method for the mandolin,"" which achieved great success throughout France and became the most popular work of its period.

Maureen Payne, whose date of birth is unknown, was a South African Test cricketer who passed away in 1997 in South Africa. She captained the team during their second series, played against New Zealand in 1971-72. Payne appeared in five Tests for South Africa, claiming eight wickets.

The release dates and episode ranges for the first three parts of the Dragon Ball Super series are as follows: Part One, released on July 25, 2017, includes episodes 01-13; Part Two, released on October 3, 2017, includes episodes 14-26; and Part Three, released on February 20, 2018, includes episodes 27-39.

Streams of Expression, the 20th studio album by American jazz musician Joe Lovano, was released on the Blue Note label in 2006. The album features a five-part ""Streams of Expression Suite,"" a three-part ""Birth of the Cool Suite,"" and three shorter works. The ""Birth of the Cool Suite"" was conducted by Gunther Schuller and incorporates melodic themes inspired by Miles Davis' work from his 1948 and 1950 nonet. The album also features contributions from George Garzone, Ralph Lalama, Gary Smulyan, and Tim Hagans.

Pir Syed Muhammad Binyamin Rizvi, born on August 15, 1959, was a Pakistani politician who was brutally murdered in Lahore on June 24, 2004. He was the eldest son of Pir Syed Mohammad Yaqoob Shah, a renowned spiritual and religious scholar and member of the provincial assembly who passed away on August 31, 1991. Pir Syed Muhammad Binyamin Rizvi is buried alongside his father in their hometown of Phalia.

La naissance d'Osiris, or La fête Pamilie, is a one-act opera by Jean-Philippe Rameau, first performed on October 12, 1754, at Fontainebleau to celebrate the birth of the future King Louis XVI. The libretto was written by Rameau's frequent collaborator Louis de Cahusac, who categorized the work as a ""ballet allégorique."" The opera's plot revolves around Jupiter's announcement to a group of Egyptian shepherds of the birth of the god Osiris, symbolizing the baby prince. The piece may have originated as part of a larger work, ""Les beaux jours de l'Amour,"" an ""opéra-ballet"" that Rameau and Cahusac planned but never completed due to uncertain reasons.

Sue Ryder's birth and death certificates list her date of birth as July 3, 1924, which is also confirmed by a plaque in her honor in Cavendish Church, Suffolk. At the beginning of the war, Ryder volunteered for the First Aid Nursing Yeomanry, despite being only 15 years old. She lied about her age to join and appears to have maintained the deception for the rest of her life.

Pak Nam-gi, also known as Park Nam-ki, was a North Korean official who, until January 2010, served as the Director of the Planning and Finance Department of the ruling party. There are doubts about his date of birth, with at least two unattributed sources reporting it as February 21, 1934, or sometime in 1928.

William Shakespeare was the son of John Shakespeare, an alderman and successful glover, and Mary Arden, the daughter of a wealthy landowning farmer. He was born in Stratford-upon-Avon and baptized there on April 26, 1564. Although his exact date of birth is unknown, it is traditionally observed on April 23, Saint George's Day. This date, which originated from a mistake made by an 18th-century scholar, has been adopted by biographers because Shakespeare died on the same date in 1616. He was the third of eight children and the eldest surviving son.

The release dates and episode ranges for the first four parts of the Soul Eater series are as follows: Part One, released on February 9, 2010, includes episodes 1-13; Part Two, released on March 30, 2010, includes episodes 14-26; Part Three, released on June 1, 2010, includes episodes 27-39; and Part Four, released on July 27, 2010, includes episodes 40-51.

Conscription was introduced in Australia in 1964 through the National Service Act, requiring 20-year-old males to serve. The selection of conscripts was made through a lottery draw based on their date of birth, and conscripts were obligated to serve two years of continuous full-time service, followed by three years on the active reserve list. The full-time service requirement was later reduced to 18 months in October 1971.

Clara Morris, whose birthdate is sometimes listed as 1846 or 1848, was an American actress born on March 17, 1849. She passed away on November 20, 1925.

Ratata was a Swedish pop group formed in 1980, fronted by Swedish vocalist Mauro Scocco. The group functioned as a four-piece band until 1983, when it disbanded. However, Johan Ekelund, who had briefly played with the band, continued to collaborate with Scocco, and they performed as a duo until 1989. The duo had a brief reunion in 2002.

Yang Meng, the third son of Yang Xingmi, a prominent warlord at the end of the Tang Dynasty, is believed to have been born sometime after 897, as his older brother Yang Longyan was born in that year, and his younger brother Yang Pu was born in 900. The exact date of his birth is unknown, and his mother's name is not recorded in history.

Mauro Scocco, a Swedish pop artist of Italian descent, was born on September 11, 1962.",2048
2hop__635544_110949,What is the date of birth of the person who was part of Ratata?,style,paraphrase,2,Use different wording.,3,"Shirley Abicair, an individual born in Australia, had her birth year reported by some sources as 1935, but a contemporary account indicates it might have been earlier, given that she was 23 or 24 years old when she arrived in Britain and had completed her tertiary education in Australia. She was the sole daughter of a high-ranking officer in the Royal Australian Air Force.

The Anno Domini calendar era is based on the traditionally calculated year of Jesus' conception or birth, with AD counting years from the start of this epoch, and BC signifying years preceding the start of the era. A notable aspect of this system is the absence of a year zero, resulting in the year AD 1 directly following the year 1 BC. This dating system was conceived by Dionysius Exiguus of Scythia Minor in 525, although it did not gain widespread use until after 800.

Švitrigaila, the son of Algirdas, Grand Duke of Lithuania, and his second wife Uliana of Tver, is believed to have been the youngest or second youngest son. His exact birthdate is unknown, but historians estimate it to be prior to 1370, as he was at least 12 years old when he witnessed the Treaty of Dubysa between his elder brother Jogaila and the Teutonic Knights in October 1382. In a complaint submitted to the Council of Florence, Švitrigaila claimed that he and Jogaila were their father's favorite sons. Before his death in 1377, Algirdas transferred his throne to Jogaila, making him promise to make Švitrigaila his heir. Jogaila's representatives did not explicitly deny the arrangement but instead claimed it had been modified by mutual agreement between the brothers.

The U.S. Constitution employs the term ""natural-born Citizen"" without defining it, resulting in various interpretations of its meaning over time. The prevailing consensus among 21st-century constitutional scholars, supported by relevant case law, is that natural-born citizens include, with some exceptions, those born in the United States. Additionally, many scholars believe that individuals who meet the legal requirements for U.S. citizenship at the moment of birth, regardless of their place of birth, are also considered natural-born citizens. To date, every U.S. president has been either a citizen at the adoption of the Constitution in 1789 or born in the United States, with seven of them having at least one parent not born on U.S. soil.

Australia Day has undergone a transformation in its meaning and significance over time. The date has been referred to by various names, including ""Anniversary Day,"" ""Foundation Day,"" and ""ANA Day."" The proclamation of British sovereignty over the eastern seaboard of Australia, then known as New Holland, took place on January 26, 1788. Although it was not officially recognized as Australia Day until much later, records of celebrations on January 26 date back to 1808, with the first official celebration of the formation of New South Wales held in 1818. On New Year's Day in 1901, the British colonies in Australia formed a federation, marking the birth of modern Australia, and a national day of unity and celebration was sought. It was not until 1935 that all Australian states and territories adopted the term ""Australia Day"" to commemorate the date, and not until 1994 that the date was consistently observed as a public holiday by all states and territories.

Giovanni Cifolelli was an Italian mandolin virtuoso and composer of dramatic music, with his date and place of birth unknown. In 1764, he appeared in Paris as a mandolin virtuoso and was highly esteemed as both a performer and teacher. During his time in Paris, he published his ""Method for the mandolin,"" which achieved great success throughout France and became the most popular work of its period.

Maureen Payne, whose date of birth is unknown, was a South African Test cricketer who passed away in 1997 in South Africa. She captained the team during their second series, played against New Zealand in 1971-72. Payne appeared in five Tests for South Africa, claiming eight wickets.

The release dates and episode ranges for the first three parts of the Dragon Ball Super series are as follows: Part One, released on July 25, 2017, includes episodes 01-13; Part Two, released on October 3, 2017, includes episodes 14-26; and Part Three, released on February 20, 2018, includes episodes 27-39.

Streams of Expression, the 20th studio album by American jazz musician Joe Lovano, was released on the Blue Note label in 2006. The album features a five-part ""Streams of Expression Suite,"" a three-part ""Birth of the Cool Suite,"" and three shorter works. The ""Birth of the Cool Suite"" was conducted by Gunther Schuller and incorporates melodic themes inspired by Miles Davis' work from his 1948 and 1950 nonet. The album also features contributions from George Garzone, Ralph Lalama, Gary Smulyan, and Tim Hagans.

Pir Syed Muhammad Binyamin Rizvi, born on August 15, 1959, was a Pakistani politician who was brutally murdered in Lahore on June 24, 2004. He was the eldest son of Pir Syed Mohammad Yaqoob Shah, a renowned spiritual and religious scholar and member of the provincial assembly who passed away on August 31, 1991. Pir Syed Muhammad Binyamin Rizvi is buried alongside his father in their hometown of Phalia.

La naissance d'Osiris, or La fête Pamilie, is a one-act opera by Jean-Philippe Rameau, first performed on October 12, 1754, at Fontainebleau to celebrate the birth of the future King Louis XVI. The libretto was written by Rameau's frequent collaborator Louis de Cahusac, who categorized the work as a ""ballet allégorique."" The opera's plot revolves around Jupiter's announcement to a group of Egyptian shepherds of the birth of the god Osiris, symbolizing the baby prince. The piece may have originated as part of a larger work, ""Les beaux jours de l'Amour,"" an ""opéra-ballet"" that Rameau and Cahusac planned but never completed due to uncertain reasons.

Sue Ryder's birth and death certificates list her date of birth as July 3, 1924, which is also confirmed by a plaque in her honor in Cavendish Church, Suffolk. At the beginning of the war, Ryder volunteered for the First Aid Nursing Yeomanry, despite being only 15 years old. She lied about her age to join and appears to have maintained the deception for the rest of her life.

Pak Nam-gi, also known as Park Nam-ki, was a North Korean official who, until January 2010, served as the Director of the Planning and Finance Department of the ruling party. There are doubts about his date of birth, with at least two unattributed sources reporting it as February 21, 1934, or sometime in 1928.

William Shakespeare was the son of John Shakespeare, an alderman and successful glover, and Mary Arden, the daughter of a wealthy landowning farmer. He was born in Stratford-upon-Avon and baptized there on April 26, 1564. Although his exact date of birth is unknown, it is traditionally observed on April 23, Saint George's Day. This date, which originated from a mistake made by an 18th-century scholar, has been adopted by biographers because Shakespeare died on the same date in 1616. He was the third of eight children and the eldest surviving son.

The release dates and episode ranges for the first four parts of the Soul Eater series are as follows: Part One, released on February 9, 2010, includes episodes 1-13; Part Two, released on March 30, 2010, includes episodes 14-26; Part Three, released on June 1, 2010, includes episodes 27-39; and Part Four, released on July 27, 2010, includes episodes 40-51.

Conscription was introduced in Australia in 1964 through the National Service Act, requiring 20-year-old males to serve. The selection of conscripts was made through a lottery draw based on their date of birth, and conscripts were obligated to serve two years of continuous full-time service, followed by three years on the active reserve list. The full-time service requirement was later reduced to 18 months in October 1971.

Clara Morris, whose birthdate is sometimes listed as 1846 or 1848, was an American actress born on March 17, 1849. She passed away on November 20, 1925.

Ratata was a Swedish pop group formed in 1980, fronted by Swedish vocalist Mauro Scocco. The group functioned as a four-piece band until 1983, when it disbanded. However, Johan Ekelund, who had briefly played with the band, continued to collaborate with Scocco, and they performed as a duo until 1989. The duo had a brief reunion in 2002.

Yang Meng, the third son of Yang Xingmi, a prominent warlord at the end of the Tang Dynasty, is believed to have been born sometime after 897, as his older brother Yang Longyan was born in that year, and his younger brother Yang Pu was born in 900. The exact date of his birth is unknown, and his mother's name is not recorded in history.

Mauro Scocco, a Swedish pop artist of Italian descent, was born on September",2047
2hop__635544_110949,What is the date of birth of the person who was part of Ratata?,content,shorten,0,,0,"Shirley Abicair. Shirley Abicair was born in Melbourne, Victoria, Australia. Some sources show her year of birth as 1935, but a contemporary account shows she was 23 or 24 on arrival in Britain and, as she had completed tertiary studies in Australia, the earlier date seems more likely. She was the only daughter of a Wing Commander in the RAAF.

Anno Domini. This calendar era is based on the traditionally reckoned year of the conception or birth of Jesus of Nazareth, with AD counting years from the start of this epoch, and BC denoting years before the start of the era. There is no year zero in this scheme, so the year AD 1 immediately follows the year 1 BC. This dating system was devised in 525 by Dionysius Exiguus of Scythia Minor, but was not widely used until after 800.

Švitrigaila. Švitrigaila was born to Algirdas, Grand Duke of Lithuania, and his second wife Uliana of Tver. His date of birth is unknown, but it is believed that he was the youngest or second youngest son of Algirdas. He first appeared in politics in October 1382 when he witnessed the Treaty of Dubysa between his elder brother Jogaila and the Teutonic Knights. Historians believe that would indicate that at the time Švitrigaila was no younger than 12 which would put his date of birth sometime before 1370. In a complaint submitted to the Council of Florence, Švitrigaila claimed that he and Jogaila were favorite sons of Algirdas. Before his death in 1377, Algirdas transferred his throne to Jogaila but made him swear to make Švitrigaila his heir. Jogaila's representatives did not outright deny the arrangement and instead claimed that it had been modified by mutual agreement between the brothers.

Natural-born-citizen clause. The U.S. Constitution uses but does not define the phrase ``natural born Citizen '', and various opinions have been offered over time regarding its precise meaning. The consensus of early 21st - century constitutional scholars, together with relevant case law, is that natural - born citizens include, subject to exceptions, those born in the United States. Many scholars have also concluded that those who meet the legal requirements for U.S. citizenship`` at the moment of birth'', regardless of place of birth, are also natural - born citizens. Every president to date was either a citizen at the adoption of the Constitution in 1789 or was born in the United States; of these there have been seven that had at least one parent who was not born on U.S. soil.

Australia Day. The meaning and significance of Australia Day has evolved over time. Unofficially, or historically, the date has also been variously named ``Anniversary Day '',`` Foundation Day'', and ``ANA Day ''. 26 January 1788 marked the proclamation of British sovereignty over the eastern seaboard of Australia (then known as New Holland). Although it was not known as Australia Day until over a century later, records of celebrations on 26 January date back to 1808, with the first official celebration of the formation of New South Wales held in 1818. On New Year's Day 1901, the British colonies of Australia formed a federation, marking the birth of modern Australia. A national day of unity and celebration was looked for. It was not until 1935 that all Australian states and territories adopted use of the term`` Australia Day'' to mark the date, and not until 1994 that the date was consistently marked by a public holiday on that day by all states and territories.

Giovanni Cifolelli. Giovanni Cifolelli was an Italian mandolin virtuoso and dramatic composer whose date and place of birth are unknown. In 1764 he made his appearance in Paris as a mandolin virtuoso and was highly esteemed, both as a performer and teacher. He published his ""Method for the mandolin"" while residing in Paris, which met with great success throughout France, being the most popular of its period.

Maureen Payne. Maureen Payne (date of birth unknown, died 1997, South Africa) was a South Africa Test cricketer. She captained the side for their second series, played against New Zealand in 1971–72. She appeared in five Tests for South Africa, claiming eight wickets.

List of Dragon Ball Super episodes. Name Date Discs Episodes Part One July 25, 2017 01 -- 13 Part Two October 3, 2017 14 -- 26 Part Three February 20, 2018 27 -- 39

Streams of Expression. Streams of Expression is the 20th studio album by American jazz musician Joe Lovano to be released on the Blue Note label. It was released in 2006 and features a five-part ""Streams of Expression Suite,"" three-part ""Birth of the Cool Suite,"" and three other shorter works. The ""Birth of the Cool Suite"" was conducted by Gunther Schuller and utilizes melodic themes inspired by Miles Davis' work from his 1948 and 1950 nonet. The album also features George Garzone, Ralph Lalama, Gary Smulyan, and Tim Hagans.

Pir Syed Muhammad Binyamin Rizvi. Pir Syed Muhammad Binyamin Rizvi (Urdu: پیر سید محمد بنیامین رضوی)date of Birth 15 Aug 1959 date of Death 24 June 2004) was a Pakistani politician. He was the oldest son of Pir Syed Mohammad Yaqoob Shah (a famous spiritual and religious scholar, and member of provincial assembly who died on 31 August 1991). On 24 June 2004 he was brutally murdered in Lahore near his House. He is buried next to his father late Pir Syed Mohammad Yaqoob Shah in his home town Phalia.

La naissance d'Osiris. La naissance d'Osiris, ou La fête Pamilie (""The Birth of Osiris, or The Festival of Pamylia"") is a one-act opera by Jean-Philippe Rameau, first performed on 12 October 1754 at Fontainebleau to celebrate the birth of the future King Louis XVI. The libretto is by Rameau's frequent collaborator Louis de Cahusac. Cahusac styled the work a ""ballet allégorique"" (""allegorical ballet""), but it is usually categorised as an ""acte de ballet"". Its slender plot tells of Jupiter's announcement to a group of Egyptian shepherds of the birth of the god Osiris, who symbolises the baby prince. The piece may have started life as part of a larger work, ""Les beaux jours de l'Amour"", an ""opéra-ballet"" Rameau and Cahusac planned but never completed for reasons which are still uncertain.

Sue Ryder. Her birth and death certificates both put the date one year later, on 3 July 1924, as does a plaque unveiled in honour of Sue Ryder and Leonard Cheshire in Cavendish Church in Suffolk. At the beginning of the war, Ryder volunteered to the First Aid Nursing Yeomanry, even though she was only 15. To get in, she lied about her age and seems to have maintained the deception for the rest of her life.

Pak Nam-gi. Pak Nam-gi or Park Nam-ki (21 February 1934 – 17 March 2010) was, until as late as January 2010, Director of the Planning and Finance Department of the ruling party of North Korea. There are doubts about his date of birth, with at least two unattributed sources reporting it as 21 February 1934 or sometime in 1928 respectively.

William Shakespeare. William Shakespeare was the son of John Shakespeare, an alderman and a successful glover (glove-maker) originally from Snitterfield, and Mary Arden, the daughter of an affluent landowning farmer. He was born in Stratford-upon-Avon and baptised there on 26 April 1564. His actual date of birth remains unknown, but is traditionally observed on 23 April, Saint George's Day. This date, which can be traced to a mistake made by an 18th-century scholar, has proved appealing to biographers because Shakespeare died on the same date in 1616. He was the third of eight children, and the eldest surviving son.

List of Soul Eater episodes. Partial box sets (DVD only) Name Release date Discs Episodes Part One February 9, 2010 1 - 13 Part Two March 30, 2010 14 - 26 Part Three June 1, 2010 27 - 39 Part Four July 27, 2010 40 - 51

Conscription in Australia. In 1964 compulsory National Service for 20 - year - old males was introduced under the National Service Act (1964). The selection of conscripts was made by a sortition or lottery draw based on date of birth, and conscripts were obligated to give two years' continuous full - time service, followed by a further three years on the active reserve list. The full - time service requirement was reduced to eighteen months in October 1971.

Clara Morris. Clara Morris (March 17, 1849 – November 20, 1925) (her birth date is sometimes given as 1846/48) was an American actress.

Ratata (band). Ratata was a Swedish pop group fronted by Swedish vocalist Mauro Scocco formed in 1980. It functioned as a 4-piece band until 1983, when it was disbanded. But Johan Ekelund having played with the band briefly continued to cooperate with Scocco continuing as a duo until 1989. The duo had a brief comeback in 2002.

Yang Meng. Yang Meng was the third son of Yang Xingmi, a major warlord at the end of Tang Dynasty as the military governor (""Jiedushi"") of Huainan Circuit (淮南, headquartered in modern Yangzhou, Jiangsu). It is not known when he was born, although his immediately older brother Yang Longyan was born in 897 and his immediately younger brother Yang Pu was born in 900, placing a timeframe on his birth date. His mother's name was not recorded in history.

Mauro Scocco. Mauro Scocco (born 11 September 1962) is a Swedish pop artist of Italian descent. He has been described as ""one of the sharpest songwriters in Sweden"". Scocco was the singer for the pop group Ratata (1980–83) transformed into a duo with Johan Ekelund (1983–89). After Ratata, Scocco has continued as a solo artist since. In 2014, he cooperated with Plura Jonsson releasing a joint album as ""Mauro & Plura"".",2292
2hop__635544_110949,What is the date of birth of the person who was part of Ratata?,content,shorten,0,Make wording more concise.,1,"Shirley Abicair. Shirley Abicair was born in Melbourne, Victoria, Australia, with some sources listing her birth year as 1935, but a contemporary account suggests an earlier date is more likely. She was the only daughter of a Wing Commander in the RAAF.

Anno Domini is a calendar era based on the traditionally reckoned year of Jesus' conception or birth, with AD counting years from the start of this epoch, and BC denoting years before. This dating system was devised in 525 by Dionysius Exiguus but was not widely used until after 800.

Švitrigaila was born to Algirdas, Grand Duke of Lithuania, and his second wife Uliana of Tver. His exact date of birth is unknown, but he appeared in politics in 1382, suggesting he was at least 12 years old. Before his death in 1377, Algirdas transferred his throne to Jogaila but made him swear to make Švitrigaila his heir.

The U.S. Constitution uses the phrase ""natural-born Citizen"" but does not define it. The consensus among scholars is that natural-born citizens include those born in the United States, and those who meet the legal requirements for U.S. citizenship at birth, regardless of place of birth.

Australia Day has evolved over time, initially marking the proclamation of British sovereignty over Australia in 1788. Records of celebrations date back to 1808, but it wasn't until 1935 that all Australian states and territories adopted the term ""Australia Day"" to mark the date.

Giovanni Cifolelli was an Italian mandolin virtuoso and composer, with unknown birthdate and place. He appeared in Paris in 1764 as a mandolin virtuoso and published his ""Method for the mandolin,"" which was highly successful.

Maureen Payne was a South African Test cricketer, with unknown birthdate, who died in 1997. She captained the side in their second series and appeared in five Tests for South Africa.

List of Dragon Ball Super episodes: Part One (July 25, 2017, 01-13), Part Two (October 3, 2017, 14-26), Part Three (February 20, 2018, 27-39).

Streams of Expression is the 20th studio album by Joe Lovano, released in 2006. It features a five-part ""Streams of Expression Suite"" and a three-part ""Birth of the Cool Suite"" conducted by Gunther Schuller.

Pir Syed Muhammad Binyamin Rizvi was a Pakistani politician, born on August 15, 1959, and murdered on June 24, 2004. He was the oldest son of Pir Syed Mohammad Yaqoob Shah.

La naissance d'Osiris is a one-act opera by Jean-Philippe Rameau, first performed on October 12, 1754, to celebrate the birth of King Louis XVI. The libretto is by Louis de Cahusac.

Sue Ryder's birth and death certificates list her birthdate as July 3, 1924, although she claimed to be older. She volunteered for the First Aid Nursing Yeomanry at 15, lying about her age.

Pak Nam-gi was the Director of the Planning and Finance Department of North Korea's ruling party, with a disputed birthdate of either February 21, 1934, or sometime in 1928.

William Shakespeare was born in Stratford-upon-Avon, baptized on April 26, 1564, but his exact birthdate remains unknown. Traditionally, it is observed on April 23, Saint George's Day.

List of Soul Eater episodes: Part One (February 9, 2010, 1-13), Part Two (March 30, 2010, 14-26), Part Three (June 1, 2010, 27-39), Part Four (July 27, 2010, 40-51).

In 1964, Australia introduced compulsory National Service for 20-year-old males, with selection based on date of birth. Conscripts served two years, followed by three years on the active reserve list.

Clara Morris was an American actress, born on March 17, 1849, although sometimes listed as 1846 or 1848.

Ratata was a Swedish pop group formed in 1980, fronted by Mauro Scocco. The group disbanded in 1983 but continued as a duo until 1989, with a brief comeback in 2002.

Yang Meng was the third son of Yang Xingmi, a warlord at the end of the Tang Dynasty. His birthdate is unknown, but his brothers were born in 897 and 900.

Mauro Scocco is a Swedish pop artist of Italian descent, born on September 11, 1962. He was the singer for Ratata and has since continued as a solo artist, releasing a joint album with Plura Jonsson in 2014.",1056
2hop__635544_110949,What is the date of birth of the person who was part of Ratata?,content,shorten,0,Make wording more concise.,2,"Shirley Abicair was born in Melbourne, Victoria, Australia, with her birth year listed as 1935, but a contemporary account suggests an earlier date.

Anno Domini is a calendar era based on Jesus' conception or birth, with AD counting years from the start of this epoch and BC denoting years before. It was devised by Dionysius Exiguus in 525.

Švitrigaila was the son of Algirdas, Grand Duke of Lithuania, and Uliana of Tver. His birthdate is unknown, but he entered politics in 1382, suggesting he was at least 12 years old.

The U.S. Constitution uses the phrase ""natural-born Citizen"" without defining it. Scholars agree it includes those born in the United States and those meeting citizenship requirements at birth.

Australia Day marks British sovereignty over Australia, initially proclaimed in 1788. Records of celebrations date back to 1808, and by 1935 all states and territories used the term ""Australia Day.""

Giovanni Cifolelli was an Italian mandolin virtuoso and composer, with unknown birthdate and place. He appeared in Paris in 1764 and published a successful mandolin method.

Maureen Payne was a South African Test cricketer with an unknown birthdate, who died in 1997. She captained the team and appeared in five Tests.

List of Dragon Ball Super episodes: Part One (July 25, 2017, 01-13), Part Two (October 3, 2017, 14-26), Part Three (February 20, 2018, 27-39).

Streams of Expression is Joe Lovano's 20th studio album, released in 2006. It features a five-part ""Streams of Expression Suite"" and a three-part ""Birth of the Cool Suite"" conducted by Gunther Schuller.

Pir Syed Muhammad Binyamin Rizvi was a Pakistani politician, born on August 15, 1959, and murdered on June 24, 2004. He was Pir Syed Mohammad Yaqoob Shah's oldest son.

La naissance d'Osiris is a one-act opera by Jean-Philippe Rameau, first performed on October 12, 1754, to celebrate King Louis XVI's birth. The libretto was written by Louis de Cahusac.

Sue Ryder's birth and death certificates list her birthdate as July 3, 1924, though she claimed to be older. She volunteered for the First Aid Nursing Yeomanry at 15, lying about her age.

Pak Nam-gi was the Director of the Planning and Finance Department of North Korea's ruling party, with a disputed birthdate of February 21, 1934, or sometime in 1928.

William Shakespeare was born in Stratford-upon-Avon and baptized on April 26, 1564. His exact birthdate remains unknown, but is traditionally observed on April 23.

List of Soul Eater episodes: Part One (February 9, 2010, 1-13), Part Two (March 30, 2010, 14-26), Part Three (June 1, 2010, 27-39), Part Four (July 27, 2010, 40-51).

Australia introduced National Service in 1964 for 20-year-old males, with selection based on birthdate. Conscripts served two years, followed by three years on the active reserve list.

Clara Morris was an American actress, born on March 17, 1849, though sometimes listed as 1846 or 1848.

Ratata was a Swedish pop group formed in 1980, fronted by Mauro Scocco. The group disbanded in 1983 but continued as a duo until 1989, with a brief comeback in 2002.

Yang Meng was the third son of warlord Yang Xingmi. His birthdate is unknown, but his brothers were born in 897 and 900.

Mauro Scocco is a Swedish pop artist of Italian descent, born on September 11, 1962. He was the singer for Ratata and has since continued as a solo artist, releasing a joint album with Plura Jonsson in 2014.",895
2hop__635544_110949,What is the date of birth of the person who was part of Ratata?,content,shorten,0,Make wording more concise.,3,"Shirley Abicair was born in Melbourne, Australia, with a listed birth year of 1935, but a contemporary account suggests an earlier birthdate.

Anno Domini is a calendar era based on Jesus' conception or birth, with AD counting years from this epoch's start and BC denoting prior years. Dionysius Exiguus devised it in 525.

Švitrigaila, son of Algirdas and Uliana of Tver, entered politics in 1382, suggesting he was at least 12 years old at that time.

The U.S. Constitution uses the phrase ""natural-born Citizen"" without defining it, but scholars agree it includes those born in the United States and those meeting citizenship requirements at birth.

Australia Day marks British sovereignty over Australia, initially proclaimed in 1788, with celebrations dating back to 1808, and by 1935 all states and territories used the term ""Australia Day.""

Giovanni Cifolelli was an Italian mandolin virtuoso and composer who appeared in Paris in 1764 and published a successful mandolin method.

Maureen Payne was a South African Test cricketer who died in 1997, captaining the team and appearing in five Tests.

List of Dragon Ball Super episodes: Part One (July 25, 2017, 01-13), Part Two (October 3, 2017, 14-26), Part Three (February 20, 2018, 27-39).

Streams of Expression is Joe Lovano's 20th studio album, released in 2006, featuring a five-part ""Streams of Expression Suite"" and a three-part ""Birth of the Cool Suite"" conducted by Gunther Schuller.

Pir Syed Muhammad Binyamin Rizvi was a Pakistani politician born on August 15, 1959, and murdered on June 24, 2004.

La naissance d'Osiris is a one-act opera by Jean-Philippe Rameau, first performed on October 12, 1754, to celebrate King Louis XVI's birth.

Sue Ryder's birth and death certificates list her birthdate as July 3, 1924, though she claimed to be older, volunteering for the First Aid Nursing Yeomanry at 15 by lying about her age.

Pak Nam-gi was the Director of the Planning and Finance Department of North Korea's ruling party, with a disputed birthdate of February 21, 1934, or sometime in 1928.

William Shakespeare was born in Stratford-upon-Avon and baptized on April 26, 1564, with his exact birthdate traditionally observed on April 23.

List of Soul Eater episodes: Part One (February 9, 2010, 1-13), Part Two (March 30, 2010, 14-26), Part Three (June 1, 2010, 27-39), Part Four (July 27, 2010, 40-51).

Australia introduced National Service in 1964 for 20-year-old males, with selection based on birthdate, requiring conscripts to serve two years, followed by three years on the active reserve list.

Clara Morris was an American actress born on March 17, 1849, though sometimes listed as 1846 or 1848.

Ratata was a Swedish pop group formed in 1980, fronted by Mauro Scocco, disbanding in 1983 but continuing as a duo until 1989, with a brief comeback in 2002.

Yang Meng was the third son of warlord Yang Xingmi, with his brothers born in 897 and 900.

Mauro Scocco is a Swedish pop artist of Italian descent, born on September 11, 1962, and has released a joint album with Plura Jonsson in 2014, following his work as the singer for Ratata.",818
2hop__635544_110949,What is the date of birth of the person who was part of Ratata?,content,shorten,1,,0,"Shirley Abicair. Shirley Abicair was born in Melbourne, Victoria, Australia. Some sources show her year of birth as 1935, but a contemporary account shows she was 23 or 24 on arrival in Britain and, as she had completed tertiary studies in Australia, the earlier date seems more likely. She was the only daughter of a Wing Commander in the RAAF.

Anno Domini. This calendar era is based on the traditionally reckoned year of the conception or birth of Jesus of Nazareth, with AD counting years from the start of this epoch, and BC denoting years before the start of the era. There is no year zero in this scheme, so the year AD 1 immediately follows the year 1 BC. This dating system was devised in 525 by Dionysius Exiguus of Scythia Minor, but was not widely used until after 800.

Švitrigaila. Švitrigaila was born to Algirdas, Grand Duke of Lithuania, and his second wife Uliana of Tver. His date of birth is unknown, but it is believed that he was the youngest or second youngest son of Algirdas. He first appeared in politics in October 1382 when he witnessed the Treaty of Dubysa between his elder brother Jogaila and the Teutonic Knights. Historians believe that would indicate that at the time Švitrigaila was no younger than 12 which would put his date of birth sometime before 1370. In a complaint submitted to the Council of Florence, Švitrigaila claimed that he and Jogaila were favorite sons of Algirdas. Before his death in 1377, Algirdas transferred his throne to Jogaila but made him swear to make Švitrigaila his heir. Jogaila's representatives did not outright deny the arrangement and instead claimed that it had been modified by mutual agreement between the brothers.

Natural-born-citizen clause. The U.S. Constitution uses but does not define the phrase ``natural born Citizen '', and various opinions have been offered over time regarding its precise meaning. The consensus of early 21st - century constitutional scholars, together with relevant case law, is that natural - born citizens include, subject to exceptions, those born in the United States. Many scholars have also concluded that those who meet the legal requirements for U.S. citizenship`` at the moment of birth'', regardless of place of birth, are also natural - born citizens. Every president to date was either a citizen at the adoption of the Constitution in 1789 or was born in the United States; of these there have been seven that had at least one parent who was not born on U.S. soil.

Australia Day. The meaning and significance of Australia Day has evolved over time. Unofficially, or historically, the date has also been variously named ``Anniversary Day '',`` Foundation Day'', and ``ANA Day ''. 26 January 1788 marked the proclamation of British sovereignty over the eastern seaboard of Australia (then known as New Holland). Although it was not known as Australia Day until over a century later, records of celebrations on 26 January date back to 1808, with the first official celebration of the formation of New South Wales held in 1818. On New Year's Day 1901, the British colonies of Australia formed a federation, marking the birth of modern Australia. A national day of unity and celebration was looked for. It was not until 1935 that all Australian states and territories adopted use of the term`` Australia Day'' to mark the date, and not until 1994 that the date was consistently marked by a public holiday on that day by all states and territories.

Giovanni Cifolelli. Giovanni Cifolelli was an Italian mandolin virtuoso and dramatic composer whose date and place of birth are unknown. In 1764 he made his appearance in Paris as a mandolin virtuoso and was highly esteemed, both as a performer and teacher. He published his ""Method for the mandolin"" while residing in Paris, which met with great success throughout France, being the most popular of its period.

Maureen Payne. Maureen Payne (date of birth unknown, died 1997, South Africa) was a South Africa Test cricketer. She captained the side for their second series, played against New Zealand in 1971–72. She appeared in five Tests for South Africa, claiming eight wickets.

List of Dragon Ball Super episodes. Name Date Discs Episodes Part One July 25, 2017 01 -- 13 Part Two October 3, 2017 14 -- 26 Part Three February 20, 2018 27 -- 39

Streams of Expression. Streams of Expression is the 20th studio album by American jazz musician Joe Lovano to be released on the Blue Note label. It was released in 2006 and features a five-part ""Streams of Expression Suite,"" three-part ""Birth of the Cool Suite,"" and three other shorter works. The ""Birth of the Cool Suite"" was conducted by Gunther Schuller and utilizes melodic themes inspired by Miles Davis' work from his 1948 and 1950 nonet. The album also features George Garzone, Ralph Lalama, Gary Smulyan, and Tim Hagans.

Pir Syed Muhammad Binyamin Rizvi. Pir Syed Muhammad Binyamin Rizvi (Urdu: پیر سید محمد بنیامین رضوی)date of Birth 15 Aug 1959 date of Death 24 June 2004) was a Pakistani politician. He was the oldest son of Pir Syed Mohammad Yaqoob Shah (a famous spiritual and religious scholar, and member of provincial assembly who died on 31 August 1991). On 24 June 2004 he was brutally murdered in Lahore near his House. He is buried next to his father late Pir Syed Mohammad Yaqoob Shah in his home town Phalia.

La naissance d'Osiris. La naissance d'Osiris, ou La fête Pamilie (""The Birth of Osiris, or The Festival of Pamylia"") is a one-act opera by Jean-Philippe Rameau, first performed on 12 October 1754 at Fontainebleau to celebrate the birth of the future King Louis XVI. The libretto is by Rameau's frequent collaborator Louis de Cahusac. Cahusac styled the work a ""ballet allégorique"" (""allegorical ballet""), but it is usually categorised as an ""acte de ballet"". Its slender plot tells of Jupiter's announcement to a group of Egyptian shepherds of the birth of the god Osiris, who symbolises the baby prince. The piece may have started life as part of a larger work, ""Les beaux jours de l'Amour"", an ""opéra-ballet"" Rameau and Cahusac planned but never completed for reasons which are still uncertain.

Sue Ryder. Her birth and death certificates both put the date one year later, on 3 July 1924, as does a plaque unveiled in honour of Sue Ryder and Leonard Cheshire in Cavendish Church in Suffolk. At the beginning of the war, Ryder volunteered to the First Aid Nursing Yeomanry, even though she was only 15. To get in, she lied about her age and seems to have maintained the deception for the rest of her life.

Pak Nam-gi. Pak Nam-gi or Park Nam-ki (21 February 1934 – 17 March 2010) was, until as late as January 2010, Director of the Planning and Finance Department of the ruling party of North Korea. There are doubts about his date of birth, with at least two unattributed sources reporting it as 21 February 1934 or sometime in 1928 respectively.

William Shakespeare. William Shakespeare was the son of John Shakespeare, an alderman and a successful glover (glove-maker) originally from Snitterfield, and Mary Arden, the daughter of an affluent landowning farmer. He was born in Stratford-upon-Avon and baptised there on 26 April 1564. His actual date of birth remains unknown, but is traditionally observed on 23 April, Saint George's Day. This date, which can be traced to a mistake made by an 18th-century scholar, has proved appealing to biographers because Shakespeare died on the same date in 1616. He was the third of eight children, and the eldest surviving son.

List of Soul Eater episodes. Partial box sets (DVD only) Name Release date Discs Episodes Part One February 9, 2010 1 - 13 Part Two March 30, 2010 14 - 26 Part Three June 1, 2010 27 - 39 Part Four July 27, 2010 40 - 51

Conscription in Australia. In 1964 compulsory National Service for 20 - year - old males was introduced under the National Service Act (1964). The selection of conscripts was made by a sortition or lottery draw based on date of birth, and conscripts were obligated to give two years' continuous full - time service, followed by a further three years on the active reserve list. The full - time service requirement was reduced to eighteen months in October 1971.

Clara Morris. Clara Morris (March 17, 1849 – November 20, 1925) (her birth date is sometimes given as 1846/48) was an American actress.

Ratata (band). Ratata was a Swedish pop group fronted by Swedish vocalist Mauro Scocco formed in 1980. It functioned as a 4-piece band until 1983, when it was disbanded. But Johan Ekelund having played with the band briefly continued to cooperate with Scocco continuing as a duo until 1989. The duo had a brief comeback in 2002.

Yang Meng. Yang Meng was the third son of Yang Xingmi, a major warlord at the end of Tang Dynasty as the military governor (""Jiedushi"") of Huainan Circuit (淮南, headquartered in modern Yangzhou, Jiangsu). It is not known when he was born, although his immediately older brother Yang Longyan was born in 897 and his immediately younger brother Yang Pu was born in 900, placing a timeframe on his birth date. His mother's name was not recorded in history.

Mauro Scocco. Mauro Scocco (born 11 September 1962) is a Swedish pop artist of Italian descent. He has been described as ""one of the sharpest songwriters in Sweden"". Scocco was the singer for the pop group Ratata (1980–83) transformed into a duo with Johan Ekelund (1983–89). After Ratata, Scocco has continued as a solo artist since. In 2014, he cooperated with Plura Jonsson releasing a joint album as ""Mauro & Plura"".",2292
2hop__635544_110949,What is the date of birth of the person who was part of Ratata?,content,shorten,1,Rephrase for clarity and conciseness.,1,"Shirley Abicair was born in Melbourne, Victoria, Australia. Her year of birth is unclear, with some sources stating 1935, but she was likely 23 or 24 when she arrived in Britain, suggesting an earlier birth year. She was the only daughter of a Wing Commander in the RAAF.

The Anno Domini calendar era is based on the traditionally reckoned year of Jesus of Nazareth's conception or birth. This system counts years from the start of this epoch, with AD 1 immediately following 1 BC, and has no year zero. It was devised by Dionysius Exiguus in 525 but wasn't widely used until after 800.

Švitrigaila was born to Algirdas, Grand Duke of Lithuania, and his second wife Uliana of Tver. His exact date of birth is unknown, but he was likely the youngest or second youngest son. He first appeared in politics in 1382, witnessing the Treaty of Dubysa between his brother Jogaila and the Teutonic Knights, indicating he was at least 12 years old. Švitrigaila claimed he and Jogaila were their father's favorite sons, and before his death, Algirdas transferred his throne to Jogaila, making him swear to make Švitrigaila his heir.

The U.S. Constitution uses the phrase ""natural born Citizen"" but doesn't define it. Scholars have offered various opinions on its meaning, but most agree it includes those born in the United States. Many also believe that those who meet the legal requirements for U.S. citizenship at birth are natural-born citizens. Every U.S. president has been either a citizen at the adoption of the Constitution or born in the United States, with seven having at least one parent not born on U.S. soil.

Australia Day marks the proclamation of British sovereignty over the eastern seaboard of Australia in 1788. Although it wasn't known as Australia Day until later, records of celebrations date back to 1808, with the first official celebration held in 1818. The British colonies of Australia formed a federation in 1901, and a national day of unity was sought. In 1935, all Australian states and territories adopted the term ""Australia Day"" to mark the date, which was consistently celebrated as a public holiday from 1994.

Giovanni Cifolelli was an Italian mandolin virtuoso and composer whose date and place of birth are unknown. He appeared in Paris in 1764 as a mandolin virtuoso and published his ""Method for the mandolin,"" which was highly successful in France.

Maureen Payne, a South African Test cricketer, was born at an unknown date and died in 1997. She captained the team for their second series against New Zealand in 1971-72 and appeared in five Tests, claiming eight wickets.

The list of Dragon Ball Super episodes includes Part One, released on July 25, 2017, covering episodes 1-13, Part Two, released on October 3, 2017, covering episodes 14-26, and Part Three, released on February 20, 2018, covering episodes 27-39.

Streams of Expression is the 20th studio album by American jazz musician Joe Lovano, released in 2006 on the Blue Note label. It features a five-part suite, a three-part ""Birth of the Cool Suite,"" and three shorter works. The ""Birth of the Cool Suite"" was conducted by Gunther Schuller and utilizes melodic themes inspired by Miles Davis' work.

Pir Syed Muhammad Binyamin Rizvi was a Pakistani politician born on August 15, 1959, and died on June 24, 2004. He was the oldest son of Pir Syed Mohammad Yaqoob Shah, a famous spiritual and religious scholar, and was brutally murdered in Lahore near his house.

La naissance d'Osiris is a one-act opera by Jean-Philippe Rameau, first performed on October 12, 1754, at Fontainebleau to celebrate the birth of the future King Louis XVI. The libretto is by Rameau's collaborator Louis de Cahusac, who styled the work as an ""allegorical ballet.""

Sue Ryder's birth and death certificates state her birthdate as July 3, 1924, although she may have been born a year earlier. She volunteered for the First Aid Nursing Yeomanry at the beginning of the war, lying about her age to join.

Pak Nam-gi, also known as Park Nam-ki, was born on February 21, 1934, or possibly in 1928, and died on March 17, 2010. He was the Director of the Planning and Finance Department of North Korea's ruling party until January 2010.

William Shakespeare was the son of John Shakespeare, an alderman and glover, and Mary Arden, the daughter of a landowning farmer. He was born in Stratford-upon-Avon and baptized on April 26, 1564, although his actual birthdate remains unknown. Traditionally, his birth is observed on April 23, Saint George's Day, which has been linked to a mistake made by an 18th-century scholar.

The list of Soul Eater episodes includes Part One, released on February 9, 2010, covering episodes 1-13, Part Two, released on March 30, 2010, covering episodes 14-26, Part Three, released on June 1, 2010, covering episodes 27-39, and Part Four, released on July 27, 2010, covering episodes 40-51.

Conscription was introduced in Australia in 1964 for 20-year-old males under the National Service Act. The selection of conscripts was made by a lottery draw based on date of birth, and conscripts were obligated to serve two years full-time, followed by three years on the active reserve list. The full-time service requirement was reduced to 18 months in October 1971.

Clara Morris was an American actress born on March 17, 1849, although her birthdate is sometimes given as 1846 or 1848. She died on November 20, 1925.

Ratata was a Swedish pop group formed in 1980, fronted by vocalist Mauro Scocco. It functioned as a four-piece band until 1983 and continued as a duo until 1989, with a brief comeback in 2002.

Yang Meng was the third son of Yang Xingmi, a major warlord at the end of the Tang Dynasty. His exact birthdate is unknown, but his brothers were born in 897 and 900, placing a timeframe on his birth. His mother's name was not recorded in history.

Mauro Scocco is a Swedish pop artist of Italian descent, born on September 11, 1962. He has been described as ""one of the sharpest songwriters in Sweden."" Scocco was the singer for the pop group Ratata and continued as a solo artist after the group disbanded. In 2014, he cooperated with Plura Jonsson, releasing a joint album.",1509
2hop__635544_110949,What is the date of birth of the person who was part of Ratata?,content,shorten,1,Rephrase for clarity and conciseness.,2,"Shirley Abicair was born in Melbourne, Victoria, Australia, with her year of birth unclear, but likely before 1935, given her age when she arrived in Britain. She was the daughter of a Wing Commander in the RAAF.

The Anno Domini calendar era is based on the traditionally reckoned year of Jesus of Nazareth's conception or birth, with years counted from the start of this epoch, and no year zero. This system, devised by Dionysius Exiguus in 525, wasn't widely used until after 800.

Švitrigaila, born to Algirdas, Grand Duke of Lithuania, and his second wife Uliana of Tver, likely had an unknown birthdate, but appeared in politics in 1382, indicating he was at least 12 years old. He was the youngest or second youngest son and claimed to be one of his father's favorite sons.

The U.S. Constitution refers to a ""natural born Citizen"" without defining it. Scholars have offered various opinions, but most agree it includes those born in the United States, as well as those meeting the legal requirements for U.S. citizenship at birth. Every U.S. president has been a citizen at the adoption of the Constitution or born in the United States.

Australia Day marks the proclamation of British sovereignty over Australia's eastern seaboard in 1788. Although it wasn't known as Australia Day until later, records of celebrations date back to 1808, with the first official celebration held in 1818. In 1935, all Australian states and territories adopted the term ""Australia Day,"" consistently celebrated as a public holiday from 1994.

Giovanni Cifolelli, an Italian mandolin virtuoso and composer, appeared in Paris in 1764 and published his ""Method for the mandolin,"" which was highly successful in France. His date and place of birth are unknown.

Maureen Payne, a South African Test cricketer, was born at an unknown date and died in 1997. She captained the team for their second series against New Zealand in 1971-72 and appeared in five Tests.

The list of Dragon Ball Super episodes includes Part One, released on July 25, 2017, covering episodes 1-13, Part Two, released on October 3, 2017, covering episodes 14-26, and Part Three, released on February 20, 2018, covering episodes 27-39.

Streams of Expression is the 20th studio album by American jazz musician Joe Lovano, released in 2006 on the Blue Note label. It features a five-part suite, a three-part ""Birth of the Cool Suite,"" and three shorter works. The ""Birth of the Cool Suite"" was conducted by Gunther Schuller and utilizes melodic themes inspired by Miles Davis' work.

Pir Syed Muhammad Binyamin Rizvi was a Pakistani politician born on August 15, 1959, and died on June 24, 2004. He was the oldest son of Pir Syed Mohammad Yaqoob Shah, a famous spiritual and religious scholar.

La naissance d'Osiris is a one-act opera by Jean-Philippe Rameau, first performed on October 12, 1754, at Fontainebleau to celebrate the birth of the future King Louis XVI. The libretto is by Rameau's collaborator Louis de Cahusac.

Sue Ryder's birth and death certificates state her birthdate as July 3, 1924, although she may have been born a year earlier. She volunteered for the First Aid Nursing Yeomanry at the beginning of the war, lying about her age to join.

Pak Nam-gi, also known as Park Nam-ki, was born on February 21, 1934, or possibly in 1928, and died on March 17, 2010. He was the Director of the Planning and Finance Department of North Korea's ruling party until January 2010.

William Shakespeare was the son of John Shakespeare, an alderman and glover, and Mary Arden, the daughter of a landowning farmer. He was born in Stratford-upon-Avon and baptized on April 26, 1564, although his actual birthdate remains unknown. Traditionally, his birth is observed on April 23, Saint George's Day.

The list of Soul Eater episodes includes Part One, released on February 9, 2010, covering episodes 1-13, Part Two, released on March 30, 2010, covering episodes 14-26, Part Three, released on June 1, 2010, covering episodes 27-39, and Part Four, released on July 27, 2010, covering episodes 40-51.

Conscription was introduced in Australia in 1964 for 20-year-old males under the National Service Act. The selection of conscripts was made by a lottery draw based on date of birth, and conscripts were obligated to serve two years full-time, followed by three years on the active reserve list. The full-time service requirement was reduced to 18 months in October 1971.

Clara Morris was an American actress born on March 17, 1849, although her birthdate is sometimes given as 1846 or 1848. She died on November 20, 1925.

Ratata was a Swedish pop group formed in 1980, fronted by vocalist Mauro Scocco. It functioned as a four-piece band until 1983 and continued as a duo until 1989, with a brief comeback in 2002.

Yang Meng was the third son of Yang Xingmi, a major warlord at the end of the Tang Dynasty. His exact birthdate is unknown, but his brothers were born in 897 and 900, placing a timeframe on his birth.

Mauro Scocco is a Swedish pop artist of Italian descent, born on September 11, 1962. He has been described as ""one of the sharpest songwriters in Sweden."" Scocco was the singer for the pop group Ratata and continued as a solo artist after the group disbanded. In 2014, he cooperated with Plura Jonsson, releasing a joint album.",1308
2hop__635544_110949,What is the date of birth of the person who was part of Ratata?,content,shorten,1,Rephrase for clarity and conciseness.,3,"Shirley Abicair was born in Melbourne, Victoria, Australia, before 1935, to a Wing Commander in the RAAF.

The Anno Domini calendar, devised by Dionysius Exiguus in 525, counts years from the traditionally reckoned year of Jesus of Nazareth's conception or birth.

Švitrigaila, the son of Algirdas, Grand Duke of Lithuania, and Uliana of Tver, first appeared in politics in 1382, suggesting he was at least 12 years old.

The U.S. Constitution refers to a ""natural born Citizen"" without defining it, but scholars agree it includes those born in the United States or meeting U.S. citizenship requirements at birth.

Australia Day commemorates the 1788 proclamation of British sovereignty over Australia's eastern seaboard, with the first official celebration held in 1818 and all states and territories adopting the term in 1935.

Giovanni Cifolelli, an Italian mandolin virtuoso, published his successful ""Method for the mandolin"" in Paris in 1764, but his birthdate and place are unknown.

Maureen Payne, a South African Test cricketer, captained her team in 1971-72 and appeared in five Tests, but her birthdate is unknown.

The Dragon Ball Super episodes are divided into four parts, released between July 25, 2017, and July 27, 2010.

Joe Lovano's 20th studio album, Streams of Expression, features a five-part suite and a ""Birth of the Cool Suite"" conducted by Gunther Schuller.

Pir Syed Muhammad Binyamin Rizvi, the son of Pir Syed Mohammad Yaqoob Shah, was born on August 15, 1959, and died on June 24, 2004.

La naissance d'Osiris, a one-act opera by Jean-Philippe Rameau, premiered on October 12, 1754, at Fontainebleau to celebrate the birth of King Louis XVI.

Sue Ryder's birthdate is stated as July 3, 1924, although she may have been born a year earlier, and she volunteered for the First Aid Nursing Yeomanry at the start of the war.

Pak Nam-gi, the Director of North Korea's Planning and Finance Department, was born on February 21, 1934, or possibly in 1928, and died on March 17, 2010.

William Shakespeare, the son of John Shakespeare and Mary Arden, was born in Stratford-upon-Avon and baptized on April 26, 1564, although his actual birthdate is unknown.

The Soul Eater episodes are divided into four parts, released between February 9, 2010, and July 27, 2010.

Australia introduced conscription in 1964 for 20-year-old males, with selection made by lottery draw based on date of birth, and conscripts served two years full-time and three years on the active reserve list.

Clara Morris, an American actress, was born on March 17, 1849, although her birthdate is sometimes given as 1846 or 1848.

Ratata was a Swedish pop group formed in 1980, fronted by vocalist Mauro Scocco, and functioned as a four-piece band until 1983.

Yang Meng, the third son of Yang Xingmi, was born after 897, as his brothers were born in 897 and 900.

Mauro Scocco, a Swedish pop artist of Italian descent, was born on September 11, 1962, and has been described as ""one of the sharpest songwriters in Sweden.""",774
2hop__635544_110949,What is the date of birth of the person who was part of Ratata?,content,shorten,2,,0,"Shirley Abicair. Shirley Abicair was born in Melbourne, Victoria, Australia. Some sources show her year of birth as 1935, but a contemporary account shows she was 23 or 24 on arrival in Britain and, as she had completed tertiary studies in Australia, the earlier date seems more likely. She was the only daughter of a Wing Commander in the RAAF.

Anno Domini. This calendar era is based on the traditionally reckoned year of the conception or birth of Jesus of Nazareth, with AD counting years from the start of this epoch, and BC denoting years before the start of the era. There is no year zero in this scheme, so the year AD 1 immediately follows the year 1 BC. This dating system was devised in 525 by Dionysius Exiguus of Scythia Minor, but was not widely used until after 800.

Švitrigaila. Švitrigaila was born to Algirdas, Grand Duke of Lithuania, and his second wife Uliana of Tver. His date of birth is unknown, but it is believed that he was the youngest or second youngest son of Algirdas. He first appeared in politics in October 1382 when he witnessed the Treaty of Dubysa between his elder brother Jogaila and the Teutonic Knights. Historians believe that would indicate that at the time Švitrigaila was no younger than 12 which would put his date of birth sometime before 1370. In a complaint submitted to the Council of Florence, Švitrigaila claimed that he and Jogaila were favorite sons of Algirdas. Before his death in 1377, Algirdas transferred his throne to Jogaila but made him swear to make Švitrigaila his heir. Jogaila's representatives did not outright deny the arrangement and instead claimed that it had been modified by mutual agreement between the brothers.

Natural-born-citizen clause. The U.S. Constitution uses but does not define the phrase ``natural born Citizen '', and various opinions have been offered over time regarding its precise meaning. The consensus of early 21st - century constitutional scholars, together with relevant case law, is that natural - born citizens include, subject to exceptions, those born in the United States. Many scholars have also concluded that those who meet the legal requirements for U.S. citizenship`` at the moment of birth'', regardless of place of birth, are also natural - born citizens. Every president to date was either a citizen at the adoption of the Constitution in 1789 or was born in the United States; of these there have been seven that had at least one parent who was not born on U.S. soil.

Australia Day. The meaning and significance of Australia Day has evolved over time. Unofficially, or historically, the date has also been variously named ``Anniversary Day '',`` Foundation Day'', and ``ANA Day ''. 26 January 1788 marked the proclamation of British sovereignty over the eastern seaboard of Australia (then known as New Holland). Although it was not known as Australia Day until over a century later, records of celebrations on 26 January date back to 1808, with the first official celebration of the formation of New South Wales held in 1818. On New Year's Day 1901, the British colonies of Australia formed a federation, marking the birth of modern Australia. A national day of unity and celebration was looked for. It was not until 1935 that all Australian states and territories adopted use of the term`` Australia Day'' to mark the date, and not until 1994 that the date was consistently marked by a public holiday on that day by all states and territories.

Giovanni Cifolelli. Giovanni Cifolelli was an Italian mandolin virtuoso and dramatic composer whose date and place of birth are unknown. In 1764 he made his appearance in Paris as a mandolin virtuoso and was highly esteemed, both as a performer and teacher. He published his ""Method for the mandolin"" while residing in Paris, which met with great success throughout France, being the most popular of its period.

Maureen Payne. Maureen Payne (date of birth unknown, died 1997, South Africa) was a South Africa Test cricketer. She captained the side for their second series, played against New Zealand in 1971–72. She appeared in five Tests for South Africa, claiming eight wickets.

List of Dragon Ball Super episodes. Name Date Discs Episodes Part One July 25, 2017 01 -- 13 Part Two October 3, 2017 14 -- 26 Part Three February 20, 2018 27 -- 39

Streams of Expression. Streams of Expression is the 20th studio album by American jazz musician Joe Lovano to be released on the Blue Note label. It was released in 2006 and features a five-part ""Streams of Expression Suite,"" three-part ""Birth of the Cool Suite,"" and three other shorter works. The ""Birth of the Cool Suite"" was conducted by Gunther Schuller and utilizes melodic themes inspired by Miles Davis' work from his 1948 and 1950 nonet. The album also features George Garzone, Ralph Lalama, Gary Smulyan, and Tim Hagans.

Pir Syed Muhammad Binyamin Rizvi. Pir Syed Muhammad Binyamin Rizvi (Urdu: پیر سید محمد بنیامین رضوی)date of Birth 15 Aug 1959 date of Death 24 June 2004) was a Pakistani politician. He was the oldest son of Pir Syed Mohammad Yaqoob Shah (a famous spiritual and religious scholar, and member of provincial assembly who died on 31 August 1991). On 24 June 2004 he was brutally murdered in Lahore near his House. He is buried next to his father late Pir Syed Mohammad Yaqoob Shah in his home town Phalia.

La naissance d'Osiris. La naissance d'Osiris, ou La fête Pamilie (""The Birth of Osiris, or The Festival of Pamylia"") is a one-act opera by Jean-Philippe Rameau, first performed on 12 October 1754 at Fontainebleau to celebrate the birth of the future King Louis XVI. The libretto is by Rameau's frequent collaborator Louis de Cahusac. Cahusac styled the work a ""ballet allégorique"" (""allegorical ballet""), but it is usually categorised as an ""acte de ballet"". Its slender plot tells of Jupiter's announcement to a group of Egyptian shepherds of the birth of the god Osiris, who symbolises the baby prince. The piece may have started life as part of a larger work, ""Les beaux jours de l'Amour"", an ""opéra-ballet"" Rameau and Cahusac planned but never completed for reasons which are still uncertain.

Sue Ryder. Her birth and death certificates both put the date one year later, on 3 July 1924, as does a plaque unveiled in honour of Sue Ryder and Leonard Cheshire in Cavendish Church in Suffolk. At the beginning of the war, Ryder volunteered to the First Aid Nursing Yeomanry, even though she was only 15. To get in, she lied about her age and seems to have maintained the deception for the rest of her life.

Pak Nam-gi. Pak Nam-gi or Park Nam-ki (21 February 1934 – 17 March 2010) was, until as late as January 2010, Director of the Planning and Finance Department of the ruling party of North Korea. There are doubts about his date of birth, with at least two unattributed sources reporting it as 21 February 1934 or sometime in 1928 respectively.

William Shakespeare. William Shakespeare was the son of John Shakespeare, an alderman and a successful glover (glove-maker) originally from Snitterfield, and Mary Arden, the daughter of an affluent landowning farmer. He was born in Stratford-upon-Avon and baptised there on 26 April 1564. His actual date of birth remains unknown, but is traditionally observed on 23 April, Saint George's Day. This date, which can be traced to a mistake made by an 18th-century scholar, has proved appealing to biographers because Shakespeare died on the same date in 1616. He was the third of eight children, and the eldest surviving son.

List of Soul Eater episodes. Partial box sets (DVD only) Name Release date Discs Episodes Part One February 9, 2010 1 - 13 Part Two March 30, 2010 14 - 26 Part Three June 1, 2010 27 - 39 Part Four July 27, 2010 40 - 51

Conscription in Australia. In 1964 compulsory National Service for 20 - year - old males was introduced under the National Service Act (1964). The selection of conscripts was made by a sortition or lottery draw based on date of birth, and conscripts were obligated to give two years' continuous full - time service, followed by a further three years on the active reserve list. The full - time service requirement was reduced to eighteen months in October 1971.

Clara Morris. Clara Morris (March 17, 1849 – November 20, 1925) (her birth date is sometimes given as 1846/48) was an American actress.

Ratata (band). Ratata was a Swedish pop group fronted by Swedish vocalist Mauro Scocco formed in 1980. It functioned as a 4-piece band until 1983, when it was disbanded. But Johan Ekelund having played with the band briefly continued to cooperate with Scocco continuing as a duo until 1989. The duo had a brief comeback in 2002.

Yang Meng. Yang Meng was the third son of Yang Xingmi, a major warlord at the end of Tang Dynasty as the military governor (""Jiedushi"") of Huainan Circuit (淮南, headquartered in modern Yangzhou, Jiangsu). It is not known when he was born, although his immediately older brother Yang Longyan was born in 897 and his immediately younger brother Yang Pu was born in 900, placing a timeframe on his birth date. His mother's name was not recorded in history.

Mauro Scocco. Mauro Scocco (born 11 September 1962) is a Swedish pop artist of Italian descent. He has been described as ""one of the sharpest songwriters in Sweden"". Scocco was the singer for the pop group Ratata (1980–83) transformed into a duo with Johan Ekelund (1983–89). After Ratata, Scocco has continued as a solo artist since. In 2014, he cooperated with Plura Jonsson releasing a joint album as ""Mauro & Plura"".",2292
2hop__635544_110949,What is the date of birth of the person who was part of Ratata?,content,shorten,2,"Improve accuracy, clarity, and conciseness of language.",1,"Shirley Abicair was born in Melbourne, Victoria, Australia. While some sources indicate her year of birth as 1935, a contemporary account suggests she was 23 or 24 upon arrival in Britain, making an earlier birth year more plausible, as she had completed tertiary studies in Australia. She was the only daughter of a Wing Commander in the RAAF.

The Anno Domini calendar era is based on the traditionally reckoned year of Jesus of Nazareth's conception or birth. This system, devised by Dionysius Exiguus of Scythia Minor in 525, counts years from the start of this epoch, with AD 1 immediately following 1 BC. Although not widely used until after 800, it has become the standard calendar era.

Švitrigaila, son of Algirdas, Grand Duke of Lithuania, and Uliana of Tver, appeared in politics in October 1382 when he witnessed the Treaty of Dubysa between his elder brother Jogaila and the Teutonic Knights. Historians believe that Švitrigaila was at least 12 years old at the time, placing his birth before 1370. Before his death in 1377, Algirdas transferred his throne to Jogaila but made him swear to make Švitrigaila his heir.

The U.S. Constitution uses the phrase ""natural-born Citizen"" without defining it, leading to various interpretations over time. According to 21st-century constitutional scholars and relevant case law, natural-born citizens typically include those born in the United States, with some exceptions. Many scholars also argue that those who meet the legal requirements for U.S. citizenship at birth, regardless of place of birth, are also natural-born citizens.

The meaning and significance of Australia Day have evolved over time, with the date being referred to as ""Anniversary Day,"" ""Foundation Day,"" and ""ANA Day."" January 26, 1788, marked the proclamation of British sovereignty over the eastern seaboard of Australia, then known as New Holland. Although not officially known as Australia Day until over a century later, records of celebrations on January 26 date back to 1808.

Giovanni Cifolelli was an Italian mandolin virtuoso and composer whose date and place of birth are unknown. In 1764, he appeared in Paris as a mandolin virtuoso and was highly regarded as a performer and teacher. His ""Method for the mandolin,"" published while residing in Paris, achieved great success throughout France.

Maureen Payne, a South African Test cricketer, captained the side in their second series against New Zealand in 1971-72. She appeared in five Tests for South Africa, claiming eight wickets. Her date of birth is unknown, but she died in 1997 in South Africa.

The list of Dragon Ball Super episodes is divided into parts, with Part One released on July 25, 2017, covering episodes 1-13, Part Two on October 3, 2017, covering episodes 14-26, and Part Three on February 20, 2018, covering episodes 27-39.

Streams of Expression is the 20th studio album by American jazz musician Joe Lovano, released on the Blue Note label in 2006. The album features a five-part ""Streams of Expression Suite"" and a three-part ""Birth of the Cool Suite,"" conducted by Gunther Schuller and inspired by Miles Davis' work.

Pir Syed Muhammad Binyamin Rizvi was a Pakistani politician born on August 15, 1959. He was the oldest son of Pir Syed Mohammad Yaqoob Shah, a famous spiritual and religious scholar. Pir Syed Muhammad Binyamin Rizvi was brutally murdered in Lahore on June 24, 2004.

La naissance d'Osiris, a one-act opera by Jean-Philippe Rameau, premiered on October 12, 1754, at Fontainebleau to celebrate the birth of the future King Louis XVI. The libretto, written by Louis de Cahusac, is an allegorical ballet that tells the story of Jupiter's announcement to Egyptian shepherds of the birth of the god Osiris.

Sue Ryder's birth and death certificates, as well as a plaque in her honor, indicate that she was born on July 3, 1924. However, it is reported that she lied about her age and may have been born in 1923. At the beginning of the war, Ryder volunteered for the First Aid Nursing Yeomanry at the age of 15.

Pak Nam-gi, the Director of the Planning and Finance Department of North Korea's ruling party, was born on February 21, 1934, although some sources suggest a birth year of 1928. He passed away on March 17, 2010.

William Shakespeare was the son of John Shakespeare, an alderman and glove-maker from Snitterfield, and Mary Arden, the daughter of an affluent landowning farmer. While his actual date of birth remains unknown, it is traditionally observed on April 23, Saint George's Day. This date, which originated from an 18th-century scholar's mistake, has been adopted by biographers due to Shakespeare's death on the same date in 1616.

The list of Soul Eater episodes is divided into parts, with Part One released on February 9, 2010, covering episodes 1-13, Part Two on March 30, 2010, covering episodes 14-26, Part Three on June 1, 2010, covering episodes 27-39, and Part Four on July 27, 2010, covering episodes 40-51.

Conscription in Australia was introduced in 1964 under the National Service Act, requiring 20-year-old males to serve for two years, followed by three years on the active reserve list. The selection of conscripts was made by a lottery draw based on date of birth. The full-time service requirement was reduced to 18 months in October 1971.

Clara Morris, an American actress, was born on March 17, 1849, although some sources suggest a birth year of 1846 or 1848. She passed away on November 20, 1925.

Ratata was a Swedish pop group formed in 1980, fronted by vocalist Mauro Scocco. The group functioned as a four-piece band until 1983, when it was disbanded. However, Scocco continued to cooperate with Johan Ekelund as a duo until 1989, with a brief comeback in 2002.

Yang Meng, the third son of Yang Xingmi, a major warlord at the end of the Tang Dynasty, was born at an unknown date. However, his immediately older brother Yang Longyan was born in 897, and his immediately younger brother Yang Pu was born in 900, providing a timeframe for his birth date.

Mauro Scocco, a Swedish pop artist of Italian descent, was born on September 11, 1962. He has been described as ""one of the sharpest songwriters in Sweden."" Scocco was the singer for the pop group Ratata, which later transformed into a duo with Johan Ekelund. After Ratata, Scocco continued as a solo artist, releasing a joint album with Plura Jonsson in 2014.",1535
2hop__635544_110949,What is the date of birth of the person who was part of Ratata?,content,shorten,2,"Improve accuracy, clarity, and conciseness of language.",2,"Shirley Abicair was born in Melbourne, Victoria, Australia, with her exact year of birth uncertain, although it is believed to be earlier than 1935, given her age upon arrival in Britain and completion of tertiary studies in Australia. She was the only daughter of a Wing Commander in the RAAF.

The Anno Domini calendar era, based on the traditionally reckoned year of Jesus of Nazareth's conception or birth, was devised by Dionysius Exiguus of Scythia Minor in 525. This system counts years from the start of this epoch, with AD 1 immediately following 1 BC, and has become the standard calendar era despite not being widely used until after 800.

Švitrigaila, the son of Algirdas, Grand Duke of Lithuania, and Uliana of Tver, first appeared in politics in October 1382 when he witnessed the Treaty of Dubysa between his elder brother Jogaila and the Teutonic Knights. Historians believe that Švitrigaila was at least 12 years old at the time, indicating that his birth occurred before 1370. Before his death in 1377, Algirdas transferred his throne to Jogaila but made him swear to make Švitrigaila his heir.

The U.S. Constitution uses the phrase ""natural-born Citizen"" without providing a definition, leading to various interpretations over time. According to 21st-century constitutional scholars and relevant case law, natural-born citizens typically include those born in the United States, with some exceptions. Many scholars also argue that those who meet the legal requirements for U.S. citizenship at birth, regardless of place of birth, are also natural-born citizens.

The meaning and significance of Australia Day have evolved over time, with the date being referred to as ""Anniversary Day,"" ""Foundation Day,"" and ""ANA Day."" January 26, 1788, marked the proclamation of British sovereignty over the eastern seaboard of Australia, then known as New Holland. Although not officially known as Australia Day until over a century later, records of celebrations on January 26 date back to 1808.

Giovanni Cifolelli was an Italian mandolin virtuoso and composer whose date and place of birth are unknown. In 1764, he appeared in Paris as a highly regarded mandolin virtuoso and teacher. His ""Method for the mandolin,"" published while residing in Paris, achieved great success throughout France.

Maureen Payne, a South African Test cricketer, captained the side in their second series against New Zealand in 1971-72. She appeared in five Tests for South Africa, claiming eight wickets. Her date of birth is unknown, but she died in 1997 in South Africa.

The list of Dragon Ball Super episodes is divided into parts, with Part One released on July 25, 2017, covering episodes 1-13, Part Two on October 3, 2017, covering episodes 14-26, and Part Three on February 20, 2018, covering episodes 27-39.

Streams of Expression is the 20th studio album by American jazz musician Joe Lovano, released on the Blue Note label in 2006. The album features a five-part ""Streams of Expression Suite"" and a three-part ""Birth of the Cool Suite,"" conducted by Gunther Schuller and inspired by Miles Davis' work.

Pir Syed Muhammad Binyamin Rizvi was a Pakistani politician born on August 15, 1959. He was the oldest son of Pir Syed Mohammad Yaqoob Shah, a famous spiritual and religious scholar. Pir Syed Muhammad Binyamin Rizvi was brutally murdered in Lahore on June 24, 2004.

La naissance d'Osiris, a one-act opera by Jean-Philippe Rameau, premiered on October 12, 1754, at Fontainebleau to celebrate the birth of the future King Louis XVI. The libretto, written by Louis de Cahusac, is an allegorical ballet that tells the story of Jupiter's announcement to Egyptian shepherds of the birth of the god Osiris.

Sue Ryder's birth and death certificates, as well as a plaque in her honor, indicate that she was born on July 3, 1924. However, it is reported that she lied about her age and may have been born in 1923. At the beginning of the war, Ryder volunteered for the First Aid Nursing Yeomanry at the age of 15.

Pak Nam-gi, the Director of the Planning and Finance Department of North Korea's ruling party, was born on February 21, 1934, although some sources suggest a birth year of 1928. He passed away on March 17, 2010.

William Shakespeare was the son of John Shakespeare, an alderman and glove-maker from Snitterfield, and Mary Arden, the daughter of an affluent landowning farmer. While his actual date of birth remains unknown, it is traditionally observed on April 23, Saint George's Day. This date, which originated from an 18th-century scholar's mistake, has been adopted by biographers due to Shakespeare's death on the same date in 1616.

The list of Soul Eater episodes is divided into parts, with Part One released on February 9, 2010, covering episodes 1-13, Part Two on March 30, 2010, covering episodes 14-26, Part Three on June 1, 2010, covering episodes 27-39, and Part Four on July 27, 2010, covering episodes 40-51.

Conscription in Australia was introduced in 1964 under the National Service Act, requiring 20-year-old males to serve for two years, followed by three years on the active reserve list. The selection of conscripts was made by a lottery draw based on date of birth. The full-time service requirement was reduced to 18 months in October 1971.

Clara Morris, an American actress, was born on March 17, 1849, although some sources suggest a birth year of 1846 or 1848. She passed away on November 20, 1925.

Ratata was a Swedish pop group formed in 1980, fronted by vocalist Mauro Scocco. The group functioned as a four-piece band until 1983, when it was disbanded. However, Scocco continued to cooperate with Johan Ekelund as a duo until 1989, with a brief comeback in 2002.

Yang Meng, the third son of Yang Xingmi, a major warlord at the end of the Tang Dynasty, was born at an unknown date. However, his immediately older brother Yang Longyan was born in 897, and his immediately younger brother Yang Pu was born in 900, providing a timeframe for his birth date.

Mauro Scocco, a Swedish pop artist of Italian descent, was born on September 11, 1962. He has been described as ""one of the sharpest songwriters in Sweden."" Scocco was the singer for the pop group Ratata, which later transformed into a duo with Johan Ekelund. After Ratata, Scocco continued as a solo artist, releasing a joint album with Plura Jonsson in 2014.",1524
2hop__635544_110949,What is the date of birth of the person who was part of Ratata?,content,shorten,2,"Improve accuracy, clarity, and conciseness of language.",3,"Shirley Abicair was born in Melbourne, Victoria, Australia, with her exact year of birth uncertain, although it is estimated to be earlier than 1935, based on her age upon arrival in Britain and completion of tertiary studies in Australia. As the only daughter of a Wing Commander in the RAAF, her early life was likely influenced by her father's military career.

The Anno Domini calendar era, devised by Dionysius Exiguus of Scythia Minor in 525, is based on the traditionally reckoned year of Jesus of Nazareth's conception or birth. This system counts years from the start of this epoch, with AD 1 immediately following 1 BC, and has become the standard calendar era despite not being widely used until after 800.

Švitrigaila, the son of Algirdas, Grand Duke of Lithuania, and Uliana of Tver, first appeared in politics in October 1382 when he witnessed the Treaty of Dubysa between his elder brother Jogaila and the Teutonic Knights. Historians believe that Švitrigaila was at least 12 years old at the time, indicating that his birth occurred before 1370. Algirdas transferred his throne to Jogaila before his death in 1377, making him swear to make Švitrigaila his heir.

The U.S. Constitution uses the phrase ""natural-born Citizen"" without providing a clear definition, leading to various interpretations over time. According to 21st-century constitutional scholars and relevant case law, natural-born citizens typically include those born in the United States, with some exceptions. Many scholars also argue that those who meet the legal requirements for U.S. citizenship at birth, regardless of place of birth, are also natural-born citizens.

The meaning and significance of Australia Day have evolved over time, with the date being referred to as ""Anniversary Day,"" ""Foundation Day,"" and ""ANA Day."" January 26, 1788, marked the proclamation of British sovereignty over the eastern seaboard of Australia, then known as New Holland. Although not officially known as Australia Day until over a century later, records of celebrations on January 26 date back to 1808.

Giovanni Cifolelli was an Italian mandolin virtuoso and composer whose date and place of birth are unknown. He appeared in Paris in 1764 as a highly regarded mandolin virtuoso and teacher. His ""Method for the mandolin,"" published while residing in Paris, achieved great success throughout France.

Maureen Payne, a South African Test cricketer, captained the side in their second series against New Zealand in 1971-72. She appeared in five Tests for South Africa, claiming eight wickets. Although her date of birth is unknown, she died in 1997 in South Africa.

The list of Dragon Ball Super episodes is divided into parts, with Part One released on July 25, 2017, covering episodes 1-13, Part Two on October 3, 2017, covering episodes 14-26, and Part Three on February 20, 2018, covering episodes 27-39.

Streams of Expression is the 20th studio album by American jazz musician Joe Lovano, released on the Blue Note label in 2006. The album features a five-part ""Streams of Expression Suite"" and a three-part ""Birth of the Cool Suite,"" conducted by Gunther Schuller and inspired by Miles Davis' work.

Pir Syed Muhammad Binyamin Rizvi was a Pakistani politician born on August 15, 1959. As the oldest son of Pir Syed Mohammad Yaqoob Shah, a famous spiritual and religious scholar, he was likely influenced by his father's work. Pir Syed Muhammad Binyamin Rizvi was brutally murdered in Lahore on June 24, 2004.

La naissance d'Osiris, a one-act opera by Jean-Philippe Rameau, premiered on October 12, 1754, at Fontainebleau to celebrate the birth of the future King Louis XVI. The libretto, written by Louis de Cahusac, is an allegorical ballet that tells the story of Jupiter's announcement to Egyptian shepherds of the birth of the god Osiris.

Sue Ryder's birth and death certificates, as well as a plaque in her honor, indicate that she was born on July 3, 1924. However, it is reported that she lied about her age and may have been born in 1923. At the beginning of the war, Ryder volunteered for the First Aid Nursing Yeomanry at the age of 15.

Pak Nam-gi, the Director of the Planning and Finance Department of North Korea's ruling party, was born on February 21, 1934, although some sources suggest a birth year of 1928. He passed away on March 17, 2010.

William Shakespeare was the son of John Shakespeare, an alderman and glove-maker from Snitterfield, and Mary Arden, the daughter of an affluent landowning farmer. While his actual date of birth remains unknown, it is traditionally observed on April 23, Saint George's Day. This date, which originated from an 18th-century scholar's mistake, has been adopted by biographers due to Shakespeare's death on the same date in 1616.

The list of Soul Eater episodes is divided into parts, with Part One released on February 9, 2010, covering episodes 1-13, Part Two on March 30, 2010, covering episodes 14-26, Part Three on June 1, 2010, covering episodes 27-39, and Part Four on July 27, 2010, covering episodes 40-51.

Conscription in Australia was introduced in 1964 under the National Service Act, requiring 20-year-old males to serve for two years, followed by three years on the active reserve list. The selection of conscripts was made by a lottery draw based on date of birth. The full-time service requirement was reduced to 18 months in October 1971.

Clara Morris, an American actress, was born on March 17, 1849, although some sources suggest a birth year of 1846 or 1848. She passed away on November 20, 1925.

Ratata was a Swedish pop group formed in 1980, fronted by vocalist Mauro Scocco. The group functioned as a four-piece band until 1983, when it was disbanded. However, Scocco continued to cooperate with Johan Ekelund as a duo until 1989, with a brief comeback in 2002.

Yang Meng, the third son of Yang Xingmi, a major warlord at the end of the Tang Dynasty, was born at an unknown date. However, his immediately older brother Yang Longyan was born in 897, and his immediately younger brother Yang Pu was born in 900, providing a timeframe for his birth date.

Mauro Scocco, a Swedish pop artist of Italian descent, was born on September 11, 1962. He has been described as ""one of the sharpest songwriters in Sweden."" Scocco was the singer for the pop group Ratata, which later transformed into a duo with Johan Ekelund. After Ratata, Scocco continued as a solo artist, releasing a joint album with Plura Jonsson in 2014.",1545
2hop__635544_110949,What is the date of birth of the person who was part of Ratata?,content,elaborate,0,,0,"Shirley Abicair. Shirley Abicair was born in Melbourne, Victoria, Australia. Some sources show her year of birth as 1935, but a contemporary account shows she was 23 or 24 on arrival in Britain and, as she had completed tertiary studies in Australia, the earlier date seems more likely. She was the only daughter of a Wing Commander in the RAAF.

Anno Domini. This calendar era is based on the traditionally reckoned year of the conception or birth of Jesus of Nazareth, with AD counting years from the start of this epoch, and BC denoting years before the start of the era. There is no year zero in this scheme, so the year AD 1 immediately follows the year 1 BC. This dating system was devised in 525 by Dionysius Exiguus of Scythia Minor, but was not widely used until after 800.

Švitrigaila. Švitrigaila was born to Algirdas, Grand Duke of Lithuania, and his second wife Uliana of Tver. His date of birth is unknown, but it is believed that he was the youngest or second youngest son of Algirdas. He first appeared in politics in October 1382 when he witnessed the Treaty of Dubysa between his elder brother Jogaila and the Teutonic Knights. Historians believe that would indicate that at the time Švitrigaila was no younger than 12 which would put his date of birth sometime before 1370. In a complaint submitted to the Council of Florence, Švitrigaila claimed that he and Jogaila were favorite sons of Algirdas. Before his death in 1377, Algirdas transferred his throne to Jogaila but made him swear to make Švitrigaila his heir. Jogaila's representatives did not outright deny the arrangement and instead claimed that it had been modified by mutual agreement between the brothers.

Natural-born-citizen clause. The U.S. Constitution uses but does not define the phrase ``natural born Citizen '', and various opinions have been offered over time regarding its precise meaning. The consensus of early 21st - century constitutional scholars, together with relevant case law, is that natural - born citizens include, subject to exceptions, those born in the United States. Many scholars have also concluded that those who meet the legal requirements for U.S. citizenship`` at the moment of birth'', regardless of place of birth, are also natural - born citizens. Every president to date was either a citizen at the adoption of the Constitution in 1789 or was born in the United States; of these there have been seven that had at least one parent who was not born on U.S. soil.

Australia Day. The meaning and significance of Australia Day has evolved over time. Unofficially, or historically, the date has also been variously named ``Anniversary Day '',`` Foundation Day'', and ``ANA Day ''. 26 January 1788 marked the proclamation of British sovereignty over the eastern seaboard of Australia (then known as New Holland). Although it was not known as Australia Day until over a century later, records of celebrations on 26 January date back to 1808, with the first official celebration of the formation of New South Wales held in 1818. On New Year's Day 1901, the British colonies of Australia formed a federation, marking the birth of modern Australia. A national day of unity and celebration was looked for. It was not until 1935 that all Australian states and territories adopted use of the term`` Australia Day'' to mark the date, and not until 1994 that the date was consistently marked by a public holiday on that day by all states and territories.

Giovanni Cifolelli. Giovanni Cifolelli was an Italian mandolin virtuoso and dramatic composer whose date and place of birth are unknown. In 1764 he made his appearance in Paris as a mandolin virtuoso and was highly esteemed, both as a performer and teacher. He published his ""Method for the mandolin"" while residing in Paris, which met with great success throughout France, being the most popular of its period.

Maureen Payne. Maureen Payne (date of birth unknown, died 1997, South Africa) was a South Africa Test cricketer. She captained the side for their second series, played against New Zealand in 1971–72. She appeared in five Tests for South Africa, claiming eight wickets.

List of Dragon Ball Super episodes. Name Date Discs Episodes Part One July 25, 2017 01 -- 13 Part Two October 3, 2017 14 -- 26 Part Three February 20, 2018 27 -- 39

Streams of Expression. Streams of Expression is the 20th studio album by American jazz musician Joe Lovano to be released on the Blue Note label. It was released in 2006 and features a five-part ""Streams of Expression Suite,"" three-part ""Birth of the Cool Suite,"" and three other shorter works. The ""Birth of the Cool Suite"" was conducted by Gunther Schuller and utilizes melodic themes inspired by Miles Davis' work from his 1948 and 1950 nonet. The album also features George Garzone, Ralph Lalama, Gary Smulyan, and Tim Hagans.

Pir Syed Muhammad Binyamin Rizvi. Pir Syed Muhammad Binyamin Rizvi (Urdu: پیر سید محمد بنیامین رضوی)date of Birth 15 Aug 1959 date of Death 24 June 2004) was a Pakistani politician. He was the oldest son of Pir Syed Mohammad Yaqoob Shah (a famous spiritual and religious scholar, and member of provincial assembly who died on 31 August 1991). On 24 June 2004 he was brutally murdered in Lahore near his House. He is buried next to his father late Pir Syed Mohammad Yaqoob Shah in his home town Phalia.

La naissance d'Osiris. La naissance d'Osiris, ou La fête Pamilie (""The Birth of Osiris, or The Festival of Pamylia"") is a one-act opera by Jean-Philippe Rameau, first performed on 12 October 1754 at Fontainebleau to celebrate the birth of the future King Louis XVI. The libretto is by Rameau's frequent collaborator Louis de Cahusac. Cahusac styled the work a ""ballet allégorique"" (""allegorical ballet""), but it is usually categorised as an ""acte de ballet"". Its slender plot tells of Jupiter's announcement to a group of Egyptian shepherds of the birth of the god Osiris, who symbolises the baby prince. The piece may have started life as part of a larger work, ""Les beaux jours de l'Amour"", an ""opéra-ballet"" Rameau and Cahusac planned but never completed for reasons which are still uncertain.

Sue Ryder. Her birth and death certificates both put the date one year later, on 3 July 1924, as does a plaque unveiled in honour of Sue Ryder and Leonard Cheshire in Cavendish Church in Suffolk. At the beginning of the war, Ryder volunteered to the First Aid Nursing Yeomanry, even though she was only 15. To get in, she lied about her age and seems to have maintained the deception for the rest of her life.

Pak Nam-gi. Pak Nam-gi or Park Nam-ki (21 February 1934 – 17 March 2010) was, until as late as January 2010, Director of the Planning and Finance Department of the ruling party of North Korea. There are doubts about his date of birth, with at least two unattributed sources reporting it as 21 February 1934 or sometime in 1928 respectively.

William Shakespeare. William Shakespeare was the son of John Shakespeare, an alderman and a successful glover (glove-maker) originally from Snitterfield, and Mary Arden, the daughter of an affluent landowning farmer. He was born in Stratford-upon-Avon and baptised there on 26 April 1564. His actual date of birth remains unknown, but is traditionally observed on 23 April, Saint George's Day. This date, which can be traced to a mistake made by an 18th-century scholar, has proved appealing to biographers because Shakespeare died on the same date in 1616. He was the third of eight children, and the eldest surviving son.

List of Soul Eater episodes. Partial box sets (DVD only) Name Release date Discs Episodes Part One February 9, 2010 1 - 13 Part Two March 30, 2010 14 - 26 Part Three June 1, 2010 27 - 39 Part Four July 27, 2010 40 - 51

Conscription in Australia. In 1964 compulsory National Service for 20 - year - old males was introduced under the National Service Act (1964). The selection of conscripts was made by a sortition or lottery draw based on date of birth, and conscripts were obligated to give two years' continuous full - time service, followed by a further three years on the active reserve list. The full - time service requirement was reduced to eighteen months in October 1971.

Clara Morris. Clara Morris (March 17, 1849 – November 20, 1925) (her birth date is sometimes given as 1846/48) was an American actress.

Ratata (band). Ratata was a Swedish pop group fronted by Swedish vocalist Mauro Scocco formed in 1980. It functioned as a 4-piece band until 1983, when it was disbanded. But Johan Ekelund having played with the band briefly continued to cooperate with Scocco continuing as a duo until 1989. The duo had a brief comeback in 2002.

Yang Meng. Yang Meng was the third son of Yang Xingmi, a major warlord at the end of Tang Dynasty as the military governor (""Jiedushi"") of Huainan Circuit (淮南, headquartered in modern Yangzhou, Jiangsu). It is not known when he was born, although his immediately older brother Yang Longyan was born in 897 and his immediately younger brother Yang Pu was born in 900, placing a timeframe on his birth date. His mother's name was not recorded in history.

Mauro Scocco. Mauro Scocco (born 11 September 1962) is a Swedish pop artist of Italian descent. He has been described as ""one of the sharpest songwriters in Sweden"". Scocco was the singer for the pop group Ratata (1980–83) transformed into a duo with Johan Ekelund (1983–89). After Ratata, Scocco has continued as a solo artist since. In 2014, he cooperated with Plura Jonsson releasing a joint album as ""Mauro & Plura"".",2292
2hop__635544_110949,What is the date of birth of the person who was part of Ratata?,content,elaborate,0,"Elaborate on the content, adding relevant details while staying faithful to the source text.",1,"Shirley Abicair. Shirley Abicair was born in Melbourne, Victoria, Australia, a city known for its cultural and artistic heritage. Some sources show her year of birth as 1935, but a contemporary account suggests she was 23 or 24 on arrival in Britain, which, considering she had completed tertiary studies in Australia, indicates the earlier date seems more likely. This would imply she was born in 1931 or 1932. She was the only daughter of a Wing Commander in the RAAF, a significant figure in the Australian military, and her upbringing would have been influenced by her father's distinguished career.

Anno Domini. This calendar era is based on the traditionally reckoned year of the conception or birth of Jesus of Nazareth, with AD counting years from the start of this epoch, and BC denoting years before the start of the era. There is no year zero in this scheme, so the year AD 1 immediately follows the year 1 BC, creating a seamless transition between the two periods. This dating system was devised in 525 by Dionysius Exiguus of Scythia Minor, a monk and scholar, but was not widely used until after 800, when it gradually replaced other calendars in use across Europe.

Švitrigaila. Švitrigaila was born to Algirdas, Grand Duke of Lithuania, and his second wife Uliana of Tver, a member of the royal family of Tver. His date of birth is unknown, but it is believed that he was the youngest or second youngest son of Algirdas, which would have placed him in a significant position within the family hierarchy. He first appeared in politics in October 1382 when he witnessed the Treaty of Dubysa between his elder brother Jogaila and the Teutonic Knights, a major military order of the time. Historians believe that his presence at this event would indicate that at the time Švitrigaila was no younger than 12, which would put his date of birth sometime before 1370. In a complaint submitted to the Council of Florence, Švitrigaila claimed that he and Jogaila were favorite sons of Algirdas. Before his death in 1377, Algirdas transferred his throne to Jogaila but made him swear to make Švitrigaila his heir. Jogaila's representatives did not outright deny the arrangement and instead claimed that it had been modified by mutual agreement between the brothers, indicating a complex web of alliances and power struggles within the family.

Natural-born-citizen clause. The U.S. Constitution uses but does not define the phrase ""natural born Citizen"", and various opinions have been offered over time regarding its precise meaning. The consensus of early 21st-century constitutional scholars, together with relevant case law, is that natural-born citizens include, subject to exceptions, those born in the United States. Many scholars have also concluded that those who meet the legal requirements for U.S. citizenship ""at the moment of birth"", regardless of place of birth, are also natural-born citizens. Every president to date was either a citizen at the adoption of the Constitution in 1789 or was born in the United States; of these, there have been seven that had at least one parent who was not born on U.S. soil, highlighting the complexities of citizenship and its implications for political leadership.

Australia Day. The meaning and significance of Australia Day has evolved over time, reflecting the country's growth and changing identity. Unofficially, or historically, the date has also been variously named ""Anniversary Day"", ""Foundation Day"", and ""ANA Day"". 26 January 1788 marked the proclamation of British sovereignty over the eastern seaboard of Australia (then known as New Holland), a pivotal moment in Australian history. Although it was not known as Australia Day until over a century later, records of celebrations on 26 January date back to 1808, with the first official celebration of the formation of New South Wales held in 1818. On New Year's Day 1901, the British colonies of Australia formed a federation, marking the birth of modern Australia. A national day of unity and celebration was looked for, and it was not until 1935 that all Australian states and territories adopted use of the term ""Australia Day"" to mark the date, and not until 1994 that the date was consistently marked by a public holiday on that day by all states and territories.

Giovanni Cifolelli. Giovanni Cifolelli was an Italian mandolin virtuoso and dramatic composer whose date and place of birth are unknown, leaving a gap in our understanding of his early life and influences. In 1764 he made his appearance in Paris as a mandolin virtuoso and was highly esteemed, both as a performer and teacher, indicating a high level of skill and expertise. He published his ""Method for the mandolin"" while residing in Paris, which met with great success throughout France, being the most popular of its period, and demonstrating his contribution to the world of music.

Maureen Payne. Maureen Payne (date of birth unknown, died 1997, South Africa) was a South African Test cricketer, one of the pioneering women in the sport. She captained the side for their second series, played against New Zealand in 1971–72, showcasing her leadership skills and dedication to the game. She appeared in five Tests for South Africa, claiming eight wickets, a notable achievement in the competitive world of international cricket.

List of Dragon Ball Super episodes. Name Date Discs Episodes Part One July 25, 2017 01 -- 13 Part Two October 3, 2017 14 -- 26 Part Three February 20, 2018 27 -- 39, providing a comprehensive catalog of the popular anime series.

Streams of Expression. Streams of Expression is the 20th studio album by American jazz musician Joe Lovano to be released on the Blue Note label, a renowned jazz record label. It was released in 2006 and features a five-part ""Streams of Expression Suite,"" three-part ""Birth of the Cool Suite,"" and three other shorter works, showcasing Lovano's versatility and creativity as a composer. The ""Birth of the Cool Suite"" was conducted by Gunther Schuller and utilizes melodic themes inspired by Miles Davis' work from his 1948 and 1950 nonet, paying tribute to the jazz legend. The album also features George Garzone, Ralph Lalama, Gary Smulyan, and Tim Hagans, a talented ensemble of jazz musicians.

Pir Syed Muhammad Binyamin Rizvi. Pir Syed Muhammad Binyamin Rizvi (Urdu: پیر سید محمد بنیامین رضوی) date of Birth 15 Aug 1959 date of Death 24 June 2004) was a Pakistani politician, a member of the influential Rizvi family. He was the oldest son of Pir Syed Mohammad Yaqoob Shah (a famous spiritual and religious scholar, and member of provincial assembly who died on 31 August 1991), a significant figure in Pakistani politics and spirituality. On 24 June 2004 he was brutally murdered in Lahore near his House, a tragic event that shocked the nation. He is buried next to his father late Pir Syed Mohammad Yaqoob Shah in his home town Phalia, a testament to his enduring legacy.

La naissance d'Osiris. La naissance d'Osiris, ou La fête Pamilie (""The Birth of Osiris, or The Festival of Pamylia"") is a one-act opera by Jean-Philippe Rameau, first performed on 12 October 1754 at Fontainebleau to celebrate the birth of the future King Louis XVI, a significant event in French history. The libretto is by Rameau's frequent collaborator Louis de Cahusac. Cahusac styled the work a ""ballet allégorique"" (""allegorical ballet""), but it is usually categorized as an ""acte de ballet"". Its slender plot tells of Jupiter's announcement to a group of Egyptian shepherds of the birth of the god Osiris, who symbolizes the baby prince. The piece may have started life as part of a larger work, ""Les beaux jours de l'Amour"", an ""opéra-ballet"" Rameau and Cahusac planned but never completed for reasons which are still uncertain, leaving behind a fascinating glimpse into the creative process.

Sue Ryder. Her birth and death certificates both put the date one year later, on 3 July 1924, as does a plaque unveiled in honour of Sue Ryder and Leonard Cheshire in Cavendish Church in Suffolk, a testament to her enduring legacy. At the beginning of the war, Ryder volunteered to the First Aid Nursing Yeomanry, even though she was only 15, demonstrating her courage and determination. To get in, she lied about her age and seems to have maintained the deception for the rest of her life, a remarkable example of her strength and resilience.

Pak Nam-gi. Pak Nam-gi or Park Nam-ki (21 February 1934 – 17 March 2010) was, until as late as January 2010, Director of the Planning and Finance Department of the ruling party of North Korea, a position of significant influence and power. There are doubts about his date of birth, with at least two unattributed sources reporting it as 21 February 1934 or sometime in 1928 respectively, leaving some uncertainty about his early life.

William Shakespeare. William Shakespeare was the son of John Shakespeare, an alderman and a successful glover (glove-maker) originally from Snitterfield, and Mary Arden, the daughter of an affluent landowning farmer. He was born in Stratford-upon-Avon and baptized there on 26 April 1564, a significant event in the life of",2048
2hop__635544_110949,What is the date of birth of the person who was part of Ratata?,content,elaborate,0,"Elaborate on the content, adding relevant details while staying faithful to the source text.",2,"Shirley Abicair was a remarkable individual, born in Melbourne, Victoria, Australia, a city renowned for its rich cultural and artistic heritage. Some sources suggest that her year of birth was 1935, but a contemporary account indicates that she was 23 or 24 years old upon her arrival in Britain, which, considering she had completed her tertiary studies in Australia, implies that the earlier date seems more plausible. This would suggest that she was born in 1931 or 1932. As the only daughter of a Wing Commander in the Royal Australian Air Force (RAAF), a significant figure in the Australian military, her upbringing would have been profoundly influenced by her father's distinguished career. Growing up in a household with a strong military presence would have instilled in her a sense of discipline, duty, and patriotism, shaping her worldview and future endeavors.

Anno Domini is a calendar era that is based on the traditionally reckoned year of the conception or birth of Jesus of Nazareth. This system counts years from the start of this epoch, denoting years before the start of the era as BC, and years after the start of the era as AD. A notable aspect of this system is the absence of a year zero, resulting in the year AD 1 immediately following the year 1 BC, creating a seamless transition between the two periods. This dating system was devised in 525 by Dionysius Exiguus of Scythia Minor, a monk and scholar, who played a crucial role in shaping the way we perceive time and history. Although it was not widely used until after 800, it gradually replaced other calendars in use across Europe, becoming an integral part of the Western calendar system.

Švitrigaila was born to Algirdas, the Grand Duke of Lithuania, and his second wife, Uliana of Tver, a member of the royal family of Tver. Unfortunately, his exact date of birth remains unknown, but historians believe that he was the youngest or second youngest son of Algirdas, which would have placed him in a significant position within the family hierarchy. His first recorded appearance in politics was in October 1382, when he witnessed the Treaty of Dubysa between his elder brother, Jogaila, and the Teutonic Knights, a major military order of the time. Historians believe that his presence at this event would indicate that at the time, Švitrigaila was no younger than 12 years old, which would put his date of birth sometime before 1370. In a complaint submitted to the Council of Florence, Švitrigaila claimed that he and Jogaila were the favorite sons of Algirdas. Before his death in 1377, Algirdas transferred his throne to Jogaila but made him swear to make Švitrigaila his heir. Jogaila's representatives did not outright deny the arrangement and instead claimed that it had been modified by mutual agreement between the brothers, indicating a complex web of alliances and power struggles within the family.

The natural-born-citizen clause is a provision in the U.S. Constitution that has been subject to various interpretations over time. The Constitution uses but does not define the phrase ""natural born Citizen"", leaving room for different opinions regarding its precise meaning. The consensus among early 21st-century constitutional scholars, together with relevant case law, is that natural-born citizens include, subject to exceptions, those born in the United States. Many scholars have also concluded that those who meet the legal requirements for U.S. citizenship ""at the moment of birth"", regardless of place of birth, are also natural-born citizens. Every president to date was either a citizen at the adoption of the Constitution in 1789 or was born in the United States; of these, there have been seven who had at least one parent who was not born on U.S. soil, highlighting the complexities of citizenship and its implications for political leadership. The natural-born-citizen clause has been a topic of debate, with some arguing that it is a necessary requirement for the presidency, while others see it as an outdated provision.

Australia Day is a national public holiday in Australia, celebrated on January 26th every year. The meaning and significance of Australia Day have evolved over time, reflecting the country's growth and changing identity. Unofficially, or historically, the date has also been variously named ""Anniversary Day"", ""Foundation Day"", and ""ANA Day"". January 26, 1788, marked the proclamation of British sovereignty over the eastern seaboard of Australia (then known as New Holland), a pivotal moment in Australian history. Although it was not known as Australia Day until over a century later, records of celebrations on January 26 date back to 1808, with the first official celebration of the formation of New South Wales held in 1818. On New Year's Day, 1901, the British colonies of Australia formed a federation, marking the birth of modern Australia. A national day of unity and celebration was looked for, and it was not until 1935 that all Australian states and territories adopted the use of the term ""Australia Day"" to mark the date, and not until 1994 that the date was consistently marked by a public holiday on that day by all states and territories.

Giovanni Cifolelli was an Italian mandolin virtuoso and dramatic composer whose date and place of birth remain unknown, leaving a gap in our understanding of his early life and influences. However, in 1764, he made his appearance in Paris as a mandolin virtuoso and was highly esteemed, both as a performer and teacher, indicating a high level of skill and expertise. He published his ""Method for the mandolin"" while residing in Paris, which met with great success throughout France, being the most popular of its period, and demonstrating his contribution to the world of music. Cifolelli's work had a lasting impact on the development of mandolin music, and his compositions continue to be celebrated for their beauty and technical complexity.

Maureen Payne was a pioneering South African Test cricketer, with an unknown date of birth, who passed away in 1997 in South Africa. She captained the side for their second series, played against New Zealand in 1971-72, showcasing her leadership skills and dedication to the game. Payne appeared in five Tests for South Africa, claiming eight wickets, a notable achievement in the competitive world of international cricket. Her legacy as a trailblazer in women's cricket continues to inspire future generations of female cricketers.

The list of Dragon Ball Super episodes is a comprehensive catalog of the popular anime series. Part One was released on July 25, 2017, and included episodes 01 to 13. Part Two was released on October 3, 2017, and included episodes 14 to 26. Part Three was released on February 20, 2018, and included episodes 27 to 39, providing a detailed record of the series' progression and development.

Streams of Expression is the 20th studio album by American jazz musician Joe Lovano, released on the renowned Blue Note label. The album was released in 2006 and features a five-part ""Streams of Expression Suite"", a three-part ""Birth of the Cool Suite"", and three other shorter works, showcasing Lovano's versatility and creativity as a composer. The ""Birth of the Cool Suite"" was conducted by Gunther Schuller and utilizes melodic themes inspired by Miles Davis' work from his 1948 and 1950 nonet, paying tribute to the jazz legend. The album also features George Garzone, Ralph Lalama, Gary Smulyan, and Tim Hagans, a talented ensemble of jazz musicians who bring the album to life with their unique sound and style.

Pir Syed Muhammad Binyamin Rizvi was a Pakistani politician and member of the influential Rizvi family, born on August 15, 1959. He was the oldest son of Pir Syed Mohammad Yaqoob Shah, a famous spiritual and religious scholar, and member of the provincial assembly who died on August 31, 1991. Pir Syed Muhammad Binyamin Rizvi was brutally murdered in Lahore near his house on June 24, 2004, a tragic event that shocked the nation. He is buried next to his father, late Pir Syed Mohammad Yaqoob Shah, in his hometown of Phalia, a testament to his enduring legacy.

La naissance d'Osiris, or La fête Pamilie, is a one-act opera by Jean-Philippe Rameau, first performed on October 12, 1754, at Fontainebleau to celebrate the birth of the future King Louis XVI, a significant event in French history. The libretto is by Rameau's frequent collaborator, Louis de Cahusac. Cahusac styled the work a ""ballet allégorique"", but it is usually categorized as an ""acte de ballet"". Its slender plot tells of Jupiter's announcement to a group of Egyptian shepherds of the birth of the god Osiris, who symbolizes the baby prince. The piece may have started life as part of a larger work, ""Les beaux jours de l'Amour"", an ""opéra-ballet"" that Rameau and Cahusac planned but never completed for reasons that are still uncertain, leaving behind a fascinating glimpse into the creative process.

Sue Ryder's birth and death certificates both put the date one year later, on July 3, 1924, as does a plaque unveiled in honor of Sue Ryder and Leonard Cheshire in Cavendish Church in Suffolk, a testament to her enduring legacy. At the beginning of the war, Ryder volunteered for the First Aid Nursing Yeomanry, even though she was only 15 years old, demonstrating her courage and determination. To get in, she lied about her age and seems to have maintained the deception for the rest of her life",2048
2hop__635544_110949,What is the date of birth of the person who was part of Ratata?,content,elaborate,0,"Elaborate on the content, adding relevant details while staying faithful to the source text.",3,"Shirley Abicair was an extraordinary individual, born in Melbourne, Victoria, Australia, a city celebrated for its rich cultural and artistic heritage, which would later play a significant role in shaping her life. Some sources suggest that her year of birth was 1935, but a contemporary account indicates that she was 23 or 24 years old upon her arrival in Britain, which, considering she had completed her tertiary studies in Australia, implies that the earlier date seems more plausible. This would suggest that she was born in 1931 or 1932, a time of great change and upheaval, which would have influenced her upbringing and worldview. As the only daughter of a Wing Commander in the Royal Australian Air Force (RAAF), a significant figure in the Australian military, her upbringing would have been profoundly influenced by her father's distinguished career, instilling in her a sense of discipline, duty, and patriotism. Growing up in a household with a strong military presence would have also shaped her future endeavors, as she navigated the complexities of her father's role and the expectations that came with it.

Anno Domini is a calendar era that is based on the traditionally reckoned year of the conception or birth of Jesus of Nazareth, a pivotal event in human history. This system counts years from the start of this epoch, denoting years before the start of the era as BC, and years after the start of the era as AD, creating a clear and consistent method of timekeeping. A notable aspect of this system is the absence of a year zero, resulting in the year AD 1 immediately following the year 1 BC, creating a seamless transition between the two periods. This dating system was devised in 525 by Dionysius Exiguus of Scythia Minor, a monk and scholar, who played a crucial role in shaping the way we perceive time and history, and whose work had far-reaching implications for the development of modern calendars. Although it was not widely used until after 800, it gradually replaced other calendars in use across Europe, becoming an integral part of the Western calendar system and influencing the way we understand and organize time.

Švitrigaila was born to Algirdas, the Grand Duke of Lithuania, and his second wife, Uliana of Tver, a member of the royal family of Tver, a union that would have significant implications for the future of the Grand Duchy. Unfortunately, his exact date of birth remains unknown, but historians believe that he was the youngest or second youngest son of Algirdas, which would have placed him in a significant position within the family hierarchy, with a complex web of alliances and power struggles to navigate. His first recorded appearance in politics was in October 1382, when he witnessed the Treaty of Dubysa between his elder brother, Jogaila, and the Teutonic Knights, a major military order of the time, marking an important milestone in his development as a leader. Historians believe that his presence at this event would indicate that at the time, Švitrigaila was no younger than 12 years old, which would put his date of birth sometime before 1370, a time of great upheaval and change in the region. In a complaint submitted to the Council of Florence, Švitrigaila claimed that he and Jogaila were the favorite sons of Algirdas, highlighting the complex family dynamics at play. Before his death in 1377, Algirdas transferred his throne to Jogaila but made him swear to make Švitrigaila his heir, a decision that would have significant implications for the future of the Grand Duchy.

The natural-born-citizen clause is a provision in the U.S. Constitution that has been subject to various interpretations over time, reflecting the complexities of citizenship and its implications for political leadership. The Constitution uses but does not define the phrase ""natural born Citizen"", leaving room for different opinions regarding its precise meaning, and sparking ongoing debates about the requirements for the presidency. The consensus among early 21st-century constitutional scholars, together with relevant case law, is that natural-born citizens include, subject to exceptions, those born in the United States, a definition that has been shaped by the country's history and development. Many scholars have also concluded that those who meet the legal requirements for U.S. citizenship ""at the moment of birth"", regardless of place of birth, are also natural-born citizens, highlighting the complexities of citizenship in a globalized world. Every president to date was either a citizen at the adoption of the Constitution in 1789 or was born in the United States; of these, there have been seven who had at least one parent who was not born on U.S. soil, a reflection of the diverse and complex nature of American identity.

Australia Day is a national public holiday in Australia, celebrated on January 26th every year, a date that marks the proclamation of British sovereignty over the eastern seaboard of Australia (then known as New Holland), a pivotal moment in Australian history. The meaning and significance of Australia Day have evolved over time, reflecting the country's growth and changing identity, as it has developed from a colonial outpost to a modern nation. Unofficially, or historically, the date has also been variously named ""Anniversary Day"", ""Foundation Day"", and ""ANA Day"", highlighting the complexities of Australian identity and the ongoing debates about the country's history and heritage. January 26, 1788, marked the arrival of the First Fleet, a significant event in Australian history that would shape the country's development and identity. Although it was not known as Australia Day until over a century later, records of celebrations on January 26 date back to 1808, with the first official celebration of the formation of New South Wales held in 1818, marking an important milestone in the development of Australian identity. On New Year's Day, 1901, the British colonies of Australia formed a federation, marking the birth of modern Australia, and a national day of unity and celebration was looked for, eventually settling on January 26. It was not until 1935 that all Australian states and territories adopted the use of the term ""Australia Day"" to mark the date, and not until 1994 that the date was consistently marked by a public holiday on that day by all states and territories, reflecting the ongoing evolution of Australian identity.

Giovanni Cifolelli was an Italian mandolin virtuoso and dramatic composer whose date and place of birth remain unknown, leaving a gap in our understanding of his early life and influences, and sparking ongoing speculation about his background and development as a musician. However, in 1764, he made his appearance in Paris as a mandolin virtuoso and was highly esteemed, both as a performer and teacher, indicating a high level of skill and expertise that would have been honed through years of practice and dedication. He published his ""Method for the mandolin"" while residing in Paris, which met with great success throughout France, being the most popular of its period, and demonstrating his contribution to the world of music, as well as his ability to communicate complex musical ideas to a wider audience. Cifolelli's work had a lasting impact on the development of mandolin music, and his compositions continue to be celebrated for their beauty and technical complexity, a testament to his enduring legacy as a musician and composer.

Maureen Payne was a pioneering South African Test cricketer, with an unknown date of birth, who passed away in 1997 in South Africa, leaving behind a legacy as a trailblazer in women's cricket. She captained the side for their second series, played against New Zealand in 1971-72, showcasing her leadership skills and dedication to the game, as well as her ability to inspire and motivate her teammates. Payne appeared in five Tests for South Africa, claiming eight wickets, a notable achievement in the competitive world of international cricket, and a testament to her skill and determination as a player. Her legacy as a pioneering female cricketer continues to inspire future generations of female cricketers, and her contributions to the development of women's cricket in South Africa are still celebrated today.

The list of Dragon Ball Super episodes is a comprehensive catalog of the popular anime series, which has captured the hearts of fans around the world with its epic battles, memorable characters, and intricate plotlines. Part One was released on July 25, 2017, and included episodes 01 to 13, marking the beginning of an epic journey that would take viewers on a thrilling adventure through the world of Dragon Ball. Part Two was released on October 3, 2017, and included episodes 14 to 26, continuing the story and introducing new characters and plot twists that would keep viewers on the edge of their seats. Part Three was released on February 20, 2018, and included episodes 27 to 39, providing a detailed record of the series' progression and development, as well as a testament to the creativity and imagination of its creators.

Streams of Expression is the 20th studio album by American jazz musician Joe Lovano, released on the renowned Blue Note label, which has been a hub of jazz innovation and creativity for decades. The album was released in 2006 and features a five-part ""Streams of Expression Suite"", a three-part ""Birth of the Cool Suite"", and three other shorter works, showcasing Lovano's versatility and creativity as a composer, as well as his ability to blend different styles and influences into a unique sound. The ""Birth of the Cool Suite"" was conducted by Gunther Schuller and utilizes melodic themes inspired by Miles Davis' work from his 1948 and 1950 nonet, paying tribute to the jazz legend and highlighting the enduring influence of his music. The album also features George Garzone, Ralph Lalama, Gary Smulyan, and Tim Hagans, a talented ensemble of jazz musicians who bring the album to life with their unique sound and style, creating a rich and immersive listening experience.

Pir Syed Muhammad",2048
2hop__635544_110949,What is the date of birth of the person who was part of Ratata?,content,elaborate,1,,0,"Shirley Abicair. Shirley Abicair was born in Melbourne, Victoria, Australia. Some sources show her year of birth as 1935, but a contemporary account shows she was 23 or 24 on arrival in Britain and, as she had completed tertiary studies in Australia, the earlier date seems more likely. She was the only daughter of a Wing Commander in the RAAF.

Anno Domini. This calendar era is based on the traditionally reckoned year of the conception or birth of Jesus of Nazareth, with AD counting years from the start of this epoch, and BC denoting years before the start of the era. There is no year zero in this scheme, so the year AD 1 immediately follows the year 1 BC. This dating system was devised in 525 by Dionysius Exiguus of Scythia Minor, but was not widely used until after 800.

Švitrigaila. Švitrigaila was born to Algirdas, Grand Duke of Lithuania, and his second wife Uliana of Tver. His date of birth is unknown, but it is believed that he was the youngest or second youngest son of Algirdas. He first appeared in politics in October 1382 when he witnessed the Treaty of Dubysa between his elder brother Jogaila and the Teutonic Knights. Historians believe that would indicate that at the time Švitrigaila was no younger than 12 which would put his date of birth sometime before 1370. In a complaint submitted to the Council of Florence, Švitrigaila claimed that he and Jogaila were favorite sons of Algirdas. Before his death in 1377, Algirdas transferred his throne to Jogaila but made him swear to make Švitrigaila his heir. Jogaila's representatives did not outright deny the arrangement and instead claimed that it had been modified by mutual agreement between the brothers.

Natural-born-citizen clause. The U.S. Constitution uses but does not define the phrase ``natural born Citizen '', and various opinions have been offered over time regarding its precise meaning. The consensus of early 21st - century constitutional scholars, together with relevant case law, is that natural - born citizens include, subject to exceptions, those born in the United States. Many scholars have also concluded that those who meet the legal requirements for U.S. citizenship`` at the moment of birth'', regardless of place of birth, are also natural - born citizens. Every president to date was either a citizen at the adoption of the Constitution in 1789 or was born in the United States; of these there have been seven that had at least one parent who was not born on U.S. soil.

Australia Day. The meaning and significance of Australia Day has evolved over time. Unofficially, or historically, the date has also been variously named ``Anniversary Day '',`` Foundation Day'', and ``ANA Day ''. 26 January 1788 marked the proclamation of British sovereignty over the eastern seaboard of Australia (then known as New Holland). Although it was not known as Australia Day until over a century later, records of celebrations on 26 January date back to 1808, with the first official celebration of the formation of New South Wales held in 1818. On New Year's Day 1901, the British colonies of Australia formed a federation, marking the birth of modern Australia. A national day of unity and celebration was looked for. It was not until 1935 that all Australian states and territories adopted use of the term`` Australia Day'' to mark the date, and not until 1994 that the date was consistently marked by a public holiday on that day by all states and territories.

Giovanni Cifolelli. Giovanni Cifolelli was an Italian mandolin virtuoso and dramatic composer whose date and place of birth are unknown. In 1764 he made his appearance in Paris as a mandolin virtuoso and was highly esteemed, both as a performer and teacher. He published his ""Method for the mandolin"" while residing in Paris, which met with great success throughout France, being the most popular of its period.

Maureen Payne. Maureen Payne (date of birth unknown, died 1997, South Africa) was a South Africa Test cricketer. She captained the side for their second series, played against New Zealand in 1971–72. She appeared in five Tests for South Africa, claiming eight wickets.

List of Dragon Ball Super episodes. Name Date Discs Episodes Part One July 25, 2017 01 -- 13 Part Two October 3, 2017 14 -- 26 Part Three February 20, 2018 27 -- 39

Streams of Expression. Streams of Expression is the 20th studio album by American jazz musician Joe Lovano to be released on the Blue Note label. It was released in 2006 and features a five-part ""Streams of Expression Suite,"" three-part ""Birth of the Cool Suite,"" and three other shorter works. The ""Birth of the Cool Suite"" was conducted by Gunther Schuller and utilizes melodic themes inspired by Miles Davis' work from his 1948 and 1950 nonet. The album also features George Garzone, Ralph Lalama, Gary Smulyan, and Tim Hagans.

Pir Syed Muhammad Binyamin Rizvi. Pir Syed Muhammad Binyamin Rizvi (Urdu: پیر سید محمد بنیامین رضوی)date of Birth 15 Aug 1959 date of Death 24 June 2004) was a Pakistani politician. He was the oldest son of Pir Syed Mohammad Yaqoob Shah (a famous spiritual and religious scholar, and member of provincial assembly who died on 31 August 1991). On 24 June 2004 he was brutally murdered in Lahore near his House. He is buried next to his father late Pir Syed Mohammad Yaqoob Shah in his home town Phalia.

La naissance d'Osiris. La naissance d'Osiris, ou La fête Pamilie (""The Birth of Osiris, or The Festival of Pamylia"") is a one-act opera by Jean-Philippe Rameau, first performed on 12 October 1754 at Fontainebleau to celebrate the birth of the future King Louis XVI. The libretto is by Rameau's frequent collaborator Louis de Cahusac. Cahusac styled the work a ""ballet allégorique"" (""allegorical ballet""), but it is usually categorised as an ""acte de ballet"". Its slender plot tells of Jupiter's announcement to a group of Egyptian shepherds of the birth of the god Osiris, who symbolises the baby prince. The piece may have started life as part of a larger work, ""Les beaux jours de l'Amour"", an ""opéra-ballet"" Rameau and Cahusac planned but never completed for reasons which are still uncertain.

Sue Ryder. Her birth and death certificates both put the date one year later, on 3 July 1924, as does a plaque unveiled in honour of Sue Ryder and Leonard Cheshire in Cavendish Church in Suffolk. At the beginning of the war, Ryder volunteered to the First Aid Nursing Yeomanry, even though she was only 15. To get in, she lied about her age and seems to have maintained the deception for the rest of her life.

Pak Nam-gi. Pak Nam-gi or Park Nam-ki (21 February 1934 – 17 March 2010) was, until as late as January 2010, Director of the Planning and Finance Department of the ruling party of North Korea. There are doubts about his date of birth, with at least two unattributed sources reporting it as 21 February 1934 or sometime in 1928 respectively.

William Shakespeare. William Shakespeare was the son of John Shakespeare, an alderman and a successful glover (glove-maker) originally from Snitterfield, and Mary Arden, the daughter of an affluent landowning farmer. He was born in Stratford-upon-Avon and baptised there on 26 April 1564. His actual date of birth remains unknown, but is traditionally observed on 23 April, Saint George's Day. This date, which can be traced to a mistake made by an 18th-century scholar, has proved appealing to biographers because Shakespeare died on the same date in 1616. He was the third of eight children, and the eldest surviving son.

List of Soul Eater episodes. Partial box sets (DVD only) Name Release date Discs Episodes Part One February 9, 2010 1 - 13 Part Two March 30, 2010 14 - 26 Part Three June 1, 2010 27 - 39 Part Four July 27, 2010 40 - 51

Conscription in Australia. In 1964 compulsory National Service for 20 - year - old males was introduced under the National Service Act (1964). The selection of conscripts was made by a sortition or lottery draw based on date of birth, and conscripts were obligated to give two years' continuous full - time service, followed by a further three years on the active reserve list. The full - time service requirement was reduced to eighteen months in October 1971.

Clara Morris. Clara Morris (March 17, 1849 – November 20, 1925) (her birth date is sometimes given as 1846/48) was an American actress.

Ratata (band). Ratata was a Swedish pop group fronted by Swedish vocalist Mauro Scocco formed in 1980. It functioned as a 4-piece band until 1983, when it was disbanded. But Johan Ekelund having played with the band briefly continued to cooperate with Scocco continuing as a duo until 1989. The duo had a brief comeback in 2002.

Yang Meng. Yang Meng was the third son of Yang Xingmi, a major warlord at the end of Tang Dynasty as the military governor (""Jiedushi"") of Huainan Circuit (淮南, headquartered in modern Yangzhou, Jiangsu). It is not known when he was born, although his immediately older brother Yang Longyan was born in 897 and his immediately younger brother Yang Pu was born in 900, placing a timeframe on his birth date. His mother's name was not recorded in history.

Mauro Scocco. Mauro Scocco (born 11 September 1962) is a Swedish pop artist of Italian descent. He has been described as ""one of the sharpest songwriters in Sweden"". Scocco was the singer for the pop group Ratata (1980–83) transformed into a duo with Johan Ekelund (1983–89). After Ratata, Scocco has continued as a solo artist since. In 2014, he cooperated with Plura Jonsson releasing a joint album as ""Mauro & Plura"".",2292
2hop__635544_110949,What is the date of birth of the person who was part of Ratata?,content,elaborate,1,"Expand the text with more context, without introducing information that is not supported by the original.",1,"Shirley Abicair was an Australian-born British singer, guitarist, and television presenter who was born in Melbourne, Victoria, Australia. Some sources show her year of birth as 1935, but a contemporary account shows she was 23 or 24 on arrival in Britain, and as she had completed tertiary studies in Australia, the earlier date seems more likely. She was the only daughter of a Wing Commander in the RAAF, who was a high-ranking officer in the Royal Australian Air Force. This background suggests that Abicair's early life was shaped by a strong sense of discipline and respect for authority.

Anno Domini, or the Common Era, is a calendar era based on the traditionally reckoned year of the conception or birth of Jesus of Nazareth. This method of counting years from the start of this epoch, with AD denoting years after the birth of Jesus and BC denoting years before the start of the era, is widely used in the Western world. There is no year zero in this scheme, so the year AD 1 immediately follows the year 1 BC. This dating system was devised in 525 by Dionysius Exiguus of Scythia Minor, a monk and scholar who is best known for his work on the Easter cycle, but was not widely used until after 800 when it gradually replaced earlier dating systems.

Švitrigaila was a Grand Duke of Lithuania, born to Algirdas, Grand Duke of Lithuania, and his second wife Uliana of Tver. His date of birth is unknown, but it is believed that he was the youngest or second youngest son of Algirdas, who had several children with his two wives. He first appeared in politics in October 1382 when he witnessed the Treaty of Dubysa between his elder brother Jogaila and the Teutonic Knights, a German military order that played a significant role in the history of Eastern Europe. Historians believe that would indicate that at the time Švitrigaila was no younger than 12, which would put his date of birth sometime before 1370. In a complaint submitted to the Council of Florence, Švitrigaila claimed that he and Jogaila were favorite sons of Algirdas. Before his death in 1377, Algirdas transferred his throne to Jogaila but made him swear to make Švitrigaila his heir. Jogaila's representatives did not outright deny the arrangement and instead claimed that it had been modified by mutual agreement between the brothers.

The natural-born-citizen clause of the U.S. Constitution uses but does not define the phrase ""natural born Citizen,"" and various opinions have been offered over time regarding its precise meaning. The consensus of early 21st-century constitutional scholars, together with relevant case law, is that natural-born citizens include, subject to exceptions, those born in the United States. Many scholars have also concluded that those who meet the legal requirements for U.S. citizenship ""at the moment of birth,"" regardless of place of birth, are also natural-born citizens. Every president to date was either a citizen at the adoption of the Constitution in 1789 or was born in the United States, with seven of them having at least one parent who was not born on U.S. soil. This has led to ongoing debates about the meaning and application of the natural-born-citizen clause.

Australia Day is a national public holiday in Australia, celebrated on January 26 every year. The meaning and significance of Australia Day have evolved over time, with different names being used to describe the event. Unofficially, or historically, the date has also been variously named ""Anniversary Day,"" ""Foundation Day,"" and ""ANA Day."" 26 January 1788 marked the proclamation of British sovereignty over the eastern seaboard of Australia, then known as New Holland. Although it was not known as Australia Day until over a century later, records of celebrations on 26 January date back to 1808, with the first official celebration of the formation of New South Wales held in 1818. On New Year's Day 1901, the British colonies of Australia formed a federation, marking the birth of modern Australia. A national day of unity and celebration was looked for, and it was not until 1935 that all Australian states and territories adopted the use of the term ""Australia Day"" to mark the date, and not until 1994 that the date was consistently marked by a public holiday on that day by all states and territories.

Giovanni Cifolelli was an Italian mandolin virtuoso and dramatic composer whose date and place of birth are unknown. In 1764, he made his appearance in Paris as a mandolin virtuoso and was highly esteemed, both as a performer and teacher. He published his ""Method for the mandolin"" while residing in Paris, which met with great success throughout France, being the most popular of its period. This suggests that Cifolelli was a prominent figure in the musical scene of 18th-century Paris.

Maureen Payne was a South African Test cricketer, born on an unknown date. She died in 1997 in South Africa. Payne captained the side for their second series, played against New Zealand in 1971–72. She appeared in five Tests for South Africa, claiming eight wickets. As a pioneering female cricketer, Payne's achievements helped pave the way for future generations of women in the sport.

List of Dragon Ball Super episodes.

Name Date Discs Episodes 
Part One July 25, 2017 01 -- 13 
Part Two October 3, 2017 14 -- 26 
Part Three February 20, 2018 27 -- 39

Streams of Expression is the 20th studio album by American jazz musician Joe Lovano to be released on the Blue Note label. It was released in 2006 and features a five-part ""Streams of Expression Suite,"" three-part ""Birth of the Cool Suite,"" and three other shorter works. The ""Birth of the Cool Suite"" was conducted by Gunther Schuller and utilizes melodic themes inspired by Miles Davis' work from his 1948 and 1950 nonet. The album also features George Garzone, Ralph Lalama, Gary Smulyan, and Tim Hagans, showcasing Lovano's ability to collaborate with other talented musicians.

Pir Syed Muhammad Binyamin Rizvi was a Pakistani politician, born on August 15, 1959. He was the oldest son of Pir Syed Mohammad Yaqoob Shah, a famous spiritual and religious scholar and member of the provincial assembly who died on August 31, 1991. On June 24, 2004, Pir Syed Muhammad Binyamin Rizvi was brutally murdered in Lahore near his house. He is buried next to his father, late Pir Syed Mohammad Yaqoob Shah, in his hometown of Phalia.

La naissance d'Osiris, or La fête Pamilie, is a one-act opera by Jean-Philippe Rameau, first performed on October 12, 1754, at Fontainebleau to celebrate the birth of the future King Louis XVI. The libretto is by Rameau's frequent collaborator Louis de Cahusac. Cahusac styled the work a ""ballet allégorique,"" but it is usually categorized as an ""acte de ballet."" Its slender plot tells of Jupiter's announcement to a group of Egyptian shepherds of the birth of the god Osiris, who symbolizes the baby prince. The piece may have started life as part of a larger work, ""Les beaux jours de l'Amour,"" an ""opéra-ballet"" Rameau and Cahusac planned but never completed for reasons that are still uncertain.

Sue Ryder was a British social worker and charity founder, born on July 3, 1923, although her birth and death certificates both put the date one year later, on July 3, 1924, as does a plaque unveiled in her honor and Leonard Cheshire's in Cavendish Church in Suffolk. At the beginning of the war, Ryder volunteered for the First Aid Nursing Yeomanry, even though she was only 15. To get in, she lied about her age and seems to have maintained the deception for the rest of her life.

Pak Nam-gi was a North Korean politician, born on February 21, 1934, although there are doubts about his date of birth, with at least two unattributed sources reporting it as February 21, 1934, or sometime in 1928. He was, until as late as January 2010, Director of the Planning and Finance Department of the ruling party of North Korea. 

William Shakespeare was an English playwright and poet, widely regarded as one of the greatest writers in the English language and the world's pre-eminent dramatist. He was the son of John Shakespeare, an alderman and a successful glover originally from Snitterfield, and Mary Arden, the daughter of an affluent landowning farmer. He was born in Stratford-upon-Avon and baptized there on April 26, 1564. His actual date of birth remains unknown, but is traditionally observed on April 23, Saint George's Day. This date, which can be traced to a mistake made by an 18th-century scholar, has proved appealing to biographers because Shakespeare died on the same date in 1616. He was the third of eight children and the eldest surviving son.

List of Soul Eater episodes.

Partial box sets (DVD only) 
Name Release date Discs Episodes 
Part One February 9, 2010 1 - 13 
Part Two March 30, 2010 14 - 26 
Part Three June 1, 2010 27 - 39 
Part Four July 27, 2010",2048
2hop__635544_110949,What is the date of birth of the person who was part of Ratata?,content,elaborate,1,"Expand the text with more context, without introducing information that is not supported by the original.",2,"Shirley Abicair was an Australian-born British singer, guitarist, and television presenter who was born in Melbourne, Victoria, Australia. Some sources show her year of birth as 1935, but a contemporary account shows she was 23 or 24 on arrival in Britain, and as she had completed tertiary studies in Australia, the earlier date seems more likely. She was the only daughter of a Wing Commander in the RAAF, who was a high-ranking officer in the Royal Australian Air Force, responsible for leading and commanding squadrons and wings. This background suggests that Abicair's early life was shaped by a strong sense of discipline and respect for authority that is often associated with military families.

Anno Domini, or the Common Era, is a calendar era based on the traditionally reckoned year of the conception or birth of Jesus of Nazareth. This method of counting years from the start of this epoch, with AD denoting years after the birth of Jesus and BC denoting years before the start of the era, is widely used in the Western world. There is no year zero in this scheme, so the year AD 1 immediately follows the year 1 BC. This dating system was devised in 525 by Dionysius Exiguus of Scythia Minor, a monk and scholar who is best known for his work on the Easter cycle, but was not widely used until after 800 when it gradually replaced earlier dating systems. It is still widely used today in many parts of the world.

Švitrigaila was a Grand Duke of Lithuania, born to Algirdas, Grand Duke of Lithuania, and his second wife Uliana of Tver. His date of birth is unknown, but it is believed that he was the youngest or second youngest son of Algirdas, who had several children with his two wives. He first appeared in politics in October 1382 when he witnessed the Treaty of Dubysa between his elder brother Jogaila and the Teutonic Knights, a German military order that played a significant role in the history of Eastern Europe. Historians believe that would indicate that at the time Švitrigaila was no younger than 12, which would put his date of birth sometime before 1370. In a complaint submitted to the Council of Florence, Švitrigaila claimed that he and Jogaila were favorite sons of Algirdas. Before his death in 1377, Algirdas transferred his throne to Jogaila but made him swear to make Švitrigaila his heir. Jogaila's representatives did not outright deny the arrangement and instead claimed that it had been modified by mutual agreement between the brothers. This suggests that the relationship between the brothers was complex and involved a degree of tension.

The natural-born-citizen clause of the U.S. Constitution uses but does not define the phrase ""natural born Citizen,"" and various opinions have been offered over time regarding its precise meaning. The consensus of early 21st-century constitutional scholars, together with relevant case law, is that natural-born citizens include, subject to exceptions, those born in the United States. Many scholars have also concluded that those who meet the legal requirements for U.S. citizenship ""at the moment of birth,"" regardless of place of birth, are also natural-born citizens. Every president to date was either a citizen at the adoption of the Constitution in 1789 or was born in the United States, with seven of them having at least one parent who was not born on U.S. soil. This has led to ongoing debates about the meaning and application of the natural-born-citizen clause. The clause has been the subject of much controversy over the years, with some arguing that it should be interpreted narrowly and others arguing that it should be interpreted more broadly.

Australia Day is a national public holiday in Australia, celebrated on January 26 every year. The meaning and significance of Australia Day have evolved over time, with different names being used to describe the event. Unofficially, or historically, the date has also been variously named ""Anniversary Day,"" ""Foundation Day,"" and ""ANA Day."" 26 January 1788 marked the proclamation of British sovereignty over the eastern seaboard of Australia, then known as New Holland. Although it was not known as Australia Day until over a century later, records of celebrations on 26 January date back to 1808, with the first official celebration of the formation of New South Wales held in 1818. On New Year's Day 1901, the British colonies of Australia formed a federation, marking the birth of modern Australia. A national day of unity and celebration was looked for, and it was not until 1935 that all Australian states and territories adopted the use of the term ""Australia Day"" to mark the date, and not until 1994 that the date was consistently marked by a public holiday on that day by all states and territories. This reflects the complex and evolving nature of Australian identity.

Giovanni Cifolelli was an Italian mandolin virtuoso and dramatic composer whose date and place of birth are unknown. In 1764, he made his appearance in Paris as a mandolin virtuoso and was highly esteemed, both as a performer and teacher. He published his ""Method for the mandolin"" while residing in Paris, which met with great success throughout France, being the most popular of its period. This suggests that Cifolelli was a prominent figure in the musical scene of 18th-century Paris. His work on the mandolin helped to establish the instrument as a popular choice for composers and musicians.

Maureen Payne was a South African Test cricketer, born on an unknown date. She died in 1997 in South Africa. Payne captained the side for their second series, played against New Zealand in 1971–72. She appeared in five Tests for South Africa, claiming eight wickets. As a pioneering female cricketer, Payne's achievements helped pave the way for future generations of women in the sport. Her legacy continues to inspire women cricketers today.

List of Dragon Ball Super episodes.

Name Date Discs Episodes 
Part One July 25, 2017 01 -- 13 
Part Two October 3, 2017 14 -- 26 
Part Three February 20, 2018 27 -- 39

Streams of Expression is the 20th studio album by American jazz musician Joe Lovano to be released on the Blue Note label. It was released in 2006 and features a five-part ""Streams of Expression Suite,"" three-part ""Birth of the Cool Suite,"" and three other shorter works. The ""Birth of the Cool Suite"" was conducted by Gunther Schuller and utilizes melodic themes inspired by Miles Davis' work from his 1948 and 1950 nonet. The album also features George Garzone, Ralph Lalama, Gary Smulyan, and Tim Hagans, showcasing Lovano's ability to collaborate with other talented musicians. This reflects Lovano's commitment to working with other artists and pushing the boundaries of jazz.

Pir Syed Muhammad Binyamin Rizvi was a Pakistani politician, born on August 15, 1959. He was the oldest son of Pir Syed Mohammad Yaqoob Shah, a famous spiritual and religious scholar and member of the provincial assembly who died on August 31, 1991. On June 24, 2004, Pir Syed Muhammad Binyamin Rizvi was brutally murdered in Lahore near his house. He is buried next to his father, late Pir Syed Mohammad Yaqoob Shah, in his hometown of Phalia. This tragic event shocked the community and led to widespread outrage.

La naissance d'Osiris, or La fête Pamilie, is a one-act opera by Jean-Philippe Rameau, first performed on October 12, 1754, at Fontainebleau to celebrate the birth of the future King Louis XVI. The libretto is by Rameau's frequent collaborator Louis de Cahusac. Cahusac styled the work a ""ballet allégorique,"" but it is usually categorized as an ""acte de ballet."" Its slender plot tells of Jupiter's announcement to a group of Egyptian shepherds of the birth of the god Osiris, who symbolizes the baby prince. The piece may have started life as part of a larger work, ""Les beaux jours de l'Amour,"" an ""opéra-ballet"" Rameau and Cahusac planned but never completed for reasons that are still uncertain. This work reflects the elaborate and ornate style of French opera in the 18th century.

Sue Ryder was a British social worker and charity founder, born on July 3, 1923, although her birth and death certificates both put the date one year later, on July 3, 1924, as does a plaque unveiled in her honor and Leonard Cheshire's in Cavendish Church in Suffolk. At the beginning of the war, Ryder volunteered for the First Aid Nursing Yeomanry, even though she was only 15. To get in, she lied about her age and seems to have maintained the deception for the rest of her life. This reflects her determination and commitment to helping others.

Pak Nam-gi was a North Korean politician, born on February 21, 1934, although there are doubts about his date of birth, with at least two unattributed sources reporting it as February 21, 1934, or sometime in 1928. He was, until as late as January 2010, Director of the Planning and Finance Department of the ruling party of North Korea. His role in the government was significant, and his work had a major impact on the country's economy.

William Shakespeare was an English playwright and poet, widely regarded as one of the greatest writers in the English language and the world's pre-eminent dramatist. He was the son of John Shakespeare",2048
2hop__635544_110949,What is the date of birth of the person who was part of Ratata?,content,elaborate,1,"Expand the text with more context, without introducing information that is not supported by the original.",3,"Shirley Abicair was an Australian-born British singer, guitarist, and television presenter who was born in Melbourne, Victoria, Australia. Some sources show her year of birth as 1935, but a contemporary account shows she was 23 or 24 on arrival in Britain, and as she had completed tertiary studies in Australia, the earlier date seems more likely. Given the fact that she had completed her tertiary education in Australia before moving to Britain, it can be inferred that Abicair's early life was marked by a strong academic inclination. She was the only daughter of a Wing Commander in the RAAF, who was a high-ranking officer in the Royal Australian Air Force, responsible for leading and commanding squadrons and wings. This background suggests that Abicair's early life was shaped by a strong sense of discipline and respect for authority that is often associated with military families. As the daughter of a high-ranking military officer, Abicair would have been exposed to a structured environment from a young age, which could have influenced her personal and professional development.

Anno Domini, or the Common Era, is a calendar era based on the traditionally reckoned year of the conception or birth of Jesus of Nazareth. This method of counting years from the start of this epoch, with AD denoting years after the birth of Jesus and BC denoting years before the start of the era, is widely used in the Western world. The use of this dating system allows for a standardized way of measuring time across different cultures and geographical locations. There is no year zero in this scheme, so the year AD 1 immediately follows the year 1 BC. This dating system was devised in 525 by Dionysius Exiguus of Scythia Minor, a monk and scholar who is best known for his work on the Easter cycle, but was not widely used until after 800 when it gradually replaced earlier dating systems. The widespread adoption of this system reflects the significant impact of Christianity on the way people understand and record time. It is still widely used today in many parts of the world, serving as a common reference point for historical and cultural purposes.

Švitrigaila was a Grand Duke of Lithuania, born to Algirdas, Grand Duke of Lithuania, and his second wife Uliana of Tver. His date of birth is unknown, but it is believed that he was the youngest or second youngest son of Algirdas, who had several children with his two wives. The lack of information about Švitrigaila's early life is a reflection of the limited historical records available from that time period. He first appeared in politics in October 1382 when he witnessed the Treaty of Dubysa between his elder brother Jogaila and the Teutonic Knights, a German military order that played a significant role in the history of Eastern Europe. Historians believe that would indicate that at the time Švitrigaila was no younger than 12, which would put his date of birth sometime before 1370. In a complaint submitted to the Council of Florence, Švitrigaila claimed that he and Jogaila were favorite sons of Algirdas. Before his death in 1377, Algirdas transferred his throne to Jogaila but made him swear to make Švitrigaila his heir. Jogaila's representatives did not outright deny the arrangement and instead claimed that it had been modified by mutual agreement between the brothers. This suggests that the relationship between the brothers was complex and involved a degree of tension, which would have had significant implications for the future of the Grand Duchy of Lithuania.

The natural-born-citizen clause of the U.S. Constitution uses but does not define the phrase ""natural born Citizen,"" and various opinions have been offered over time regarding its precise meaning. The clause has been the subject of much debate and interpretation, with different scholars and experts offering varying perspectives on its application. The consensus of early 21st-century constitutional scholars, together with relevant case law, is that natural-born citizens include, subject to exceptions, those born in the United States. Many scholars have also concluded that those who meet the legal requirements for U.S. citizenship ""at the moment of birth,"" regardless of place of birth, are also natural-born citizens. Every president to date was either a citizen at the adoption of the Constitution in 1789 or was born in the United States, with seven of them having at least one parent who was not born on U.S. soil. This has led to ongoing debates about the meaning and application of the natural-born-citizen clause. The clause has been the subject of much controversy over the years, with some arguing that it should be interpreted narrowly and others arguing that it should be interpreted more broadly. The implications of this clause extend beyond the realm of presidential eligibility, as it has significant consequences for the understanding of citizenship and national identity.

Australia Day is a national public holiday in Australia, celebrated on January 26 every year. The meaning and significance of Australia Day have evolved over time, with different names being used to describe the event. Unofficially, or historically, the date has also been variously named ""Anniversary Day,"" ""Foundation Day,"" and ""ANA Day."" 26 January 1788 marked the proclamation of British sovereignty over the eastern seaboard of Australia, then known as New Holland. Although it was not known as Australia Day until over a century later, records of celebrations on 26 January date back to 1808, with the first official celebration of the formation of New South Wales held in 1818. On New Year's Day 1901, the British colonies of Australia formed a federation, marking the birth of modern Australia. A national day of unity and celebration was looked for, and it was not until 1935 that all Australian states and territories adopted the use of the term ""Australia Day"" to mark the date, and not until 1994 that the date was consistently marked by a public holiday on that day by all states and territories. This reflects the complex and evolving nature of Australian identity, as the country has grappled with its history and cultural heritage.

Giovanni Cifolelli was an Italian mandolin virtuoso and dramatic composer whose date and place of birth are unknown. In 1764, he made his appearance in Paris as a mandolin virtuoso and was highly esteemed, both as a performer and teacher. He published his ""Method for the mandolin"" while residing in Paris, which met with great success throughout France, being the most popular of its period. This suggests that Cifolelli was a prominent figure in the musical scene of 18th-century Paris, and his work on the mandolin helped to establish the instrument as a popular choice for composers and musicians. The lack of information about Cifolelli's early life and education is a reflection of the limited historical records available from that time period.

Maureen Payne was a South African Test cricketer, born on an unknown date. She died in 1997 in South Africa. Payne captained the side for their second series, played against New Zealand in 1971–72. She appeared in five Tests for South Africa, claiming eight wickets. As a pioneering female cricketer, Payne's achievements helped pave the way for future generations of women in the sport. Her legacy continues to inspire women cricketers today, serving as a role model for those who have followed in her footsteps.

List of Dragon Ball Super episodes.

Name Date Discs Episodes 
Part One July 25, 2017 01 -- 13 
Part Two October 3, 2017 14 -- 26 
Part Three February 20, 2018 27 -- 39

Streams of Expression is the 20th studio album by American jazz musician Joe Lovano to be released on the Blue Note label. It was released in 2006 and features a five-part ""Streams of Expression Suite,"" three-part ""Birth of the Cool Suite,"" and three other shorter works. The ""Birth of the Cool Suite"" was conducted by Gunther Schuller and utilizes melodic themes inspired by Miles Davis' work from his 1948 and 1950 nonet. The album also features George Garzone, Ralph Lalama, Gary Smulyan, and Tim Hagans, showcasing Lovano's ability to collaborate with other talented musicians. This reflects Lovano's commitment to working with other artists and pushing the boundaries of jazz, as he continues to explore new sounds and styles in his music.

Pir Syed Muhammad Binyamin Rizvi was a Pakistani politician, born on August 15, 1959. He was the oldest son of Pir Syed Mohammad Yaqoob Shah, a famous spiritual and religious scholar and member of the provincial assembly who died on August 31, 1991. On June 24, 2004, Pir Syed Muhammad Binyamin Rizvi was brutally murdered in Lahore near his house. He is buried next to his father, late Pir Syed Mohammad Yaqoob Shah, in his hometown of Phalia. This tragic event shocked the community and led to widespread outrage, highlighting the violent and often unstable nature of Pakistani politics.

La naissance d'Osiris, or La fête Pamilie, is a one-act opera by Jean-Philippe Rameau, first performed on October 12, 1754, at Fontainebleau to celebrate the birth of the future King Louis XVI. The libretto is by Rameau's frequent collaborator Louis de Cahusac. Cahusac styled the work a ""ballet allégorique,"" but it is usually categorized as an ""acte de ballet."" Its slender plot tells of Jupiter's announcement to a group of Egyptian shepherds of the birth of the god Osiris, who symbolizes the baby prince. The piece may have started life as part of a larger work, ""Les beaux jours de l'Amour,"" an ""opéra-ballet"" Rameau and",2048
2hop__635544_110949,What is the date of birth of the person who was part of Ratata?,content,elaborate,2,,0,"Shirley Abicair. Shirley Abicair was born in Melbourne, Victoria, Australia. Some sources show her year of birth as 1935, but a contemporary account shows she was 23 or 24 on arrival in Britain and, as she had completed tertiary studies in Australia, the earlier date seems more likely. She was the only daughter of a Wing Commander in the RAAF.

Anno Domini. This calendar era is based on the traditionally reckoned year of the conception or birth of Jesus of Nazareth, with AD counting years from the start of this epoch, and BC denoting years before the start of the era. There is no year zero in this scheme, so the year AD 1 immediately follows the year 1 BC. This dating system was devised in 525 by Dionysius Exiguus of Scythia Minor, but was not widely used until after 800.

Švitrigaila. Švitrigaila was born to Algirdas, Grand Duke of Lithuania, and his second wife Uliana of Tver. His date of birth is unknown, but it is believed that he was the youngest or second youngest son of Algirdas. He first appeared in politics in October 1382 when he witnessed the Treaty of Dubysa between his elder brother Jogaila and the Teutonic Knights. Historians believe that would indicate that at the time Švitrigaila was no younger than 12 which would put his date of birth sometime before 1370. In a complaint submitted to the Council of Florence, Švitrigaila claimed that he and Jogaila were favorite sons of Algirdas. Before his death in 1377, Algirdas transferred his throne to Jogaila but made him swear to make Švitrigaila his heir. Jogaila's representatives did not outright deny the arrangement and instead claimed that it had been modified by mutual agreement between the brothers.

Natural-born-citizen clause. The U.S. Constitution uses but does not define the phrase ``natural born Citizen '', and various opinions have been offered over time regarding its precise meaning. The consensus of early 21st - century constitutional scholars, together with relevant case law, is that natural - born citizens include, subject to exceptions, those born in the United States. Many scholars have also concluded that those who meet the legal requirements for U.S. citizenship`` at the moment of birth'', regardless of place of birth, are also natural - born citizens. Every president to date was either a citizen at the adoption of the Constitution in 1789 or was born in the United States; of these there have been seven that had at least one parent who was not born on U.S. soil.

Australia Day. The meaning and significance of Australia Day has evolved over time. Unofficially, or historically, the date has also been variously named ``Anniversary Day '',`` Foundation Day'', and ``ANA Day ''. 26 January 1788 marked the proclamation of British sovereignty over the eastern seaboard of Australia (then known as New Holland). Although it was not known as Australia Day until over a century later, records of celebrations on 26 January date back to 1808, with the first official celebration of the formation of New South Wales held in 1818. On New Year's Day 1901, the British colonies of Australia formed a federation, marking the birth of modern Australia. A national day of unity and celebration was looked for. It was not until 1935 that all Australian states and territories adopted use of the term`` Australia Day'' to mark the date, and not until 1994 that the date was consistently marked by a public holiday on that day by all states and territories.

Giovanni Cifolelli. Giovanni Cifolelli was an Italian mandolin virtuoso and dramatic composer whose date and place of birth are unknown. In 1764 he made his appearance in Paris as a mandolin virtuoso and was highly esteemed, both as a performer and teacher. He published his ""Method for the mandolin"" while residing in Paris, which met with great success throughout France, being the most popular of its period.

Maureen Payne. Maureen Payne (date of birth unknown, died 1997, South Africa) was a South Africa Test cricketer. She captained the side for their second series, played against New Zealand in 1971–72. She appeared in five Tests for South Africa, claiming eight wickets.

List of Dragon Ball Super episodes. Name Date Discs Episodes Part One July 25, 2017 01 -- 13 Part Two October 3, 2017 14 -- 26 Part Three February 20, 2018 27 -- 39

Streams of Expression. Streams of Expression is the 20th studio album by American jazz musician Joe Lovano to be released on the Blue Note label. It was released in 2006 and features a five-part ""Streams of Expression Suite,"" three-part ""Birth of the Cool Suite,"" and three other shorter works. The ""Birth of the Cool Suite"" was conducted by Gunther Schuller and utilizes melodic themes inspired by Miles Davis' work from his 1948 and 1950 nonet. The album also features George Garzone, Ralph Lalama, Gary Smulyan, and Tim Hagans.

Pir Syed Muhammad Binyamin Rizvi. Pir Syed Muhammad Binyamin Rizvi (Urdu: پیر سید محمد بنیامین رضوی)date of Birth 15 Aug 1959 date of Death 24 June 2004) was a Pakistani politician. He was the oldest son of Pir Syed Mohammad Yaqoob Shah (a famous spiritual and religious scholar, and member of provincial assembly who died on 31 August 1991). On 24 June 2004 he was brutally murdered in Lahore near his House. He is buried next to his father late Pir Syed Mohammad Yaqoob Shah in his home town Phalia.

La naissance d'Osiris. La naissance d'Osiris, ou La fête Pamilie (""The Birth of Osiris, or The Festival of Pamylia"") is a one-act opera by Jean-Philippe Rameau, first performed on 12 October 1754 at Fontainebleau to celebrate the birth of the future King Louis XVI. The libretto is by Rameau's frequent collaborator Louis de Cahusac. Cahusac styled the work a ""ballet allégorique"" (""allegorical ballet""), but it is usually categorised as an ""acte de ballet"". Its slender plot tells of Jupiter's announcement to a group of Egyptian shepherds of the birth of the god Osiris, who symbolises the baby prince. The piece may have started life as part of a larger work, ""Les beaux jours de l'Amour"", an ""opéra-ballet"" Rameau and Cahusac planned but never completed for reasons which are still uncertain.

Sue Ryder. Her birth and death certificates both put the date one year later, on 3 July 1924, as does a plaque unveiled in honour of Sue Ryder and Leonard Cheshire in Cavendish Church in Suffolk. At the beginning of the war, Ryder volunteered to the First Aid Nursing Yeomanry, even though she was only 15. To get in, she lied about her age and seems to have maintained the deception for the rest of her life.

Pak Nam-gi. Pak Nam-gi or Park Nam-ki (21 February 1934 – 17 March 2010) was, until as late as January 2010, Director of the Planning and Finance Department of the ruling party of North Korea. There are doubts about his date of birth, with at least two unattributed sources reporting it as 21 February 1934 or sometime in 1928 respectively.

William Shakespeare. William Shakespeare was the son of John Shakespeare, an alderman and a successful glover (glove-maker) originally from Snitterfield, and Mary Arden, the daughter of an affluent landowning farmer. He was born in Stratford-upon-Avon and baptised there on 26 April 1564. His actual date of birth remains unknown, but is traditionally observed on 23 April, Saint George's Day. This date, which can be traced to a mistake made by an 18th-century scholar, has proved appealing to biographers because Shakespeare died on the same date in 1616. He was the third of eight children, and the eldest surviving son.

List of Soul Eater episodes. Partial box sets (DVD only) Name Release date Discs Episodes Part One February 9, 2010 1 - 13 Part Two March 30, 2010 14 - 26 Part Three June 1, 2010 27 - 39 Part Four July 27, 2010 40 - 51

Conscription in Australia. In 1964 compulsory National Service for 20 - year - old males was introduced under the National Service Act (1964). The selection of conscripts was made by a sortition or lottery draw based on date of birth, and conscripts were obligated to give two years' continuous full - time service, followed by a further three years on the active reserve list. The full - time service requirement was reduced to eighteen months in October 1971.

Clara Morris. Clara Morris (March 17, 1849 – November 20, 1925) (her birth date is sometimes given as 1846/48) was an American actress.

Ratata (band). Ratata was a Swedish pop group fronted by Swedish vocalist Mauro Scocco formed in 1980. It functioned as a 4-piece band until 1983, when it was disbanded. But Johan Ekelund having played with the band briefly continued to cooperate with Scocco continuing as a duo until 1989. The duo had a brief comeback in 2002.

Yang Meng. Yang Meng was the third son of Yang Xingmi, a major warlord at the end of Tang Dynasty as the military governor (""Jiedushi"") of Huainan Circuit (淮南, headquartered in modern Yangzhou, Jiangsu). It is not known when he was born, although his immediately older brother Yang Longyan was born in 897 and his immediately younger brother Yang Pu was born in 900, placing a timeframe on his birth date. His mother's name was not recorded in history.

Mauro Scocco. Mauro Scocco (born 11 September 1962) is a Swedish pop artist of Italian descent. He has been described as ""one of the sharpest songwriters in Sweden"". Scocco was the singer for the pop group Ratata (1980–83) transformed into a duo with Johan Ekelund (1983–89). After Ratata, Scocco has continued as a solo artist since. In 2014, he cooperated with Plura Jonsson releasing a joint album as ""Mauro & Plura"".",2292
2hop__635544_110949,What is the date of birth of the person who was part of Ratata?,content,elaborate,2,"Add more detail, keeping every fact grounded in the source material.",1,"Shirley Abicair was born in Melbourne, Victoria, Australia, although the exact date of her birth remains unclear. Some sources indicate that she was born in 1935, while a contemporary account suggests that she was 23 or 24 years old upon her arrival in Britain. Given that she had completed her tertiary studies in Australia, the earlier date seems more plausible. As the only daughter of a Wing Commander in the Royal Australian Air Force (RAAF), Abicair's early life was likely marked by a strong sense of discipline and duty.

The Anno Domini calendar era is based on the traditionally reckoned year of the conception or birth of Jesus of Nazareth, with AD counting years from the start of this epoch, and BC denoting years before the start of the era. A notable aspect of this dating system is the absence of a year zero, resulting in the year AD 1 immediately following the year 1 BC. This dating system was devised in 525 by Dionysius Exiguus of Scythia Minor, but its widespread adoption did not occur until after 800. The impact of this calendar system on modern society cannot be overstated, as it has become the de facto standard for measuring time across the globe.

Švitrigaila was born to Algirdas, the Grand Duke of Lithuania, and his second wife Uliana of Tver. Unfortunately, the exact date of his birth is unknown, but historians estimate that he was the youngest or second youngest son of Algirdas. Švitrigaila first appeared in politics in October 1382 when he witnessed the Treaty of Dubysa between his elder brother Jogaila and the Teutonic Knights. This event is significant, as it suggests that Švitrigaila was no younger than 12 years old at the time, which would place his date of birth sometime before 1370. In a complaint submitted to the Council of Florence, Švitrigaila claimed that he and Jogaila were the favorite sons of Algirdas. Before his death in 1377, Algirdas transferred his throne to Jogaila but made him swear to make Švitrigaila his heir. Jogaila's representatives did not outright deny the arrangement and instead claimed that it had been modified by mutual agreement between the brothers.

The natural-born-citizen clause, as stated in the U.S. Constitution, has been subject to various interpretations over time. The Constitution does not provide a clear definition of the phrase ""natural born Citizen,"" leading to differing opinions among scholars and experts. However, the consensus among early 21st-century constitutional scholars, supported by relevant case law, is that natural-born citizens include, subject to exceptions, those born in the United States. Many scholars have also concluded that individuals who meet the legal requirements for U.S. citizenship at the moment of birth, regardless of their place of birth, are also considered natural-born citizens. Notably, every U.S. president to date was either a citizen at the adoption of the Constitution in 1789 or was born in the United States, with seven of them having at least one parent who was not born on U.S. soil.

Australia Day, a national public holiday, has evolved in meaning and significance over time. Unofficially, or historically, the date has been referred to by various names, including ""Anniversary Day,"" ""Foundation Day,"" and ""ANA Day."" The date of January 26, 1788, marked the proclamation of British sovereignty over the eastern seaboard of Australia, then known as New Holland. Although it was not officially known as Australia Day until over a century later, records of celebrations on January 26 date back to 1808, with the first official celebration of the formation of New South Wales held in 1818. On New Year's Day in 1901, the British colonies of Australia formed a federation, marking the birth of modern Australia. A national day of unity and celebration was sought, and it was not until 1935 that all Australian states and territories adopted the term ""Australia Day"" to mark the date. It was not until 1994 that the date was consistently marked by a public holiday on that day by all states and territories.

Giovanni Cifolelli was an Italian mandolin virtuoso and dramatic composer, although the exact date and place of his birth are unknown. In 1764, he made his appearance in Paris as a mandolin virtuoso and was highly esteemed, both as a performer and teacher. During his time in Paris, Cifolelli published his ""Method for the mandolin,"" which met with great success throughout France, becoming the most popular of its period.

Maureen Payne, a South African Test cricketer, was born on an unknown date, but unfortunately passed away in 1997 in South Africa. She captained the side for their second series, played against New Zealand in 1971-72. Payne appeared in five Tests for South Africa, claiming eight wickets. Her contributions to the sport of cricket are a testament to her dedication and skill.

The list of Dragon Ball Super episodes is divided into several parts, each released on a specific date. Part One was released on July 25, 2017, and includes episodes 01-13. Part Two was released on October 3, 2017, and includes episodes 14-26. Part Three was released on February 20, 2018, and includes episodes 27-39.

Streams of Expression is the 20th studio album by American jazz musician Joe Lovano, released on the Blue Note label in 2006. The album features a five-part ""Streams of Expression Suite,"" a three-part ""Birth of the Cool Suite,"" and three other shorter works. The ""Birth of the Cool Suite"" was conducted by Gunther Schuller and utilizes melodic themes inspired by Miles Davis' work from his 1948 and 1950 nonet. The album also features George Garzone, Ralph Lalama, Gary Smulyan, and Tim Hagans, showcasing the talents of a diverse range of musicians.

Pir Syed Muhammad Binyamin Rizvi was a Pakistani politician born on August 15, 1959. He was the oldest son of Pir Syed Mohammad Yaqoob Shah, a famous spiritual and religious scholar and member of the provincial assembly who passed away on August 31, 1991. On June 24, 2004, Pir Syed Muhammad Binyamin Rizvi was brutally murdered in Lahore near his house. He is buried next to his father, late Pir Syed Mohammad Yaqoob Shah, in his hometown of Phalia.

La naissance d'Osiris, or La fête Pamilie (""The Birth of Osiris, or The Festival of Pamylia""), is a one-act opera by Jean-Philippe Rameau, first performed on October 12, 1754, at Fontainebleau to celebrate the birth of the future King Louis XVI. The libretto is by Rameau's frequent collaborator Louis de Cahusac, who styled the work as a ""ballet allégorique"" (""allegorical ballet""), although it is usually categorized as an ""acte de ballet."" The plot revolves around Jupiter's announcement to a group of Egyptian shepherds of the birth of the god Osiris, who symbolizes the baby prince. The piece may have started life as part of a larger work, ""Les beaux jours de l'Amour,"" an ""opéra-ballet"" Rameau and Cahusac planned but never completed due to reasons that remain uncertain.

Sue Ryder's birth and death certificates both indicate that her date of birth was one year later, on July 3, 1924, as does a plaque unveiled in her honor and Leonard Cheshire's in Cavendish Church in Suffolk. At the beginning of the war, Ryder volunteered to the First Aid Nursing Yeomanry, despite being only 15 years old at the time. To join, she lied about her age and seems to have maintained the deception for the rest of her life.

Pak Nam-gi, or Park Nam-ki, was a North Korean politician born on February 21, 1934, although some unattributed sources report his date of birth as sometime in 1928. Until January 2010, he was the Director of the Planning and Finance Department of the ruling party of North Korea.

William Shakespeare was the son of John Shakespeare, an alderman and a successful glover (glove-maker) originally from Snitterfield, and Mary Arden, the daughter of an affluent landowning farmer. He was born in Stratford-upon-Avon and baptized there on April 26, 1564. Although his actual date of birth remains unknown, it is traditionally observed on April 23, Saint George's Day. This date, which can be traced to a mistake made by an 18th-century scholar, has proved appealing to biographers because Shakespeare died on the same date in 1616. He was the third of eight children and the eldest surviving son.

The list of Soul Eater episodes is divided into several parts, each released on a specific date. Partial box sets (DVD only) include Part One, released on February 9, 2010, which includes episodes 1-13. Part Two was released on March 30, 2010, and includes episodes 14-26. Part Three was released on June 1, 2010, and includes episodes 27-39. Part Four was released on July 27, 2010, and includes episodes 40-51.

Conscription in Australia was introduced in 1964 under the National Service Act (1964), which required 20-year-old males to serve in the military. The selection of conscripts was made by a sortition or lottery draw based on date of birth,",2048
2hop__635544_110949,What is the date of birth of the person who was part of Ratata?,content,elaborate,2,"Add more detail, keeping every fact grounded in the source material.",2,"Shirley Abicair was born in Melbourne, Victoria, Australia, although the exact date of her birth remains unclear. Some sources indicate that she was born in 1935, while a contemporary account suggests that she was 23 or 24 years old upon her arrival in Britain. Given that she had completed her tertiary studies in Australia, the earlier date seems more plausible. As the only daughter of a Wing Commander in the Royal Australian Air Force (RAAF), Abicair's early life was likely marked by a strong sense of discipline and duty. The high level of discipline instilled in her from an early age may have greatly influenced her approach to life, as well as her future endeavors.

The Anno Domini calendar era is based on the traditionally reckoned year of the conception or birth of Jesus of Nazareth, with AD counting years from the start of this epoch, and BC denoting years before the start of the era. A notable aspect of this dating system is the absence of a year zero, resulting in the year AD 1 immediately following the year 1 BC. This dating system was devised in 525 by Dionysius Exiguus of Scythia Minor, but its widespread adoption did not occur until after 800. The impact of this calendar system on modern society cannot be overstated, as it has become the de facto standard for measuring time across the globe, and is widely used in international business, education, and cultural exchange.

Švitrigaila was born to Algirdas, the Grand Duke of Lithuania, and his second wife Uliana of Tver. Unfortunately, the exact date of his birth is unknown, but historians estimate that he was the youngest or second youngest son of Algirdas. Švitrigaila first appeared in politics in October 1382 when he witnessed the Treaty of Dubysa between his elder brother Jogaila and the Teutonic Knights. This event is significant, as it suggests that Švitrigaila was no younger than 12 years old at the time, which would place his date of birth sometime before 1370. In a complaint submitted to the Council of Florence, Švitrigaila claimed that he and Jogaila were the favorite sons of Algirdas. Before his death in 1377, Algirdas transferred his throne to Jogaila but made him swear to make Švitrigaila his heir. Jogaila's representatives did not outright deny the arrangement and instead claimed that it had been modified by mutual agreement between the brothers. This complex web of family dynamics and royal politics would have had a profound impact on Švitrigaila's life and future prospects.

The natural-born-citizen clause, as stated in the U.S. Constitution, has been subject to various interpretations over time. The Constitution does not provide a clear definition of the phrase ""natural born Citizen,"" leading to differing opinions among scholars and experts. However, the consensus among early 21st-century constitutional scholars, supported by relevant case law, is that natural-born citizens include, subject to exceptions, those born in the United States. Many scholars have also concluded that individuals who meet the legal requirements for U.S. citizenship at the moment of birth, regardless of their place of birth, are also considered natural-born citizens. Notably, every U.S. president to date was either a citizen at the adoption of the Constitution in 1789 or was born in the United States, with seven of them having at least one parent who was not born on U.S. soil. This complex and nuanced understanding of the natural-born-citizen clause has been the subject of much debate and analysis.

Australia Day, a national public holiday, has evolved in meaning and significance over time. Unofficially, or historically, the date has been referred to by various names, including ""Anniversary Day,"" ""Foundation Day,"" and ""ANA Day."" The date of January 26, 1788, marked the proclamation of British sovereignty over the eastern seaboard of Australia, then known as New Holland. Although it was not officially known as Australia Day until over a century later, records of celebrations on January 26 date back to 1808, with the first official celebration of the formation of New South Wales held in 1818. On New Year's Day in 1901, the British colonies of Australia formed a federation, marking the birth of modern Australia. A national day of unity and celebration was sought, and it was not until 1935 that all Australian states and territories adopted the term ""Australia Day"" to mark the date. It was not until 1994 that the date was consistently marked by a public holiday on that day by all states and territories. The evolution of Australia Day reflects the country's complex history and its path towards nationhood.

Giovanni Cifolelli was an Italian mandolin virtuoso and dramatic composer, although the exact date and place of his birth are unknown. In 1764, he made his appearance in Paris as a mandolin virtuoso and was highly esteemed, both as a performer and teacher. During his time in Paris, Cifolelli published his ""Method for the mandolin,"" which met with great success throughout France, becoming the most popular of its period. Cifolelli's contributions to the world of music were significant, and his work continues to be celebrated by musicians and music lovers alike.

Maureen Payne, a South African Test cricketer, was born on an unknown date, but unfortunately passed away in 1997 in South Africa. She captained the side for their second series, played against New Zealand in 1971-72. Payne appeared in five Tests for South Africa, claiming eight wickets. Her contributions to the sport of cricket are a testament to her dedication and skill. Despite the lack of information about her early life, Payne's achievements on the cricket field have left a lasting impact on the sport.

The list of Dragon Ball Super episodes is divided into several parts, each released on a specific date. Part One was released on July 25, 2017, and includes episodes 01-13. Part Two was released on October 3, 2017, and includes episodes 14-26. Part Three was released on February 20, 2018, and includes episodes 27-39. This release pattern reflects the show's popularity and the demand for its episodes.

Streams of Expression is the 20th studio album by American jazz musician Joe Lovano, released on the Blue Note label in 2006. The album features a five-part ""Streams of Expression Suite,"" a three-part ""Birth of the Cool Suite,"" and three other shorter works. The ""Birth of the Cool Suite"" was conducted by Gunther Schuller and utilizes melodic themes inspired by Miles Davis' work from his 1948 and 1950 nonet. The album also features George Garzone, Ralph Lalama, Gary Smulyan, and Tim Hagans, showcasing the talents of a diverse range of musicians. The album is a testament to Lovano's innovative approach to jazz and his ability to bring together talented musicians to create something truly unique.

Pir Syed Muhammad Binyamin Rizvi was a Pakistani politician born on August 15, 1959. He was the oldest son of Pir Syed Mohammad Yaqoob Shah, a famous spiritual and religious scholar and member of the provincial assembly who passed away on August 31, 1991. On June 24, 2004, Pir Syed Muhammad Binyamin Rizvi was brutally murdered in Lahore near his house. He is buried next to his father, late Pir Syed Mohammad Yaqoob Shah, in his hometown of Phalia. Rizvi's tragic death was a shock to his family and community, and his legacy continues to be felt in Pakistan.

La naissance d'Osiris, or La fête Pamilie (""The Birth of Osiris, or The Festival of Pamylia""), is a one-act opera by Jean-Philippe Rameau, first performed on October 12, 1754, at Fontainebleau to celebrate the birth of the future King Louis XVI. The libretto is by Rameau's frequent collaborator Louis de Cahusac, who styled the work as a ""ballet allégorique"" (""allegorical ballet""), although it is usually categorized as an ""acte de ballet."" The plot revolves around Jupiter's announcement to a group of Egyptian shepherds of the birth of the god Osiris, who symbolizes the baby prince. The piece may have started life as part of a larger work, ""Les beaux jours de l'Amour,"" an ""opéra-ballet"" Rameau and Cahusac planned but never completed due to reasons that remain uncertain. This opera is a reflection of the cultural and artistic values of 18th-century France.

Sue Ryder's birth and death certificates both indicate that her date of birth was one year later, on July 3, 1924, as does a plaque unveiled in her honor and Leonard Cheshire's in Cavendish Church in Suffolk. At the beginning of the war, Ryder volunteered to the First Aid Nursing Yeomanry, despite being only 15 years old at the time. To join, she lied about her age and seems to have maintained the deception for the rest of her life. Ryder's bravery and selflessness in the face of adversity are an inspiration to many, and her legacy continues to be celebrated.

Pak Nam-gi, or Park Nam-ki, was a North Korean politician born on February 21, 1934, although some unattributed sources report his date of birth as sometime in 1928. Until January 2010, he was the Director of the Planning and Finance Department of the ruling party of North Korea. Pak Nam-gi's career in politics was marked by significant events and challenges, reflecting the complexities of North Korean politics.

William Shakespeare was the son",2048
2hop__635544_110949,What is the date of birth of the person who was part of Ratata?,content,elaborate,2,"Add more detail, keeping every fact grounded in the source material.",3,"Shirley Abicair was born in Melbourne, Victoria, Australia, although the exact date of her birth remains unclear, with some sources suggesting 1935 as her birth year, while a contemporary account implies that she was 23 or 24 years old upon her arrival in Britain. Given that she had completed her tertiary studies in Australia, the earlier date seems more plausible, and it is possible that her academic pursuits played a significant role in shaping her early life. As the only daughter of a Wing Commander in the Royal Australian Air Force (RAAF), Abicair's early life was likely marked by a strong sense of discipline and duty, with her father's military background instilling in her a sense of responsibility and commitment. The high level of discipline instilled in her from an early age may have greatly influenced her approach to life, as well as her future endeavors, and it is likely that her upbringing had a lasting impact on her personal and professional development.

The Anno Domini calendar era is based on the traditionally reckoned year of the conception or birth of Jesus of Nazareth, with AD counting years from the start of this epoch, and BC denoting years before the start of the era. A notable aspect of this dating system is the absence of a year zero, resulting in the year AD 1 immediately following the year 1 BC, which has been the subject of much debate among scholars and historians. This dating system was devised in 525 by Dionysius Exiguus of Scythia Minor, but its widespread adoption did not occur until after 800, with the system gradually becoming the standard for measuring time across Europe and eventually the world. The impact of this calendar system on modern society cannot be overstated, as it has become the de facto standard for measuring time across the globe, and is widely used in international business, education, and cultural exchange, with its influence extending to many aspects of modern life.

Švitrigaila was born to Algirdas, the Grand Duke of Lithuania, and his second wife Uliana of Tver, although the exact date of his birth is unknown, with historians estimating that he was the youngest or second youngest son of Algirdas. Švitrigaila first appeared in politics in October 1382 when he witnessed the Treaty of Dubysa between his elder brother Jogaila and the Teutonic Knights, a significant event that marked the beginning of his involvement in the complex world of medieval politics. This event is significant, as it suggests that Švitrigaila was no younger than 12 years old at the time, which would place his date of birth sometime before 1370, and it is likely that his early exposure to politics had a profound impact on his future endeavors. In a complaint submitted to the Council of Florence, Švitrigaila claimed that he and Jogaila were the favorite sons of Algirdas, highlighting the complex web of family dynamics and royal politics that shaped his life. Before his death in 1377, Algirdas transferred his throne to Jogaila but made him swear to make Švitrigaila his heir, a decision that would have significant consequences for Švitrigaila's future.

The natural-born-citizen clause, as stated in the U.S. Constitution, has been subject to various interpretations over time, with scholars and experts offering differing opinions on the meaning and application of the phrase ""natural born Citizen."" The Constitution does not provide a clear definition of the phrase, leading to ongoing debate and discussion among scholars and constitutional experts. However, the consensus among early 21st-century constitutional scholars, supported by relevant case law, is that natural-born citizens include, subject to exceptions, those born in the United States, with many scholars also concluding that individuals who meet the legal requirements for U.S. citizenship at the moment of birth, regardless of their place of birth, are also considered natural-born citizens. Notably, every U.S. president to date was either a citizen at the adoption of the Constitution in 1789 or was born in the United States, with seven of them having at least one parent who was not born on U.S. soil, highlighting the complexities and nuances of the natural-born-citizen clause.

Australia Day, a national public holiday, has evolved in meaning and significance over time, with its origins dating back to the early 19th century. Unofficially, or historically, the date has been referred to by various names, including ""Anniversary Day,"" ""Foundation Day,"" and ""ANA Day,"" reflecting the complex and often contested history of the day. The date of January 26, 1788, marked the proclamation of British sovereignty over the eastern seaboard of Australia, then known as New Holland, a significant event that had a profound impact on the indigenous population and the development of the country. Although it was not officially known as Australia Day until over a century later, records of celebrations on January 26 date back to 1808, with the first official celebration of the formation of New South Wales held in 1818, and it was not until 1994 that the date was consistently marked by a public holiday on that day by all states and territories. The evolution of Australia Day reflects the country's complex history and its path towards nationhood, with the day now being celebrated as a national day of unity and celebration.

Giovanni Cifolelli was an Italian mandolin virtuoso and dramatic composer, although the exact date and place of his birth are unknown, with some sources suggesting that he may have been born in the early 18th century. In 1764, he made his appearance in Paris as a mandolin virtuoso and was highly esteemed, both as a performer and teacher, with his music and teachings having a significant impact on the development of the mandolin in France. During his time in Paris, Cifolelli published his ""Method for the mandolin,"" which met with great success throughout France, becoming the most popular of its period, and his contributions to the world of music were significant, with his work continuing to be celebrated by musicians and music lovers alike.

Maureen Payne, a South African Test cricketer, was born on an unknown date, but unfortunately passed away in 1997 in South Africa, leaving behind a legacy as one of the pioneering female cricketers in the country. She captained the side for their second series, played against New Zealand in 1971-72, a significant achievement that highlighted her skills and leadership abilities as a cricketer. Payne appeared in five Tests for South Africa, claiming eight wickets, and her contributions to the sport of cricket are a testament to her dedication and skill, with her achievements on the cricket field having left a lasting impact on the sport.

The list of Dragon Ball Super episodes is divided into several parts, each released on a specific date, with Part One being released on July 25, 2017, and includes episodes 01-13, Part Two being released on October 3, 2017, and includes episodes 14-26, and Part Three being released on February 20, 2018, and includes episodes 27-39. This release pattern reflects the show's popularity and the demand for its episodes, with the series being widely acclaimed for its engaging storyline and memorable characters.

Streams of Expression is the 20th studio album by American jazz musician Joe Lovano, released on the Blue Note label in 2006, a significant milestone in his career as a jazz musician. The album features a five-part ""Streams of Expression Suite,"" a three-part ""Birth of the Cool Suite,"" and three other shorter works, showcasing Lovano's innovative approach to jazz and his ability to bring together talented musicians to create something truly unique. The ""Birth of the Cool Suite"" was conducted by Gunther Schuller and utilizes melodic themes inspired by Miles Davis' work from his 1948 and 1950 nonet, highlighting Lovano's appreciation for the jazz tradition and his ability to build upon it.

Pir Syed Muhammad Binyamin Rizvi was a Pakistani politician born on August 15, 1959, and was the oldest son of Pir Syed Mohammad Yaqoob Shah, a famous spiritual and religious scholar and member of the provincial assembly who passed away on August 31, 1991. On June 24, 2004, Pir Syed Muhammad Binyamin Rizvi was brutally murdered in Lahore near his house, a tragic event that shocked his family and community, and his legacy continues to be felt in Pakistan, with his contributions to politics and society being remembered and honored.

La naissance d'Osiris, or La fête Pamilie (""The Birth of Osiris, or The Festival of Pamylia""), is a one-act opera by Jean-Philippe Rameau, first performed on October 12, 1754, at Fontainebleau to celebrate the birth of the future King Louis XVI, a significant event in the cultural and artistic life of 18th-century France. The libretto is by Rameau's frequent collaborator Louis de Cahusac, who styled the work as a ""ballet allégorique"" (""allegorical ballet""), although it is usually categorized as an ""acte de ballet,"" and the plot revolves around Jupiter's announcement to a group of Egyptian shepherds of the birth of the god Osiris, who symbolizes the baby prince, highlighting the opera's themes of royalty, power, and celebration.

Sue Ryder's birth and death certificates both indicate that her date of birth was one year later, on July 3, 1924, as does a plaque unveiled in her honor and Leonard Cheshire's in Cavendish Church in Suffolk, although some sources suggest that she may have been born in 1923. At the beginning of the war, Ryder volunteered to the First Aid Nursing Yeomanry, despite being only 15 years old at the time, a testament to her bravery and",2048
