qid,group,instruction_type,run,step,instruction_used,n_facts,n_supported,n_not_supported,n_contradicted,init_score,factscore
./cnn/stories/00ae31ff5ede1de6cd39eccf36bae935c882527b.story,content,elaborate,0,1,"Elaborate on the content, adding relevant details while staying faithful to the source text.",83,82,1,0,0.9879518072289156,0.9879518072289156
./cnn/stories/00ae31ff5ede1de6cd39eccf36bae935c882527b.story,content,elaborate,0,2,"Elaborate on the content, adding relevant details while staying faithful to the source text.",51,51,0,0,1.0,1.0
./cnn/stories/00ae31ff5ede1de6cd39eccf36bae935c882527b.story,content,elaborate,0,3,"Elaborate on the content, adding relevant details while staying faithful to the source text.",62,60,2,0,0.967741935483871,0.967741935483871
./cnn/stories/00ae31ff5ede1de6cd39eccf36bae935c882527b.story,content,elaborate,1,1,"Expand the text with more context, without introducing information that is not supported by the original.",55,55,0,0,1.0,1.0
./cnn/stories/00ae31ff5ede1de6cd39eccf36bae935c882527b.story,content,elaborate,1,2,"Expand the text with more context, without introducing information that is not supported by the original.",40,39,1,0,0.975,0.975
./cnn/stories/00ae31ff5ede1de6cd39eccf36bae935c882527b.story,content,elaborate,1,3,"Expand the text with more context, without introducing information that is not supported by the original.",36,36,0,0,1.0,1.0
./cnn/stories/00ae31ff5ede1de6cd39eccf36bae935c882527b.story,content,elaborate,2,1,"Add more detail, keeping every fact grounded in the source material.",64,63,1,0,0.984375,0.984375
./cnn/stories/00ae31ff5ede1de6cd39eccf36bae935c882527b.story,content,elaborate,2,2,"Add more detail, keeping every fact grounded in the source material.",49,48,1,0,0.9795918367346939,0.9795918367346939
./cnn/stories/00ae31ff5ede1de6cd39eccf36bae935c882527b.story,content,elaborate,2,3,"Add more detail, keeping every fact grounded in the source material.",47,46,1,0,0.9787234042553191,0.9787234042553191
./cnn/stories/00ae31ff5ede1de6cd39eccf36bae935c882527b.story,content,shorten,0,1,Make wording more concise.,43,41,2,0,0.9534883720930233,0.9534883720930233
./cnn/stories/00ae31ff5ede1de6cd39eccf36bae935c882527b.story,content,shorten,0,2,Make wording more concise.,28,28,0,0,1.0,1.0
./cnn/stories/00ae31ff5ede1de6cd39eccf36bae935c882527b.story,content,shorten,0,3,Make wording more concise.,28,28,0,0,1.0,1.0
./cnn/stories/00ae31ff5ede1de6cd39eccf36bae935c882527b.story,content,shorten,1,1,Rephrase for clarity and conciseness.,32,32,0,0,1.0,1.0
./cnn/stories/00ae31ff5ede1de6cd39eccf36bae935c882527b.story,content,shorten,1,2,Rephrase for clarity and conciseness.,27,27,0,0,1.0,1.0
./cnn/stories/00ae31ff5ede1de6cd39eccf36bae935c882527b.story,content,shorten,1,3,Rephrase for clarity and conciseness.,18,18,0,0,1.0,1.0
./cnn/stories/00ae31ff5ede1de6cd39eccf36bae935c882527b.story,content,shorten,2,1,"Improve accuracy, clarity, and conciseness of language.",34,34,0,0,1.0,1.0
./cnn/stories/00ae31ff5ede1de6cd39eccf36bae935c882527b.story,content,shorten,2,2,"Improve accuracy, clarity, and conciseness of language.",33,32,1,0,0.9696969696969697,0.9696969696969697
./cnn/stories/00ae31ff5ede1de6cd39eccf36bae935c882527b.story,content,shorten,2,3,"Improve accuracy, clarity, and conciseness of language.",45,44,1,0,0.9777777777777777,0.9777777777777777
./cnn/stories/00ae31ff5ede1de6cd39eccf36bae935c882527b.story,style,formality,0,1,Make the text more formal.,62,60,2,0,0.967741935483871,0.967741935483871
./cnn/stories/00ae31ff5ede1de6cd39eccf36bae935c882527b.story,style,formality,0,2,Make the text more formal.,67,65,2,0,0.9701492537313433,0.9701492537313433
./cnn/stories/00ae31ff5ede1de6cd39eccf36bae935c882527b.story,style,formality,0,3,Make the text more formal.,75,70,5,0,0.9333333333333333,0.9333333333333333
./cnn/stories/00ae31ff5ede1de6cd39eccf36bae935c882527b.story,style,formality,1,1,Rephrase it to be more formal.,65,62,3,0,0.9538461538461539,0.9538461538461539
./cnn/stories/00ae31ff5ede1de6cd39eccf36bae935c882527b.story,style,formality,1,2,Rephrase it to be more formal.,43,40,3,0,0.9302325581395349,0.9302325581395349
./cnn/stories/00ae31ff5ede1de6cd39eccf36bae935c882527b.story,style,formality,1,3,Rephrase it to be more formal.,44,41,3,0,0.9318181818181818,0.9318181818181818
./cnn/stories/00ae31ff5ede1de6cd39eccf36bae935c882527b.story,style,formality,2,1,"Too conversational, rephrase it to be more formal.",63,63,0,0,1.0,1.0
./cnn/stories/00ae31ff5ede1de6cd39eccf36bae935c882527b.story,style,formality,2,2,"Too conversational, rephrase it to be more formal.",71,71,0,0,1.0,1.0
./cnn/stories/00ae31ff5ede1de6cd39eccf36bae935c882527b.story,style,formality,2,3,"Too conversational, rephrase it to be more formal.",53,53,0,0,1.0,1.0
./cnn/stories/00ae31ff5ede1de6cd39eccf36bae935c882527b.story,style,paraphrase,0,1,Paraphrase this.,73,72,1,0,0.9863013698630136,0.9863013698630136
./cnn/stories/00ae31ff5ede1de6cd39eccf36bae935c882527b.story,style,paraphrase,0,2,Paraphrase this.,37,37,0,0,1.0,1.0
./cnn/stories/00ae31ff5ede1de6cd39eccf36bae935c882527b.story,style,paraphrase,0,3,Paraphrase this.,34,34,0,0,1.0,1.0
./cnn/stories/00ae31ff5ede1de6cd39eccf36bae935c882527b.story,style,paraphrase,1,1,Reword this text.,60,60,0,0,1.0,1.0
./cnn/stories/00ae31ff5ede1de6cd39eccf36bae935c882527b.story,style,paraphrase,1,2,Reword this text.,50,49,1,0,0.98,0.98
./cnn/stories/00ae31ff5ede1de6cd39eccf36bae935c882527b.story,style,paraphrase,1,3,Reword this text.,38,37,1,0,0.9736842105263158,0.9736842105263158
./cnn/stories/00ae31ff5ede1de6cd39eccf36bae935c882527b.story,style,paraphrase,2,1,Use different wording.,71,71,0,0,1.0,1.0
./cnn/stories/00ae31ff5ede1de6cd39eccf36bae935c882527b.story,style,paraphrase,2,2,Use different wording.,46,44,2,0,0.9565217391304348,0.9565217391304348
./cnn/stories/00ae31ff5ede1de6cd39eccf36bae935c882527b.story,style,paraphrase,2,3,Use different wording.,41,40,1,0,0.975609756097561,0.975609756097561
./cnn/stories/00aee24828cbceb3857579c59c9a85f381e358a5.story,content,elaborate,0,1,"Elaborate on the content, adding relevant details while staying faithful to the source text.",47,47,0,0,1.0,1.0
./cnn/stories/00aee24828cbceb3857579c59c9a85f381e358a5.story,content,elaborate,0,2,"Elaborate on the content, adding relevant details while staying faithful to the source text.",49,48,1,0,0.9795918367346939,0.9795918367346939
./cnn/stories/00aee24828cbceb3857579c59c9a85f381e358a5.story,content,elaborate,0,3,"Elaborate on the content, adding relevant details while staying faithful to the source text.",52,52,0,0,1.0,1.0
./cnn/stories/00aee24828cbceb3857579c59c9a85f381e358a5.story,content,elaborate,1,1,"Expand the text with more context, without introducing information that is not supported by the original.",55,54,1,0,0.9818181818181818,0.9818181818181818
./cnn/stories/00aee24828cbceb3857579c59c9a85f381e358a5.story,content,elaborate,1,2,"Expand the text with more context, without introducing information that is not supported by the original.",46,46,0,0,1.0,1.0
./cnn/stories/00aee24828cbceb3857579c59c9a85f381e358a5.story,content,elaborate,1,3,"Expand the text with more context, without introducing information that is not supported by the original.",42,42,0,0,1.0,1.0
./cnn/stories/00aee24828cbceb3857579c59c9a85f381e358a5.story,content,elaborate,2,1,"Add more detail, keeping every fact grounded in the source material.",40,40,0,0,1.0,1.0
./cnn/stories/00aee24828cbceb3857579c59c9a85f381e358a5.story,content,elaborate,2,2,"Add more detail, keeping every fact grounded in the source material.",42,41,1,0,0.9761904761904762,0.9761904761904762
./cnn/stories/00aee24828cbceb3857579c59c9a85f381e358a5.story,content,elaborate,2,3,"Add more detail, keeping every fact grounded in the source material.",44,44,0,0,1.0,1.0
./cnn/stories/00aee24828cbceb3857579c59c9a85f381e358a5.story,content,shorten,0,1,Make wording more concise.,19,19,0,0,1.0,1.0
./cnn/stories/00aee24828cbceb3857579c59c9a85f381e358a5.story,content,shorten,0,2,Make wording more concise.,15,15,0,0,1.0,1.0
./cnn/stories/00aee24828cbceb3857579c59c9a85f381e358a5.story,content,shorten,0,3,Make wording more concise.,15,15,0,0,1.0,1.0
./cnn/stories/00aee24828cbceb3857579c59c9a85f381e358a5.story,content,shorten,1,1,Rephrase for clarity and conciseness.,13,13,0,0,1.0,1.0
./cnn/stories/00aee24828cbceb3857579c59c9a85f381e358a5.story,content,shorten,1,2,Rephrase for clarity and conciseness.,9,9,0,0,1.0,0.9
./cnn/stories/00aee24828cbceb3857579c59c9a85f381e358a5.story,content,shorten,1,3,Rephrase for clarity and conciseness.,7,7,0,0,1.0,0.7
./cnn/stories/00aee24828cbceb3857579c59c9a85f381e358a5.story,content,shorten,2,1,"Improve accuracy, clarity, and conciseness of language.",35,35,0,0,1.0,1.0
./cnn/stories/00aee24828cbceb3857579c59c9a85f381e358a5.story,content,shorten,2,2,"Improve accuracy, clarity, and conciseness of language.",28,28,0,0,1.0,1.0
./cnn/stories/00aee24828cbceb3857579c59c9a85f381e358a5.story,content,shorten,2,3,"Improve accuracy, clarity, and conciseness of language.",25,25,0,0,1.0,1.0
./cnn/stories/00aee24828cbceb3857579c59c9a85f381e358a5.story,style,formality,0,1,Make the text more formal.,69,69,0,0,1.0,1.0
./cnn/stories/00aee24828cbceb3857579c59c9a85f381e358a5.story,style,formality,0,2,Make the text more formal.,66,66,0,0,1.0,1.0
./cnn/stories/00aee24828cbceb3857579c59c9a85f381e358a5.story,style,formality,0,3,Make the text more formal.,60,60,0,0,1.0,1.0
./cnn/stories/00aee24828cbceb3857579c59c9a85f381e358a5.story,style,formality,1,1,Rephrase it to be more formal.,54,53,1,0,0.9814814814814815,0.9814814814814815
./cnn/stories/00aee24828cbceb3857579c59c9a85f381e358a5.story,style,formality,1,2,Rephrase it to be more formal.,64,63,1,0,0.984375,0.984375
./cnn/stories/00aee24828cbceb3857579c59c9a85f381e358a5.story,style,formality,1,3,Rephrase it to be more formal.,57,57,0,0,1.0,1.0
./cnn/stories/00aee24828cbceb3857579c59c9a85f381e358a5.story,style,formality,2,1,"Too conversational, rephrase it to be more formal.",53,53,0,0,1.0,1.0
./cnn/stories/00aee24828cbceb3857579c59c9a85f381e358a5.story,style,formality,2,2,"Too conversational, rephrase it to be more formal.",44,43,1,0,0.9772727272727273,0.9772727272727273
./cnn/stories/00aee24828cbceb3857579c59c9a85f381e358a5.story,style,formality,2,3,"Too conversational, rephrase it to be more formal.",46,45,1,0,0.9782608695652174,0.9782608695652174
./cnn/stories/00aee24828cbceb3857579c59c9a85f381e358a5.story,style,paraphrase,0,1,Paraphrase this.,22,22,0,0,1.0,1.0
./cnn/stories/00aee24828cbceb3857579c59c9a85f381e358a5.story,style,paraphrase,0,2,Paraphrase this.,19,19,0,0,1.0,1.0
./cnn/stories/00aee24828cbceb3857579c59c9a85f381e358a5.story,style,paraphrase,0,3,Paraphrase this.,22,22,0,0,1.0,1.0
./cnn/stories/00aee24828cbceb3857579c59c9a85f381e358a5.story,style,paraphrase,1,1,Reword this text.,38,38,0,0,1.0,1.0
./cnn/stories/00aee24828cbceb3857579c59c9a85f381e358a5.story,style,paraphrase,1,2,Reword this text.,39,38,1,0,0.9743589743589743,0.9743589743589743
./cnn/stories/00aee24828cbceb3857579c59c9a85f381e358a5.story,style,paraphrase,1,3,Reword this text.,32,32,0,0,1.0,1.0
./cnn/stories/00aee24828cbceb3857579c59c9a85f381e358a5.story,style,paraphrase,2,1,Use different wording.,44,44,0,0,1.0,1.0
./cnn/stories/00aee24828cbceb3857579c59c9a85f381e358a5.story,style,paraphrase,2,2,Use different wording.,47,47,0,0,1.0,1.0
./cnn/stories/00aee24828cbceb3857579c59c9a85f381e358a5.story,style,paraphrase,2,3,Use different wording.,42,41,1,0,0.9761904761904762,0.9761904761904762
./cnn/stories/017df5c4fe1e79eb26957ff6a8b4c1e41cd966ac.story,content,elaborate,0,1,"Elaborate on the content, adding relevant details while staying faithful to the source text.",53,52,1,0,0.9811320754716981,0.9811320754716981
./cnn/stories/017df5c4fe1e79eb26957ff6a8b4c1e41cd966ac.story,content,elaborate,0,2,"Elaborate on the content, adding relevant details while staying faithful to the source text.",63,61,2,0,0.9682539682539683,0.9682539682539683
./cnn/stories/017df5c4fe1e79eb26957ff6a8b4c1e41cd966ac.story,content,elaborate,0,3,"Elaborate on the content, adding relevant details while staying faithful to the source text.",67,62,5,0,0.9253731343283582,0.9253731343283582
./cnn/stories/017df5c4fe1e79eb26957ff6a8b4c1e41cd966ac.story,content,elaborate,1,1,"Expand the text with more context, without introducing information that is not supported by the original.",64,64,0,0,1.0,1.0
./cnn/stories/017df5c4fe1e79eb26957ff6a8b4c1e41cd966ac.story,content,elaborate,1,2,"Expand the text with more context, without introducing information that is not supported by the original.",67,65,2,0,0.9701492537313433,0.9701492537313433
./cnn/stories/017df5c4fe1e79eb26957ff6a8b4c1e41cd966ac.story,content,elaborate,1,3,"Expand the text with more context, without introducing information that is not supported by the original.",67,62,5,0,0.9253731343283582,0.9253731343283582
./cnn/stories/017df5c4fe1e79eb26957ff6a8b4c1e41cd966ac.story,content,elaborate,2,1,"Add more detail, keeping every fact grounded in the source material.",79,79,0,0,1.0,1.0
./cnn/stories/017df5c4fe1e79eb26957ff6a8b4c1e41cd966ac.story,content,elaborate,2,2,"Add more detail, keeping every fact grounded in the source material.",88,86,2,0,0.9772727272727273,0.9772727272727273
./cnn/stories/017df5c4fe1e79eb26957ff6a8b4c1e41cd966ac.story,content,elaborate,2,3,"Add more detail, keeping every fact grounded in the source material.",108,101,7,0,0.9351851851851852,0.9351851851851852
./cnn/stories/017df5c4fe1e79eb26957ff6a8b4c1e41cd966ac.story,content,shorten,0,1,Make wording more concise.,40,38,2,0,0.95,0.95
./cnn/stories/017df5c4fe1e79eb26957ff6a8b4c1e41cd966ac.story,content,shorten,0,2,Make wording more concise.,30,28,2,0,0.9333333333333333,0.9333333333333333
./cnn/stories/017df5c4fe1e79eb26957ff6a8b4c1e41cd966ac.story,content,shorten,0,3,Make wording more concise.,21,20,1,0,0.9523809523809523,0.9523809523809523
./cnn/stories/017df5c4fe1e79eb26957ff6a8b4c1e41cd966ac.story,content,shorten,1,1,Rephrase for clarity and conciseness.,30,29,1,0,0.9666666666666667,0.9666666666666667
./cnn/stories/017df5c4fe1e79eb26957ff6a8b4c1e41cd966ac.story,content,shorten,1,2,Rephrase for clarity and conciseness.,21,19,2,0,0.9047619047619048,0.9047619047619048
./cnn/stories/017df5c4fe1e79eb26957ff6a8b4c1e41cd966ac.story,content,shorten,1,3,Rephrase for clarity and conciseness.,24,23,1,0,0.9583333333333334,0.9583333333333334
./cnn/stories/017df5c4fe1e79eb26957ff6a8b4c1e41cd966ac.story,content,shorten,2,1,"Improve accuracy, clarity, and conciseness of language.",55,54,1,0,0.9818181818181818,0.9818181818181818
./cnn/stories/017df5c4fe1e79eb26957ff6a8b4c1e41cd966ac.story,content,shorten,2,2,"Improve accuracy, clarity, and conciseness of language.",40,40,0,0,1.0,1.0
./cnn/stories/017df5c4fe1e79eb26957ff6a8b4c1e41cd966ac.story,content,shorten,2,3,"Improve accuracy, clarity, and conciseness of language.",49,46,3,0,0.9387755102040817,0.9387755102040817
./cnn/stories/017df5c4fe1e79eb26957ff6a8b4c1e41cd966ac.story,style,formality,0,1,Make the text more formal.,57,56,1,0,0.9824561403508771,0.9824561403508771
./cnn/stories/017df5c4fe1e79eb26957ff6a8b4c1e41cd966ac.story,style,formality,0,2,Make the text more formal.,54,50,4,0,0.9259259259259259,0.9259259259259259
./cnn/stories/017df5c4fe1e79eb26957ff6a8b4c1e41cd966ac.story,style,formality,0,3,Make the text more formal.,61,60,1,0,0.9836065573770492,0.9836065573770492
./cnn/stories/017df5c4fe1e79eb26957ff6a8b4c1e41cd966ac.story,style,formality,1,1,Rephrase it to be more formal.,59,55,4,0,0.9322033898305084,0.9322033898305084
./cnn/stories/017df5c4fe1e79eb26957ff6a8b4c1e41cd966ac.story,style,formality,1,2,Rephrase it to be more formal.,64,64,0,0,1.0,1.0
./cnn/stories/017df5c4fe1e79eb26957ff6a8b4c1e41cd966ac.story,style,formality,1,3,Rephrase it to be more formal.,57,55,2,0,0.9649122807017544,0.9649122807017544
./cnn/stories/017df5c4fe1e79eb26957ff6a8b4c1e41cd966ac.story,style,formality,2,1,"Too conversational, rephrase it to be more formal.",75,73,2,0,0.9733333333333334,0.9733333333333334
./cnn/stories/017df5c4fe1e79eb26957ff6a8b4c1e41cd966ac.story,style,formality,2,2,"Too conversational, rephrase it to be more formal.",59,58,1,0,0.9830508474576272,0.9830508474576272
./cnn/stories/017df5c4fe1e79eb26957ff6a8b4c1e41cd966ac.story,style,formality,2,3,"Too conversational, rephrase it to be more formal.",65,64,1,0,0.9846153846153847,0.9846153846153847
./cnn/stories/017df5c4fe1e79eb26957ff6a8b4c1e41cd966ac.story,style,paraphrase,0,1,Paraphrase this.,22,21,1,0,0.9545454545454546,0.9545454545454546
./cnn/stories/017df5c4fe1e79eb26957ff6a8b4c1e41cd966ac.story,style,paraphrase,0,2,Paraphrase this.,23,22,1,0,0.9565217391304348,0.9565217391304348
./cnn/stories/017df5c4fe1e79eb26957ff6a8b4c1e41cd966ac.story,style,paraphrase,0,3,Paraphrase this.,23,23,0,0,1.0,1.0
./cnn/stories/017df5c4fe1e79eb26957ff6a8b4c1e41cd966ac.story,style,paraphrase,1,1,Reword this text.,41,41,0,0,1.0,1.0
./cnn/stories/017df5c4fe1e79eb26957ff6a8b4c1e41cd966ac.story,style,paraphrase,1,2,Reword this text.,34,33,1,0,0.9705882352941176,0.9705882352941176
./cnn/stories/017df5c4fe1e79eb26957ff6a8b4c1e41cd966ac.story,style,paraphrase,1,3,Reword this text.,38,36,2,0,0.9473684210526315,0.9473684210526315
./cnn/stories/017df5c4fe1e79eb26957ff6a8b4c1e41cd966ac.story,style,paraphrase,2,1,Use different wording.,53,50,3,0,0.9433962264150944,0.9433962264150944
./cnn/stories/017df5c4fe1e79eb26957ff6a8b4c1e41cd966ac.story,style,paraphrase,2,2,Use different wording.,58,54,4,0,0.9310344827586207,0.9310344827586207
./cnn/stories/017df5c4fe1e79eb26957ff6a8b4c1e41cd966ac.story,style,paraphrase,2,3,Use different wording.,53,45,8,0,0.8490566037735849,0.8490566037735849
./cnn/stories/01d2bc258d5e13d1742cc75bbfa8b224c9760cd0.story,content,elaborate,0,1,"Elaborate on the content, adding relevant details while staying faithful to the source text.",30,30,0,0,1.0,1.0
./cnn/stories/01d2bc258d5e13d1742cc75bbfa8b224c9760cd0.story,content,elaborate,0,2,"Elaborate on the content, adding relevant details while staying faithful to the source text.",32,32,0,0,1.0,1.0
./cnn/stories/01d2bc258d5e13d1742cc75bbfa8b224c9760cd0.story,content,elaborate,0,3,"Elaborate on the content, adding relevant details while staying faithful to the source text.",33,33,0,0,1.0,1.0
./cnn/stories/01d2bc258d5e13d1742cc75bbfa8b224c9760cd0.story,content,elaborate,1,1,"Expand the text with more context, without introducing information that is not supported by the original.",33,33,0,0,1.0,1.0
./cnn/stories/01d2bc258d5e13d1742cc75bbfa8b224c9760cd0.story,content,elaborate,1,2,"Expand the text with more context, without introducing information that is not supported by the original.",24,24,0,0,1.0,1.0
./cnn/stories/01d2bc258d5e13d1742cc75bbfa8b224c9760cd0.story,content,elaborate,1,3,"Expand the text with more context, without introducing information that is not supported by the original.",29,29,0,0,1.0,1.0
./cnn/stories/01d2bc258d5e13d1742cc75bbfa8b224c9760cd0.story,content,elaborate,2,1,"Add more detail, keeping every fact grounded in the source material.",28,28,0,0,1.0,1.0
./cnn/stories/01d2bc258d5e13d1742cc75bbfa8b224c9760cd0.story,content,elaborate,2,2,"Add more detail, keeping every fact grounded in the source material.",42,42,0,0,1.0,1.0
./cnn/stories/01d2bc258d5e13d1742cc75bbfa8b224c9760cd0.story,content,elaborate,2,3,"Add more detail, keeping every fact grounded in the source material.",41,36,5,0,0.8780487804878049,0.8780487804878049
./cnn/stories/01d2bc258d5e13d1742cc75bbfa8b224c9760cd0.story,content,shorten,0,1,Make wording more concise.,18,17,1,0,0.9444444444444444,0.9444444444444444
./cnn/stories/01d2bc258d5e13d1742cc75bbfa8b224c9760cd0.story,content,shorten,0,2,Make wording more concise.,17,17,0,0,1.0,1.0
./cnn/stories/01d2bc258d5e13d1742cc75bbfa8b224c9760cd0.story,content,shorten,0,3,Make wording more concise.,7,7,0,0,1.0,0.7
./cnn/stories/01d2bc258d5e13d1742cc75bbfa8b224c9760cd0.story,content,shorten,1,1,Rephrase for clarity and conciseness.,11,11,0,0,1.0,1.0
./cnn/stories/01d2bc258d5e13d1742cc75bbfa8b224c9760cd0.story,content,shorten,1,2,Rephrase for clarity and conciseness.,11,11,0,0,1.0,1.0
./cnn/stories/01d2bc258d5e13d1742cc75bbfa8b224c9760cd0.story,content,shorten,1,3,Rephrase for clarity and conciseness.,9,9,0,0,1.0,0.9
./cnn/stories/01d2bc258d5e13d1742cc75bbfa8b224c9760cd0.story,content,shorten,2,1,"Improve accuracy, clarity, and conciseness of language.",15,15,0,0,1.0,1.0
./cnn/stories/01d2bc258d5e13d1742cc75bbfa8b224c9760cd0.story,content,shorten,2,2,"Improve accuracy, clarity, and conciseness of language.",11,11,0,0,1.0,1.0
./cnn/stories/01d2bc258d5e13d1742cc75bbfa8b224c9760cd0.story,content,shorten,2,3,"Improve accuracy, clarity, and conciseness of language.",12,12,0,0,1.0,1.0
./cnn/stories/01d2bc258d5e13d1742cc75bbfa8b224c9760cd0.story,style,formality,0,1,Make the text more formal.,39,39,0,0,1.0,1.0
./cnn/stories/01d2bc258d5e13d1742cc75bbfa8b224c9760cd0.story,style,formality,0,2,Make the text more formal.,41,40,1,0,0.975609756097561,0.975609756097561
./cnn/stories/01d2bc258d5e13d1742cc75bbfa8b224c9760cd0.story,style,formality,0,3,Make the text more formal.,42,41,1,0,0.9761904761904762,0.9761904761904762
./cnn/stories/01d2bc258d5e13d1742cc75bbfa8b224c9760cd0.story,style,formality,1,1,Rephrase it to be more formal.,37,37,0,0,1.0,1.0
./cnn/stories/01d2bc258d5e13d1742cc75bbfa8b224c9760cd0.story,style,formality,1,2,Rephrase it to be more formal.,35,33,2,0,0.9428571428571428,0.9428571428571428
./cnn/stories/01d2bc258d5e13d1742cc75bbfa8b224c9760cd0.story,style,formality,1,3,Rephrase it to be more formal.,31,29,2,0,0.9354838709677419,0.9354838709677419
./cnn/stories/01d2bc258d5e13d1742cc75bbfa8b224c9760cd0.story,style,formality,2,1,"Too conversational, rephrase it to be more formal.",21,21,0,0,1.0,1.0
./cnn/stories/01d2bc258d5e13d1742cc75bbfa8b224c9760cd0.story,style,formality,2,2,"Too conversational, rephrase it to be more formal.",26,26,0,0,1.0,1.0
./cnn/stories/01d2bc258d5e13d1742cc75bbfa8b224c9760cd0.story,style,formality,2,3,"Too conversational, rephrase it to be more formal.",24,24,0,0,1.0,1.0
./cnn/stories/01d2bc258d5e13d1742cc75bbfa8b224c9760cd0.story,style,paraphrase,0,1,Paraphrase this.,26,26,0,0,1.0,1.0
./cnn/stories/01d2bc258d5e13d1742cc75bbfa8b224c9760cd0.story,style,paraphrase,0,2,Paraphrase this.,27,27,0,0,1.0,1.0
./cnn/stories/01d2bc258d5e13d1742cc75bbfa8b224c9760cd0.story,style,paraphrase,0,3,Paraphrase this.,31,31,0,0,1.0,1.0
./cnn/stories/01d2bc258d5e13d1742cc75bbfa8b224c9760cd0.story,style,paraphrase,1,1,Reword this text.,33,32,1,0,0.9696969696969697,0.9696969696969697
./cnn/stories/01d2bc258d5e13d1742cc75bbfa8b224c9760cd0.story,style,paraphrase,1,2,Reword this text.,30,30,0,0,1.0,1.0
./cnn/stories/01d2bc258d5e13d1742cc75bbfa8b224c9760cd0.story,style,paraphrase,1,3,Reword this text.,31,31,0,0,1.0,1.0
./cnn/stories/01d2bc258d5e13d1742cc75bbfa8b224c9760cd0.story,style,paraphrase,2,1,Use different wording.,42,36,6,0,0.8571428571428571,0.8571428571428571
./cnn/stories/01d2bc258d5e13d1742cc75bbfa8b224c9760cd0.story,style,paraphrase,2,2,Use different wording.,30,28,2,0,0.9333333333333333,0.9333333333333333
./cnn/stories/01d2bc258d5e13d1742cc75bbfa8b224c9760cd0.story,style,paraphrase,2,3,Use different wording.,36,31,5,0,0.8611111111111112,0.8611111111111112
./cnn/stories/03183babd26c3c85d26e125708c90d6df8c77390.story,content,elaborate,0,1,"Elaborate on the content, adding relevant details while staying faithful to the source text.",50,50,0,0,1.0,1.0
./cnn/stories/03183babd26c3c85d26e125708c90d6df8c77390.story,content,elaborate,0,2,"Elaborate on the content, adding relevant details while staying faithful to the source text.",52,52,0,0,1.0,1.0
./cnn/stories/03183babd26c3c85d26e125708c90d6df8c77390.story,content,elaborate,0,3,"Elaborate on the content, adding relevant details while staying faithful to the source text.",64,62,2,0,0.96875,0.96875
./cnn/stories/03183babd26c3c85d26e125708c90d6df8c77390.story,content,elaborate,1,1,"Expand the text with more context, without introducing information that is not supported by the original.",46,46,0,0,1.0,1.0
./cnn/stories/03183babd26c3c85d26e125708c90d6df8c77390.story,content,elaborate,1,2,"Expand the text with more context, without introducing information that is not supported by the original.",37,36,1,0,0.972972972972973,0.972972972972973
./cnn/stories/03183babd26c3c85d26e125708c90d6df8c77390.story,content,elaborate,1,3,"Expand the text with more context, without introducing information that is not supported by the original.",38,38,0,0,1.0,1.0
./cnn/stories/03183babd26c3c85d26e125708c90d6df8c77390.story,content,elaborate,2,1,"Add more detail, keeping every fact grounded in the source material.",52,52,0,0,1.0,1.0
./cnn/stories/03183babd26c3c85d26e125708c90d6df8c77390.story,content,elaborate,2,2,"Add more detail, keeping every fact grounded in the source material.",53,52,1,0,0.9811320754716981,0.9811320754716981
./cnn/stories/03183babd26c3c85d26e125708c90d6df8c77390.story,content,elaborate,2,3,"Add more detail, keeping every fact grounded in the source material.",51,49,2,0,0.9607843137254902,0.9607843137254902
./cnn/stories/03183babd26c3c85d26e125708c90d6df8c77390.story,content,shorten,0,1,Make wording more concise.,29,26,3,0,0.896551724137931,0.896551724137931
./cnn/stories/03183babd26c3c85d26e125708c90d6df8c77390.story,content,shorten,0,2,Make wording more concise.,24,21,3,0,0.875,0.875
./cnn/stories/03183babd26c3c85d26e125708c90d6df8c77390.story,content,shorten,0,3,Make wording more concise.,24,22,2,0,0.9166666666666666,0.9166666666666666
./cnn/stories/03183babd26c3c85d26e125708c90d6df8c77390.story,content,shorten,1,1,Rephrase for clarity and conciseness.,26,23,3,0,0.8846153846153846,0.8846153846153846
./cnn/stories/03183babd26c3c85d26e125708c90d6df8c77390.story,content,shorten,1,2,Rephrase for clarity and conciseness.,24,24,0,0,1.0,1.0
./cnn/stories/03183babd26c3c85d26e125708c90d6df8c77390.story,content,shorten,1,3,Rephrase for clarity and conciseness.,25,25,0,0,1.0,1.0
./cnn/stories/03183babd26c3c85d26e125708c90d6df8c77390.story,content,shorten,2,1,"Improve accuracy, clarity, and conciseness of language.",35,34,1,0,0.9714285714285714,0.9714285714285714
./cnn/stories/03183babd26c3c85d26e125708c90d6df8c77390.story,content,shorten,2,2,"Improve accuracy, clarity, and conciseness of language.",32,32,0,0,1.0,1.0
./cnn/stories/03183babd26c3c85d26e125708c90d6df8c77390.story,content,shorten,2,3,"Improve accuracy, clarity, and conciseness of language.",33,32,1,0,0.9696969696969697,0.9696969696969697
./cnn/stories/03183babd26c3c85d26e125708c90d6df8c77390.story,style,formality,0,1,Make the text more formal.,49,49,0,0,1.0,1.0
./cnn/stories/03183babd26c3c85d26e125708c90d6df8c77390.story,style,formality,0,2,Make the text more formal.,51,51,0,0,1.0,1.0
./cnn/stories/03183babd26c3c85d26e125708c90d6df8c77390.story,style,formality,0,3,Make the text more formal.,55,53,2,0,0.9636363636363636,0.9636363636363636
./cnn/stories/03183babd26c3c85d26e125708c90d6df8c77390.story,style,formality,1,1,Rephrase it to be more formal.,34,34,0,0,1.0,1.0
./cnn/stories/03183babd26c3c85d26e125708c90d6df8c77390.story,style,formality,1,2,Rephrase it to be more formal.,32,32,0,0,1.0,1.0
./cnn/stories/03183babd26c3c85d26e125708c90d6df8c77390.story,style,formality,1,3,Rephrase it to be more formal.,33,33,0,0,1.0,1.0
./cnn/stories/03183babd26c3c85d26e125708c90d6df8c77390.story,style,formality,2,1,"Too conversational, rephrase it to be more formal.",36,35,1,0,0.9722222222222222,0.9722222222222222
./cnn/stories/03183babd26c3c85d26e125708c90d6df8c77390.story,style,formality,2,2,"Too conversational, rephrase it to be more formal.",35,35,0,0,1.0,1.0
./cnn/stories/03183babd26c3c85d26e125708c90d6df8c77390.story,style,formality,2,3,"Too conversational, rephrase it to be more formal.",35,35,0,0,1.0,1.0
./cnn/stories/03183babd26c3c85d26e125708c90d6df8c77390.story,style,paraphrase,0,1,Paraphrase this.,34,32,2,0,0.9411764705882353,0.9411764705882353
./cnn/stories/03183babd26c3c85d26e125708c90d6df8c77390.story,style,paraphrase,0,2,Paraphrase this.,35,33,2,0,0.9428571428571428,0.9428571428571428
./cnn/stories/03183babd26c3c85d26e125708c90d6df8c77390.story,style,paraphrase,0,3,Paraphrase this.,36,34,2,0,0.9444444444444444,0.9444444444444444
./cnn/stories/03183babd26c3c85d26e125708c90d6df8c77390.story,style,paraphrase,1,1,Reword this text.,50,49,1,0,0.98,0.98
./cnn/stories/03183babd26c3c85d26e125708c90d6df8c77390.story,style,paraphrase,1,2,Reword this text.,44,43,1,0,0.9772727272727273,0.9772727272727273
./cnn/stories/03183babd26c3c85d26e125708c90d6df8c77390.story,style,paraphrase,1,3,Reword this text.,36,32,4,0,0.8888888888888888,0.8888888888888888
./cnn/stories/03183babd26c3c85d26e125708c90d6df8c77390.story,style,paraphrase,2,1,Use different wording.,55,55,0,0,1.0,1.0
./cnn/stories/03183babd26c3c85d26e125708c90d6df8c77390.story,style,paraphrase,2,2,Use different wording.,47,45,2,0,0.9574468085106383,0.9574468085106383
./cnn/stories/03183babd26c3c85d26e125708c90d6df8c77390.story,style,paraphrase,2,3,Use different wording.,50,47,3,0,0.94,0.94
./cnn/stories/0a421106fb10078b00663df3e88c5ee6f0437a66.story,content,elaborate,0,1,"Elaborate on the content, adding relevant details while staying faithful to the source text.",42,41,1,0,0.9761904761904762,0.9761904761904762
./cnn/stories/0a421106fb10078b00663df3e88c5ee6f0437a66.story,content,elaborate,0,2,"Elaborate on the content, adding relevant details while staying faithful to the source text.",53,43,10,0,0.8113207547169812,0.8113207547169812
./cnn/stories/0a421106fb10078b00663df3e88c5ee6f0437a66.story,content,elaborate,0,3,"Elaborate on the content, adding relevant details while staying faithful to the source text.",46,44,2,0,0.9565217391304348,0.9565217391304348
./cnn/stories/0a421106fb10078b00663df3e88c5ee6f0437a66.story,content,elaborate,1,1,"Expand the text with more context, without introducing information that is not supported by the original.",39,38,1,0,0.9743589743589743,0.9743589743589743
./cnn/stories/0a421106fb10078b00663df3e88c5ee6f0437a66.story,content,elaborate,1,2,"Expand the text with more context, without introducing information that is not supported by the original.",35,34,1,0,0.9714285714285714,0.9714285714285714
./cnn/stories/0a421106fb10078b00663df3e88c5ee6f0437a66.story,content,elaborate,1,3,"Expand the text with more context, without introducing information that is not supported by the original.",35,33,2,0,0.9428571428571428,0.9428571428571428
./cnn/stories/0a421106fb10078b00663df3e88c5ee6f0437a66.story,content,elaborate,2,1,"Add more detail, keeping every fact grounded in the source material.",37,36,1,0,0.972972972972973,0.972972972972973
./cnn/stories/0a421106fb10078b00663df3e88c5ee6f0437a66.story,content,elaborate,2,2,"Add more detail, keeping every fact grounded in the source material.",45,43,2,0,0.9555555555555556,0.9555555555555556
./cnn/stories/0a421106fb10078b00663df3e88c5ee6f0437a66.story,content,elaborate,2,3,"Add more detail, keeping every fact grounded in the source material.",53,50,3,0,0.9433962264150944,0.9433962264150944
./cnn/stories/0a421106fb10078b00663df3e88c5ee6f0437a66.story,content,shorten,0,1,Make wording more concise.,18,18,0,0,1.0,1.0
./cnn/stories/0a421106fb10078b00663df3e88c5ee6f0437a66.story,content,shorten,0,2,Make wording more concise.,16,16,0,0,1.0,1.0
./cnn/stories/0a421106fb10078b00663df3e88c5ee6f0437a66.story,content,shorten,0,3,Make wording more concise.,18,18,0,0,1.0,1.0
./cnn/stories/0a421106fb10078b00663df3e88c5ee6f0437a66.story,content,shorten,1,1,Rephrase for clarity and conciseness.,18,18,0,0,1.0,1.0
./cnn/stories/0a421106fb10078b00663df3e88c5ee6f0437a66.story,content,shorten,1,2,Rephrase for clarity and conciseness.,15,15,0,0,1.0,1.0
./cnn/stories/0a421106fb10078b00663df3e88c5ee6f0437a66.story,content,shorten,1,3,Rephrase for clarity and conciseness.,16,16,0,0,1.0,1.0
./cnn/stories/0a421106fb10078b00663df3e88c5ee6f0437a66.story,content,shorten,2,1,"Improve accuracy, clarity, and conciseness of language.",28,28,0,0,1.0,1.0
./cnn/stories/0a421106fb10078b00663df3e88c5ee6f0437a66.story,content,shorten,2,2,"Improve accuracy, clarity, and conciseness of language.",26,25,1,0,0.9615384615384616,0.9615384615384616
./cnn/stories/0a421106fb10078b00663df3e88c5ee6f0437a66.story,content,shorten,2,3,"Improve accuracy, clarity, and conciseness of language.",21,20,1,0,0.9523809523809523,0.9523809523809523
./cnn/stories/0a421106fb10078b00663df3e88c5ee6f0437a66.story,style,formality,0,1,Make the text more formal.,55,55,0,0,1.0,1.0
./cnn/stories/0a421106fb10078b00663df3e88c5ee6f0437a66.story,style,formality,0,2,Make the text more formal.,57,56,1,0,0.9824561403508771,0.9824561403508771
./cnn/stories/0a421106fb10078b00663df3e88c5ee6f0437a66.story,style,formality,0,3,Make the text more formal.,57,57,0,0,1.0,1.0
./cnn/stories/0a421106fb10078b00663df3e88c5ee6f0437a66.story,style,formality,1,1,Rephrase it to be more formal.,54,53,1,0,0.9814814814814815,0.9814814814814815
./cnn/stories/0a421106fb10078b00663df3e88c5ee6f0437a66.story,style,formality,1,2,Rephrase it to be more formal.,54,53,1,0,0.9814814814814815,0.9814814814814815
./cnn/stories/0a421106fb10078b00663df3e88c5ee6f0437a66.story,style,formality,1,3,Rephrase it to be more formal.,44,44,0,0,1.0,1.0
./cnn/stories/0a421106fb10078b00663df3e88c5ee6f0437a66.story,style,formality,2,1,"Too conversational, rephrase it to be more formal.",40,40,0,0,1.0,1.0
./cnn/stories/0a421106fb10078b00663df3e88c5ee6f0437a66.story,style,formality,2,2,"Too conversational, rephrase it to be more formal.",42,42,0,0,1.0,1.0
./cnn/stories/0a421106fb10078b00663df3e88c5ee6f0437a66.story,style,formality,2,3,"Too conversational, rephrase it to be more formal.",41,41,0,0,1.0,1.0
./cnn/stories/0a421106fb10078b00663df3e88c5ee6f0437a66.story,style,paraphrase,0,1,Paraphrase this.,24,22,2,0,0.9166666666666666,0.9166666666666666
./cnn/stories/0a421106fb10078b00663df3e88c5ee6f0437a66.story,style,paraphrase,0,2,Paraphrase this.,18,17,1,0,0.9444444444444444,0.9444444444444444
./cnn/stories/0a421106fb10078b00663df3e88c5ee6f0437a66.story,style,paraphrase,0,3,Paraphrase this.,23,22,1,0,0.9565217391304348,0.9565217391304348
./cnn/stories/0a421106fb10078b00663df3e88c5ee6f0437a66.story,style,paraphrase,1,1,Reword this text.,33,33,0,0,1.0,1.0
./cnn/stories/0a421106fb10078b00663df3e88c5ee6f0437a66.story,style,paraphrase,1,2,Reword this text.,29,29,0,0,1.0,1.0
./cnn/stories/0a421106fb10078b00663df3e88c5ee6f0437a66.story,style,paraphrase,1,3,Reword this text.,37,36,1,0,0.972972972972973,0.972972972972973
./cnn/stories/0a421106fb10078b00663df3e88c5ee6f0437a66.story,style,paraphrase,2,1,Use different wording.,22,22,0,0,1.0,1.0
./cnn/stories/0a421106fb10078b00663df3e88c5ee6f0437a66.story,style,paraphrase,2,2,Use different wording.,22,21,1,0,0.9545454545454546,0.9545454545454546
./cnn/stories/0a421106fb10078b00663df3e88c5ee6f0437a66.story,style,paraphrase,2,3,Use different wording.,21,21,0,0,1.0,1.0
./cnn/stories/0a6c7cbe5aa6c6de9c9e6ab14adc105da4937e9d.story,content,elaborate,0,1,"Elaborate on the content, adding relevant details while staying faithful to the source text.",39,38,1,0,0.9743589743589743,0.9743589743589743
./cnn/stories/0a6c7cbe5aa6c6de9c9e6ab14adc105da4937e9d.story,content,elaborate,0,2,"Elaborate on the content, adding relevant details while staying faithful to the source text.",42,38,4,0,0.9047619047619048,0.9047619047619048
./cnn/stories/0a6c7cbe5aa6c6de9c9e6ab14adc105da4937e9d.story,content,elaborate,0,3,"Elaborate on the content, adding relevant details while staying faithful to the source text.",35,28,7,0,0.8,0.8
./cnn/stories/0a6c7cbe5aa6c6de9c9e6ab14adc105da4937e9d.story,content,elaborate,1,1,"Expand the text with more context, without introducing information that is not supported by the original.",32,30,2,0,0.9375,0.9375
./cnn/stories/0a6c7cbe5aa6c6de9c9e6ab14adc105da4937e9d.story,content,elaborate,1,2,"Expand the text with more context, without introducing information that is not supported by the original.",35,32,3,0,0.9142857142857143,0.9142857142857143
./cnn/stories/0a6c7cbe5aa6c6de9c9e6ab14adc105da4937e9d.story,content,elaborate,1,3,"Expand the text with more context, without introducing information that is not supported by the original.",37,33,4,0,0.8918918918918919,0.8918918918918919
./cnn/stories/0a6c7cbe5aa6c6de9c9e6ab14adc105da4937e9d.story,content,elaborate,2,1,"Add more detail, keeping every fact grounded in the source material.",50,49,1,0,0.98,0.98
./cnn/stories/0a6c7cbe5aa6c6de9c9e6ab14adc105da4937e9d.story,content,elaborate,2,2,"Add more detail, keeping every fact grounded in the source material.",57,50,7,0,0.8771929824561403,0.8771929824561403
./cnn/stories/0a6c7cbe5aa6c6de9c9e6ab14adc105da4937e9d.story,content,elaborate,2,3,"Add more detail, keeping every fact grounded in the source material.",82,72,10,0,0.8780487804878049,0.8780487804878049
./cnn/stories/0a6c7cbe5aa6c6de9c9e6ab14adc105da4937e9d.story,content,shorten,0,1,Make wording more concise.,29,27,2,0,0.9310344827586207,0.9310344827586207
./cnn/stories/0a6c7cbe5aa6c6de9c9e6ab14adc105da4937e9d.story,content,shorten,0,2,Make wording more concise.,27,26,1,0,0.9629629629629629,0.9629629629629629
./cnn/stories/0a6c7cbe5aa6c6de9c9e6ab14adc105da4937e9d.story,content,shorten,0,3,Make wording more concise.,21,20,1,0,0.9523809523809523,0.9523809523809523
./cnn/stories/0a6c7cbe5aa6c6de9c9e6ab14adc105da4937e9d.story,content,shorten,1,1,Rephrase for clarity and conciseness.,27,25,2,0,0.9259259259259259,0.9259259259259259
./cnn/stories/0a6c7cbe5aa6c6de9c9e6ab14adc105da4937e9d.story,content,shorten,1,2,Rephrase for clarity and conciseness.,17,15,2,0,0.8823529411764706,0.8823529411764706
./cnn/stories/0a6c7cbe5aa6c6de9c9e6ab14adc105da4937e9d.story,content,shorten,1,3,Rephrase for clarity and conciseness.,16,14,2,0,0.875,0.875
./cnn/stories/0a6c7cbe5aa6c6de9c9e6ab14adc105da4937e9d.story,content,shorten,2,1,"Improve accuracy, clarity, and conciseness of language.",26,24,2,0,0.9230769230769231,0.9230769230769231
./cnn/stories/0a6c7cbe5aa6c6de9c9e6ab14adc105da4937e9d.story,content,shorten,2,2,"Improve accuracy, clarity, and conciseness of language.",22,19,3,0,0.8636363636363636,0.8636363636363636
./cnn/stories/0a6c7cbe5aa6c6de9c9e6ab14adc105da4937e9d.story,content,shorten,2,3,"Improve accuracy, clarity, and conciseness of language.",20,18,2,0,0.9,0.9
./cnn/stories/0a6c7cbe5aa6c6de9c9e6ab14adc105da4937e9d.story,style,formality,0,1,Make the text more formal.,48,45,3,0,0.9375,0.9375
./cnn/stories/0a6c7cbe5aa6c6de9c9e6ab14adc105da4937e9d.story,style,formality,0,2,Make the text more formal.,46,46,0,0,1.0,1.0
./cnn/stories/0a6c7cbe5aa6c6de9c9e6ab14adc105da4937e9d.story,style,formality,0,3,Make the text more formal.,43,40,3,0,0.9302325581395349,0.9302325581395349
./cnn/stories/0a6c7cbe5aa6c6de9c9e6ab14adc105da4937e9d.story,style,formality,1,1,Rephrase it to be more formal.,49,46,3,0,0.9387755102040817,0.9387755102040817
./cnn/stories/0a6c7cbe5aa6c6de9c9e6ab14adc105da4937e9d.story,style,formality,1,2,Rephrase it to be more formal.,52,48,4,0,0.9230769230769231,0.9230769230769231
./cnn/stories/0a6c7cbe5aa6c6de9c9e6ab14adc105da4937e9d.story,style,formality,1,3,Rephrase it to be more formal.,55,52,3,0,0.9454545454545454,0.9454545454545454
./cnn/stories/0a6c7cbe5aa6c6de9c9e6ab14adc105da4937e9d.story,style,formality,2,1,"Too conversational, rephrase it to be more formal.",53,51,2,0,0.9622641509433962,0.9622641509433962
./cnn/stories/0a6c7cbe5aa6c6de9c9e6ab14adc105da4937e9d.story,style,formality,2,2,"Too conversational, rephrase it to be more formal.",42,41,1,0,0.9761904761904762,0.9761904761904762
./cnn/stories/0a6c7cbe5aa6c6de9c9e6ab14adc105da4937e9d.story,style,formality,2,3,"Too conversational, rephrase it to be more formal.",48,48,0,0,1.0,1.0
./cnn/stories/0a6c7cbe5aa6c6de9c9e6ab14adc105da4937e9d.story,style,paraphrase,0,1,Paraphrase this.,39,39,0,0,1.0,1.0
./cnn/stories/0a6c7cbe5aa6c6de9c9e6ab14adc105da4937e9d.story,style,paraphrase,0,2,Paraphrase this.,28,27,1,0,0.9642857142857143,0.9642857142857143
./cnn/stories/0a6c7cbe5aa6c6de9c9e6ab14adc105da4937e9d.story,style,paraphrase,0,3,Paraphrase this.,29,28,1,0,0.9655172413793104,0.9655172413793104
./cnn/stories/0a6c7cbe5aa6c6de9c9e6ab14adc105da4937e9d.story,style,paraphrase,1,1,Reword this text.,39,37,2,0,0.9487179487179487,0.9487179487179487
./cnn/stories/0a6c7cbe5aa6c6de9c9e6ab14adc105da4937e9d.story,style,paraphrase,1,2,Reword this text.,42,40,2,0,0.9523809523809523,0.9523809523809523
./cnn/stories/0a6c7cbe5aa6c6de9c9e6ab14adc105da4937e9d.story,style,paraphrase,1,3,Reword this text.,37,35,2,0,0.9459459459459459,0.9459459459459459
./cnn/stories/0a6c7cbe5aa6c6de9c9e6ab14adc105da4937e9d.story,style,paraphrase,2,1,Use different wording.,55,53,2,0,0.9636363636363636,0.9636363636363636
./cnn/stories/0a6c7cbe5aa6c6de9c9e6ab14adc105da4937e9d.story,style,paraphrase,2,2,Use different wording.,56,53,3,0,0.9464285714285714,0.9464285714285714
./cnn/stories/0a6c7cbe5aa6c6de9c9e6ab14adc105da4937e9d.story,style,paraphrase,2,3,Use different wording.,41,39,2,0,0.9512195121951219,0.9512195121951219
./cnn/stories/0a7f6926e4e554149fcf99d81b4839d99c05c2ef.story,content,elaborate,0,1,"Elaborate on the content, adding relevant details while staying faithful to the source text.",60,59,1,0,0.9833333333333333,0.9833333333333333
./cnn/stories/0a7f6926e4e554149fcf99d81b4839d99c05c2ef.story,content,elaborate,0,2,"Elaborate on the content, adding relevant details while staying faithful to the source text.",61,57,4,0,0.9344262295081968,0.9344262295081968
./cnn/stories/0a7f6926e4e554149fcf99d81b4839d99c05c2ef.story,content,elaborate,0,3,"Elaborate on the content, adding relevant details while staying faithful to the source text.",32,30,2,0,0.9375,0.9375
./cnn/stories/0a7f6926e4e554149fcf99d81b4839d99c05c2ef.story,content,elaborate,1,1,"Expand the text with more context, without introducing information that is not supported by the original.",41,41,0,0,1.0,1.0
./cnn/stories/0a7f6926e4e554149fcf99d81b4839d99c05c2ef.story,content,elaborate,1,2,"Expand the text with more context, without introducing information that is not supported by the original.",41,36,5,0,0.8780487804878049,0.8780487804878049
./cnn/stories/0a7f6926e4e554149fcf99d81b4839d99c05c2ef.story,content,elaborate,1,3,"Expand the text with more context, without introducing information that is not supported by the original.",36,32,4,0,0.8888888888888888,0.8888888888888888
./cnn/stories/0a7f6926e4e554149fcf99d81b4839d99c05c2ef.story,content,elaborate,2,1,"Add more detail, keeping every fact grounded in the source material.",72,67,5,0,0.9305555555555556,0.9305555555555556
./cnn/stories/0a7f6926e4e554149fcf99d81b4839d99c05c2ef.story,content,elaborate,2,2,"Add more detail, keeping every fact grounded in the source material.",50,41,9,0,0.82,0.82
./cnn/stories/0a7f6926e4e554149fcf99d81b4839d99c05c2ef.story,content,elaborate,2,3,"Add more detail, keeping every fact grounded in the source material.",57,51,6,0,0.8947368421052632,0.8947368421052632
./cnn/stories/0a7f6926e4e554149fcf99d81b4839d99c05c2ef.story,content,shorten,0,1,Make wording more concise.,23,20,3,0,0.8695652173913043,0.8695652173913043
./cnn/stories/0a7f6926e4e554149fcf99d81b4839d99c05c2ef.story,content,shorten,0,2,Make wording more concise.,24,22,2,0,0.9166666666666666,0.9166666666666666
./cnn/stories/0a7f6926e4e554149fcf99d81b4839d99c05c2ef.story,content,shorten,0,3,Make wording more concise.,19,17,2,0,0.8947368421052632,0.8947368421052632
./cnn/stories/0a7f6926e4e554149fcf99d81b4839d99c05c2ef.story,content,shorten,1,1,Rephrase for clarity and conciseness.,27,25,2,0,0.9259259259259259,0.9259259259259259
./cnn/stories/0a7f6926e4e554149fcf99d81b4839d99c05c2ef.story,content,shorten,1,2,Rephrase for clarity and conciseness.,23,21,2,0,0.9130434782608695,0.9130434782608695
./cnn/stories/0a7f6926e4e554149fcf99d81b4839d99c05c2ef.story,content,shorten,1,3,Rephrase for clarity and conciseness.,23,20,3,0,0.8695652173913043,0.8695652173913043
./cnn/stories/0a7f6926e4e554149fcf99d81b4839d99c05c2ef.story,content,shorten,2,1,"Improve accuracy, clarity, and conciseness of language.",37,31,6,0,0.8378378378378378,0.8378378378378378
./cnn/stories/0a7f6926e4e554149fcf99d81b4839d99c05c2ef.story,content,shorten,2,2,"Improve accuracy, clarity, and conciseness of language.",16,15,1,0,0.9375,0.9375
./cnn/stories/0a7f6926e4e554149fcf99d81b4839d99c05c2ef.story,content,shorten,2,3,"Improve accuracy, clarity, and conciseness of language.",16,15,1,0,0.9375,0.9375
./cnn/stories/0a7f6926e4e554149fcf99d81b4839d99c05c2ef.story,style,formality,0,1,Make the text more formal.,56,53,3,0,0.9464285714285714,0.9464285714285714
./cnn/stories/0a7f6926e4e554149fcf99d81b4839d99c05c2ef.story,style,formality,0,2,Make the text more formal.,57,50,7,0,0.8771929824561403,0.8771929824561403
./cnn/stories/0a7f6926e4e554149fcf99d81b4839d99c05c2ef.story,style,formality,0,3,Make the text more formal.,54,50,4,0,0.9259259259259259,0.9259259259259259
./cnn/stories/0a7f6926e4e554149fcf99d81b4839d99c05c2ef.story,style,formality,1,1,Rephrase it to be more formal.,51,49,2,0,0.9607843137254902,0.9607843137254902
./cnn/stories/0a7f6926e4e554149fcf99d81b4839d99c05c2ef.story,style,formality,1,2,Rephrase it to be more formal.,52,48,4,0,0.9230769230769231,0.9230769230769231
./cnn/stories/0a7f6926e4e554149fcf99d81b4839d99c05c2ef.story,style,formality,1,3,Rephrase it to be more formal.,57,52,5,0,0.9122807017543859,0.9122807017543859
./cnn/stories/0a7f6926e4e554149fcf99d81b4839d99c05c2ef.story,style,formality,2,1,"Too conversational, rephrase it to be more formal.",56,54,2,0,0.9642857142857143,0.9642857142857143
./cnn/stories/0a7f6926e4e554149fcf99d81b4839d99c05c2ef.story,style,formality,2,2,"Too conversational, rephrase it to be more formal.",48,41,7,0,0.8541666666666666,0.8541666666666666
./cnn/stories/0a7f6926e4e554149fcf99d81b4839d99c05c2ef.story,style,formality,2,3,"Too conversational, rephrase it to be more formal.",50,45,5,0,0.9,0.9
./cnn/stories/0a7f6926e4e554149fcf99d81b4839d99c05c2ef.story,style,paraphrase,0,1,Paraphrase this.,35,34,1,0,0.9714285714285714,0.9714285714285714
./cnn/stories/0a7f6926e4e554149fcf99d81b4839d99c05c2ef.story,style,paraphrase,0,2,Paraphrase this.,35,34,1,0,0.9714285714285714,0.9714285714285714
./cnn/stories/0a7f6926e4e554149fcf99d81b4839d99c05c2ef.story,style,paraphrase,0,3,Paraphrase this.,29,28,1,0,0.9655172413793104,0.9655172413793104
./cnn/stories/0a7f6926e4e554149fcf99d81b4839d99c05c2ef.story,style,paraphrase,1,1,Reword this text.,42,41,1,0,0.9761904761904762,0.9761904761904762
./cnn/stories/0a7f6926e4e554149fcf99d81b4839d99c05c2ef.story,style,paraphrase,1,2,Reword this text.,36,34,2,0,0.9444444444444444,0.9444444444444444
./cnn/stories/0a7f6926e4e554149fcf99d81b4839d99c05c2ef.story,style,paraphrase,1,3,Reword this text.,29,25,4,0,0.8620689655172413,0.8620689655172413
./cnn/stories/0a7f6926e4e554149fcf99d81b4839d99c05c2ef.story,style,paraphrase,2,1,Use different wording.,47,44,3,0,0.9361702127659575,0.9361702127659575
./cnn/stories/0a7f6926e4e554149fcf99d81b4839d99c05c2ef.story,style,paraphrase,2,2,Use different wording.,46,44,2,0,0.9565217391304348,0.9565217391304348
./cnn/stories/0a7f6926e4e554149fcf99d81b4839d99c05c2ef.story,style,paraphrase,2,3,Use different wording.,41,40,1,0,0.975609756097561,0.975609756097561
./cnn/stories/113bc1c570498f5723bf595f8980c30e95711c47.story,content,elaborate,0,1,"Elaborate on the content, adding relevant details while staying faithful to the source text.",56,54,2,0,0.9642857142857143,0.9642857142857143
./cnn/stories/113bc1c570498f5723bf595f8980c30e95711c47.story,content,elaborate,0,2,"Elaborate on the content, adding relevant details while staying faithful to the source text.",54,51,3,0,0.9444444444444444,0.9444444444444444
./cnn/stories/113bc1c570498f5723bf595f8980c30e95711c47.story,content,elaborate,0,3,"Elaborate on the content, adding relevant details while staying faithful to the source text.",60,55,5,0,0.9166666666666666,0.9166666666666666
./cnn/stories/113bc1c570498f5723bf595f8980c30e95711c47.story,content,elaborate,1,1,"Expand the text with more context, without introducing information that is not supported by the original.",43,43,0,0,1.0,1.0
./cnn/stories/113bc1c570498f5723bf595f8980c30e95711c47.story,content,elaborate,1,2,"Expand the text with more context, without introducing information that is not supported by the original.",50,48,2,0,0.96,0.96
./cnn/stories/113bc1c570498f5723bf595f8980c30e95711c47.story,content,elaborate,1,3,"Expand the text with more context, without introducing information that is not supported by the original.",50,48,2,0,0.96,0.96
./cnn/stories/113bc1c570498f5723bf595f8980c30e95711c47.story,content,elaborate,2,1,"Add more detail, keeping every fact grounded in the source material.",61,59,2,0,0.9672131147540983,0.9672131147540983
./cnn/stories/113bc1c570498f5723bf595f8980c30e95711c47.story,content,elaborate,2,2,"Add more detail, keeping every fact grounded in the source material.",64,62,2,0,0.96875,0.96875
./cnn/stories/113bc1c570498f5723bf595f8980c30e95711c47.story,content,elaborate,2,3,"Add more detail, keeping every fact grounded in the source material.",70,69,1,0,0.9857142857142858,0.9857142857142858
./cnn/stories/113bc1c570498f5723bf595f8980c30e95711c47.story,content,shorten,0,1,Make wording more concise.,23,23,0,0,1.0,1.0
./cnn/stories/113bc1c570498f5723bf595f8980c30e95711c47.story,content,shorten,0,2,Make wording more concise.,17,17,0,0,1.0,1.0
./cnn/stories/113bc1c570498f5723bf595f8980c30e95711c47.story,content,shorten,0,3,Make wording more concise.,17,17,0,0,1.0,1.0
./cnn/stories/113bc1c570498f5723bf595f8980c30e95711c47.story,content,shorten,1,1,Rephrase for clarity and conciseness.,21,21,0,0,1.0,1.0
./cnn/stories/113bc1c570498f5723bf595f8980c30e95711c47.story,content,shorten,1,2,Rephrase for clarity and conciseness.,19,18,1,0,0.9473684210526315,0.9473684210526315
./cnn/stories/113bc1c570498f5723bf595f8980c30e95711c47.story,content,shorten,1,3,Rephrase for clarity and conciseness.,20,19,1,0,0.95,0.95
./cnn/stories/113bc1c570498f5723bf595f8980c30e95711c47.story,content,shorten,2,1,"Improve accuracy, clarity, and conciseness of language.",26,25,1,0,0.9615384615384616,0.9615384615384616
./cnn/stories/113bc1c570498f5723bf595f8980c30e95711c47.story,content,shorten,2,2,"Improve accuracy, clarity, and conciseness of language.",23,22,1,0,0.9565217391304348,0.9565217391304348
./cnn/stories/113bc1c570498f5723bf595f8980c30e95711c47.story,content,shorten,2,3,"Improve accuracy, clarity, and conciseness of language.",22,21,1,0,0.9545454545454546,0.9545454545454546
./cnn/stories/113bc1c570498f5723bf595f8980c30e95711c47.story,style,formality,0,1,Make the text more formal.,58,56,2,0,0.9655172413793104,0.9655172413793104
./cnn/stories/113bc1c570498f5723bf595f8980c30e95711c47.story,style,formality,0,2,Make the text more formal.,66,62,4,0,0.9393939393939394,0.9393939393939394
./cnn/stories/113bc1c570498f5723bf595f8980c30e95711c47.story,style,formality,0,3,Make the text more formal.,55,53,2,0,0.9636363636363636,0.9636363636363636
./cnn/stories/113bc1c570498f5723bf595f8980c30e95711c47.story,style,formality,1,1,Rephrase it to be more formal.,48,47,1,0,0.9791666666666666,0.9791666666666666
./cnn/stories/113bc1c570498f5723bf595f8980c30e95711c47.story,style,formality,1,2,Rephrase it to be more formal.,47,46,1,0,0.9787234042553191,0.9787234042553191
./cnn/stories/113bc1c570498f5723bf595f8980c30e95711c47.story,style,formality,1,3,Rephrase it to be more formal.,44,42,2,0,0.9545454545454546,0.9545454545454546
./cnn/stories/113bc1c570498f5723bf595f8980c30e95711c47.story,style,formality,2,1,"Too conversational, rephrase it to be more formal.",63,63,0,0,1.0,1.0
./cnn/stories/113bc1c570498f5723bf595f8980c30e95711c47.story,style,formality,2,2,"Too conversational, rephrase it to be more formal.",47,47,0,0,1.0,1.0
./cnn/stories/113bc1c570498f5723bf595f8980c30e95711c47.story,style,formality,2,3,"Too conversational, rephrase it to be more formal.",47,47,0,0,1.0,1.0
./cnn/stories/113bc1c570498f5723bf595f8980c30e95711c47.story,style,paraphrase,0,1,Paraphrase this.,37,35,2,0,0.9459459459459459,0.9459459459459459
./cnn/stories/113bc1c570498f5723bf595f8980c30e95711c47.story,style,paraphrase,0,2,Paraphrase this.,35,32,3,0,0.9142857142857143,0.9142857142857143
./cnn/stories/113bc1c570498f5723bf595f8980c30e95711c47.story,style,paraphrase,0,3,Paraphrase this.,34,32,2,0,0.9411764705882353,0.9411764705882353
./cnn/stories/113bc1c570498f5723bf595f8980c30e95711c47.story,style,paraphrase,1,1,Reword this text.,38,37,1,0,0.9736842105263158,0.9736842105263158
./cnn/stories/113bc1c570498f5723bf595f8980c30e95711c47.story,style,paraphrase,1,2,Reword this text.,36,34,2,0,0.9444444444444444,0.9444444444444444
./cnn/stories/113bc1c570498f5723bf595f8980c30e95711c47.story,style,paraphrase,1,3,Reword this text.,35,33,2,0,0.9428571428571428,0.9428571428571428
./cnn/stories/113bc1c570498f5723bf595f8980c30e95711c47.story,style,paraphrase,2,1,Use different wording.,60,58,2,0,0.9666666666666667,0.9666666666666667
./cnn/stories/113bc1c570498f5723bf595f8980c30e95711c47.story,style,paraphrase,2,2,Use different wording.,50,48,2,0,0.96,0.96
./cnn/stories/113bc1c570498f5723bf595f8980c30e95711c47.story,style,paraphrase,2,3,Use different wording.,44,40,4,0,0.9090909090909091,0.9090909090909091
./cnn/stories/137c5c29cca8405f8893056d739814ec2afb66bf.story,content,elaborate,0,1,"Elaborate on the content, adding relevant details while staying faithful to the source text.",28,28,0,0,1.0,1.0
./cnn/stories/137c5c29cca8405f8893056d739814ec2afb66bf.story,content,elaborate,0,2,"Elaborate on the content, adding relevant details while staying faithful to the source text.",29,29,0,0,1.0,1.0
./cnn/stories/137c5c29cca8405f8893056d739814ec2afb66bf.story,content,elaborate,0,3,"Elaborate on the content, adding relevant details while staying faithful to the source text.",46,45,1,0,0.9782608695652174,0.9782608695652174
./cnn/stories/137c5c29cca8405f8893056d739814ec2afb66bf.story,content,elaborate,1,1,"Expand the text with more context, without introducing information that is not supported by the original.",25,25,0,0,1.0,1.0
./cnn/stories/137c5c29cca8405f8893056d739814ec2afb66bf.story,content,elaborate,1,2,"Expand the text with more context, without introducing information that is not supported by the original.",31,30,1,0,0.967741935483871,0.967741935483871
./cnn/stories/137c5c29cca8405f8893056d739814ec2afb66bf.story,content,elaborate,1,3,"Expand the text with more context, without introducing information that is not supported by the original.",32,32,0,0,1.0,1.0
./cnn/stories/137c5c29cca8405f8893056d739814ec2afb66bf.story,content,elaborate,2,1,"Add more detail, keeping every fact grounded in the source material.",28,28,0,0,1.0,1.0
./cnn/stories/137c5c29cca8405f8893056d739814ec2afb66bf.story,content,elaborate,2,2,"Add more detail, keeping every fact grounded in the source material.",27,27,0,0,1.0,1.0
./cnn/stories/137c5c29cca8405f8893056d739814ec2afb66bf.story,content,elaborate,2,3,"Add more detail, keeping every fact grounded in the source material.",30,30,0,0,1.0,1.0
./cnn/stories/137c5c29cca8405f8893056d739814ec2afb66bf.story,content,shorten,0,1,Make wording more concise.,19,19,0,0,1.0,1.0
./cnn/stories/137c5c29cca8405f8893056d739814ec2afb66bf.story,content,shorten,0,2,Make wording more concise.,18,18,0,0,1.0,1.0
./cnn/stories/137c5c29cca8405f8893056d739814ec2afb66bf.story,content,shorten,0,3,Make wording more concise.,15,15,0,0,1.0,1.0
./cnn/stories/137c5c29cca8405f8893056d739814ec2afb66bf.story,content,shorten,1,1,Rephrase for clarity and conciseness.,18,17,1,0,0.9444444444444444,0.9444444444444444
./cnn/stories/137c5c29cca8405f8893056d739814ec2afb66bf.story,content,shorten,1,2,Rephrase for clarity and conciseness.,11,11,0,0,1.0,1.0
./cnn/stories/137c5c29cca8405f8893056d739814ec2afb66bf.story,content,shorten,1,3,Rephrase for clarity and conciseness.,11,11,0,0,1.0,1.0
./cnn/stories/137c5c29cca8405f8893056d739814ec2afb66bf.story,content,shorten,2,1,"Improve accuracy, clarity, and conciseness of language.",19,19,0,0,1.0,1.0
./cnn/stories/137c5c29cca8405f8893056d739814ec2afb66bf.story,content,shorten,2,2,"Improve accuracy, clarity, and conciseness of language.",20,20,0,0,1.0,1.0
./cnn/stories/137c5c29cca8405f8893056d739814ec2afb66bf.story,content,shorten,2,3,"Improve accuracy, clarity, and conciseness of language.",20,20,0,0,1.0,1.0
./cnn/stories/137c5c29cca8405f8893056d739814ec2afb66bf.story,style,formality,0,1,Make the text more formal.,27,26,1,0,0.9629629629629629,0.9629629629629629
./cnn/stories/137c5c29cca8405f8893056d739814ec2afb66bf.story,style,formality,0,2,Make the text more formal.,32,31,1,0,0.96875,0.96875
./cnn/stories/137c5c29cca8405f8893056d739814ec2afb66bf.story,style,formality,0,3,Make the text more formal.,28,27,1,0,0.9642857142857143,0.9642857142857143
./cnn/stories/137c5c29cca8405f8893056d739814ec2afb66bf.story,style,formality,1,1,Rephrase it to be more formal.,32,32,0,0,1.0,1.0
./cnn/stories/137c5c29cca8405f8893056d739814ec2afb66bf.story,style,formality,1,2,Rephrase it to be more formal.,38,37,1,0,0.9736842105263158,0.9736842105263158
./cnn/stories/137c5c29cca8405f8893056d739814ec2afb66bf.story,style,formality,1,3,Rephrase it to be more formal.,30,30,0,0,1.0,1.0
./cnn/stories/137c5c29cca8405f8893056d739814ec2afb66bf.story,style,formality,2,1,"Too conversational, rephrase it to be more formal.",24,24,0,0,1.0,1.0
./cnn/stories/137c5c29cca8405f8893056d739814ec2afb66bf.story,style,formality,2,2,"Too conversational, rephrase it to be more formal.",29,28,1,0,0.9655172413793104,0.9655172413793104
./cnn/stories/137c5c29cca8405f8893056d739814ec2afb66bf.story,style,formality,2,3,"Too conversational, rephrase it to be more formal.",25,25,0,0,1.0,1.0
./cnn/stories/137c5c29cca8405f8893056d739814ec2afb66bf.story,style,paraphrase,0,1,Paraphrase this.,24,23,1,0,0.9583333333333334,0.9583333333333334
./cnn/stories/137c5c29cca8405f8893056d739814ec2afb66bf.story,style,paraphrase,0,2,Paraphrase this.,23,23,0,0,1.0,1.0
./cnn/stories/137c5c29cca8405f8893056d739814ec2afb66bf.story,style,paraphrase,0,3,Paraphrase this.,29,27,2,0,0.9310344827586207,0.9310344827586207
./cnn/stories/137c5c29cca8405f8893056d739814ec2afb66bf.story,style,paraphrase,1,1,Reword this text.,26,25,1,0,0.9615384615384616,0.9615384615384616
./cnn/stories/137c5c29cca8405f8893056d739814ec2afb66bf.story,style,paraphrase,1,2,Reword this text.,23,22,1,0,0.9565217391304348,0.9565217391304348
./cnn/stories/137c5c29cca8405f8893056d739814ec2afb66bf.story,style,paraphrase,1,3,Reword this text.,24,24,0,0,1.0,1.0
./cnn/stories/137c5c29cca8405f8893056d739814ec2afb66bf.story,style,paraphrase,2,1,Use different wording.,31,31,0,0,1.0,1.0
./cnn/stories/137c5c29cca8405f8893056d739814ec2afb66bf.story,style,paraphrase,2,2,Use different wording.,24,24,0,0,1.0,1.0
./cnn/stories/137c5c29cca8405f8893056d739814ec2afb66bf.story,style,paraphrase,2,3,Use different wording.,41,23,18,0,0.5609756097560976,0.5609756097560976
./cnn/stories/148413cea62e91556d19e4bc9bd22a6ab10876e8.story,content,elaborate,0,1,"Elaborate on the content, adding relevant details while staying faithful to the source text.",62,62,0,0,1.0,1.0
./cnn/stories/148413cea62e91556d19e4bc9bd22a6ab10876e8.story,content,elaborate,0,2,"Elaborate on the content, adding relevant details while staying faithful to the source text.",83,82,1,0,0.9879518072289156,0.9879518072289156
./cnn/stories/148413cea62e91556d19e4bc9bd22a6ab10876e8.story,content,elaborate,0,3,"Elaborate on the content, adding relevant details while staying faithful to the source text.",81,79,2,0,0.9753086419753086,0.9753086419753086
./cnn/stories/148413cea62e91556d19e4bc9bd22a6ab10876e8.story,content,elaborate,1,1,"Expand the text with more context, without introducing information that is not supported by the original.",52,51,1,0,0.9807692307692307,0.9807692307692307
./cnn/stories/148413cea62e91556d19e4bc9bd22a6ab10876e8.story,content,elaborate,1,2,"Expand the text with more context, without introducing information that is not supported by the original.",50,48,2,0,0.96,0.96
./cnn/stories/148413cea62e91556d19e4bc9bd22a6ab10876e8.story,content,elaborate,1,3,"Expand the text with more context, without introducing information that is not supported by the original.",53,51,2,0,0.9622641509433962,0.9622641509433962
./cnn/stories/148413cea62e91556d19e4bc9bd22a6ab10876e8.story,content,elaborate,2,1,"Add more detail, keeping every fact grounded in the source material.",64,60,4,0,0.9375,0.9375
./cnn/stories/148413cea62e91556d19e4bc9bd22a6ab10876e8.story,content,elaborate,2,2,"Add more detail, keeping every fact grounded in the source material.",76,67,9,0,0.881578947368421,0.881578947368421
./cnn/stories/148413cea62e91556d19e4bc9bd22a6ab10876e8.story,content,elaborate,2,3,"Add more detail, keeping every fact grounded in the source material.",63,57,6,0,0.9047619047619048,0.9047619047619048
./cnn/stories/148413cea62e91556d19e4bc9bd22a6ab10876e8.story,content,shorten,0,1,Make wording more concise.,29,29,0,0,1.0,1.0
./cnn/stories/148413cea62e91556d19e4bc9bd22a6ab10876e8.story,content,shorten,0,2,Make wording more concise.,28,26,2,0,0.9285714285714286,0.9285714285714286
./cnn/stories/148413cea62e91556d19e4bc9bd22a6ab10876e8.story,content,shorten,0,3,Make wording more concise.,30,30,0,0,1.0,1.0
./cnn/stories/148413cea62e91556d19e4bc9bd22a6ab10876e8.story,content,shorten,1,1,Rephrase for clarity and conciseness.,16,16,0,0,1.0,1.0
./cnn/stories/148413cea62e91556d19e4bc9bd22a6ab10876e8.story,content,shorten,1,2,Rephrase for clarity and conciseness.,20,20,0,0,1.0,1.0
./cnn/stories/148413cea62e91556d19e4bc9bd22a6ab10876e8.story,content,shorten,1,3,Rephrase for clarity and conciseness.,18,18,0,0,1.0,1.0
./cnn/stories/148413cea62e91556d19e4bc9bd22a6ab10876e8.story,content,shorten,2,1,"Improve accuracy, clarity, and conciseness of language.",54,53,1,0,0.9814814814814815,0.9814814814814815
./cnn/stories/148413cea62e91556d19e4bc9bd22a6ab10876e8.story,content,shorten,2,2,"Improve accuracy, clarity, and conciseness of language.",33,33,0,0,1.0,1.0
./cnn/stories/148413cea62e91556d19e4bc9bd22a6ab10876e8.story,content,shorten,2,3,"Improve accuracy, clarity, and conciseness of language.",29,28,1,0,0.9655172413793104,0.9655172413793104
./cnn/stories/148413cea62e91556d19e4bc9bd22a6ab10876e8.story,style,formality,0,1,Make the text more formal.,90,88,2,0,0.9777777777777777,0.9777777777777777
./cnn/stories/148413cea62e91556d19e4bc9bd22a6ab10876e8.story,style,formality,0,2,Make the text more formal.,85,79,6,0,0.9294117647058824,0.9294117647058824
./cnn/stories/148413cea62e91556d19e4bc9bd22a6ab10876e8.story,style,formality,0,3,Make the text more formal.,79,73,6,0,0.9240506329113924,0.9240506329113924
./cnn/stories/148413cea62e91556d19e4bc9bd22a6ab10876e8.story,style,formality,1,1,Rephrase it to be more formal.,81,79,2,0,0.9753086419753086,0.9753086419753086
./cnn/stories/148413cea62e91556d19e4bc9bd22a6ab10876e8.story,style,formality,1,2,Rephrase it to be more formal.,73,72,1,0,0.9863013698630136,0.9863013698630136
./cnn/stories/148413cea62e91556d19e4bc9bd22a6ab10876e8.story,style,formality,1,3,Rephrase it to be more formal.,63,62,1,0,0.9841269841269841,0.9841269841269841
./cnn/stories/148413cea62e91556d19e4bc9bd22a6ab10876e8.story,style,formality,2,1,"Too conversational, rephrase it to be more formal.",49,49,0,0,1.0,1.0
./cnn/stories/148413cea62e91556d19e4bc9bd22a6ab10876e8.story,style,formality,2,2,"Too conversational, rephrase it to be more formal.",51,50,1,0,0.9803921568627451,0.9803921568627451
./cnn/stories/148413cea62e91556d19e4bc9bd22a6ab10876e8.story,style,formality,2,3,"Too conversational, rephrase it to be more formal.",45,44,1,0,0.9777777777777777,0.9777777777777777
./cnn/stories/148413cea62e91556d19e4bc9bd22a6ab10876e8.story,style,paraphrase,0,1,Paraphrase this.,20,18,2,0,0.9,0.9
./cnn/stories/148413cea62e91556d19e4bc9bd22a6ab10876e8.story,style,paraphrase,0,2,Paraphrase this.,25,24,1,0,0.96,0.96
./cnn/stories/148413cea62e91556d19e4bc9bd22a6ab10876e8.story,style,paraphrase,0,3,Paraphrase this.,24,23,1,0,0.9583333333333334,0.9583333333333334
./cnn/stories/148413cea62e91556d19e4bc9bd22a6ab10876e8.story,style,paraphrase,1,1,Reword this text.,25,25,0,0,1.0,1.0
./cnn/stories/148413cea62e91556d19e4bc9bd22a6ab10876e8.story,style,paraphrase,1,2,Reword this text.,13,13,0,0,1.0,1.0
./cnn/stories/148413cea62e91556d19e4bc9bd22a6ab10876e8.story,style,paraphrase,1,3,Reword this text.,17,16,1,0,0.9411764705882353,0.9411764705882353
./cnn/stories/148413cea62e91556d19e4bc9bd22a6ab10876e8.story,style,paraphrase,2,1,Use different wording.,47,44,3,0,0.9361702127659575,0.9361702127659575
./cnn/stories/148413cea62e91556d19e4bc9bd22a6ab10876e8.story,style,paraphrase,2,2,Use different wording.,38,36,2,0,0.9473684210526315,0.9473684210526315
./cnn/stories/148413cea62e91556d19e4bc9bd22a6ab10876e8.story,style,paraphrase,2,3,Use different wording.,25,25,0,0,1.0,1.0
./cnn/stories/1486bf735a2b6259aa2c511985d1235865281f41.story,content,elaborate,0,1,"Elaborate on the content, adding relevant details while staying faithful to the source text.",60,60,0,0,1.0,1.0
./cnn/stories/1486bf735a2b6259aa2c511985d1235865281f41.story,content,elaborate,0,2,"Elaborate on the content, adding relevant details while staying faithful to the source text.",69,66,3,0,0.9565217391304348,0.9565217391304348
./cnn/stories/1486bf735a2b6259aa2c511985d1235865281f41.story,content,elaborate,0,3,"Elaborate on the content, adding relevant details while staying faithful to the source text.",65,62,3,0,0.9538461538461539,0.9538461538461539
./cnn/stories/1486bf735a2b6259aa2c511985d1235865281f41.story,content,elaborate,1,1,"Expand the text with more context, without introducing information that is not supported by the original.",54,52,2,0,0.9629629629629629,0.9629629629629629
./cnn/stories/1486bf735a2b6259aa2c511985d1235865281f41.story,content,elaborate,1,2,"Expand the text with more context, without introducing information that is not supported by the original.",54,54,0,0,1.0,1.0
./cnn/stories/1486bf735a2b6259aa2c511985d1235865281f41.story,content,elaborate,1,3,"Expand the text with more context, without introducing information that is not supported by the original.",48,46,2,0,0.9583333333333334,0.9583333333333334
./cnn/stories/1486bf735a2b6259aa2c511985d1235865281f41.story,content,elaborate,2,1,"Add more detail, keeping every fact grounded in the source material.",56,52,4,0,0.9285714285714286,0.9285714285714286
./cnn/stories/1486bf735a2b6259aa2c511985d1235865281f41.story,content,elaborate,2,2,"Add more detail, keeping every fact grounded in the source material.",65,62,3,0,0.9538461538461539,0.9538461538461539
./cnn/stories/1486bf735a2b6259aa2c511985d1235865281f41.story,content,elaborate,2,3,"Add more detail, keeping every fact grounded in the source material.",66,61,5,0,0.9242424242424242,0.9242424242424242
./cnn/stories/1486bf735a2b6259aa2c511985d1235865281f41.story,content,shorten,0,1,Make wording more concise.,32,30,2,0,0.9375,0.9375
./cnn/stories/1486bf735a2b6259aa2c511985d1235865281f41.story,content,shorten,0,2,Make wording more concise.,17,17,0,0,1.0,1.0
./cnn/stories/1486bf735a2b6259aa2c511985d1235865281f41.story,content,shorten,0,3,Make wording more concise.,11,11,0,0,1.0,1.0
./cnn/stories/1486bf735a2b6259aa2c511985d1235865281f41.story,content,shorten,1,1,Rephrase for clarity and conciseness.,32,32,0,0,1.0,1.0
./cnn/stories/1486bf735a2b6259aa2c511985d1235865281f41.story,content,shorten,1,2,Rephrase for clarity and conciseness.,21,21,0,0,1.0,1.0
./cnn/stories/1486bf735a2b6259aa2c511985d1235865281f41.story,content,shorten,1,3,Rephrase for clarity and conciseness.,19,19,0,0,1.0,1.0
./cnn/stories/1486bf735a2b6259aa2c511985d1235865281f41.story,content,shorten,2,1,"Improve accuracy, clarity, and conciseness of language.",34,33,1,0,0.9705882352941176,0.9705882352941176
./cnn/stories/1486bf735a2b6259aa2c511985d1235865281f41.story,content,shorten,2,2,"Improve accuracy, clarity, and conciseness of language.",30,30,0,0,1.0,1.0
./cnn/stories/1486bf735a2b6259aa2c511985d1235865281f41.story,content,shorten,2,3,"Improve accuracy, clarity, and conciseness of language.",28,28,0,0,1.0,1.0
./cnn/stories/1486bf735a2b6259aa2c511985d1235865281f41.story,style,formality,0,1,Make the text more formal.,59,58,1,0,0.9830508474576272,0.9830508474576272
./cnn/stories/1486bf735a2b6259aa2c511985d1235865281f41.story,style,formality,0,2,Make the text more formal.,60,59,1,0,0.9833333333333333,0.9833333333333333
./cnn/stories/1486bf735a2b6259aa2c511985d1235865281f41.story,style,formality,0,3,Make the text more formal.,51,50,1,0,0.9803921568627451,0.9803921568627451
./cnn/stories/1486bf735a2b6259aa2c511985d1235865281f41.story,style,formality,1,1,Rephrase it to be more formal.,71,63,8,0,0.8873239436619719,0.8873239436619719
./cnn/stories/1486bf735a2b6259aa2c511985d1235865281f41.story,style,formality,1,2,Rephrase it to be more formal.,70,63,7,0,0.9,0.9
./cnn/stories/1486bf735a2b6259aa2c511985d1235865281f41.story,style,formality,1,3,Rephrase it to be more formal.,72,66,6,0,0.9166666666666666,0.9166666666666666
./cnn/stories/1486bf735a2b6259aa2c511985d1235865281f41.story,style,formality,2,1,"Too conversational, rephrase it to be more formal.",81,79,2,0,0.9753086419753086,0.9753086419753086
./cnn/stories/1486bf735a2b6259aa2c511985d1235865281f41.story,style,formality,2,2,"Too conversational, rephrase it to be more formal.",84,81,3,0,0.9642857142857143,0.9642857142857143
./cnn/stories/1486bf735a2b6259aa2c511985d1235865281f41.story,style,formality,2,3,"Too conversational, rephrase it to be more formal.",71,68,3,0,0.9577464788732394,0.9577464788732394
./cnn/stories/1486bf735a2b6259aa2c511985d1235865281f41.story,style,paraphrase,0,1,Paraphrase this.,39,38,1,0,0.9743589743589743,0.9743589743589743
./cnn/stories/1486bf735a2b6259aa2c511985d1235865281f41.story,style,paraphrase,0,2,Paraphrase this.,37,37,0,0,1.0,1.0
./cnn/stories/1486bf735a2b6259aa2c511985d1235865281f41.story,style,paraphrase,0,3,Paraphrase this.,31,31,0,0,1.0,1.0
./cnn/stories/1486bf735a2b6259aa2c511985d1235865281f41.story,style,paraphrase,1,1,Reword this text.,44,43,1,0,0.9772727272727273,0.9772727272727273
./cnn/stories/1486bf735a2b6259aa2c511985d1235865281f41.story,style,paraphrase,1,2,Reword this text.,42,41,1,0,0.9761904761904762,0.9761904761904762
./cnn/stories/1486bf735a2b6259aa2c511985d1235865281f41.story,style,paraphrase,1,3,Reword this text.,35,34,1,0,0.9714285714285714,0.9714285714285714
./cnn/stories/1486bf735a2b6259aa2c511985d1235865281f41.story,style,paraphrase,2,1,Use different wording.,40,36,4,0,0.9,0.9
./cnn/stories/1486bf735a2b6259aa2c511985d1235865281f41.story,style,paraphrase,2,2,Use different wording.,41,39,2,0,0.9512195121951219,0.9512195121951219
./cnn/stories/1486bf735a2b6259aa2c511985d1235865281f41.story,style,paraphrase,2,3,Use different wording.,44,40,4,0,0.9090909090909091,0.9090909090909091
./cnn/stories/15fa2ce55cc9e864666325840d8799e033b30745.story,content,elaborate,0,1,"Elaborate on the content, adding relevant details while staying faithful to the source text.",76,74,2,0,0.9736842105263158,0.9736842105263158
./cnn/stories/15fa2ce55cc9e864666325840d8799e033b30745.story,content,elaborate,0,2,"Elaborate on the content, adding relevant details while staying faithful to the source text.",87,84,3,0,0.9655172413793104,0.9655172413793104
./cnn/stories/15fa2ce55cc9e864666325840d8799e033b30745.story,content,elaborate,0,3,"Elaborate on the content, adding relevant details while staying faithful to the source text.",85,85,0,0,1.0,1.0
./cnn/stories/15fa2ce55cc9e864666325840d8799e033b30745.story,content,elaborate,1,1,"Expand the text with more context, without introducing information that is not supported by the original.",57,55,2,0,0.9649122807017544,0.9649122807017544
./cnn/stories/15fa2ce55cc9e864666325840d8799e033b30745.story,content,elaborate,1,2,"Expand the text with more context, without introducing information that is not supported by the original.",42,41,1,0,0.9761904761904762,0.9761904761904762
./cnn/stories/15fa2ce55cc9e864666325840d8799e033b30745.story,content,elaborate,1,3,"Expand the text with more context, without introducing information that is not supported by the original.",61,58,3,0,0.9508196721311475,0.9508196721311475
./cnn/stories/15fa2ce55cc9e864666325840d8799e033b30745.story,content,elaborate,2,1,"Add more detail, keeping every fact grounded in the source material.",88,85,3,0,0.9659090909090909,0.9659090909090909
./cnn/stories/15fa2ce55cc9e864666325840d8799e033b30745.story,content,elaborate,2,2,"Add more detail, keeping every fact grounded in the source material.",82,80,2,0,0.975609756097561,0.975609756097561
./cnn/stories/15fa2ce55cc9e864666325840d8799e033b30745.story,content,elaborate,2,3,"Add more detail, keeping every fact grounded in the source material.",55,54,1,0,0.9818181818181818,0.9818181818181818
./cnn/stories/15fa2ce55cc9e864666325840d8799e033b30745.story,content,shorten,0,1,Make wording more concise.,41,41,0,0,1.0,1.0
./cnn/stories/15fa2ce55cc9e864666325840d8799e033b30745.story,content,shorten,0,2,Make wording more concise.,32,31,1,0,0.96875,0.96875
./cnn/stories/15fa2ce55cc9e864666325840d8799e033b30745.story,content,shorten,0,3,Make wording more concise.,37,36,1,0,0.972972972972973,0.972972972972973
./cnn/stories/15fa2ce55cc9e864666325840d8799e033b30745.story,content,shorten,1,1,Rephrase for clarity and conciseness.,32,31,1,0,0.96875,0.96875
./cnn/stories/15fa2ce55cc9e864666325840d8799e033b30745.story,content,shorten,1,2,Rephrase for clarity and conciseness.,31,29,2,0,0.9354838709677419,0.9354838709677419
./cnn/stories/15fa2ce55cc9e864666325840d8799e033b30745.story,content,shorten,1,3,Rephrase for clarity and conciseness.,25,24,1,0,0.96,0.96
./cnn/stories/15fa2ce55cc9e864666325840d8799e033b30745.story,content,shorten,2,1,"Improve accuracy, clarity, and conciseness of language.",44,42,2,0,0.9545454545454546,0.9545454545454546
./cnn/stories/15fa2ce55cc9e864666325840d8799e033b30745.story,content,shorten,2,2,"Improve accuracy, clarity, and conciseness of language.",36,34,2,0,0.9444444444444444,0.9444444444444444
./cnn/stories/15fa2ce55cc9e864666325840d8799e033b30745.story,content,shorten,2,3,"Improve accuracy, clarity, and conciseness of language.",24,24,0,0,1.0,1.0
./cnn/stories/15fa2ce55cc9e864666325840d8799e033b30745.story,style,formality,0,1,Make the text more formal.,58,57,1,0,0.9827586206896551,0.9827586206896551
./cnn/stories/15fa2ce55cc9e864666325840d8799e033b30745.story,style,formality,0,2,Make the text more formal.,48,46,2,0,0.9583333333333334,0.9583333333333334
./cnn/stories/15fa2ce55cc9e864666325840d8799e033b30745.story,style,formality,0,3,Make the text more formal.,46,45,1,0,0.9782608695652174,0.9782608695652174
./cnn/stories/15fa2ce55cc9e864666325840d8799e033b30745.story,style,formality,1,1,Rephrase it to be more formal.,55,50,5,0,0.9090909090909091,0.9090909090909091
./cnn/stories/15fa2ce55cc9e864666325840d8799e033b30745.story,style,formality,1,2,Rephrase it to be more formal.,58,55,3,0,0.9482758620689655,0.9482758620689655
./cnn/stories/15fa2ce55cc9e864666325840d8799e033b30745.story,style,formality,1,3,Rephrase it to be more formal.,53,51,2,0,0.9622641509433962,0.9622641509433962
./cnn/stories/15fa2ce55cc9e864666325840d8799e033b30745.story,style,formality,2,1,"Too conversational, rephrase it to be more formal.",66,65,1,0,0.9848484848484849,0.9848484848484849
./cnn/stories/15fa2ce55cc9e864666325840d8799e033b30745.story,style,formality,2,2,"Too conversational, rephrase it to be more formal.",72,71,1,0,0.9861111111111112,0.9861111111111112
./cnn/stories/15fa2ce55cc9e864666325840d8799e033b30745.story,style,formality,2,3,"Too conversational, rephrase it to be more formal.",64,63,1,0,0.984375,0.984375
./cnn/stories/15fa2ce55cc9e864666325840d8799e033b30745.story,style,paraphrase,0,1,Paraphrase this.,49,35,14,0,0.7142857142857143,0.7142857142857143
./cnn/stories/15fa2ce55cc9e864666325840d8799e033b30745.story,style,paraphrase,0,2,Paraphrase this.,33,31,2,0,0.9393939393939394,0.9393939393939394
./cnn/stories/15fa2ce55cc9e864666325840d8799e033b30745.story,style,paraphrase,0,3,Paraphrase this.,30,26,4,0,0.8666666666666667,0.8666666666666667
./cnn/stories/15fa2ce55cc9e864666325840d8799e033b30745.story,style,paraphrase,1,1,Reword this text.,44,43,1,0,0.9772727272727273,0.9772727272727273
./cnn/stories/15fa2ce55cc9e864666325840d8799e033b30745.story,style,paraphrase,1,2,Reword this text.,37,36,1,0,0.972972972972973,0.972972972972973
./cnn/stories/15fa2ce55cc9e864666325840d8799e033b30745.story,style,paraphrase,1,3,Reword this text.,39,37,2,0,0.9487179487179487,0.9487179487179487
./cnn/stories/15fa2ce55cc9e864666325840d8799e033b30745.story,style,paraphrase,2,1,Use different wording.,48,46,2,0,0.9583333333333334,0.9583333333333334
./cnn/stories/15fa2ce55cc9e864666325840d8799e033b30745.story,style,paraphrase,2,2,Use different wording.,48,46,2,0,0.9583333333333334,0.9583333333333334
./cnn/stories/15fa2ce55cc9e864666325840d8799e033b30745.story,style,paraphrase,2,3,Use different wording.,49,46,3,0,0.9387755102040817,0.9387755102040817
./cnn/stories/1776daee1da76231267235b19383dc3b115b9457.story,content,elaborate,0,1,"Elaborate on the content, adding relevant details while staying faithful to the source text.",90,89,1,0,0.9888888888888889,0.9888888888888889
./cnn/stories/1776daee1da76231267235b19383dc3b115b9457.story,content,elaborate,0,2,"Elaborate on the content, adding relevant details while staying faithful to the source text.",95,91,4,0,0.9578947368421052,0.9578947368421052
./cnn/stories/1776daee1da76231267235b19383dc3b115b9457.story,content,elaborate,0,3,"Elaborate on the content, adding relevant details while staying faithful to the source text.",82,77,5,0,0.9390243902439024,0.9390243902439024
./cnn/stories/1776daee1da76231267235b19383dc3b115b9457.story,content,elaborate,1,1,"Expand the text with more context, without introducing information that is not supported by the original.",65,64,1,0,0.9846153846153847,0.9846153846153847
./cnn/stories/1776daee1da76231267235b19383dc3b115b9457.story,content,elaborate,1,2,"Expand the text with more context, without introducing information that is not supported by the original.",64,63,1,0,0.984375,0.984375
./cnn/stories/1776daee1da76231267235b19383dc3b115b9457.story,content,elaborate,1,3,"Expand the text with more context, without introducing information that is not supported by the original.",69,68,1,0,0.9855072463768116,0.9855072463768116
./cnn/stories/1776daee1da76231267235b19383dc3b115b9457.story,content,elaborate,2,1,"Add more detail, keeping every fact grounded in the source material.",98,96,2,0,0.9795918367346939,0.9795918367346939
./cnn/stories/1776daee1da76231267235b19383dc3b115b9457.story,content,elaborate,2,2,"Add more detail, keeping every fact grounded in the source material.",77,76,1,0,0.987012987012987,0.987012987012987
./cnn/stories/1776daee1da76231267235b19383dc3b115b9457.story,content,elaborate,2,3,"Add more detail, keeping every fact grounded in the source material.",89,84,5,0,0.9438202247191011,0.9438202247191011
./cnn/stories/1776daee1da76231267235b19383dc3b115b9457.story,content,shorten,0,1,Make wording more concise.,28,27,1,0,0.9642857142857143,0.9642857142857143
./cnn/stories/1776daee1da76231267235b19383dc3b115b9457.story,content,shorten,0,2,Make wording more concise.,28,28,0,0,1.0,1.0
./cnn/stories/1776daee1da76231267235b19383dc3b115b9457.story,content,shorten,0,3,Make wording more concise.,21,21,0,0,1.0,1.0
./cnn/stories/1776daee1da76231267235b19383dc3b115b9457.story,content,shorten,1,1,Rephrase for clarity and conciseness.,26,26,0,0,1.0,1.0
./cnn/stories/1776daee1da76231267235b19383dc3b115b9457.story,content,shorten,1,2,Rephrase for clarity and conciseness.,24,23,1,0,0.9583333333333334,0.9583333333333334
./cnn/stories/1776daee1da76231267235b19383dc3b115b9457.story,content,shorten,1,3,Rephrase for clarity and conciseness.,20,19,1,0,0.95,0.95
./cnn/stories/1776daee1da76231267235b19383dc3b115b9457.story,content,shorten,2,1,"Improve accuracy, clarity, and conciseness of language.",34,32,2,0,0.9411764705882353,0.9411764705882353
./cnn/stories/1776daee1da76231267235b19383dc3b115b9457.story,content,shorten,2,2,"Improve accuracy, clarity, and conciseness of language.",33,32,1,0,0.9696969696969697,0.9696969696969697
./cnn/stories/1776daee1da76231267235b19383dc3b115b9457.story,content,shorten,2,3,"Improve accuracy, clarity, and conciseness of language.",35,34,1,0,0.9714285714285714,0.9714285714285714
./cnn/stories/1776daee1da76231267235b19383dc3b115b9457.story,style,formality,0,1,Make the text more formal.,90,88,2,0,0.9777777777777777,0.9777777777777777
./cnn/stories/1776daee1da76231267235b19383dc3b115b9457.story,style,formality,0,2,Make the text more formal.,91,88,3,0,0.967032967032967,0.967032967032967
./cnn/stories/1776daee1da76231267235b19383dc3b115b9457.story,style,formality,0,3,Make the text more formal.,87,82,5,0,0.9425287356321839,0.9425287356321839
./cnn/stories/1776daee1da76231267235b19383dc3b115b9457.story,style,formality,1,1,Rephrase it to be more formal.,91,88,3,0,0.967032967032967,0.967032967032967
./cnn/stories/1776daee1da76231267235b19383dc3b115b9457.story,style,formality,1,2,Rephrase it to be more formal.,99,93,6,0,0.9393939393939394,0.9393939393939394
./cnn/stories/1776daee1da76231267235b19383dc3b115b9457.story,style,formality,1,3,Rephrase it to be more formal.,90,85,5,0,0.9444444444444444,0.9444444444444444
./cnn/stories/1776daee1da76231267235b19383dc3b115b9457.story,style,formality,2,1,"Too conversational, rephrase it to be more formal.",82,79,3,0,0.9634146341463414,0.9634146341463414
./cnn/stories/1776daee1da76231267235b19383dc3b115b9457.story,style,formality,2,2,"Too conversational, rephrase it to be more formal.",87,84,3,0,0.9655172413793104,0.9655172413793104
./cnn/stories/1776daee1da76231267235b19383dc3b115b9457.story,style,formality,2,3,"Too conversational, rephrase it to be more formal.",92,88,4,0,0.9565217391304348,0.9565217391304348
./cnn/stories/1776daee1da76231267235b19383dc3b115b9457.story,style,paraphrase,0,1,Paraphrase this.,68,66,2,0,0.9705882352941176,0.9705882352941176
./cnn/stories/1776daee1da76231267235b19383dc3b115b9457.story,style,paraphrase,0,2,Paraphrase this.,54,54,0,0,1.0,1.0
./cnn/stories/1776daee1da76231267235b19383dc3b115b9457.story,style,paraphrase,0,3,Paraphrase this.,52,52,0,0,1.0,1.0
./cnn/stories/1776daee1da76231267235b19383dc3b115b9457.story,style,paraphrase,1,1,Reword this text.,54,53,1,0,0.9814814814814815,0.9814814814814815
./cnn/stories/1776daee1da76231267235b19383dc3b115b9457.story,style,paraphrase,1,2,Reword this text.,37,35,2,0,0.9459459459459459,0.9459459459459459
./cnn/stories/1776daee1da76231267235b19383dc3b115b9457.story,style,paraphrase,1,3,Reword this text.,45,42,3,0,0.9333333333333333,0.9333333333333333
./cnn/stories/1776daee1da76231267235b19383dc3b115b9457.story,style,paraphrase,2,1,Use different wording.,57,54,3,0,0.9473684210526315,0.9473684210526315
./cnn/stories/1776daee1da76231267235b19383dc3b115b9457.story,style,paraphrase,2,2,Use different wording.,54,52,2,0,0.9629629629629629,0.9629629629629629
./cnn/stories/1776daee1da76231267235b19383dc3b115b9457.story,style,paraphrase,2,3,Use different wording.,53,49,4,0,0.9245283018867925,0.9245283018867925
./cnn/stories/1b5174e9a4a2c77cb677d87ebcc8a3098ddc608a.story,content,elaborate,0,1,"Elaborate on the content, adding relevant details while staying faithful to the source text.",45,45,0,0,1.0,1.0
./cnn/stories/1b5174e9a4a2c77cb677d87ebcc8a3098ddc608a.story,content,elaborate,0,2,"Elaborate on the content, adding relevant details while staying faithful to the source text.",50,49,1,0,0.98,0.98
./cnn/stories/1b5174e9a4a2c77cb677d87ebcc8a3098ddc608a.story,content,elaborate,0,3,"Elaborate on the content, adding relevant details while staying faithful to the source text.",50,49,1,0,0.98,0.98
./cnn/stories/1b5174e9a4a2c77cb677d87ebcc8a3098ddc608a.story,content,elaborate,1,1,"Expand the text with more context, without introducing information that is not supported by the original.",50,50,0,0,1.0,1.0
./cnn/stories/1b5174e9a4a2c77cb677d87ebcc8a3098ddc608a.story,content,elaborate,1,2,"Expand the text with more context, without introducing information that is not supported by the original.",40,40,0,0,1.0,1.0
./cnn/stories/1b5174e9a4a2c77cb677d87ebcc8a3098ddc608a.story,content,elaborate,1,3,"Expand the text with more context, without introducing information that is not supported by the original.",38,37,1,0,0.9736842105263158,0.9736842105263158
./cnn/stories/1b5174e9a4a2c77cb677d87ebcc8a3098ddc608a.story,content,elaborate,2,1,"Add more detail, keeping every fact grounded in the source material.",50,50,0,0,1.0,1.0
./cnn/stories/1b5174e9a4a2c77cb677d87ebcc8a3098ddc608a.story,content,elaborate,2,2,"Add more detail, keeping every fact grounded in the source material.",47,46,1,0,0.9787234042553191,0.9787234042553191
./cnn/stories/1b5174e9a4a2c77cb677d87ebcc8a3098ddc608a.story,content,elaborate,2,3,"Add more detail, keeping every fact grounded in the source material.",40,39,1,0,0.975,0.975
./cnn/stories/1b5174e9a4a2c77cb677d87ebcc8a3098ddc608a.story,content,shorten,0,1,Make wording more concise.,27,26,1,0,0.9629629629629629,0.9629629629629629
./cnn/stories/1b5174e9a4a2c77cb677d87ebcc8a3098ddc608a.story,content,shorten,0,2,Make wording more concise.,22,22,0,0,1.0,1.0
./cnn/stories/1b5174e9a4a2c77cb677d87ebcc8a3098ddc608a.story,content,shorten,0,3,Make wording more concise.,21,19,2,0,0.9047619047619048,0.9047619047619048
./cnn/stories/1b5174e9a4a2c77cb677d87ebcc8a3098ddc608a.story,content,shorten,1,1,Rephrase for clarity and conciseness.,22,22,0,0,1.0,1.0
./cnn/stories/1b5174e9a4a2c77cb677d87ebcc8a3098ddc608a.story,content,shorten,1,2,Rephrase for clarity and conciseness.,16,16,0,0,1.0,1.0
./cnn/stories/1b5174e9a4a2c77cb677d87ebcc8a3098ddc608a.story,content,shorten,1,3,Rephrase for clarity and conciseness.,16,16,0,0,1.0,1.0
./cnn/stories/1b5174e9a4a2c77cb677d87ebcc8a3098ddc608a.story,content,shorten,2,1,"Improve accuracy, clarity, and conciseness of language.",30,29,1,0,0.9666666666666667,0.9666666666666667
./cnn/stories/1b5174e9a4a2c77cb677d87ebcc8a3098ddc608a.story,content,shorten,2,2,"Improve accuracy, clarity, and conciseness of language.",29,29,0,0,1.0,1.0
./cnn/stories/1b5174e9a4a2c77cb677d87ebcc8a3098ddc608a.story,content,shorten,2,3,"Improve accuracy, clarity, and conciseness of language.",28,28,0,0,1.0,1.0
./cnn/stories/1b5174e9a4a2c77cb677d87ebcc8a3098ddc608a.story,style,formality,0,1,Make the text more formal.,45,45,0,0,1.0,1.0
./cnn/stories/1b5174e9a4a2c77cb677d87ebcc8a3098ddc608a.story,style,formality,0,2,Make the text more formal.,48,48,0,0,1.0,1.0
./cnn/stories/1b5174e9a4a2c77cb677d87ebcc8a3098ddc608a.story,style,formality,0,3,Make the text more formal.,44,44,0,0,1.0,1.0
./cnn/stories/1b5174e9a4a2c77cb677d87ebcc8a3098ddc608a.story,style,formality,1,1,Rephrase it to be more formal.,49,49,0,0,1.0,1.0
./cnn/stories/1b5174e9a4a2c77cb677d87ebcc8a3098ddc608a.story,style,formality,1,2,Rephrase it to be more formal.,42,40,2,0,0.9523809523809523,0.9523809523809523
./cnn/stories/1b5174e9a4a2c77cb677d87ebcc8a3098ddc608a.story,style,formality,1,3,Rephrase it to be more formal.,39,38,1,0,0.9743589743589743,0.9743589743589743
./cnn/stories/1b5174e9a4a2c77cb677d87ebcc8a3098ddc608a.story,style,formality,2,1,"Too conversational, rephrase it to be more formal.",42,42,0,0,1.0,1.0
./cnn/stories/1b5174e9a4a2c77cb677d87ebcc8a3098ddc608a.story,style,formality,2,2,"Too conversational, rephrase it to be more formal.",41,41,0,0,1.0,1.0
./cnn/stories/1b5174e9a4a2c77cb677d87ebcc8a3098ddc608a.story,style,formality,2,3,"Too conversational, rephrase it to be more formal.",43,43,0,0,1.0,1.0
./cnn/stories/1b5174e9a4a2c77cb677d87ebcc8a3098ddc608a.story,style,paraphrase,0,1,Paraphrase this.,36,36,0,0,1.0,1.0
./cnn/stories/1b5174e9a4a2c77cb677d87ebcc8a3098ddc608a.story,style,paraphrase,0,2,Paraphrase this.,31,31,0,0,1.0,1.0
./cnn/stories/1b5174e9a4a2c77cb677d87ebcc8a3098ddc608a.story,style,paraphrase,0,3,Paraphrase this.,38,38,0,0,1.0,1.0
./cnn/stories/1b5174e9a4a2c77cb677d87ebcc8a3098ddc608a.story,style,paraphrase,1,1,Reword this text.,41,41,0,0,1.0,1.0
./cnn/stories/1b5174e9a4a2c77cb677d87ebcc8a3098ddc608a.story,style,paraphrase,1,2,Reword this text.,33,33,0,0,1.0,1.0
./cnn/stories/1b5174e9a4a2c77cb677d87ebcc8a3098ddc608a.story,style,paraphrase,1,3,Reword this text.,33,33,0,0,1.0,1.0
./cnn/stories/1b5174e9a4a2c77cb677d87ebcc8a3098ddc608a.story,style,paraphrase,2,1,Use different wording.,43,42,1,0,0.9767441860465116,0.9767441860465116
./cnn/stories/1b5174e9a4a2c77cb677d87ebcc8a3098ddc608a.story,style,paraphrase,2,2,Use different wording.,41,39,2,0,0.9512195121951219,0.9512195121951219
./cnn/stories/1b5174e9a4a2c77cb677d87ebcc8a3098ddc608a.story,style,paraphrase,2,3,Use different wording.,35,35,0,0,1.0,1.0
./cnn/stories/207224ddaeb57ae77f91cd645f70a1a67485ff53.story,content,elaborate,0,1,"Elaborate on the content, adding relevant details while staying faithful to the source text.",32,31,1,0,0.96875,0.96875
./cnn/stories/207224ddaeb57ae77f91cd645f70a1a67485ff53.story,content,elaborate,0,2,"Elaborate on the content, adding relevant details while staying faithful to the source text.",42,40,2,0,0.9523809523809523,0.9523809523809523
./cnn/stories/207224ddaeb57ae77f91cd645f70a1a67485ff53.story,content,elaborate,0,3,"Elaborate on the content, adding relevant details while staying faithful to the source text.",40,38,2,0,0.95,0.95
./cnn/stories/207224ddaeb57ae77f91cd645f70a1a67485ff53.story,content,elaborate,1,1,"Expand the text with more context, without introducing information that is not supported by the original.",33,33,0,0,1.0,1.0
./cnn/stories/207224ddaeb57ae77f91cd645f70a1a67485ff53.story,content,elaborate,1,2,"Expand the text with more context, without introducing information that is not supported by the original.",31,31,0,0,1.0,1.0
./cnn/stories/207224ddaeb57ae77f91cd645f70a1a67485ff53.story,content,elaborate,1,3,"Expand the text with more context, without introducing information that is not supported by the original.",27,27,0,0,1.0,1.0
./cnn/stories/207224ddaeb57ae77f91cd645f70a1a67485ff53.story,content,elaborate,2,1,"Add more detail, keeping every fact grounded in the source material.",39,39,0,0,1.0,1.0
./cnn/stories/207224ddaeb57ae77f91cd645f70a1a67485ff53.story,content,elaborate,2,2,"Add more detail, keeping every fact grounded in the source material.",36,36,0,0,1.0,1.0
./cnn/stories/207224ddaeb57ae77f91cd645f70a1a67485ff53.story,content,elaborate,2,3,"Add more detail, keeping every fact grounded in the source material.",41,41,0,0,1.0,1.0
./cnn/stories/207224ddaeb57ae77f91cd645f70a1a67485ff53.story,content,shorten,0,1,Make wording more concise.,19,19,0,0,1.0,1.0
./cnn/stories/207224ddaeb57ae77f91cd645f70a1a67485ff53.story,content,shorten,0,2,Make wording more concise.,14,14,0,0,1.0,1.0
./cnn/stories/207224ddaeb57ae77f91cd645f70a1a67485ff53.story,content,shorten,0,3,Make wording more concise.,15,15,0,0,1.0,1.0
./cnn/stories/207224ddaeb57ae77f91cd645f70a1a67485ff53.story,content,shorten,1,1,Rephrase for clarity and conciseness.,12,12,0,0,1.0,1.0
./cnn/stories/207224ddaeb57ae77f91cd645f70a1a67485ff53.story,content,shorten,1,2,Rephrase for clarity and conciseness.,15,14,1,0,0.9333333333333333,0.9333333333333333
./cnn/stories/207224ddaeb57ae77f91cd645f70a1a67485ff53.story,content,shorten,1,3,Rephrase for clarity and conciseness.,16,16,0,0,1.0,1.0
./cnn/stories/207224ddaeb57ae77f91cd645f70a1a67485ff53.story,content,shorten,2,1,"Improve accuracy, clarity, and conciseness of language.",31,31,0,0,1.0,1.0
./cnn/stories/207224ddaeb57ae77f91cd645f70a1a67485ff53.story,content,shorten,2,2,"Improve accuracy, clarity, and conciseness of language.",28,28,0,0,1.0,1.0
./cnn/stories/207224ddaeb57ae77f91cd645f70a1a67485ff53.story,content,shorten,2,3,"Improve accuracy, clarity, and conciseness of language.",29,28,1,0,0.9655172413793104,0.9655172413793104
./cnn/stories/207224ddaeb57ae77f91cd645f70a1a67485ff53.story,style,formality,0,1,Make the text more formal.,44,43,1,0,0.9772727272727273,0.9772727272727273
./cnn/stories/207224ddaeb57ae77f91cd645f70a1a67485ff53.story,style,formality,0,2,Make the text more formal.,49,49,0,0,1.0,1.0
./cnn/stories/207224ddaeb57ae77f91cd645f70a1a67485ff53.story,style,formality,0,3,Make the text more formal.,47,46,1,0,0.9787234042553191,0.9787234042553191
./cnn/stories/207224ddaeb57ae77f91cd645f70a1a67485ff53.story,style,formality,1,1,Rephrase it to be more formal.,48,46,2,0,0.9583333333333334,0.9583333333333334
./cnn/stories/207224ddaeb57ae77f91cd645f70a1a67485ff53.story,style,formality,1,2,Rephrase it to be more formal.,59,56,3,0,0.9491525423728814,0.9491525423728814
./cnn/stories/207224ddaeb57ae77f91cd645f70a1a67485ff53.story,style,formality,1,3,Rephrase it to be more formal.,45,45,0,0,1.0,1.0
./cnn/stories/207224ddaeb57ae77f91cd645f70a1a67485ff53.story,style,formality,2,1,"Too conversational, rephrase it to be more formal.",42,42,0,0,1.0,1.0
./cnn/stories/207224ddaeb57ae77f91cd645f70a1a67485ff53.story,style,formality,2,2,"Too conversational, rephrase it to be more formal.",43,43,0,0,1.0,1.0
./cnn/stories/207224ddaeb57ae77f91cd645f70a1a67485ff53.story,style,formality,2,3,"Too conversational, rephrase it to be more formal.",41,41,0,0,1.0,1.0
./cnn/stories/207224ddaeb57ae77f91cd645f70a1a67485ff53.story,style,paraphrase,0,1,Paraphrase this.,29,29,0,0,1.0,1.0
./cnn/stories/207224ddaeb57ae77f91cd645f70a1a67485ff53.story,style,paraphrase,0,2,Paraphrase this.,26,26,0,0,1.0,1.0
./cnn/stories/207224ddaeb57ae77f91cd645f70a1a67485ff53.story,style,paraphrase,0,3,Paraphrase this.,27,26,1,0,0.9629629629629629,0.9629629629629629
./cnn/stories/207224ddaeb57ae77f91cd645f70a1a67485ff53.story,style,paraphrase,1,1,Reword this text.,39,37,2,0,0.9487179487179487,0.9487179487179487
./cnn/stories/207224ddaeb57ae77f91cd645f70a1a67485ff53.story,style,paraphrase,1,2,Reword this text.,25,25,0,0,1.0,1.0
./cnn/stories/207224ddaeb57ae77f91cd645f70a1a67485ff53.story,style,paraphrase,1,3,Reword this text.,23,23,0,0,1.0,1.0
./cnn/stories/207224ddaeb57ae77f91cd645f70a1a67485ff53.story,style,paraphrase,2,1,Use different wording.,44,44,0,0,1.0,1.0
./cnn/stories/207224ddaeb57ae77f91cd645f70a1a67485ff53.story,style,paraphrase,2,2,Use different wording.,48,48,0,0,1.0,1.0
./cnn/stories/207224ddaeb57ae77f91cd645f70a1a67485ff53.story,style,paraphrase,2,3,Use different wording.,36,36,0,0,1.0,1.0
./cnn/stories/238128396a88a7293a0d8069bf7a791b10d4ae92.story,content,elaborate,0,1,"Elaborate on the content, adding relevant details while staying faithful to the source text.",30,29,1,0,0.9666666666666667,0.9666666666666667
./cnn/stories/238128396a88a7293a0d8069bf7a791b10d4ae92.story,content,elaborate,0,2,"Elaborate on the content, adding relevant details while staying faithful to the source text.",38,36,2,0,0.9473684210526315,0.9473684210526315
./cnn/stories/238128396a88a7293a0d8069bf7a791b10d4ae92.story,content,elaborate,0,3,"Elaborate on the content, adding relevant details while staying faithful to the source text.",37,37,0,0,1.0,1.0
./cnn/stories/238128396a88a7293a0d8069bf7a791b10d4ae92.story,content,elaborate,1,1,"Expand the text with more context, without introducing information that is not supported by the original.",34,32,2,0,0.9411764705882353,0.9411764705882353
./cnn/stories/238128396a88a7293a0d8069bf7a791b10d4ae92.story,content,elaborate,1,2,"Expand the text with more context, without introducing information that is not supported by the original.",45,42,3,0,0.9333333333333333,0.9333333333333333
./cnn/stories/238128396a88a7293a0d8069bf7a791b10d4ae92.story,content,elaborate,1,3,"Expand the text with more context, without introducing information that is not supported by the original.",49,47,2,0,0.9591836734693877,0.9591836734693877
./cnn/stories/238128396a88a7293a0d8069bf7a791b10d4ae92.story,content,elaborate,2,1,"Add more detail, keeping every fact grounded in the source material.",41,39,2,0,0.9512195121951219,0.9512195121951219
./cnn/stories/238128396a88a7293a0d8069bf7a791b10d4ae92.story,content,elaborate,2,2,"Add more detail, keeping every fact grounded in the source material.",41,37,4,0,0.9024390243902439,0.9024390243902439
./cnn/stories/238128396a88a7293a0d8069bf7a791b10d4ae92.story,content,elaborate,2,3,"Add more detail, keeping every fact grounded in the source material.",40,38,2,0,0.95,0.95
./cnn/stories/238128396a88a7293a0d8069bf7a791b10d4ae92.story,content,shorten,0,1,Make wording more concise.,21,21,0,0,1.0,1.0
./cnn/stories/238128396a88a7293a0d8069bf7a791b10d4ae92.story,content,shorten,0,2,Make wording more concise.,22,22,0,0,1.0,1.0
./cnn/stories/238128396a88a7293a0d8069bf7a791b10d4ae92.story,content,shorten,0,3,Make wording more concise.,25,25,0,0,1.0,1.0
./cnn/stories/238128396a88a7293a0d8069bf7a791b10d4ae92.story,content,shorten,1,1,Rephrase for clarity and conciseness.,19,18,1,0,0.9473684210526315,0.9473684210526315
./cnn/stories/238128396a88a7293a0d8069bf7a791b10d4ae92.story,content,shorten,1,2,Rephrase for clarity and conciseness.,15,14,1,0,0.9333333333333333,0.9333333333333333
./cnn/stories/238128396a88a7293a0d8069bf7a791b10d4ae92.story,content,shorten,1,3,Rephrase for clarity and conciseness.,15,14,1,0,0.9333333333333333,0.9333333333333333
./cnn/stories/238128396a88a7293a0d8069bf7a791b10d4ae92.story,content,shorten,2,1,"Improve accuracy, clarity, and conciseness of language.",28,28,0,0,1.0,1.0
./cnn/stories/238128396a88a7293a0d8069bf7a791b10d4ae92.story,content,shorten,2,2,"Improve accuracy, clarity, and conciseness of language.",26,25,1,0,0.9615384615384616,0.9615384615384616
./cnn/stories/238128396a88a7293a0d8069bf7a791b10d4ae92.story,content,shorten,2,3,"Improve accuracy, clarity, and conciseness of language.",25,25,0,0,1.0,1.0
./cnn/stories/238128396a88a7293a0d8069bf7a791b10d4ae92.story,style,formality,0,1,Make the text more formal.,33,32,1,0,0.9696969696969697,0.9696969696969697
./cnn/stories/238128396a88a7293a0d8069bf7a791b10d4ae92.story,style,formality,0,2,Make the text more formal.,37,36,1,0,0.972972972972973,0.972972972972973
./cnn/stories/238128396a88a7293a0d8069bf7a791b10d4ae92.story,style,formality,0,3,Make the text more formal.,40,38,2,0,0.95,0.95
./cnn/stories/238128396a88a7293a0d8069bf7a791b10d4ae92.story,style,formality,1,1,Rephrase it to be more formal.,31,31,0,0,1.0,1.0
./cnn/stories/238128396a88a7293a0d8069bf7a791b10d4ae92.story,style,formality,1,2,Rephrase it to be more formal.,39,38,1,0,0.9743589743589743,0.9743589743589743
./cnn/stories/238128396a88a7293a0d8069bf7a791b10d4ae92.story,style,formality,1,3,Rephrase it to be more formal.,32,31,1,0,0.96875,0.96875
./cnn/stories/238128396a88a7293a0d8069bf7a791b10d4ae92.story,style,formality,2,1,"Too conversational, rephrase it to be more formal.",35,34,1,0,0.9714285714285714,0.9714285714285714
./cnn/stories/238128396a88a7293a0d8069bf7a791b10d4ae92.story,style,formality,2,2,"Too conversational, rephrase it to be more formal.",36,35,1,0,0.9722222222222222,0.9722222222222222
./cnn/stories/238128396a88a7293a0d8069bf7a791b10d4ae92.story,style,formality,2,3,"Too conversational, rephrase it to be more formal.",39,37,2,0,0.9487179487179487,0.9487179487179487
./cnn/stories/238128396a88a7293a0d8069bf7a791b10d4ae92.story,style,paraphrase,0,1,Paraphrase this.,24,24,0,0,1.0,1.0
./cnn/stories/238128396a88a7293a0d8069bf7a791b10d4ae92.story,style,paraphrase,0,2,Paraphrase this.,23,21,2,0,0.9130434782608695,0.9130434782608695
./cnn/stories/238128396a88a7293a0d8069bf7a791b10d4ae92.story,style,paraphrase,0,3,Paraphrase this.,21,20,1,0,0.9523809523809523,0.9523809523809523
./cnn/stories/238128396a88a7293a0d8069bf7a791b10d4ae92.story,style,paraphrase,1,1,Reword this text.,27,26,1,0,0.9629629629629629,0.9629629629629629
./cnn/stories/238128396a88a7293a0d8069bf7a791b10d4ae92.story,style,paraphrase,1,2,Reword this text.,30,28,2,0,0.9333333333333333,0.9333333333333333
./cnn/stories/238128396a88a7293a0d8069bf7a791b10d4ae92.story,style,paraphrase,1,3,Reword this text.,27,25,2,0,0.9259259259259259,0.9259259259259259
./cnn/stories/238128396a88a7293a0d8069bf7a791b10d4ae92.story,style,paraphrase,2,1,Use different wording.,36,34,2,0,0.9444444444444444,0.9444444444444444
./cnn/stories/238128396a88a7293a0d8069bf7a791b10d4ae92.story,style,paraphrase,2,2,Use different wording.,37,34,3,0,0.918918918918919,0.918918918918919
./cnn/stories/238128396a88a7293a0d8069bf7a791b10d4ae92.story,style,paraphrase,2,3,Use different wording.,30,26,4,0,0.8666666666666667,0.8666666666666667
./cnn/stories/23bc3d595c3d8f6046a2c84b497c0538296a1f31.story,content,elaborate,0,1,"Elaborate on the content, adding relevant details while staying faithful to the source text.",31,31,0,0,1.0,1.0
./cnn/stories/23bc3d595c3d8f6046a2c84b497c0538296a1f31.story,content,elaborate,0,2,"Elaborate on the content, adding relevant details while staying faithful to the source text.",26,26,0,0,1.0,1.0
./cnn/stories/23bc3d595c3d8f6046a2c84b497c0538296a1f31.story,content,elaborate,0,3,"Elaborate on the content, adding relevant details while staying faithful to the source text.",33,32,1,0,0.9696969696969697,0.9696969696969697
./cnn/stories/23bc3d595c3d8f6046a2c84b497c0538296a1f31.story,content,elaborate,1,1,"Expand the text with more context, without introducing information that is not supported by the original.",22,22,0,0,1.0,1.0
./cnn/stories/23bc3d595c3d8f6046a2c84b497c0538296a1f31.story,content,elaborate,1,2,"Expand the text with more context, without introducing information that is not supported by the original.",20,20,0,0,1.0,1.0
./cnn/stories/23bc3d595c3d8f6046a2c84b497c0538296a1f31.story,content,elaborate,1,3,"Expand the text with more context, without introducing information that is not supported by the original.",24,21,3,0,0.875,0.875
./cnn/stories/23bc3d595c3d8f6046a2c84b497c0538296a1f31.story,content,elaborate,2,1,"Add more detail, keeping every fact grounded in the source material.",19,19,0,0,1.0,1.0
./cnn/stories/23bc3d595c3d8f6046a2c84b497c0538296a1f31.story,content,elaborate,2,2,"Add more detail, keeping every fact grounded in the source material.",23,23,0,0,1.0,1.0
./cnn/stories/23bc3d595c3d8f6046a2c84b497c0538296a1f31.story,content,elaborate,2,3,"Add more detail, keeping every fact grounded in the source material.",20,20,0,0,1.0,1.0
./cnn/stories/23bc3d595c3d8f6046a2c84b497c0538296a1f31.story,content,shorten,0,1,Make wording more concise.,11,11,0,0,1.0,1.0
./cnn/stories/23bc3d595c3d8f6046a2c84b497c0538296a1f31.story,content,shorten,0,2,Make wording more concise.,10,9,1,0,0.9,0.9
./cnn/stories/23bc3d595c3d8f6046a2c84b497c0538296a1f31.story,content,shorten,0,3,Make wording more concise.,7,6,1,0,0.8571428571428571,0.6
./cnn/stories/23bc3d595c3d8f6046a2c84b497c0538296a1f31.story,content,shorten,1,1,Rephrase for clarity and conciseness.,14,14,0,0,1.0,1.0
./cnn/stories/23bc3d595c3d8f6046a2c84b497c0538296a1f31.story,content,shorten,1,2,Rephrase for clarity and conciseness.,11,11,0,0,1.0,1.0
./cnn/stories/23bc3d595c3d8f6046a2c84b497c0538296a1f31.story,content,shorten,1,3,Rephrase for clarity and conciseness.,7,7,0,0,1.0,0.7
./cnn/stories/23bc3d595c3d8f6046a2c84b497c0538296a1f31.story,content,shorten,2,1,"Improve accuracy, clarity, and conciseness of language.",11,11,0,0,1.0,1.0
./cnn/stories/23bc3d595c3d8f6046a2c84b497c0538296a1f31.story,content,shorten,2,2,"Improve accuracy, clarity, and conciseness of language.",13,13,0,0,1.0,1.0
./cnn/stories/23bc3d595c3d8f6046a2c84b497c0538296a1f31.story,content,shorten,2,3,"Improve accuracy, clarity, and conciseness of language.",11,11,0,0,1.0,1.0
./cnn/stories/23bc3d595c3d8f6046a2c84b497c0538296a1f31.story,style,formality,0,1,Make the text more formal.,27,27,0,0,1.0,1.0
./cnn/stories/23bc3d595c3d8f6046a2c84b497c0538296a1f31.story,style,formality,0,2,Make the text more formal.,30,30,0,0,1.0,1.0
./cnn/stories/23bc3d595c3d8f6046a2c84b497c0538296a1f31.story,style,formality,0,3,Make the text more formal.,16,16,0,0,1.0,1.0
./cnn/stories/23bc3d595c3d8f6046a2c84b497c0538296a1f31.story,style,formality,1,1,Rephrase it to be more formal.,27,27,0,0,1.0,1.0
./cnn/stories/23bc3d595c3d8f6046a2c84b497c0538296a1f31.story,style,formality,1,2,Rephrase it to be more formal.,25,25,0,0,1.0,1.0
./cnn/stories/23bc3d595c3d8f6046a2c84b497c0538296a1f31.story,style,formality,1,3,Rephrase it to be more formal.,29,29,0,0,1.0,1.0
./cnn/stories/23bc3d595c3d8f6046a2c84b497c0538296a1f31.story,style,formality,2,1,"Too conversational, rephrase it to be more formal.",19,19,0,0,1.0,1.0
./cnn/stories/23bc3d595c3d8f6046a2c84b497c0538296a1f31.story,style,formality,2,2,"Too conversational, rephrase it to be more formal.",17,17,0,0,1.0,1.0
./cnn/stories/23bc3d595c3d8f6046a2c84b497c0538296a1f31.story,style,formality,2,3,"Too conversational, rephrase it to be more formal.",17,17,0,0,1.0,1.0
./cnn/stories/23bc3d595c3d8f6046a2c84b497c0538296a1f31.story,style,paraphrase,0,1,Paraphrase this.,16,16,0,0,1.0,1.0
./cnn/stories/23bc3d595c3d8f6046a2c84b497c0538296a1f31.story,style,paraphrase,0,2,Paraphrase this.,19,19,0,0,1.0,1.0
./cnn/stories/23bc3d595c3d8f6046a2c84b497c0538296a1f31.story,style,paraphrase,0,3,Paraphrase this.,32,31,1,0,0.96875,0.96875
./cnn/stories/23bc3d595c3d8f6046a2c84b497c0538296a1f31.story,style,paraphrase,1,1,Reword this text.,11,11,0,0,1.0,1.0
./cnn/stories/23bc3d595c3d8f6046a2c84b497c0538296a1f31.story,style,paraphrase,1,2,Reword this text.,14,14,0,0,1.0,1.0
./cnn/stories/23bc3d595c3d8f6046a2c84b497c0538296a1f31.story,style,paraphrase,1,3,Reword this text.,14,14,0,0,1.0,1.0
./cnn/stories/23bc3d595c3d8f6046a2c84b497c0538296a1f31.story,style,paraphrase,2,1,Use different wording.,19,19,0,0,1.0,1.0
./cnn/stories/23bc3d595c3d8f6046a2c84b497c0538296a1f31.story,style,paraphrase,2,2,Use different wording.,23,22,1,0,0.9565217391304348,0.9565217391304348
./cnn/stories/23bc3d595c3d8f6046a2c84b497c0538296a1f31.story,style,paraphrase,2,3,Use different wording.,19,18,1,0,0.9473684210526315,0.9473684210526315
./cnn/stories/240b5c5c0a82be745f6cb38394f12aa380a181bb.story,content,elaborate,0,1,"Elaborate on the content, adding relevant details while staying faithful to the source text.",59,57,2,0,0.9661016949152542,0.9661016949152542
./cnn/stories/240b5c5c0a82be745f6cb38394f12aa380a181bb.story,content,elaborate,0,2,"Elaborate on the content, adding relevant details while staying faithful to the source text.",66,63,3,0,0.9545454545454546,0.9545454545454546
./cnn/stories/240b5c5c0a82be745f6cb38394f12aa380a181bb.story,content,elaborate,0,3,"Elaborate on the content, adding relevant details while staying faithful to the source text.",58,57,1,0,0.9827586206896551,0.9827586206896551
./cnn/stories/240b5c5c0a82be745f6cb38394f12aa380a181bb.story,content,elaborate,1,1,"Expand the text with more context, without introducing information that is not supported by the original.",62,59,3,0,0.9516129032258065,0.9516129032258065
./cnn/stories/240b5c5c0a82be745f6cb38394f12aa380a181bb.story,content,elaborate,1,2,"Expand the text with more context, without introducing information that is not supported by the original.",48,44,4,0,0.9166666666666666,0.9166666666666666
./cnn/stories/240b5c5c0a82be745f6cb38394f12aa380a181bb.story,content,elaborate,1,3,"Expand the text with more context, without introducing information that is not supported by the original.",42,38,4,0,0.9047619047619048,0.9047619047619048
./cnn/stories/240b5c5c0a82be745f6cb38394f12aa380a181bb.story,content,elaborate,2,1,"Add more detail, keeping every fact grounded in the source material.",65,64,1,0,0.9846153846153847,0.9846153846153847
./cnn/stories/240b5c5c0a82be745f6cb38394f12aa380a181bb.story,content,elaborate,2,2,"Add more detail, keeping every fact grounded in the source material.",67,66,1,0,0.9850746268656716,0.9850746268656716
./cnn/stories/240b5c5c0a82be745f6cb38394f12aa380a181bb.story,content,elaborate,2,3,"Add more detail, keeping every fact grounded in the source material.",82,79,3,0,0.9634146341463414,0.9634146341463414
./cnn/stories/240b5c5c0a82be745f6cb38394f12aa380a181bb.story,content,shorten,0,1,Make wording more concise.,34,33,1,0,0.9705882352941176,0.9705882352941176
./cnn/stories/240b5c5c0a82be745f6cb38394f12aa380a181bb.story,content,shorten,0,2,Make wording more concise.,22,22,0,0,1.0,1.0
./cnn/stories/240b5c5c0a82be745f6cb38394f12aa380a181bb.story,content,shorten,0,3,Make wording more concise.,22,20,2,0,0.9090909090909091,0.9090909090909091
./cnn/stories/240b5c5c0a82be745f6cb38394f12aa380a181bb.story,content,shorten,1,1,Rephrase for clarity and conciseness.,26,25,1,0,0.9615384615384616,0.9615384615384616
./cnn/stories/240b5c5c0a82be745f6cb38394f12aa380a181bb.story,content,shorten,1,2,Rephrase for clarity and conciseness.,20,20,0,0,1.0,1.0
./cnn/stories/240b5c5c0a82be745f6cb38394f12aa380a181bb.story,content,shorten,1,3,Rephrase for clarity and conciseness.,15,15,0,0,1.0,1.0
./cnn/stories/240b5c5c0a82be745f6cb38394f12aa380a181bb.story,content,shorten,2,1,"Improve accuracy, clarity, and conciseness of language.",34,33,1,0,0.9705882352941176,0.9705882352941176
./cnn/stories/240b5c5c0a82be745f6cb38394f12aa380a181bb.story,content,shorten,2,2,"Improve accuracy, clarity, and conciseness of language.",30,30,0,0,1.0,1.0
./cnn/stories/240b5c5c0a82be745f6cb38394f12aa380a181bb.story,content,shorten,2,3,"Improve accuracy, clarity, and conciseness of language.",29,28,1,0,0.9655172413793104,0.9655172413793104
./cnn/stories/240b5c5c0a82be745f6cb38394f12aa380a181bb.story,style,formality,0,1,Make the text more formal.,91,89,2,0,0.978021978021978,0.978021978021978
./cnn/stories/240b5c5c0a82be745f6cb38394f12aa380a181bb.story,style,formality,0,2,Make the text more formal.,81,79,2,0,0.9753086419753086,0.9753086419753086
./cnn/stories/240b5c5c0a82be745f6cb38394f12aa380a181bb.story,style,formality,0,3,Make the text more formal.,47,46,1,0,0.9787234042553191,0.9787234042553191
./cnn/stories/240b5c5c0a82be745f6cb38394f12aa380a181bb.story,style,formality,1,1,Rephrase it to be more formal.,59,57,2,0,0.9661016949152542,0.9661016949152542
./cnn/stories/240b5c5c0a82be745f6cb38394f12aa380a181bb.story,style,formality,1,2,Rephrase it to be more formal.,48,47,1,0,0.9791666666666666,0.9791666666666666
./cnn/stories/240b5c5c0a82be745f6cb38394f12aa380a181bb.story,style,formality,1,3,Rephrase it to be more formal.,49,48,1,0,0.9795918367346939,0.9795918367346939
./cnn/stories/240b5c5c0a82be745f6cb38394f12aa380a181bb.story,style,formality,2,1,"Too conversational, rephrase it to be more formal.",67,63,4,0,0.9402985074626866,0.9402985074626866
./cnn/stories/240b5c5c0a82be745f6cb38394f12aa380a181bb.story,style,formality,2,2,"Too conversational, rephrase it to be more formal.",74,66,8,0,0.8918918918918919,0.8918918918918919
./cnn/stories/240b5c5c0a82be745f6cb38394f12aa380a181bb.story,style,formality,2,3,"Too conversational, rephrase it to be more formal.",58,52,6,0,0.896551724137931,0.896551724137931
./cnn/stories/240b5c5c0a82be745f6cb38394f12aa380a181bb.story,style,paraphrase,0,1,Paraphrase this.,38,36,2,0,0.9473684210526315,0.9473684210526315
./cnn/stories/240b5c5c0a82be745f6cb38394f12aa380a181bb.story,style,paraphrase,0,2,Paraphrase this.,39,35,4,0,0.8974358974358975,0.8974358974358975
./cnn/stories/240b5c5c0a82be745f6cb38394f12aa380a181bb.story,style,paraphrase,0,3,Paraphrase this.,43,38,5,0,0.8837209302325582,0.8837209302325582
./cnn/stories/240b5c5c0a82be745f6cb38394f12aa380a181bb.story,style,paraphrase,1,1,Reword this text.,63,59,4,0,0.9365079365079365,0.9365079365079365
./cnn/stories/240b5c5c0a82be745f6cb38394f12aa380a181bb.story,style,paraphrase,1,2,Reword this text.,38,36,2,0,0.9473684210526315,0.9473684210526315
./cnn/stories/240b5c5c0a82be745f6cb38394f12aa380a181bb.story,style,paraphrase,1,3,Reword this text.,37,36,1,0,0.972972972972973,0.972972972972973
./cnn/stories/240b5c5c0a82be745f6cb38394f12aa380a181bb.story,style,paraphrase,2,1,Use different wording.,58,52,6,0,0.896551724137931,0.896551724137931
./cnn/stories/240b5c5c0a82be745f6cb38394f12aa380a181bb.story,style,paraphrase,2,2,Use different wording.,57,54,3,0,0.9473684210526315,0.9473684210526315
./cnn/stories/240b5c5c0a82be745f6cb38394f12aa380a181bb.story,style,paraphrase,2,3,Use different wording.,59,54,5,0,0.9152542372881356,0.9152542372881356
./cnn/stories/25e6c5901ffbaed729fb8a40f1511d9770b38691.story,content,elaborate,0,1,"Elaborate on the content, adding relevant details while staying faithful to the source text.",34,34,0,0,1.0,1.0
./cnn/stories/25e6c5901ffbaed729fb8a40f1511d9770b38691.story,content,elaborate,0,2,"Elaborate on the content, adding relevant details while staying faithful to the source text.",40,39,1,0,0.975,0.975
./cnn/stories/25e6c5901ffbaed729fb8a40f1511d9770b38691.story,content,elaborate,0,3,"Elaborate on the content, adding relevant details while staying faithful to the source text.",42,42,0,0,1.0,1.0
./cnn/stories/25e6c5901ffbaed729fb8a40f1511d9770b38691.story,content,elaborate,1,1,"Expand the text with more context, without introducing information that is not supported by the original.",39,38,1,0,0.9743589743589743,0.9743589743589743
./cnn/stories/25e6c5901ffbaed729fb8a40f1511d9770b38691.story,content,elaborate,1,2,"Expand the text with more context, without introducing information that is not supported by the original.",30,30,0,0,1.0,1.0
./cnn/stories/25e6c5901ffbaed729fb8a40f1511d9770b38691.story,content,elaborate,1,3,"Expand the text with more context, without introducing information that is not supported by the original.",28,28,0,0,1.0,1.0
./cnn/stories/25e6c5901ffbaed729fb8a40f1511d9770b38691.story,content,elaborate,2,1,"Add more detail, keeping every fact grounded in the source material.",47,47,0,0,1.0,1.0
./cnn/stories/25e6c5901ffbaed729fb8a40f1511d9770b38691.story,content,elaborate,2,2,"Add more detail, keeping every fact grounded in the source material.",33,33,0,0,1.0,1.0
./cnn/stories/25e6c5901ffbaed729fb8a40f1511d9770b38691.story,content,elaborate,2,3,"Add more detail, keeping every fact grounded in the source material.",41,40,1,0,0.975609756097561,0.975609756097561
./cnn/stories/25e6c5901ffbaed729fb8a40f1511d9770b38691.story,content,shorten,0,1,Make wording more concise.,16,16,0,0,1.0,1.0
./cnn/stories/25e6c5901ffbaed729fb8a40f1511d9770b38691.story,content,shorten,0,2,Make wording more concise.,13,13,0,0,1.0,1.0
./cnn/stories/25e6c5901ffbaed729fb8a40f1511d9770b38691.story,content,shorten,0,3,Make wording more concise.,13,13,0,0,1.0,1.0
./cnn/stories/25e6c5901ffbaed729fb8a40f1511d9770b38691.story,content,shorten,1,1,Rephrase for clarity and conciseness.,25,25,0,0,1.0,1.0
./cnn/stories/25e6c5901ffbaed729fb8a40f1511d9770b38691.story,content,shorten,1,2,Rephrase for clarity and conciseness.,21,20,1,0,0.9523809523809523,0.9523809523809523
./cnn/stories/25e6c5901ffbaed729fb8a40f1511d9770b38691.story,content,shorten,1,3,Rephrase for clarity and conciseness.,18,17,1,0,0.9444444444444444,0.9444444444444444
./cnn/stories/25e6c5901ffbaed729fb8a40f1511d9770b38691.story,content,shorten,2,1,"Improve accuracy, clarity, and conciseness of language.",34,34,0,0,1.0,1.0
./cnn/stories/25e6c5901ffbaed729fb8a40f1511d9770b38691.story,content,shorten,2,2,"Improve accuracy, clarity, and conciseness of language.",34,34,0,0,1.0,1.0
./cnn/stories/25e6c5901ffbaed729fb8a40f1511d9770b38691.story,content,shorten,2,3,"Improve accuracy, clarity, and conciseness of language.",31,31,0,0,1.0,1.0
./cnn/stories/25e6c5901ffbaed729fb8a40f1511d9770b38691.story,style,formality,0,1,Make the text more formal.,35,34,1,0,0.9714285714285714,0.9714285714285714
./cnn/stories/25e6c5901ffbaed729fb8a40f1511d9770b38691.story,style,formality,0,2,Make the text more formal.,35,35,0,0,1.0,1.0
./cnn/stories/25e6c5901ffbaed729fb8a40f1511d9770b38691.story,style,formality,0,3,Make the text more formal.,30,30,0,0,1.0,1.0
./cnn/stories/25e6c5901ffbaed729fb8a40f1511d9770b38691.story,style,formality,1,1,Rephrase it to be more formal.,43,43,0,0,1.0,1.0
./cnn/stories/25e6c5901ffbaed729fb8a40f1511d9770b38691.story,style,formality,1,2,Rephrase it to be more formal.,52,52,0,0,1.0,1.0
./cnn/stories/25e6c5901ffbaed729fb8a40f1511d9770b38691.story,style,formality,1,3,Rephrase it to be more formal.,48,47,1,0,0.9791666666666666,0.9791666666666666
./cnn/stories/25e6c5901ffbaed729fb8a40f1511d9770b38691.story,style,formality,2,1,"Too conversational, rephrase it to be more formal.",32,32,0,0,1.0,1.0
./cnn/stories/25e6c5901ffbaed729fb8a40f1511d9770b38691.story,style,formality,2,2,"Too conversational, rephrase it to be more formal.",33,33,0,0,1.0,1.0
./cnn/stories/25e6c5901ffbaed729fb8a40f1511d9770b38691.story,style,formality,2,3,"Too conversational, rephrase it to be more formal.",35,33,2,0,0.9428571428571428,0.9428571428571428
./cnn/stories/25e6c5901ffbaed729fb8a40f1511d9770b38691.story,style,paraphrase,0,1,Paraphrase this.,22,22,0,0,1.0,1.0
./cnn/stories/25e6c5901ffbaed729fb8a40f1511d9770b38691.story,style,paraphrase,0,2,Paraphrase this.,19,19,0,0,1.0,1.0
./cnn/stories/25e6c5901ffbaed729fb8a40f1511d9770b38691.story,style,paraphrase,0,3,Paraphrase this.,19,19,0,0,1.0,1.0
./cnn/stories/25e6c5901ffbaed729fb8a40f1511d9770b38691.story,style,paraphrase,1,1,Reword this text.,24,23,1,0,0.9583333333333334,0.9583333333333334
./cnn/stories/25e6c5901ffbaed729fb8a40f1511d9770b38691.story,style,paraphrase,1,2,Reword this text.,21,21,0,0,1.0,1.0
./cnn/stories/25e6c5901ffbaed729fb8a40f1511d9770b38691.story,style,paraphrase,1,3,Reword this text.,20,20,0,0,1.0,1.0
./cnn/stories/25e6c5901ffbaed729fb8a40f1511d9770b38691.story,style,paraphrase,2,1,Use different wording.,28,28,0,0,1.0,1.0
./cnn/stories/25e6c5901ffbaed729fb8a40f1511d9770b38691.story,style,paraphrase,2,2,Use different wording.,23,23,0,0,1.0,1.0
./cnn/stories/25e6c5901ffbaed729fb8a40f1511d9770b38691.story,style,paraphrase,2,3,Use different wording.,27,26,1,0,0.9629629629629629,0.9629629629629629
./cnn/stories/2635a2ebf069c17ae005084b7ff66a255ffd3e23.story,content,elaborate,0,1,"Elaborate on the content, adding relevant details while staying faithful to the source text.",57,56,1,0,0.9824561403508771,0.9824561403508771
./cnn/stories/2635a2ebf069c17ae005084b7ff66a255ffd3e23.story,content,elaborate,0,2,"Elaborate on the content, adding relevant details while staying faithful to the source text.",57,50,7,0,0.8771929824561403,0.8771929824561403
./cnn/stories/2635a2ebf069c17ae005084b7ff66a255ffd3e23.story,content,elaborate,0,3,"Elaborate on the content, adding relevant details while staying faithful to the source text.",46,42,4,0,0.9130434782608695,0.9130434782608695
./cnn/stories/2635a2ebf069c17ae005084b7ff66a255ffd3e23.story,content,elaborate,1,1,"Expand the text with more context, without introducing information that is not supported by the original.",43,43,0,0,1.0,1.0
./cnn/stories/2635a2ebf069c17ae005084b7ff66a255ffd3e23.story,content,elaborate,1,2,"Expand the text with more context, without introducing information that is not supported by the original.",46,46,0,0,1.0,1.0
./cnn/stories/2635a2ebf069c17ae005084b7ff66a255ffd3e23.story,content,elaborate,1,3,"Expand the text with more context, without introducing information that is not supported by the original.",38,36,2,0,0.9473684210526315,0.9473684210526315
./cnn/stories/2635a2ebf069c17ae005084b7ff66a255ffd3e23.story,content,elaborate,2,1,"Add more detail, keeping every fact grounded in the source material.",56,55,1,0,0.9821428571428571,0.9821428571428571
./cnn/stories/2635a2ebf069c17ae005084b7ff66a255ffd3e23.story,content,elaborate,2,2,"Add more detail, keeping every fact grounded in the source material.",54,53,1,0,0.9814814814814815,0.9814814814814815
./cnn/stories/2635a2ebf069c17ae005084b7ff66a255ffd3e23.story,content,elaborate,2,3,"Add more detail, keeping every fact grounded in the source material.",54,54,0,0,1.0,1.0
./cnn/stories/2635a2ebf069c17ae005084b7ff66a255ffd3e23.story,content,shorten,0,1,Make wording more concise.,31,31,0,0,1.0,1.0
./cnn/stories/2635a2ebf069c17ae005084b7ff66a255ffd3e23.story,content,shorten,0,2,Make wording more concise.,23,23,0,0,1.0,1.0
./cnn/stories/2635a2ebf069c17ae005084b7ff66a255ffd3e23.story,content,shorten,0,3,Make wording more concise.,23,23,0,0,1.0,1.0
./cnn/stories/2635a2ebf069c17ae005084b7ff66a255ffd3e23.story,content,shorten,1,1,Rephrase for clarity and conciseness.,26,24,2,0,0.9230769230769231,0.9230769230769231
./cnn/stories/2635a2ebf069c17ae005084b7ff66a255ffd3e23.story,content,shorten,1,2,Rephrase for clarity and conciseness.,24,23,1,0,0.9583333333333334,0.9583333333333334
./cnn/stories/2635a2ebf069c17ae005084b7ff66a255ffd3e23.story,content,shorten,1,3,Rephrase for clarity and conciseness.,19,18,1,0,0.9473684210526315,0.9473684210526315
./cnn/stories/2635a2ebf069c17ae005084b7ff66a255ffd3e23.story,content,shorten,2,1,"Improve accuracy, clarity, and conciseness of language.",38,37,1,0,0.9736842105263158,0.9736842105263158
./cnn/stories/2635a2ebf069c17ae005084b7ff66a255ffd3e23.story,content,shorten,2,2,"Improve accuracy, clarity, and conciseness of language.",34,32,2,0,0.9411764705882353,0.9411764705882353
./cnn/stories/2635a2ebf069c17ae005084b7ff66a255ffd3e23.story,content,shorten,2,3,"Improve accuracy, clarity, and conciseness of language.",39,35,4,0,0.8974358974358975,0.8974358974358975
./cnn/stories/2635a2ebf069c17ae005084b7ff66a255ffd3e23.story,style,formality,0,1,Make the text more formal.,52,48,4,0,0.9230769230769231,0.9230769230769231
./cnn/stories/2635a2ebf069c17ae005084b7ff66a255ffd3e23.story,style,formality,0,2,Make the text more formal.,54,50,4,0,0.9259259259259259,0.9259259259259259
./cnn/stories/2635a2ebf069c17ae005084b7ff66a255ffd3e23.story,style,formality,0,3,Make the text more formal.,57,54,3,0,0.9473684210526315,0.9473684210526315
./cnn/stories/2635a2ebf069c17ae005084b7ff66a255ffd3e23.story,style,formality,1,1,Rephrase it to be more formal.,41,40,1,0,0.975609756097561,0.975609756097561
./cnn/stories/2635a2ebf069c17ae005084b7ff66a255ffd3e23.story,style,formality,1,2,Rephrase it to be more formal.,45,41,4,0,0.9111111111111111,0.9111111111111111
./cnn/stories/2635a2ebf069c17ae005084b7ff66a255ffd3e23.story,style,formality,1,3,Rephrase it to be more formal.,46,43,3,0,0.9347826086956522,0.9347826086956522
./cnn/stories/2635a2ebf069c17ae005084b7ff66a255ffd3e23.story,style,formality,2,1,"Too conversational, rephrase it to be more formal.",54,50,4,0,0.9259259259259259,0.9259259259259259
./cnn/stories/2635a2ebf069c17ae005084b7ff66a255ffd3e23.story,style,formality,2,2,"Too conversational, rephrase it to be more formal.",59,57,2,0,0.9661016949152542,0.9661016949152542
./cnn/stories/2635a2ebf069c17ae005084b7ff66a255ffd3e23.story,style,formality,2,3,"Too conversational, rephrase it to be more formal.",53,50,3,0,0.9433962264150944,0.9433962264150944
./cnn/stories/2635a2ebf069c17ae005084b7ff66a255ffd3e23.story,style,paraphrase,0,1,Paraphrase this.,31,29,2,0,0.9354838709677419,0.9354838709677419
./cnn/stories/2635a2ebf069c17ae005084b7ff66a255ffd3e23.story,style,paraphrase,0,2,Paraphrase this.,21,18,3,0,0.8571428571428571,0.8571428571428571
./cnn/stories/2635a2ebf069c17ae005084b7ff66a255ffd3e23.story,style,paraphrase,0,3,Paraphrase this.,21,19,2,0,0.9047619047619048,0.9047619047619048
./cnn/stories/2635a2ebf069c17ae005084b7ff66a255ffd3e23.story,style,paraphrase,1,1,Reword this text.,30,30,0,0,1.0,1.0
./cnn/stories/2635a2ebf069c17ae005084b7ff66a255ffd3e23.story,style,paraphrase,1,2,Reword this text.,29,28,1,0,0.9655172413793104,0.9655172413793104
./cnn/stories/2635a2ebf069c17ae005084b7ff66a255ffd3e23.story,style,paraphrase,1,3,Reword this text.,26,26,0,0,1.0,1.0
./cnn/stories/2635a2ebf069c17ae005084b7ff66a255ffd3e23.story,style,paraphrase,2,1,Use different wording.,30,30,0,0,1.0,1.0
./cnn/stories/2635a2ebf069c17ae005084b7ff66a255ffd3e23.story,style,paraphrase,2,2,Use different wording.,42,42,0,0,1.0,1.0
./cnn/stories/2635a2ebf069c17ae005084b7ff66a255ffd3e23.story,style,paraphrase,2,3,Use different wording.,33,33,0,0,1.0,1.0
./cnn/stories/280c6cd98b93cfbfcedd1d8961432f5ed819d334.story,content,elaborate,0,1,"Elaborate on the content, adding relevant details while staying faithful to the source text.",72,70,2,0,0.9722222222222222,0.9722222222222222
./cnn/stories/280c6cd98b93cfbfcedd1d8961432f5ed819d334.story,content,elaborate,0,2,"Elaborate on the content, adding relevant details while staying faithful to the source text.",82,77,5,0,0.9390243902439024,0.9390243902439024
./cnn/stories/280c6cd98b93cfbfcedd1d8961432f5ed819d334.story,content,elaborate,0,3,"Elaborate on the content, adding relevant details while staying faithful to the source text.",94,86,8,0,0.9148936170212766,0.9148936170212766
./cnn/stories/280c6cd98b93cfbfcedd1d8961432f5ed819d334.story,content,elaborate,1,1,"Expand the text with more context, without introducing information that is not supported by the original.",56,52,4,0,0.9285714285714286,0.9285714285714286
./cnn/stories/280c6cd98b93cfbfcedd1d8961432f5ed819d334.story,content,elaborate,1,2,"Expand the text with more context, without introducing information that is not supported by the original.",54,52,2,0,0.9629629629629629,0.9629629629629629
./cnn/stories/280c6cd98b93cfbfcedd1d8961432f5ed819d334.story,content,elaborate,1,3,"Expand the text with more context, without introducing information that is not supported by the original.",63,58,5,0,0.9206349206349206,0.9206349206349206
./cnn/stories/280c6cd98b93cfbfcedd1d8961432f5ed819d334.story,content,elaborate,2,1,"Add more detail, keeping every fact grounded in the source material.",59,55,4,0,0.9322033898305084,0.9322033898305084
./cnn/stories/280c6cd98b93cfbfcedd1d8961432f5ed819d334.story,content,elaborate,2,2,"Add more detail, keeping every fact grounded in the source material.",75,66,9,0,0.88,0.88
./cnn/stories/280c6cd98b93cfbfcedd1d8961432f5ed819d334.story,content,elaborate,2,3,"Add more detail, keeping every fact grounded in the source material.",81,72,9,0,0.8888888888888888,0.8888888888888888
./cnn/stories/280c6cd98b93cfbfcedd1d8961432f5ed819d334.story,content,shorten,0,1,Make wording more concise.,29,29,0,0,1.0,1.0
./cnn/stories/280c6cd98b93cfbfcedd1d8961432f5ed819d334.story,content,shorten,0,2,Make wording more concise.,26,24,2,0,0.9230769230769231,0.9230769230769231
./cnn/stories/280c6cd98b93cfbfcedd1d8961432f5ed819d334.story,content,shorten,0,3,Make wording more concise.,27,26,1,0,0.9629629629629629,0.9629629629629629
./cnn/stories/280c6cd98b93cfbfcedd1d8961432f5ed819d334.story,content,shorten,1,1,Rephrase for clarity and conciseness.,46,43,3,0,0.9347826086956522,0.9347826086956522
./cnn/stories/280c6cd98b93cfbfcedd1d8961432f5ed819d334.story,content,shorten,1,2,Rephrase for clarity and conciseness.,25,24,1,0,0.96,0.96
./cnn/stories/280c6cd98b93cfbfcedd1d8961432f5ed819d334.story,content,shorten,1,3,Rephrase for clarity and conciseness.,23,20,3,0,0.8695652173913043,0.8695652173913043
./cnn/stories/280c6cd98b93cfbfcedd1d8961432f5ed819d334.story,content,shorten,2,1,"Improve accuracy, clarity, and conciseness of language.",39,38,1,0,0.9743589743589743,0.9743589743589743
./cnn/stories/280c6cd98b93cfbfcedd1d8961432f5ed819d334.story,content,shorten,2,2,"Improve accuracy, clarity, and conciseness of language.",34,31,3,0,0.9117647058823529,0.9117647058823529
./cnn/stories/280c6cd98b93cfbfcedd1d8961432f5ed819d334.story,content,shorten,2,3,"Improve accuracy, clarity, and conciseness of language.",33,32,1,0,0.9696969696969697,0.9696969696969697
./cnn/stories/280c6cd98b93cfbfcedd1d8961432f5ed819d334.story,style,formality,0,1,Make the text more formal.,78,76,2,0,0.9743589743589743,0.9743589743589743
./cnn/stories/280c6cd98b93cfbfcedd1d8961432f5ed819d334.story,style,formality,0,2,Make the text more formal.,94,88,6,0,0.9361702127659575,0.9361702127659575
./cnn/stories/280c6cd98b93cfbfcedd1d8961432f5ed819d334.story,style,formality,0,3,Make the text more formal.,80,70,10,0,0.875,0.875
./cnn/stories/280c6cd98b93cfbfcedd1d8961432f5ed819d334.story,style,formality,1,1,Rephrase it to be more formal.,81,74,7,0,0.9135802469135802,0.9135802469135802
./cnn/stories/280c6cd98b93cfbfcedd1d8961432f5ed819d334.story,style,formality,1,2,Rephrase it to be more formal.,78,74,4,0,0.9487179487179487,0.9487179487179487
./cnn/stories/280c6cd98b93cfbfcedd1d8961432f5ed819d334.story,style,formality,1,3,Rephrase it to be more formal.,77,72,5,0,0.935064935064935,0.935064935064935
./cnn/stories/280c6cd98b93cfbfcedd1d8961432f5ed819d334.story,style,formality,2,1,"Too conversational, rephrase it to be more formal.",89,87,2,0,0.9775280898876404,0.9775280898876404
./cnn/stories/280c6cd98b93cfbfcedd1d8961432f5ed819d334.story,style,formality,2,2,"Too conversational, rephrase it to be more formal.",86,82,4,0,0.9534883720930233,0.9534883720930233
./cnn/stories/280c6cd98b93cfbfcedd1d8961432f5ed819d334.story,style,formality,2,3,"Too conversational, rephrase it to be more formal.",90,88,2,0,0.9777777777777777,0.9777777777777777
./cnn/stories/280c6cd98b93cfbfcedd1d8961432f5ed819d334.story,style,paraphrase,0,1,Paraphrase this.,19,18,1,0,0.9473684210526315,0.9473684210526315
./cnn/stories/280c6cd98b93cfbfcedd1d8961432f5ed819d334.story,style,paraphrase,0,2,Paraphrase this.,19,17,2,0,0.8947368421052632,0.8947368421052632
./cnn/stories/280c6cd98b93cfbfcedd1d8961432f5ed819d334.story,style,paraphrase,0,3,Paraphrase this.,19,18,1,0,0.9473684210526315,0.9473684210526315
./cnn/stories/280c6cd98b93cfbfcedd1d8961432f5ed819d334.story,style,paraphrase,1,1,Reword this text.,69,67,2,0,0.9710144927536232,0.9710144927536232
./cnn/stories/280c6cd98b93cfbfcedd1d8961432f5ed819d334.story,style,paraphrase,1,2,Reword this text.,72,69,3,0,0.9583333333333334,0.9583333333333334
./cnn/stories/280c6cd98b93cfbfcedd1d8961432f5ed819d334.story,style,paraphrase,1,3,Reword this text.,67,63,4,0,0.9402985074626866,0.9402985074626866
./cnn/stories/280c6cd98b93cfbfcedd1d8961432f5ed819d334.story,style,paraphrase,2,1,Use different wording.,55,52,3,0,0.9454545454545454,0.9454545454545454
./cnn/stories/280c6cd98b93cfbfcedd1d8961432f5ed819d334.story,style,paraphrase,2,2,Use different wording.,57,54,3,0,0.9473684210526315,0.9473684210526315
./cnn/stories/280c6cd98b93cfbfcedd1d8961432f5ed819d334.story,style,paraphrase,2,3,Use different wording.,53,51,2,0,0.9622641509433962,0.9622641509433962
./cnn/stories/2e375608e5d19dae176bd9203c6120997ac6c167.story,content,elaborate,0,1,"Elaborate on the content, adding relevant details while staying faithful to the source text.",55,55,0,0,1.0,1.0
./cnn/stories/2e375608e5d19dae176bd9203c6120997ac6c167.story,content,elaborate,0,2,"Elaborate on the content, adding relevant details while staying faithful to the source text.",81,76,5,0,0.9382716049382716,0.9382716049382716
./cnn/stories/2e375608e5d19dae176bd9203c6120997ac6c167.story,content,elaborate,0,3,"Elaborate on the content, adding relevant details while staying faithful to the source text.",66,63,3,0,0.9545454545454546,0.9545454545454546
./cnn/stories/2e375608e5d19dae176bd9203c6120997ac6c167.story,content,elaborate,1,1,"Expand the text with more context, without introducing information that is not supported by the original.",44,40,4,0,0.9090909090909091,0.9090909090909091
./cnn/stories/2e375608e5d19dae176bd9203c6120997ac6c167.story,content,elaborate,1,2,"Expand the text with more context, without introducing information that is not supported by the original.",48,45,3,0,0.9375,0.9375
./cnn/stories/2e375608e5d19dae176bd9203c6120997ac6c167.story,content,elaborate,1,3,"Expand the text with more context, without introducing information that is not supported by the original.",48,45,3,0,0.9375,0.9375
./cnn/stories/2e375608e5d19dae176bd9203c6120997ac6c167.story,content,elaborate,2,1,"Add more detail, keeping every fact grounded in the source material.",61,59,2,0,0.9672131147540983,0.9672131147540983
./cnn/stories/2e375608e5d19dae176bd9203c6120997ac6c167.story,content,elaborate,2,2,"Add more detail, keeping every fact grounded in the source material.",74,69,5,0,0.9324324324324325,0.9324324324324325
./cnn/stories/2e375608e5d19dae176bd9203c6120997ac6c167.story,content,elaborate,2,3,"Add more detail, keeping every fact grounded in the source material.",67,63,4,0,0.9402985074626866,0.9402985074626866
./cnn/stories/2e375608e5d19dae176bd9203c6120997ac6c167.story,content,shorten,0,1,Make wording more concise.,21,21,0,0,1.0,1.0
./cnn/stories/2e375608e5d19dae176bd9203c6120997ac6c167.story,content,shorten,0,2,Make wording more concise.,22,22,0,0,1.0,1.0
./cnn/stories/2e375608e5d19dae176bd9203c6120997ac6c167.story,content,shorten,0,3,Make wording more concise.,21,21,0,0,1.0,1.0
./cnn/stories/2e375608e5d19dae176bd9203c6120997ac6c167.story,content,shorten,1,1,Rephrase for clarity and conciseness.,27,27,0,0,1.0,1.0
./cnn/stories/2e375608e5d19dae176bd9203c6120997ac6c167.story,content,shorten,1,2,Rephrase for clarity and conciseness.,24,24,0,0,1.0,1.0
./cnn/stories/2e375608e5d19dae176bd9203c6120997ac6c167.story,content,shorten,1,3,Rephrase for clarity and conciseness.,20,19,1,0,0.95,0.95
./cnn/stories/2e375608e5d19dae176bd9203c6120997ac6c167.story,content,shorten,2,1,"Improve accuracy, clarity, and conciseness of language.",33,33,0,0,1.0,1.0
./cnn/stories/2e375608e5d19dae176bd9203c6120997ac6c167.story,content,shorten,2,2,"Improve accuracy, clarity, and conciseness of language.",30,30,0,0,1.0,1.0
./cnn/stories/2e375608e5d19dae176bd9203c6120997ac6c167.story,content,shorten,2,3,"Improve accuracy, clarity, and conciseness of language.",32,32,0,0,1.0,1.0
./cnn/stories/2e375608e5d19dae176bd9203c6120997ac6c167.story,style,formality,0,1,Make the text more formal.,54,53,1,0,0.9814814814814815,0.9814814814814815
./cnn/stories/2e375608e5d19dae176bd9203c6120997ac6c167.story,style,formality,0,2,Make the text more formal.,52,51,1,0,0.9807692307692307,0.9807692307692307
./cnn/stories/2e375608e5d19dae176bd9203c6120997ac6c167.story,style,formality,0,3,Make the text more formal.,53,49,4,0,0.9245283018867925,0.9245283018867925
./cnn/stories/2e375608e5d19dae176bd9203c6120997ac6c167.story,style,formality,1,1,Rephrase it to be more formal.,55,54,1,0,0.9818181818181818,0.9818181818181818
./cnn/stories/2e375608e5d19dae176bd9203c6120997ac6c167.story,style,formality,1,2,Rephrase it to be more formal.,45,45,0,0,1.0,1.0
./cnn/stories/2e375608e5d19dae176bd9203c6120997ac6c167.story,style,formality,1,3,Rephrase it to be more formal.,47,47,0,0,1.0,1.0
./cnn/stories/2e375608e5d19dae176bd9203c6120997ac6c167.story,style,formality,2,1,"Too conversational, rephrase it to be more formal.",50,50,0,0,1.0,1.0
./cnn/stories/2e375608e5d19dae176bd9203c6120997ac6c167.story,style,formality,2,2,"Too conversational, rephrase it to be more formal.",42,42,0,0,1.0,1.0
./cnn/stories/2e375608e5d19dae176bd9203c6120997ac6c167.story,style,formality,2,3,"Too conversational, rephrase it to be more formal.",36,35,1,0,0.9722222222222222,0.9722222222222222
./cnn/stories/2e375608e5d19dae176bd9203c6120997ac6c167.story,style,paraphrase,0,1,Paraphrase this.,38,36,2,0,0.9473684210526315,0.9473684210526315
./cnn/stories/2e375608e5d19dae176bd9203c6120997ac6c167.story,style,paraphrase,0,2,Paraphrase this.,38,38,0,0,1.0,1.0
./cnn/stories/2e375608e5d19dae176bd9203c6120997ac6c167.story,style,paraphrase,0,3,Paraphrase this.,36,33,3,0,0.9166666666666666,0.9166666666666666
./cnn/stories/2e375608e5d19dae176bd9203c6120997ac6c167.story,style,paraphrase,1,1,Reword this text.,42,41,1,0,0.9761904761904762,0.9761904761904762
./cnn/stories/2e375608e5d19dae176bd9203c6120997ac6c167.story,style,paraphrase,1,2,Reword this text.,43,43,0,0,1.0,1.0
./cnn/stories/2e375608e5d19dae176bd9203c6120997ac6c167.story,style,paraphrase,1,3,Reword this text.,46,46,0,0,1.0,1.0
./cnn/stories/2e375608e5d19dae176bd9203c6120997ac6c167.story,style,paraphrase,2,1,Use different wording.,43,42,1,0,0.9767441860465116,0.9767441860465116
./cnn/stories/2e375608e5d19dae176bd9203c6120997ac6c167.story,style,paraphrase,2,2,Use different wording.,43,40,3,0,0.9302325581395349,0.9302325581395349
./cnn/stories/2e375608e5d19dae176bd9203c6120997ac6c167.story,style,paraphrase,2,3,Use different wording.,44,42,2,0,0.9545454545454546,0.9545454545454546
./cnn/stories/31fb5ca210d456eace45d752517b3241560c4091.story,content,elaborate,0,1,"Elaborate on the content, adding relevant details while staying faithful to the source text.",22,22,0,0,1.0,1.0
./cnn/stories/31fb5ca210d456eace45d752517b3241560c4091.story,content,elaborate,0,2,"Elaborate on the content, adding relevant details while staying faithful to the source text.",27,27,0,0,1.0,1.0
./cnn/stories/31fb5ca210d456eace45d752517b3241560c4091.story,content,elaborate,0,3,"Elaborate on the content, adding relevant details while staying faithful to the source text.",33,33,0,0,1.0,1.0
./cnn/stories/31fb5ca210d456eace45d752517b3241560c4091.story,content,elaborate,1,1,"Expand the text with more context, without introducing information that is not supported by the original.",22,22,0,0,1.0,1.0
./cnn/stories/31fb5ca210d456eace45d752517b3241560c4091.story,content,elaborate,1,2,"Expand the text with more context, without introducing information that is not supported by the original.",23,23,0,0,1.0,1.0
./cnn/stories/31fb5ca210d456eace45d752517b3241560c4091.story,content,elaborate,1,3,"Expand the text with more context, without introducing information that is not supported by the original.",20,20,0,0,1.0,1.0
./cnn/stories/31fb5ca210d456eace45d752517b3241560c4091.story,content,elaborate,2,1,"Add more detail, keeping every fact grounded in the source material.",22,22,0,0,1.0,1.0
./cnn/stories/31fb5ca210d456eace45d752517b3241560c4091.story,content,elaborate,2,2,"Add more detail, keeping every fact grounded in the source material.",26,26,0,0,1.0,1.0
./cnn/stories/31fb5ca210d456eace45d752517b3241560c4091.story,content,elaborate,2,3,"Add more detail, keeping every fact grounded in the source material.",26,25,1,0,0.9615384615384616,0.9615384615384616
./cnn/stories/31fb5ca210d456eace45d752517b3241560c4091.story,content,shorten,0,1,Make wording more concise.,13,12,1,0,0.9230769230769231,0.9230769230769231
./cnn/stories/31fb5ca210d456eace45d752517b3241560c4091.story,content,shorten,0,2,Make wording more concise.,11,9,2,0,0.8181818181818182,0.8181818181818182
./cnn/stories/31fb5ca210d456eace45d752517b3241560c4091.story,content,shorten,0,3,Make wording more concise.,12,11,1,0,0.9166666666666666,0.9166666666666666
./cnn/stories/31fb5ca210d456eace45d752517b3241560c4091.story,content,shorten,1,1,Rephrase for clarity and conciseness.,13,13,0,0,1.0,1.0
./cnn/stories/31fb5ca210d456eace45d752517b3241560c4091.story,content,shorten,1,2,Rephrase for clarity and conciseness.,9,9,0,0,1.0,0.9
./cnn/stories/31fb5ca210d456eace45d752517b3241560c4091.story,content,shorten,1,3,Rephrase for clarity and conciseness.,9,9,0,0,1.0,0.9
./cnn/stories/31fb5ca210d456eace45d752517b3241560c4091.story,content,shorten,2,1,"Improve accuracy, clarity, and conciseness of language.",21,19,2,0,0.9047619047619048,0.9047619047619048
./cnn/stories/31fb5ca210d456eace45d752517b3241560c4091.story,content,shorten,2,2,"Improve accuracy, clarity, and conciseness of language.",21,21,0,0,1.0,1.0
./cnn/stories/31fb5ca210d456eace45d752517b3241560c4091.story,content,shorten,2,3,"Improve accuracy, clarity, and conciseness of language.",18,18,0,0,1.0,1.0
./cnn/stories/31fb5ca210d456eace45d752517b3241560c4091.story,style,formality,0,1,Make the text more formal.,26,26,0,0,1.0,1.0
./cnn/stories/31fb5ca210d456eace45d752517b3241560c4091.story,style,formality,0,2,Make the text more formal.,37,36,1,0,0.972972972972973,0.972972972972973
./cnn/stories/31fb5ca210d456eace45d752517b3241560c4091.story,style,formality,0,3,Make the text more formal.,24,24,0,0,1.0,1.0
./cnn/stories/31fb5ca210d456eace45d752517b3241560c4091.story,style,formality,1,1,Rephrase it to be more formal.,24,23,1,0,0.9583333333333334,0.9583333333333334
./cnn/stories/31fb5ca210d456eace45d752517b3241560c4091.story,style,formality,1,2,Rephrase it to be more formal.,23,21,2,0,0.9130434782608695,0.9130434782608695
./cnn/stories/31fb5ca210d456eace45d752517b3241560c4091.story,style,formality,1,3,Rephrase it to be more formal.,27,27,0,0,1.0,1.0
./cnn/stories/31fb5ca210d456eace45d752517b3241560c4091.story,style,formality,2,1,"Too conversational, rephrase it to be more formal.",23,23,0,0,1.0,1.0
./cnn/stories/31fb5ca210d456eace45d752517b3241560c4091.story,style,formality,2,2,"Too conversational, rephrase it to be more formal.",21,21,0,0,1.0,1.0
./cnn/stories/31fb5ca210d456eace45d752517b3241560c4091.story,style,formality,2,3,"Too conversational, rephrase it to be more formal.",20,20,0,0,1.0,1.0
./cnn/stories/31fb5ca210d456eace45d752517b3241560c4091.story,style,paraphrase,0,1,Paraphrase this.,19,19,0,0,1.0,1.0
./cnn/stories/31fb5ca210d456eace45d752517b3241560c4091.story,style,paraphrase,0,2,Paraphrase this.,18,18,0,0,1.0,1.0
./cnn/stories/31fb5ca210d456eace45d752517b3241560c4091.story,style,paraphrase,0,3,Paraphrase this.,14,14,0,0,1.0,1.0
./cnn/stories/31fb5ca210d456eace45d752517b3241560c4091.story,style,paraphrase,1,1,Reword this text.,19,18,1,0,0.9473684210526315,0.9473684210526315
./cnn/stories/31fb5ca210d456eace45d752517b3241560c4091.story,style,paraphrase,1,2,Reword this text.,15,15,0,0,1.0,1.0
./cnn/stories/31fb5ca210d456eace45d752517b3241560c4091.story,style,paraphrase,1,3,Reword this text.,20,20,0,0,1.0,1.0
./cnn/stories/31fb5ca210d456eace45d752517b3241560c4091.story,style,paraphrase,2,1,Use different wording.,18,16,2,0,0.8888888888888888,0.8888888888888888
./cnn/stories/31fb5ca210d456eace45d752517b3241560c4091.story,style,paraphrase,2,2,Use different wording.,17,17,0,0,1.0,1.0
./cnn/stories/31fb5ca210d456eace45d752517b3241560c4091.story,style,paraphrase,2,3,Use different wording.,14,14,0,0,1.0,1.0
./cnn/stories/341fde78ab8c11bee4062405de56000d47145a92.story,content,elaborate,0,1,"Elaborate on the content, adding relevant details while staying faithful to the source text.",23,23,0,0,1.0,1.0
./cnn/stories/341fde78ab8c11bee4062405de56000d47145a92.story,content,elaborate,0,2,"Elaborate on the content, adding relevant details while staying faithful to the source text.",32,32,0,0,1.0,1.0
./cnn/stories/341fde78ab8c11bee4062405de56000d47145a92.story,content,elaborate,0,3,"Elaborate on the content, adding relevant details while staying faithful to the source text.",27,27,0,0,1.0,1.0
./cnn/stories/341fde78ab8c11bee4062405de56000d47145a92.story,content,elaborate,1,1,"Expand the text with more context, without introducing information that is not supported by the original.",30,30,0,0,1.0,1.0
./cnn/stories/341fde78ab8c11bee4062405de56000d47145a92.story,content,elaborate,1,2,"Expand the text with more context, without introducing information that is not supported by the original.",28,28,0,0,1.0,1.0
./cnn/stories/341fde78ab8c11bee4062405de56000d47145a92.story,content,elaborate,1,3,"Expand the text with more context, without introducing information that is not supported by the original.",31,31,0,0,1.0,1.0
./cnn/stories/341fde78ab8c11bee4062405de56000d47145a92.story,content,elaborate,2,1,"Add more detail, keeping every fact grounded in the source material.",33,33,0,0,1.0,1.0
./cnn/stories/341fde78ab8c11bee4062405de56000d47145a92.story,content,elaborate,2,2,"Add more detail, keeping every fact grounded in the source material.",38,38,0,0,1.0,1.0
./cnn/stories/341fde78ab8c11bee4062405de56000d47145a92.story,content,elaborate,2,3,"Add more detail, keeping every fact grounded in the source material.",33,33,0,0,1.0,1.0
./cnn/stories/341fde78ab8c11bee4062405de56000d47145a92.story,content,shorten,0,1,Make wording more concise.,16,16,0,0,1.0,1.0
./cnn/stories/341fde78ab8c11bee4062405de56000d47145a92.story,content,shorten,0,2,Make wording more concise.,11,11,0,0,1.0,1.0
./cnn/stories/341fde78ab8c11bee4062405de56000d47145a92.story,content,shorten,0,3,Make wording more concise.,8,8,0,0,1.0,0.8
./cnn/stories/341fde78ab8c11bee4062405de56000d47145a92.story,content,shorten,1,1,Rephrase for clarity and conciseness.,15,15,0,0,1.0,1.0
./cnn/stories/341fde78ab8c11bee4062405de56000d47145a92.story,content,shorten,1,2,Rephrase for clarity and conciseness.,13,13,0,0,1.0,1.0
./cnn/stories/341fde78ab8c11bee4062405de56000d47145a92.story,content,shorten,1,3,Rephrase for clarity and conciseness.,12,12,0,0,1.0,1.0
./cnn/stories/341fde78ab8c11bee4062405de56000d47145a92.story,content,shorten,2,1,"Improve accuracy, clarity, and conciseness of language.",19,19,0,0,1.0,1.0
./cnn/stories/341fde78ab8c11bee4062405de56000d47145a92.story,content,shorten,2,2,"Improve accuracy, clarity, and conciseness of language.",21,21,0,0,1.0,1.0
./cnn/stories/341fde78ab8c11bee4062405de56000d47145a92.story,content,shorten,2,3,"Improve accuracy, clarity, and conciseness of language.",23,22,1,0,0.9565217391304348,0.9565217391304348
./cnn/stories/341fde78ab8c11bee4062405de56000d47145a92.story,style,formality,0,1,Make the text more formal.,42,42,0,0,1.0,1.0
./cnn/stories/341fde78ab8c11bee4062405de56000d47145a92.story,style,formality,0,2,Make the text more formal.,28,28,0,0,1.0,1.0
./cnn/stories/341fde78ab8c11bee4062405de56000d47145a92.story,style,formality,0,3,Make the text more formal.,34,34,0,0,1.0,1.0
./cnn/stories/341fde78ab8c11bee4062405de56000d47145a92.story,style,formality,1,1,Rephrase it to be more formal.,21,21,0,0,1.0,1.0
./cnn/stories/341fde78ab8c11bee4062405de56000d47145a92.story,style,formality,1,2,Rephrase it to be more formal.,21,21,0,0,1.0,1.0
./cnn/stories/341fde78ab8c11bee4062405de56000d47145a92.story,style,formality,1,3,Rephrase it to be more formal.,25,25,0,0,1.0,1.0
./cnn/stories/341fde78ab8c11bee4062405de56000d47145a92.story,style,formality,2,1,"Too conversational, rephrase it to be more formal.",25,25,0,0,1.0,1.0
./cnn/stories/341fde78ab8c11bee4062405de56000d47145a92.story,style,formality,2,2,"Too conversational, rephrase it to be more formal.",30,30,0,0,1.0,1.0
./cnn/stories/341fde78ab8c11bee4062405de56000d47145a92.story,style,formality,2,3,"Too conversational, rephrase it to be more formal.",29,29,0,0,1.0,1.0
./cnn/stories/341fde78ab8c11bee4062405de56000d47145a92.story,style,paraphrase,0,1,Paraphrase this.,18,18,0,0,1.0,1.0
./cnn/stories/341fde78ab8c11bee4062405de56000d47145a92.story,style,paraphrase,0,2,Paraphrase this.,17,17,0,0,1.0,1.0
./cnn/stories/341fde78ab8c11bee4062405de56000d47145a92.story,style,paraphrase,0,3,Paraphrase this.,17,17,0,0,1.0,1.0
./cnn/stories/341fde78ab8c11bee4062405de56000d47145a92.story,style,paraphrase,1,1,Reword this text.,21,21,0,0,1.0,1.0
./cnn/stories/341fde78ab8c11bee4062405de56000d47145a92.story,style,paraphrase,1,2,Reword this text.,22,21,1,0,0.9545454545454546,0.9545454545454546
./cnn/stories/341fde78ab8c11bee4062405de56000d47145a92.story,style,paraphrase,1,3,Reword this text.,26,25,1,0,0.9615384615384616,0.9615384615384616
./cnn/stories/341fde78ab8c11bee4062405de56000d47145a92.story,style,paraphrase,2,1,Use different wording.,35,35,0,0,1.0,1.0
./cnn/stories/341fde78ab8c11bee4062405de56000d47145a92.story,style,paraphrase,2,2,Use different wording.,29,29,0,0,1.0,1.0
./cnn/stories/341fde78ab8c11bee4062405de56000d47145a92.story,style,paraphrase,2,3,Use different wording.,21,21,0,0,1.0,1.0
./cnn/stories/3447caeafb093d967917149ac86e9ee558b018e3.story,content,elaborate,0,1,"Elaborate on the content, adding relevant details while staying faithful to the source text.",53,51,2,0,0.9622641509433962,0.9622641509433962
./cnn/stories/3447caeafb093d967917149ac86e9ee558b018e3.story,content,elaborate,0,2,"Elaborate on the content, adding relevant details while staying faithful to the source text.",52,46,6,0,0.8846153846153846,0.8846153846153846
./cnn/stories/3447caeafb093d967917149ac86e9ee558b018e3.story,content,elaborate,0,3,"Elaborate on the content, adding relevant details while staying faithful to the source text.",55,51,4,0,0.9272727272727272,0.9272727272727272
./cnn/stories/3447caeafb093d967917149ac86e9ee558b018e3.story,content,elaborate,1,1,"Expand the text with more context, without introducing information that is not supported by the original.",48,43,5,0,0.8958333333333334,0.8958333333333334
./cnn/stories/3447caeafb093d967917149ac86e9ee558b018e3.story,content,elaborate,1,2,"Expand the text with more context, without introducing information that is not supported by the original.",39,37,2,0,0.9487179487179487,0.9487179487179487
./cnn/stories/3447caeafb093d967917149ac86e9ee558b018e3.story,content,elaborate,1,3,"Expand the text with more context, without introducing information that is not supported by the original.",50,47,3,0,0.94,0.94
./cnn/stories/3447caeafb093d967917149ac86e9ee558b018e3.story,content,elaborate,2,1,"Add more detail, keeping every fact grounded in the source material.",74,70,4,0,0.9459459459459459,0.9459459459459459
./cnn/stories/3447caeafb093d967917149ac86e9ee558b018e3.story,content,elaborate,2,2,"Add more detail, keeping every fact grounded in the source material.",80,76,4,0,0.95,0.95
./cnn/stories/3447caeafb093d967917149ac86e9ee558b018e3.story,content,elaborate,2,3,"Add more detail, keeping every fact grounded in the source material.",86,79,7,0,0.9186046511627907,0.9186046511627907
./cnn/stories/3447caeafb093d967917149ac86e9ee558b018e3.story,content,shorten,0,1,Make wording more concise.,20,20,0,0,1.0,1.0
./cnn/stories/3447caeafb093d967917149ac86e9ee558b018e3.story,content,shorten,0,2,Make wording more concise.,19,19,0,0,1.0,1.0
./cnn/stories/3447caeafb093d967917149ac86e9ee558b018e3.story,content,shorten,0,3,Make wording more concise.,17,16,1,0,0.9411764705882353,0.9411764705882353
./cnn/stories/3447caeafb093d967917149ac86e9ee558b018e3.story,content,shorten,1,1,Rephrase for clarity and conciseness.,27,26,1,0,0.9629629629629629,0.9629629629629629
./cnn/stories/3447caeafb093d967917149ac86e9ee558b018e3.story,content,shorten,1,2,Rephrase for clarity and conciseness.,16,16,0,0,1.0,1.0
./cnn/stories/3447caeafb093d967917149ac86e9ee558b018e3.story,content,shorten,1,3,Rephrase for clarity and conciseness.,13,12,1,0,0.9230769230769231,0.9230769230769231
./cnn/stories/3447caeafb093d967917149ac86e9ee558b018e3.story,content,shorten,2,1,"Improve accuracy, clarity, and conciseness of language.",37,34,3,0,0.918918918918919,0.918918918918919
./cnn/stories/3447caeafb093d967917149ac86e9ee558b018e3.story,content,shorten,2,2,"Improve accuracy, clarity, and conciseness of language.",33,31,2,0,0.9393939393939394,0.9393939393939394
./cnn/stories/3447caeafb093d967917149ac86e9ee558b018e3.story,content,shorten,2,3,"Improve accuracy, clarity, and conciseness of language.",36,34,2,0,0.9444444444444444,0.9444444444444444
./cnn/stories/3447caeafb093d967917149ac86e9ee558b018e3.story,style,formality,0,1,Make the text more formal.,56,51,5,0,0.9107142857142857,0.9107142857142857
./cnn/stories/3447caeafb093d967917149ac86e9ee558b018e3.story,style,formality,0,2,Make the text more formal.,47,45,2,0,0.9574468085106383,0.9574468085106383
./cnn/stories/3447caeafb093d967917149ac86e9ee558b018e3.story,style,formality,0,3,Make the text more formal.,48,44,4,0,0.9166666666666666,0.9166666666666666
./cnn/stories/3447caeafb093d967917149ac86e9ee558b018e3.story,style,formality,1,1,Rephrase it to be more formal.,82,77,5,0,0.9390243902439024,0.9390243902439024
./cnn/stories/3447caeafb093d967917149ac86e9ee558b018e3.story,style,formality,1,2,Rephrase it to be more formal.,53,50,3,0,0.9433962264150944,0.9433962264150944
./cnn/stories/3447caeafb093d967917149ac86e9ee558b018e3.story,style,formality,1,3,Rephrase it to be more formal.,55,53,2,0,0.9636363636363636,0.9636363636363636
./cnn/stories/3447caeafb093d967917149ac86e9ee558b018e3.story,style,formality,2,1,"Too conversational, rephrase it to be more formal.",48,46,2,0,0.9583333333333334,0.9583333333333334
./cnn/stories/3447caeafb093d967917149ac86e9ee558b018e3.story,style,formality,2,2,"Too conversational, rephrase it to be more formal.",54,49,5,0,0.9074074074074074,0.9074074074074074
./cnn/stories/3447caeafb093d967917149ac86e9ee558b018e3.story,style,formality,2,3,"Too conversational, rephrase it to be more formal.",62,57,5,0,0.9193548387096774,0.9193548387096774
./cnn/stories/3447caeafb093d967917149ac86e9ee558b018e3.story,style,paraphrase,0,1,Paraphrase this.,27,27,0,0,1.0,1.0
./cnn/stories/3447caeafb093d967917149ac86e9ee558b018e3.story,style,paraphrase,0,2,Paraphrase this.,29,27,2,0,0.9310344827586207,0.9310344827586207
./cnn/stories/3447caeafb093d967917149ac86e9ee558b018e3.story,style,paraphrase,0,3,Paraphrase this.,26,24,2,0,0.9230769230769231,0.9230769230769231
./cnn/stories/3447caeafb093d967917149ac86e9ee558b018e3.story,style,paraphrase,1,1,Reword this text.,36,34,2,0,0.9444444444444444,0.9444444444444444
./cnn/stories/3447caeafb093d967917149ac86e9ee558b018e3.story,style,paraphrase,1,2,Reword this text.,40,38,2,0,0.95,0.95
./cnn/stories/3447caeafb093d967917149ac86e9ee558b018e3.story,style,paraphrase,1,3,Reword this text.,35,32,3,0,0.9142857142857143,0.9142857142857143
./cnn/stories/3447caeafb093d967917149ac86e9ee558b018e3.story,style,paraphrase,2,1,Use different wording.,34,30,4,0,0.8823529411764706,0.8823529411764706
./cnn/stories/3447caeafb093d967917149ac86e9ee558b018e3.story,style,paraphrase,2,2,Use different wording.,37,36,1,0,0.972972972972973,0.972972972972973
./cnn/stories/3447caeafb093d967917149ac86e9ee558b018e3.story,style,paraphrase,2,3,Use different wording.,39,37,2,0,0.9487179487179487,0.9487179487179487
./cnn/stories/36171b3054885df4cf9ed97c5e7879bc3ed48a76.story,content,elaborate,0,1,"Elaborate on the content, adding relevant details while staying faithful to the source text.",45,45,0,0,1.0,1.0
./cnn/stories/36171b3054885df4cf9ed97c5e7879bc3ed48a76.story,content,elaborate,0,2,"Elaborate on the content, adding relevant details while staying faithful to the source text.",46,45,1,0,0.9782608695652174,0.9782608695652174
./cnn/stories/36171b3054885df4cf9ed97c5e7879bc3ed48a76.story,content,elaborate,0,3,"Elaborate on the content, adding relevant details while staying faithful to the source text.",47,45,2,0,0.9574468085106383,0.9574468085106383
./cnn/stories/36171b3054885df4cf9ed97c5e7879bc3ed48a76.story,content,elaborate,1,1,"Expand the text with more context, without introducing information that is not supported by the original.",24,24,0,0,1.0,1.0
./cnn/stories/36171b3054885df4cf9ed97c5e7879bc3ed48a76.story,content,elaborate,1,2,"Expand the text with more context, without introducing information that is not supported by the original.",29,29,0,0,1.0,1.0
./cnn/stories/36171b3054885df4cf9ed97c5e7879bc3ed48a76.story,content,elaborate,1,3,"Expand the text with more context, without introducing information that is not supported by the original.",31,31,0,0,1.0,1.0
./cnn/stories/36171b3054885df4cf9ed97c5e7879bc3ed48a76.story,content,elaborate,2,1,"Add more detail, keeping every fact grounded in the source material.",26,25,1,0,0.9615384615384616,0.9615384615384616
./cnn/stories/36171b3054885df4cf9ed97c5e7879bc3ed48a76.story,content,elaborate,2,2,"Add more detail, keeping every fact grounded in the source material.",33,32,1,0,0.9696969696969697,0.9696969696969697
./cnn/stories/36171b3054885df4cf9ed97c5e7879bc3ed48a76.story,content,elaborate,2,3,"Add more detail, keeping every fact grounded in the source material.",31,29,2,0,0.9354838709677419,0.9354838709677419
./cnn/stories/36171b3054885df4cf9ed97c5e7879bc3ed48a76.story,content,shorten,0,1,Make wording more concise.,22,22,0,0,1.0,1.0
./cnn/stories/36171b3054885df4cf9ed97c5e7879bc3ed48a76.story,content,shorten,0,2,Make wording more concise.,15,15,0,0,1.0,1.0
./cnn/stories/36171b3054885df4cf9ed97c5e7879bc3ed48a76.story,content,shorten,0,3,Make wording more concise.,13,12,1,0,0.9230769230769231,0.9230769230769231
./cnn/stories/36171b3054885df4cf9ed97c5e7879bc3ed48a76.story,content,shorten,1,1,Rephrase for clarity and conciseness.,18,17,1,0,0.9444444444444444,0.9444444444444444
./cnn/stories/36171b3054885df4cf9ed97c5e7879bc3ed48a76.story,content,shorten,1,2,Rephrase for clarity and conciseness.,17,17,0,0,1.0,1.0
./cnn/stories/36171b3054885df4cf9ed97c5e7879bc3ed48a76.story,content,shorten,1,3,Rephrase for clarity and conciseness.,14,14,0,0,1.0,1.0
./cnn/stories/36171b3054885df4cf9ed97c5e7879bc3ed48a76.story,content,shorten,2,1,"Improve accuracy, clarity, and conciseness of language.",27,27,0,0,1.0,1.0
./cnn/stories/36171b3054885df4cf9ed97c5e7879bc3ed48a76.story,content,shorten,2,2,"Improve accuracy, clarity, and conciseness of language.",28,28,0,0,1.0,1.0
./cnn/stories/36171b3054885df4cf9ed97c5e7879bc3ed48a76.story,content,shorten,2,3,"Improve accuracy, clarity, and conciseness of language.",29,29,0,0,1.0,1.0
./cnn/stories/36171b3054885df4cf9ed97c5e7879bc3ed48a76.story,style,formality,0,1,Make the text more formal.,32,32,0,0,1.0,1.0
./cnn/stories/36171b3054885df4cf9ed97c5e7879bc3ed48a76.story,style,formality,0,2,Make the text more formal.,33,33,0,0,1.0,1.0
./cnn/stories/36171b3054885df4cf9ed97c5e7879bc3ed48a76.story,style,formality,0,3,Make the text more formal.,35,35,0,0,1.0,1.0
./cnn/stories/36171b3054885df4cf9ed97c5e7879bc3ed48a76.story,style,formality,1,1,Rephrase it to be more formal.,33,32,1,0,0.9696969696969697,0.9696969696969697
./cnn/stories/36171b3054885df4cf9ed97c5e7879bc3ed48a76.story,style,formality,1,2,Rephrase it to be more formal.,33,32,1,0,0.9696969696969697,0.9696969696969697
./cnn/stories/36171b3054885df4cf9ed97c5e7879bc3ed48a76.story,style,formality,1,3,Rephrase it to be more formal.,29,29,0,0,1.0,1.0
./cnn/stories/36171b3054885df4cf9ed97c5e7879bc3ed48a76.story,style,formality,2,1,"Too conversational, rephrase it to be more formal.",29,29,0,0,1.0,1.0
./cnn/stories/36171b3054885df4cf9ed97c5e7879bc3ed48a76.story,style,formality,2,2,"Too conversational, rephrase it to be more formal.",33,33,0,0,1.0,1.0
./cnn/stories/36171b3054885df4cf9ed97c5e7879bc3ed48a76.story,style,formality,2,3,"Too conversational, rephrase it to be more formal.",34,34,0,0,1.0,1.0
./cnn/stories/36171b3054885df4cf9ed97c5e7879bc3ed48a76.story,style,paraphrase,0,1,Paraphrase this.,32,32,0,0,1.0,1.0
./cnn/stories/36171b3054885df4cf9ed97c5e7879bc3ed48a76.story,style,paraphrase,0,2,Paraphrase this.,29,29,0,0,1.0,1.0
./cnn/stories/36171b3054885df4cf9ed97c5e7879bc3ed48a76.story,style,paraphrase,0,3,Paraphrase this.,28,28,0,0,1.0,1.0
./cnn/stories/36171b3054885df4cf9ed97c5e7879bc3ed48a76.story,style,paraphrase,1,1,Reword this text.,24,24,0,0,1.0,1.0
./cnn/stories/36171b3054885df4cf9ed97c5e7879bc3ed48a76.story,style,paraphrase,1,2,Reword this text.,18,18,0,0,1.0,1.0
./cnn/stories/36171b3054885df4cf9ed97c5e7879bc3ed48a76.story,style,paraphrase,1,3,Reword this text.,26,26,0,0,1.0,1.0
./cnn/stories/36171b3054885df4cf9ed97c5e7879bc3ed48a76.story,style,paraphrase,2,1,Use different wording.,30,29,1,0,0.9666666666666667,0.9666666666666667
./cnn/stories/36171b3054885df4cf9ed97c5e7879bc3ed48a76.story,style,paraphrase,2,2,Use different wording.,30,29,1,0,0.9666666666666667,0.9666666666666667
./cnn/stories/36171b3054885df4cf9ed97c5e7879bc3ed48a76.story,style,paraphrase,2,3,Use different wording.,28,27,1,0,0.9642857142857143,0.9642857142857143
./cnn/stories/3816c028eb0f007e2a2319f8bf567355018ea66f.story,content,elaborate,0,1,"Elaborate on the content, adding relevant details while staying faithful to the source text.",34,34,0,0,1.0,1.0
./cnn/stories/3816c028eb0f007e2a2319f8bf567355018ea66f.story,content,elaborate,0,2,"Elaborate on the content, adding relevant details while staying faithful to the source text.",33,33,0,0,1.0,1.0
./cnn/stories/3816c028eb0f007e2a2319f8bf567355018ea66f.story,content,elaborate,0,3,"Elaborate on the content, adding relevant details while staying faithful to the source text.",42,42,0,0,1.0,1.0
./cnn/stories/3816c028eb0f007e2a2319f8bf567355018ea66f.story,content,elaborate,1,1,"Expand the text with more context, without introducing information that is not supported by the original.",26,26,0,0,1.0,1.0
./cnn/stories/3816c028eb0f007e2a2319f8bf567355018ea66f.story,content,elaborate,1,2,"Expand the text with more context, without introducing information that is not supported by the original.",32,32,0,0,1.0,1.0
./cnn/stories/3816c028eb0f007e2a2319f8bf567355018ea66f.story,content,elaborate,1,3,"Expand the text with more context, without introducing information that is not supported by the original.",21,21,0,0,1.0,1.0
./cnn/stories/3816c028eb0f007e2a2319f8bf567355018ea66f.story,content,elaborate,2,1,"Add more detail, keeping every fact grounded in the source material.",36,36,0,0,1.0,1.0
./cnn/stories/3816c028eb0f007e2a2319f8bf567355018ea66f.story,content,elaborate,2,2,"Add more detail, keeping every fact grounded in the source material.",40,40,0,0,1.0,1.0
./cnn/stories/3816c028eb0f007e2a2319f8bf567355018ea66f.story,content,elaborate,2,3,"Add more detail, keeping every fact grounded in the source material.",36,34,2,0,0.9444444444444444,0.9444444444444444
./cnn/stories/3816c028eb0f007e2a2319f8bf567355018ea66f.story,content,shorten,0,1,Make wording more concise.,17,17,0,0,1.0,1.0
./cnn/stories/3816c028eb0f007e2a2319f8bf567355018ea66f.story,content,shorten,0,2,Make wording more concise.,15,13,2,0,0.8666666666666667,0.8666666666666667
./cnn/stories/3816c028eb0f007e2a2319f8bf567355018ea66f.story,content,shorten,0,3,Make wording more concise.,14,14,0,0,1.0,1.0
./cnn/stories/3816c028eb0f007e2a2319f8bf567355018ea66f.story,content,shorten,1,1,Rephrase for clarity and conciseness.,20,20,0,0,1.0,1.0
./cnn/stories/3816c028eb0f007e2a2319f8bf567355018ea66f.story,content,shorten,1,2,Rephrase for clarity and conciseness.,10,10,0,0,1.0,1.0
./cnn/stories/3816c028eb0f007e2a2319f8bf567355018ea66f.story,content,shorten,1,3,Rephrase for clarity and conciseness.,8,8,0,0,1.0,0.8
./cnn/stories/3816c028eb0f007e2a2319f8bf567355018ea66f.story,content,shorten,2,1,"Improve accuracy, clarity, and conciseness of language.",24,24,0,0,1.0,1.0
./cnn/stories/3816c028eb0f007e2a2319f8bf567355018ea66f.story,content,shorten,2,2,"Improve accuracy, clarity, and conciseness of language.",21,21,0,0,1.0,1.0
./cnn/stories/3816c028eb0f007e2a2319f8bf567355018ea66f.story,content,shorten,2,3,"Improve accuracy, clarity, and conciseness of language.",21,20,1,0,0.9523809523809523,0.9523809523809523
./cnn/stories/3816c028eb0f007e2a2319f8bf567355018ea66f.story,style,formality,0,1,Make the text more formal.,26,26,0,0,1.0,1.0
./cnn/stories/3816c028eb0f007e2a2319f8bf567355018ea66f.story,style,formality,0,2,Make the text more formal.,33,33,0,0,1.0,1.0
./cnn/stories/3816c028eb0f007e2a2319f8bf567355018ea66f.story,style,formality,0,3,Make the text more formal.,33,33,0,0,1.0,1.0
./cnn/stories/3816c028eb0f007e2a2319f8bf567355018ea66f.story,style,formality,1,1,Rephrase it to be more formal.,39,39,0,0,1.0,1.0
./cnn/stories/3816c028eb0f007e2a2319f8bf567355018ea66f.story,style,formality,1,2,Rephrase it to be more formal.,34,34,0,0,1.0,1.0
./cnn/stories/3816c028eb0f007e2a2319f8bf567355018ea66f.story,style,formality,1,3,Rephrase it to be more formal.,37,37,0,0,1.0,1.0
./cnn/stories/3816c028eb0f007e2a2319f8bf567355018ea66f.story,style,formality,2,1,"Too conversational, rephrase it to be more formal.",23,23,0,0,1.0,1.0
./cnn/stories/3816c028eb0f007e2a2319f8bf567355018ea66f.story,style,formality,2,2,"Too conversational, rephrase it to be more formal.",32,32,0,0,1.0,1.0
./cnn/stories/3816c028eb0f007e2a2319f8bf567355018ea66f.story,style,formality,2,3,"Too conversational, rephrase it to be more formal.",24,24,0,0,1.0,1.0
./cnn/stories/3816c028eb0f007e2a2319f8bf567355018ea66f.story,style,paraphrase,0,1,Paraphrase this.,19,19,0,0,1.0,1.0
./cnn/stories/3816c028eb0f007e2a2319f8bf567355018ea66f.story,style,paraphrase,0,2,Paraphrase this.,21,21,0,0,1.0,1.0
./cnn/stories/3816c028eb0f007e2a2319f8bf567355018ea66f.story,style,paraphrase,0,3,Paraphrase this.,23,23,0,0,1.0,1.0
./cnn/stories/3816c028eb0f007e2a2319f8bf567355018ea66f.story,style,paraphrase,1,1,Reword this text.,18,18,0,0,1.0,1.0
./cnn/stories/3816c028eb0f007e2a2319f8bf567355018ea66f.story,style,paraphrase,1,2,Reword this text.,15,15,0,0,1.0,1.0
./cnn/stories/3816c028eb0f007e2a2319f8bf567355018ea66f.story,style,paraphrase,1,3,Reword this text.,15,15,0,0,1.0,1.0
./cnn/stories/3816c028eb0f007e2a2319f8bf567355018ea66f.story,style,paraphrase,2,1,Use different wording.,33,33,0,0,1.0,1.0
./cnn/stories/3816c028eb0f007e2a2319f8bf567355018ea66f.story,style,paraphrase,2,2,Use different wording.,41,40,1,0,0.975609756097561,0.975609756097561
./cnn/stories/3816c028eb0f007e2a2319f8bf567355018ea66f.story,style,paraphrase,2,3,Use different wording.,36,36,0,0,1.0,1.0
./cnn/stories/39088d700fcb5cd7d4763809578ed8a9c0267132.story,content,elaborate,0,1,"Elaborate on the content, adding relevant details while staying faithful to the source text.",39,38,1,0,0.9743589743589743,0.9743589743589743
./cnn/stories/39088d700fcb5cd7d4763809578ed8a9c0267132.story,content,elaborate,0,2,"Elaborate on the content, adding relevant details while staying faithful to the source text.",44,43,1,0,0.9772727272727273,0.9772727272727273
./cnn/stories/39088d700fcb5cd7d4763809578ed8a9c0267132.story,content,elaborate,0,3,"Elaborate on the content, adding relevant details while staying faithful to the source text.",46,43,3,0,0.9347826086956522,0.9347826086956522
./cnn/stories/39088d700fcb5cd7d4763809578ed8a9c0267132.story,content,elaborate,1,1,"Expand the text with more context, without introducing information that is not supported by the original.",37,36,1,0,0.972972972972973,0.972972972972973
./cnn/stories/39088d700fcb5cd7d4763809578ed8a9c0267132.story,content,elaborate,1,2,"Expand the text with more context, without introducing information that is not supported by the original.",29,29,0,0,1.0,1.0
./cnn/stories/39088d700fcb5cd7d4763809578ed8a9c0267132.story,content,elaborate,1,3,"Expand the text with more context, without introducing information that is not supported by the original.",30,30,0,0,1.0,1.0
./cnn/stories/39088d700fcb5cd7d4763809578ed8a9c0267132.story,content,elaborate,2,1,"Add more detail, keeping every fact grounded in the source material.",30,30,0,0,1.0,1.0
./cnn/stories/39088d700fcb5cd7d4763809578ed8a9c0267132.story,content,elaborate,2,2,"Add more detail, keeping every fact grounded in the source material.",37,35,2,0,0.9459459459459459,0.9459459459459459
./cnn/stories/39088d700fcb5cd7d4763809578ed8a9c0267132.story,content,elaborate,2,3,"Add more detail, keeping every fact grounded in the source material.",40,38,2,0,0.95,0.95
./cnn/stories/39088d700fcb5cd7d4763809578ed8a9c0267132.story,content,shorten,0,1,Make wording more concise.,20,20,0,0,1.0,1.0
./cnn/stories/39088d700fcb5cd7d4763809578ed8a9c0267132.story,content,shorten,0,2,Make wording more concise.,19,19,0,0,1.0,1.0
./cnn/stories/39088d700fcb5cd7d4763809578ed8a9c0267132.story,content,shorten,0,3,Make wording more concise.,19,19,0,0,1.0,1.0
./cnn/stories/39088d700fcb5cd7d4763809578ed8a9c0267132.story,content,shorten,1,1,Rephrase for clarity and conciseness.,30,30,0,0,1.0,1.0
./cnn/stories/39088d700fcb5cd7d4763809578ed8a9c0267132.story,content,shorten,1,2,Rephrase for clarity and conciseness.,24,24,0,0,1.0,1.0
./cnn/stories/39088d700fcb5cd7d4763809578ed8a9c0267132.story,content,shorten,1,3,Rephrase for clarity and conciseness.,18,18,0,0,1.0,1.0
./cnn/stories/39088d700fcb5cd7d4763809578ed8a9c0267132.story,content,shorten,2,1,"Improve accuracy, clarity, and conciseness of language.",24,24,0,0,1.0,1.0
./cnn/stories/39088d700fcb5cd7d4763809578ed8a9c0267132.story,content,shorten,2,2,"Improve accuracy, clarity, and conciseness of language.",24,24,0,0,1.0,1.0
./cnn/stories/39088d700fcb5cd7d4763809578ed8a9c0267132.story,content,shorten,2,3,"Improve accuracy, clarity, and conciseness of language.",24,24,0,0,1.0,1.0
./cnn/stories/39088d700fcb5cd7d4763809578ed8a9c0267132.story,style,formality,0,1,Make the text more formal.,35,35,0,0,1.0,1.0
./cnn/stories/39088d700fcb5cd7d4763809578ed8a9c0267132.story,style,formality,0,2,Make the text more formal.,32,32,0,0,1.0,1.0
./cnn/stories/39088d700fcb5cd7d4763809578ed8a9c0267132.story,style,formality,0,3,Make the text more formal.,34,34,0,0,1.0,1.0
./cnn/stories/39088d700fcb5cd7d4763809578ed8a9c0267132.story,style,formality,1,1,Rephrase it to be more formal.,35,35,0,0,1.0,1.0
./cnn/stories/39088d700fcb5cd7d4763809578ed8a9c0267132.story,style,formality,1,2,Rephrase it to be more formal.,39,39,0,0,1.0,1.0
./cnn/stories/39088d700fcb5cd7d4763809578ed8a9c0267132.story,style,formality,1,3,Rephrase it to be more formal.,43,41,2,0,0.9534883720930233,0.9534883720930233
./cnn/stories/39088d700fcb5cd7d4763809578ed8a9c0267132.story,style,formality,2,1,"Too conversational, rephrase it to be more formal.",37,37,0,0,1.0,1.0
./cnn/stories/39088d700fcb5cd7d4763809578ed8a9c0267132.story,style,formality,2,2,"Too conversational, rephrase it to be more formal.",33,33,0,0,1.0,1.0
./cnn/stories/39088d700fcb5cd7d4763809578ed8a9c0267132.story,style,formality,2,3,"Too conversational, rephrase it to be more formal.",34,34,0,0,1.0,1.0
./cnn/stories/39088d700fcb5cd7d4763809578ed8a9c0267132.story,style,paraphrase,0,1,Paraphrase this.,36,36,0,0,1.0,1.0
./cnn/stories/39088d700fcb5cd7d4763809578ed8a9c0267132.story,style,paraphrase,0,2,Paraphrase this.,30,30,0,0,1.0,1.0
./cnn/stories/39088d700fcb5cd7d4763809578ed8a9c0267132.story,style,paraphrase,0,3,Paraphrase this.,24,24,0,0,1.0,1.0
./cnn/stories/39088d700fcb5cd7d4763809578ed8a9c0267132.story,style,paraphrase,1,1,Reword this text.,36,34,2,0,0.9444444444444444,0.9444444444444444
./cnn/stories/39088d700fcb5cd7d4763809578ed8a9c0267132.story,style,paraphrase,1,2,Reword this text.,26,26,0,0,1.0,1.0
./cnn/stories/39088d700fcb5cd7d4763809578ed8a9c0267132.story,style,paraphrase,1,3,Reword this text.,25,25,0,0,1.0,1.0
./cnn/stories/39088d700fcb5cd7d4763809578ed8a9c0267132.story,style,paraphrase,2,1,Use different wording.,31,31,0,0,1.0,1.0
./cnn/stories/39088d700fcb5cd7d4763809578ed8a9c0267132.story,style,paraphrase,2,2,Use different wording.,22,20,2,0,0.9090909090909091,0.9090909090909091
./cnn/stories/39088d700fcb5cd7d4763809578ed8a9c0267132.story,style,paraphrase,2,3,Use different wording.,26,26,0,0,1.0,1.0
./cnn/stories/420019ac8213b5133922d89549961ead6a1a9ec9.story,content,elaborate,0,1,"Elaborate on the content, adding relevant details while staying faithful to the source text.",47,47,0,0,1.0,1.0
./cnn/stories/420019ac8213b5133922d89549961ead6a1a9ec9.story,content,elaborate,0,2,"Elaborate on the content, adding relevant details while staying faithful to the source text.",36,36,0,0,1.0,1.0
./cnn/stories/420019ac8213b5133922d89549961ead6a1a9ec9.story,content,elaborate,0,3,"Elaborate on the content, adding relevant details while staying faithful to the source text.",47,46,1,0,0.9787234042553191,0.9787234042553191
./cnn/stories/420019ac8213b5133922d89549961ead6a1a9ec9.story,content,elaborate,1,1,"Expand the text with more context, without introducing information that is not supported by the original.",55,55,0,0,1.0,1.0
./cnn/stories/420019ac8213b5133922d89549961ead6a1a9ec9.story,content,elaborate,1,2,"Expand the text with more context, without introducing information that is not supported by the original.",48,47,1,0,0.9791666666666666,0.9791666666666666
./cnn/stories/420019ac8213b5133922d89549961ead6a1a9ec9.story,content,elaborate,1,3,"Expand the text with more context, without introducing information that is not supported by the original.",46,46,0,0,1.0,1.0
./cnn/stories/420019ac8213b5133922d89549961ead6a1a9ec9.story,content,elaborate,2,1,"Add more detail, keeping every fact grounded in the source material.",56,56,0,0,1.0,1.0
./cnn/stories/420019ac8213b5133922d89549961ead6a1a9ec9.story,content,elaborate,2,2,"Add more detail, keeping every fact grounded in the source material.",51,49,2,0,0.9607843137254902,0.9607843137254902
./cnn/stories/420019ac8213b5133922d89549961ead6a1a9ec9.story,content,elaborate,2,3,"Add more detail, keeping every fact grounded in the source material.",48,48,0,0,1.0,1.0
./cnn/stories/420019ac8213b5133922d89549961ead6a1a9ec9.story,content,shorten,0,1,Make wording more concise.,22,22,0,0,1.0,1.0
./cnn/stories/420019ac8213b5133922d89549961ead6a1a9ec9.story,content,shorten,0,2,Make wording more concise.,12,12,0,0,1.0,1.0
./cnn/stories/420019ac8213b5133922d89549961ead6a1a9ec9.story,content,shorten,0,3,Make wording more concise.,13,13,0,0,1.0,1.0
./cnn/stories/420019ac8213b5133922d89549961ead6a1a9ec9.story,content,shorten,1,1,Rephrase for clarity and conciseness.,22,22,0,0,1.0,1.0
./cnn/stories/420019ac8213b5133922d89549961ead6a1a9ec9.story,content,shorten,1,2,Rephrase for clarity and conciseness.,20,20,0,0,1.0,1.0
./cnn/stories/420019ac8213b5133922d89549961ead6a1a9ec9.story,content,shorten,1,3,Rephrase for clarity and conciseness.,23,23,0,0,1.0,1.0
./cnn/stories/420019ac8213b5133922d89549961ead6a1a9ec9.story,content,shorten,2,1,"Improve accuracy, clarity, and conciseness of language.",40,40,0,0,1.0,1.0
./cnn/stories/420019ac8213b5133922d89549961ead6a1a9ec9.story,content,shorten,2,2,"Improve accuracy, clarity, and conciseness of language.",29,29,0,0,1.0,1.0
./cnn/stories/420019ac8213b5133922d89549961ead6a1a9ec9.story,content,shorten,2,3,"Improve accuracy, clarity, and conciseness of language.",27,26,1,0,0.9629629629629629,0.9629629629629629
./cnn/stories/420019ac8213b5133922d89549961ead6a1a9ec9.story,style,formality,0,1,Make the text more formal.,49,49,0,0,1.0,1.0
./cnn/stories/420019ac8213b5133922d89549961ead6a1a9ec9.story,style,formality,0,2,Make the text more formal.,43,43,0,0,1.0,1.0
./cnn/stories/420019ac8213b5133922d89549961ead6a1a9ec9.story,style,formality,0,3,Make the text more formal.,40,40,0,0,1.0,1.0
./cnn/stories/420019ac8213b5133922d89549961ead6a1a9ec9.story,style,formality,1,1,Rephrase it to be more formal.,55,55,0,0,1.0,1.0
./cnn/stories/420019ac8213b5133922d89549961ead6a1a9ec9.story,style,formality,1,2,Rephrase it to be more formal.,39,38,1,0,0.9743589743589743,0.9743589743589743
./cnn/stories/420019ac8213b5133922d89549961ead6a1a9ec9.story,style,formality,1,3,Rephrase it to be more formal.,41,40,1,0,0.975609756097561,0.975609756097561
./cnn/stories/420019ac8213b5133922d89549961ead6a1a9ec9.story,style,formality,2,1,"Too conversational, rephrase it to be more formal.",51,51,0,0,1.0,1.0
./cnn/stories/420019ac8213b5133922d89549961ead6a1a9ec9.story,style,formality,2,2,"Too conversational, rephrase it to be more formal.",59,59,0,0,1.0,1.0
./cnn/stories/420019ac8213b5133922d89549961ead6a1a9ec9.story,style,formality,2,3,"Too conversational, rephrase it to be more formal.",47,47,0,0,1.0,1.0
./cnn/stories/420019ac8213b5133922d89549961ead6a1a9ec9.story,style,paraphrase,0,1,Paraphrase this.,42,42,0,0,1.0,1.0
./cnn/stories/420019ac8213b5133922d89549961ead6a1a9ec9.story,style,paraphrase,0,2,Paraphrase this.,38,38,0,0,1.0,1.0
./cnn/stories/420019ac8213b5133922d89549961ead6a1a9ec9.story,style,paraphrase,0,3,Paraphrase this.,35,35,0,0,1.0,1.0
./cnn/stories/420019ac8213b5133922d89549961ead6a1a9ec9.story,style,paraphrase,1,1,Reword this text.,39,39,0,0,1.0,1.0
./cnn/stories/420019ac8213b5133922d89549961ead6a1a9ec9.story,style,paraphrase,1,2,Reword this text.,39,39,0,0,1.0,1.0
./cnn/stories/420019ac8213b5133922d89549961ead6a1a9ec9.story,style,paraphrase,1,3,Reword this text.,32,32,0,0,1.0,1.0
./cnn/stories/420019ac8213b5133922d89549961ead6a1a9ec9.story,style,paraphrase,2,1,Use different wording.,55,55,0,0,1.0,1.0
./cnn/stories/420019ac8213b5133922d89549961ead6a1a9ec9.story,style,paraphrase,2,2,Use different wording.,54,53,1,0,0.9814814814814815,0.9814814814814815
./cnn/stories/420019ac8213b5133922d89549961ead6a1a9ec9.story,style,paraphrase,2,3,Use different wording.,42,42,0,0,1.0,1.0
./cnn/stories/43ba8c49ed06c4732f3c67be1dcce1303c947eed.story,content,elaborate,0,1,"Elaborate on the content, adding relevant details while staying faithful to the source text.",37,36,1,0,0.972972972972973,0.972972972972973
./cnn/stories/43ba8c49ed06c4732f3c67be1dcce1303c947eed.story,content,elaborate,0,2,"Elaborate on the content, adding relevant details while staying faithful to the source text.",44,39,5,0,0.8863636363636364,0.8863636363636364
./cnn/stories/43ba8c49ed06c4732f3c67be1dcce1303c947eed.story,content,elaborate,0,3,"Elaborate on the content, adding relevant details while staying faithful to the source text.",49,40,9,0,0.8163265306122449,0.8163265306122449
./cnn/stories/43ba8c49ed06c4732f3c67be1dcce1303c947eed.story,content,elaborate,1,1,"Expand the text with more context, without introducing information that is not supported by the original.",26,25,1,0,0.9615384615384616,0.9615384615384616
./cnn/stories/43ba8c49ed06c4732f3c67be1dcce1303c947eed.story,content,elaborate,1,2,"Expand the text with more context, without introducing information that is not supported by the original.",27,23,4,0,0.8518518518518519,0.8518518518518519
./cnn/stories/43ba8c49ed06c4732f3c67be1dcce1303c947eed.story,content,elaborate,1,3,"Expand the text with more context, without introducing information that is not supported by the original.",26,25,1,0,0.9615384615384616,0.9615384615384616
./cnn/stories/43ba8c49ed06c4732f3c67be1dcce1303c947eed.story,content,elaborate,2,1,"Add more detail, keeping every fact grounded in the source material.",49,44,5,0,0.8979591836734694,0.8979591836734694
./cnn/stories/43ba8c49ed06c4732f3c67be1dcce1303c947eed.story,content,elaborate,2,2,"Add more detail, keeping every fact grounded in the source material.",53,45,8,0,0.8490566037735849,0.8490566037735849
./cnn/stories/43ba8c49ed06c4732f3c67be1dcce1303c947eed.story,content,elaborate,2,3,"Add more detail, keeping every fact grounded in the source material.",48,43,5,0,0.8958333333333334,0.8958333333333334
./cnn/stories/43ba8c49ed06c4732f3c67be1dcce1303c947eed.story,content,shorten,0,1,Make wording more concise.,19,19,0,0,1.0,1.0
./cnn/stories/43ba8c49ed06c4732f3c67be1dcce1303c947eed.story,content,shorten,0,2,Make wording more concise.,15,14,1,0,0.9333333333333333,0.9333333333333333
./cnn/stories/43ba8c49ed06c4732f3c67be1dcce1303c947eed.story,content,shorten,0,3,Make wording more concise.,10,9,1,0,0.9,0.9
./cnn/stories/43ba8c49ed06c4732f3c67be1dcce1303c947eed.story,content,shorten,1,1,Rephrase for clarity and conciseness.,22,19,3,0,0.8636363636363636,0.8636363636363636
./cnn/stories/43ba8c49ed06c4732f3c67be1dcce1303c947eed.story,content,shorten,1,2,Rephrase for clarity and conciseness.,18,16,2,0,0.8888888888888888,0.8888888888888888
./cnn/stories/43ba8c49ed06c4732f3c67be1dcce1303c947eed.story,content,shorten,1,3,Rephrase for clarity and conciseness.,13,11,2,0,0.8461538461538461,0.8461538461538461
./cnn/stories/43ba8c49ed06c4732f3c67be1dcce1303c947eed.story,content,shorten,2,1,"Improve accuracy, clarity, and conciseness of language.",24,22,2,0,0.9166666666666666,0.9166666666666666
./cnn/stories/43ba8c49ed06c4732f3c67be1dcce1303c947eed.story,content,shorten,2,2,"Improve accuracy, clarity, and conciseness of language.",19,18,1,0,0.9473684210526315,0.9473684210526315
./cnn/stories/43ba8c49ed06c4732f3c67be1dcce1303c947eed.story,content,shorten,2,3,"Improve accuracy, clarity, and conciseness of language.",14,13,1,0,0.9285714285714286,0.9285714285714286
./cnn/stories/43ba8c49ed06c4732f3c67be1dcce1303c947eed.story,style,formality,0,1,Make the text more formal.,58,54,4,0,0.9310344827586207,0.9310344827586207
./cnn/stories/43ba8c49ed06c4732f3c67be1dcce1303c947eed.story,style,formality,0,2,Make the text more formal.,54,50,4,0,0.9259259259259259,0.9259259259259259
./cnn/stories/43ba8c49ed06c4732f3c67be1dcce1303c947eed.story,style,formality,0,3,Make the text more formal.,57,53,4,0,0.9298245614035088,0.9298245614035088
./cnn/stories/43ba8c49ed06c4732f3c67be1dcce1303c947eed.story,style,formality,1,1,Rephrase it to be more formal.,47,43,4,0,0.9148936170212766,0.9148936170212766
./cnn/stories/43ba8c49ed06c4732f3c67be1dcce1303c947eed.story,style,formality,1,2,Rephrase it to be more formal.,48,44,4,0,0.9166666666666666,0.9166666666666666
./cnn/stories/43ba8c49ed06c4732f3c67be1dcce1303c947eed.story,style,formality,1,3,Rephrase it to be more formal.,50,47,3,0,0.94,0.94
./cnn/stories/43ba8c49ed06c4732f3c67be1dcce1303c947eed.story,style,formality,2,1,"Too conversational, rephrase it to be more formal.",41,38,3,0,0.926829268292683,0.926829268292683
./cnn/stories/43ba8c49ed06c4732f3c67be1dcce1303c947eed.story,style,formality,2,2,"Too conversational, rephrase it to be more formal.",45,42,3,0,0.9333333333333333,0.9333333333333333
./cnn/stories/43ba8c49ed06c4732f3c67be1dcce1303c947eed.story,style,formality,2,3,"Too conversational, rephrase it to be more formal.",40,38,2,0,0.95,0.95
./cnn/stories/43ba8c49ed06c4732f3c67be1dcce1303c947eed.story,style,paraphrase,0,1,Paraphrase this.,36,32,4,0,0.8888888888888888,0.8888888888888888
./cnn/stories/43ba8c49ed06c4732f3c67be1dcce1303c947eed.story,style,paraphrase,0,2,Paraphrase this.,31,24,7,0,0.7741935483870968,0.7741935483870968
./cnn/stories/43ba8c49ed06c4732f3c67be1dcce1303c947eed.story,style,paraphrase,0,3,Paraphrase this.,39,35,4,0,0.8974358974358975,0.8974358974358975
./cnn/stories/43ba8c49ed06c4732f3c67be1dcce1303c947eed.story,style,paraphrase,1,1,Reword this text.,20,20,0,0,1.0,1.0
./cnn/stories/43ba8c49ed06c4732f3c67be1dcce1303c947eed.story,style,paraphrase,1,2,Reword this text.,16,14,2,0,0.875,0.875
./cnn/stories/43ba8c49ed06c4732f3c67be1dcce1303c947eed.story,style,paraphrase,1,3,Reword this text.,17,14,3,0,0.8235294117647058,0.8235294117647058
./cnn/stories/43ba8c49ed06c4732f3c67be1dcce1303c947eed.story,style,paraphrase,2,1,Use different wording.,51,47,4,0,0.9215686274509803,0.9215686274509803
./cnn/stories/43ba8c49ed06c4732f3c67be1dcce1303c947eed.story,style,paraphrase,2,2,Use different wording.,47,42,5,0,0.8936170212765957,0.8936170212765957
./cnn/stories/43ba8c49ed06c4732f3c67be1dcce1303c947eed.story,style,paraphrase,2,3,Use different wording.,54,48,6,0,0.8888888888888888,0.8888888888888888
./cnn/stories/45fa4464f86599520ace75db52005bda9ee0a49b.story,content,elaborate,0,1,"Elaborate on the content, adding relevant details while staying faithful to the source text.",57,57,0,0,1.0,1.0
./cnn/stories/45fa4464f86599520ace75db52005bda9ee0a49b.story,content,elaborate,0,2,"Elaborate on the content, adding relevant details while staying faithful to the source text.",43,42,1,0,0.9767441860465116,0.9767441860465116
./cnn/stories/45fa4464f86599520ace75db52005bda9ee0a49b.story,content,elaborate,0,3,"Elaborate on the content, adding relevant details while staying faithful to the source text.",38,34,4,0,0.8947368421052632,0.8947368421052632
./cnn/stories/45fa4464f86599520ace75db52005bda9ee0a49b.story,content,elaborate,1,1,"Expand the text with more context, without introducing information that is not supported by the original.",51,51,0,0,1.0,1.0
./cnn/stories/45fa4464f86599520ace75db52005bda9ee0a49b.story,content,elaborate,1,2,"Expand the text with more context, without introducing information that is not supported by the original.",49,48,1,0,0.9795918367346939,0.9795918367346939
./cnn/stories/45fa4464f86599520ace75db52005bda9ee0a49b.story,content,elaborate,1,3,"Expand the text with more context, without introducing information that is not supported by the original.",53,53,0,0,1.0,1.0
./cnn/stories/45fa4464f86599520ace75db52005bda9ee0a49b.story,content,elaborate,2,1,"Add more detail, keeping every fact grounded in the source material.",98,96,2,0,0.9795918367346939,0.9795918367346939
./cnn/stories/45fa4464f86599520ace75db52005bda9ee0a49b.story,content,elaborate,2,2,"Add more detail, keeping every fact grounded in the source material.",80,77,3,0,0.9625,0.9625
./cnn/stories/45fa4464f86599520ace75db52005bda9ee0a49b.story,content,elaborate,2,3,"Add more detail, keeping every fact grounded in the source material.",77,75,2,0,0.974025974025974,0.974025974025974
./cnn/stories/45fa4464f86599520ace75db52005bda9ee0a49b.story,content,shorten,0,1,Make wording more concise.,34,33,1,0,0.9705882352941176,0.9705882352941176
./cnn/stories/45fa4464f86599520ace75db52005bda9ee0a49b.story,content,shorten,0,2,Make wording more concise.,11,10,1,0,0.9090909090909091,0.9090909090909091
./cnn/stories/45fa4464f86599520ace75db52005bda9ee0a49b.story,content,shorten,0,3,Make wording more concise.,16,16,0,0,1.0,1.0
./cnn/stories/45fa4464f86599520ace75db52005bda9ee0a49b.story,content,shorten,1,1,Rephrase for clarity and conciseness.,27,26,1,0,0.9629629629629629,0.9629629629629629
./cnn/stories/45fa4464f86599520ace75db52005bda9ee0a49b.story,content,shorten,1,2,Rephrase for clarity and conciseness.,17,17,0,0,1.0,1.0
./cnn/stories/45fa4464f86599520ace75db52005bda9ee0a49b.story,content,shorten,1,3,Rephrase for clarity and conciseness.,15,15,0,0,1.0,1.0
./cnn/stories/45fa4464f86599520ace75db52005bda9ee0a49b.story,content,shorten,2,1,"Improve accuracy, clarity, and conciseness of language.",39,37,2,0,0.9487179487179487,0.9487179487179487
./cnn/stories/45fa4464f86599520ace75db52005bda9ee0a49b.story,content,shorten,2,2,"Improve accuracy, clarity, and conciseness of language.",27,27,0,0,1.0,1.0
./cnn/stories/45fa4464f86599520ace75db52005bda9ee0a49b.story,content,shorten,2,3,"Improve accuracy, clarity, and conciseness of language.",32,30,2,0,0.9375,0.9375
./cnn/stories/45fa4464f86599520ace75db52005bda9ee0a49b.story,style,formality,0,1,Make the text more formal.,86,80,6,0,0.9302325581395349,0.9302325581395349
./cnn/stories/45fa4464f86599520ace75db52005bda9ee0a49b.story,style,formality,0,2,Make the text more formal.,84,80,4,0,0.9523809523809523,0.9523809523809523
./cnn/stories/45fa4464f86599520ace75db52005bda9ee0a49b.story,style,formality,0,3,Make the text more formal.,72,69,3,0,0.9583333333333334,0.9583333333333334
./cnn/stories/45fa4464f86599520ace75db52005bda9ee0a49b.story,style,formality,1,1,Rephrase it to be more formal.,67,67,0,0,1.0,1.0
./cnn/stories/45fa4464f86599520ace75db52005bda9ee0a49b.story,style,formality,1,2,Rephrase it to be more formal.,70,70,0,0,1.0,1.0
./cnn/stories/45fa4464f86599520ace75db52005bda9ee0a49b.story,style,formality,1,3,Rephrase it to be more formal.,65,63,2,0,0.9692307692307692,0.9692307692307692
./cnn/stories/45fa4464f86599520ace75db52005bda9ee0a49b.story,style,formality,2,1,"Too conversational, rephrase it to be more formal.",46,45,1,0,0.9782608695652174,0.9782608695652174
./cnn/stories/45fa4464f86599520ace75db52005bda9ee0a49b.story,style,formality,2,2,"Too conversational, rephrase it to be more formal.",42,40,2,0,0.9523809523809523,0.9523809523809523
./cnn/stories/45fa4464f86599520ace75db52005bda9ee0a49b.story,style,formality,2,3,"Too conversational, rephrase it to be more formal.",39,36,3,0,0.9230769230769231,0.9230769230769231
./cnn/stories/45fa4464f86599520ace75db52005bda9ee0a49b.story,style,paraphrase,0,1,Paraphrase this.,46,46,0,0,1.0,1.0
./cnn/stories/45fa4464f86599520ace75db52005bda9ee0a49b.story,style,paraphrase,0,2,Paraphrase this.,39,37,2,0,0.9487179487179487,0.9487179487179487
./cnn/stories/45fa4464f86599520ace75db52005bda9ee0a49b.story,style,paraphrase,0,3,Paraphrase this.,28,27,1,0,0.9642857142857143,0.9642857142857143
./cnn/stories/45fa4464f86599520ace75db52005bda9ee0a49b.story,style,paraphrase,1,1,Reword this text.,38,37,1,0,0.9736842105263158,0.9736842105263158
./cnn/stories/45fa4464f86599520ace75db52005bda9ee0a49b.story,style,paraphrase,1,2,Reword this text.,33,33,0,0,1.0,1.0
./cnn/stories/45fa4464f86599520ace75db52005bda9ee0a49b.story,style,paraphrase,1,3,Reword this text.,32,30,2,0,0.9375,0.9375
./cnn/stories/45fa4464f86599520ace75db52005bda9ee0a49b.story,style,paraphrase,2,1,Use different wording.,41,40,1,0,0.975609756097561,0.975609756097561
./cnn/stories/45fa4464f86599520ace75db52005bda9ee0a49b.story,style,paraphrase,2,2,Use different wording.,36,36,0,0,1.0,1.0
./cnn/stories/45fa4464f86599520ace75db52005bda9ee0a49b.story,style,paraphrase,2,3,Use different wording.,40,40,0,0,1.0,1.0
./cnn/stories/4b964621a4d0a48bfb273badbade7f6dcb066365.story,content,elaborate,0,1,"Elaborate on the content, adding relevant details while staying faithful to the source text.",74,69,5,0,0.9324324324324325,0.9324324324324325
./cnn/stories/4b964621a4d0a48bfb273badbade7f6dcb066365.story,content,elaborate,0,2,"Elaborate on the content, adding relevant details while staying faithful to the source text.",64,59,5,0,0.921875,0.921875
./cnn/stories/4b964621a4d0a48bfb273badbade7f6dcb066365.story,content,elaborate,0,3,"Elaborate on the content, adding relevant details while staying faithful to the source text.",56,53,3,0,0.9464285714285714,0.9464285714285714
./cnn/stories/4b964621a4d0a48bfb273badbade7f6dcb066365.story,content,elaborate,1,1,"Expand the text with more context, without introducing information that is not supported by the original.",72,69,3,0,0.9583333333333334,0.9583333333333334
./cnn/stories/4b964621a4d0a48bfb273badbade7f6dcb066365.story,content,elaborate,1,2,"Expand the text with more context, without introducing information that is not supported by the original.",59,58,1,0,0.9830508474576272,0.9830508474576272
./cnn/stories/4b964621a4d0a48bfb273badbade7f6dcb066365.story,content,elaborate,1,3,"Expand the text with more context, without introducing information that is not supported by the original.",58,54,4,0,0.9310344827586207,0.9310344827586207
./cnn/stories/4b964621a4d0a48bfb273badbade7f6dcb066365.story,content,elaborate,2,1,"Add more detail, keeping every fact grounded in the source material.",108,106,2,0,0.9814814814814815,0.9814814814814815
./cnn/stories/4b964621a4d0a48bfb273badbade7f6dcb066365.story,content,elaborate,2,2,"Add more detail, keeping every fact grounded in the source material.",95,86,9,0,0.9052631578947369,0.9052631578947369
./cnn/stories/4b964621a4d0a48bfb273badbade7f6dcb066365.story,content,elaborate,2,3,"Add more detail, keeping every fact grounded in the source material.",73,65,8,0,0.8904109589041096,0.8904109589041096
./cnn/stories/4b964621a4d0a48bfb273badbade7f6dcb066365.story,content,shorten,0,1,Make wording more concise.,32,29,3,0,0.90625,0.90625
./cnn/stories/4b964621a4d0a48bfb273badbade7f6dcb066365.story,content,shorten,0,2,Make wording more concise.,29,26,3,0,0.896551724137931,0.896551724137931
./cnn/stories/4b964621a4d0a48bfb273badbade7f6dcb066365.story,content,shorten,0,3,Make wording more concise.,27,25,2,0,0.9259259259259259,0.9259259259259259
./cnn/stories/4b964621a4d0a48bfb273badbade7f6dcb066365.story,content,shorten,1,1,Rephrase for clarity and conciseness.,29,28,1,0,0.9655172413793104,0.9655172413793104
./cnn/stories/4b964621a4d0a48bfb273badbade7f6dcb066365.story,content,shorten,1,2,Rephrase for clarity and conciseness.,24,22,2,0,0.9166666666666666,0.9166666666666666
./cnn/stories/4b964621a4d0a48bfb273badbade7f6dcb066365.story,content,shorten,1,3,Rephrase for clarity and conciseness.,28,25,3,0,0.8928571428571429,0.8928571428571429
./cnn/stories/4b964621a4d0a48bfb273badbade7f6dcb066365.story,content,shorten,2,1,"Improve accuracy, clarity, and conciseness of language.",47,44,3,0,0.9361702127659575,0.9361702127659575
./cnn/stories/4b964621a4d0a48bfb273badbade7f6dcb066365.story,content,shorten,2,2,"Improve accuracy, clarity, and conciseness of language.",38,35,3,0,0.9210526315789473,0.9210526315789473
./cnn/stories/4b964621a4d0a48bfb273badbade7f6dcb066365.story,content,shorten,2,3,"Improve accuracy, clarity, and conciseness of language.",38,35,3,0,0.9210526315789473,0.9210526315789473
./cnn/stories/4b964621a4d0a48bfb273badbade7f6dcb066365.story,style,formality,0,1,Make the text more formal.,64,58,6,0,0.90625,0.90625
./cnn/stories/4b964621a4d0a48bfb273badbade7f6dcb066365.story,style,formality,0,2,Make the text more formal.,58,55,3,0,0.9482758620689655,0.9482758620689655
./cnn/stories/4b964621a4d0a48bfb273badbade7f6dcb066365.story,style,formality,0,3,Make the text more formal.,70,66,4,0,0.9428571428571428,0.9428571428571428
./cnn/stories/4b964621a4d0a48bfb273badbade7f6dcb066365.story,style,formality,1,1,Rephrase it to be more formal.,118,107,11,0,0.9067796610169492,0.9067796610169492
./cnn/stories/4b964621a4d0a48bfb273badbade7f6dcb066365.story,style,formality,1,2,Rephrase it to be more formal.,97,89,8,0,0.9175257731958762,0.9175257731958762
./cnn/stories/4b964621a4d0a48bfb273badbade7f6dcb066365.story,style,formality,1,3,Rephrase it to be more formal.,101,91,10,0,0.900990099009901,0.900990099009901
./cnn/stories/4b964621a4d0a48bfb273badbade7f6dcb066365.story,style,formality,2,1,"Too conversational, rephrase it to be more formal.",68,62,6,0,0.9117647058823529,0.9117647058823529
./cnn/stories/4b964621a4d0a48bfb273badbade7f6dcb066365.story,style,formality,2,2,"Too conversational, rephrase it to be more formal.",60,53,7,0,0.8833333333333333,0.8833333333333333
./cnn/stories/4b964621a4d0a48bfb273badbade7f6dcb066365.story,style,formality,2,3,"Too conversational, rephrase it to be more formal.",65,57,8,0,0.8769230769230769,0.8769230769230769
./cnn/stories/4b964621a4d0a48bfb273badbade7f6dcb066365.story,style,paraphrase,0,1,Paraphrase this.,47,44,3,0,0.9361702127659575,0.9361702127659575
./cnn/stories/4b964621a4d0a48bfb273badbade7f6dcb066365.story,style,paraphrase,0,2,Paraphrase this.,50,48,2,0,0.96,0.96
./cnn/stories/4b964621a4d0a48bfb273badbade7f6dcb066365.story,style,paraphrase,0,3,Paraphrase this.,43,41,2,0,0.9534883720930233,0.9534883720930233
./cnn/stories/4b964621a4d0a48bfb273badbade7f6dcb066365.story,style,paraphrase,1,1,Reword this text.,62,55,7,0,0.8870967741935484,0.8870967741935484
./cnn/stories/4b964621a4d0a48bfb273badbade7f6dcb066365.story,style,paraphrase,1,2,Reword this text.,63,58,5,0,0.9206349206349206,0.9206349206349206
./cnn/stories/4b964621a4d0a48bfb273badbade7f6dcb066365.story,style,paraphrase,1,3,Reword this text.,58,53,5,0,0.9137931034482759,0.9137931034482759
./cnn/stories/4b964621a4d0a48bfb273badbade7f6dcb066365.story,style,paraphrase,2,1,Use different wording.,90,82,8,0,0.9111111111111111,0.9111111111111111
./cnn/stories/4b964621a4d0a48bfb273badbade7f6dcb066365.story,style,paraphrase,2,2,Use different wording.,61,55,6,0,0.9016393442622951,0.9016393442622951
./cnn/stories/4b964621a4d0a48bfb273badbade7f6dcb066365.story,style,paraphrase,2,3,Use different wording.,64,59,5,0,0.921875,0.921875
./cnn/stories/4c4b37d29f2eeefef8b626dd9d6c7cf73c8a0280.story,content,elaborate,0,1,"Elaborate on the content, adding relevant details while staying faithful to the source text.",51,50,1,0,0.9803921568627451,0.9803921568627451
./cnn/stories/4c4b37d29f2eeefef8b626dd9d6c7cf73c8a0280.story,content,elaborate,0,2,"Elaborate on the content, adding relevant details while staying faithful to the source text.",48,47,1,0,0.9791666666666666,0.9791666666666666
./cnn/stories/4c4b37d29f2eeefef8b626dd9d6c7cf73c8a0280.story,content,elaborate,0,3,"Elaborate on the content, adding relevant details while staying faithful to the source text.",51,51,0,0,1.0,1.0
./cnn/stories/4c4b37d29f2eeefef8b626dd9d6c7cf73c8a0280.story,content,elaborate,1,1,"Expand the text with more context, without introducing information that is not supported by the original.",43,43,0,0,1.0,1.0
./cnn/stories/4c4b37d29f2eeefef8b626dd9d6c7cf73c8a0280.story,content,elaborate,1,2,"Expand the text with more context, without introducing information that is not supported by the original.",40,40,0,0,1.0,1.0
./cnn/stories/4c4b37d29f2eeefef8b626dd9d6c7cf73c8a0280.story,content,elaborate,1,3,"Expand the text with more context, without introducing information that is not supported by the original.",44,44,0,0,1.0,1.0
./cnn/stories/4c4b37d29f2eeefef8b626dd9d6c7cf73c8a0280.story,content,elaborate,2,1,"Add more detail, keeping every fact grounded in the source material.",50,49,1,0,0.98,0.98
./cnn/stories/4c4b37d29f2eeefef8b626dd9d6c7cf73c8a0280.story,content,elaborate,2,2,"Add more detail, keeping every fact grounded in the source material.",63,62,1,0,0.9841269841269841,0.9841269841269841
./cnn/stories/4c4b37d29f2eeefef8b626dd9d6c7cf73c8a0280.story,content,elaborate,2,3,"Add more detail, keeping every fact grounded in the source material.",76,76,0,0,1.0,1.0
./cnn/stories/4c4b37d29f2eeefef8b626dd9d6c7cf73c8a0280.story,content,shorten,0,1,Make wording more concise.,21,21,0,0,1.0,1.0
./cnn/stories/4c4b37d29f2eeefef8b626dd9d6c7cf73c8a0280.story,content,shorten,0,2,Make wording more concise.,20,20,0,0,1.0,1.0
./cnn/stories/4c4b37d29f2eeefef8b626dd9d6c7cf73c8a0280.story,content,shorten,0,3,Make wording more concise.,19,19,0,0,1.0,1.0
./cnn/stories/4c4b37d29f2eeefef8b626dd9d6c7cf73c8a0280.story,content,shorten,1,1,Rephrase for clarity and conciseness.,29,29,0,0,1.0,1.0
./cnn/stories/4c4b37d29f2eeefef8b626dd9d6c7cf73c8a0280.story,content,shorten,1,2,Rephrase for clarity and conciseness.,24,24,0,0,1.0,1.0
./cnn/stories/4c4b37d29f2eeefef8b626dd9d6c7cf73c8a0280.story,content,shorten,1,3,Rephrase for clarity and conciseness.,24,24,0,0,1.0,1.0
./cnn/stories/4c4b37d29f2eeefef8b626dd9d6c7cf73c8a0280.story,content,shorten,2,1,"Improve accuracy, clarity, and conciseness of language.",29,29,0,0,1.0,1.0
./cnn/stories/4c4b37d29f2eeefef8b626dd9d6c7cf73c8a0280.story,content,shorten,2,2,"Improve accuracy, clarity, and conciseness of language.",25,25,0,0,1.0,1.0
./cnn/stories/4c4b37d29f2eeefef8b626dd9d6c7cf73c8a0280.story,content,shorten,2,3,"Improve accuracy, clarity, and conciseness of language.",31,31,0,0,1.0,1.0
./cnn/stories/4c4b37d29f2eeefef8b626dd9d6c7cf73c8a0280.story,style,formality,0,1,Make the text more formal.,43,42,1,0,0.9767441860465116,0.9767441860465116
./cnn/stories/4c4b37d29f2eeefef8b626dd9d6c7cf73c8a0280.story,style,formality,0,2,Make the text more formal.,46,45,1,0,0.9782608695652174,0.9782608695652174
./cnn/stories/4c4b37d29f2eeefef8b626dd9d6c7cf73c8a0280.story,style,formality,0,3,Make the text more formal.,45,44,1,0,0.9777777777777777,0.9777777777777777
./cnn/stories/4c4b37d29f2eeefef8b626dd9d6c7cf73c8a0280.story,style,formality,1,1,Rephrase it to be more formal.,33,33,0,0,1.0,1.0
./cnn/stories/4c4b37d29f2eeefef8b626dd9d6c7cf73c8a0280.story,style,formality,1,2,Rephrase it to be more formal.,41,41,0,0,1.0,1.0
./cnn/stories/4c4b37d29f2eeefef8b626dd9d6c7cf73c8a0280.story,style,formality,1,3,Rephrase it to be more formal.,33,33,0,0,1.0,1.0
./cnn/stories/4c4b37d29f2eeefef8b626dd9d6c7cf73c8a0280.story,style,formality,2,1,"Too conversational, rephrase it to be more formal.",45,45,0,0,1.0,1.0
./cnn/stories/4c4b37d29f2eeefef8b626dd9d6c7cf73c8a0280.story,style,formality,2,2,"Too conversational, rephrase it to be more formal.",74,74,0,0,1.0,1.0
./cnn/stories/4c4b37d29f2eeefef8b626dd9d6c7cf73c8a0280.story,style,formality,2,3,"Too conversational, rephrase it to be more formal.",56,56,0,0,1.0,1.0
./cnn/stories/4c4b37d29f2eeefef8b626dd9d6c7cf73c8a0280.story,style,paraphrase,0,1,Paraphrase this.,32,31,1,0,0.96875,0.96875
./cnn/stories/4c4b37d29f2eeefef8b626dd9d6c7cf73c8a0280.story,style,paraphrase,0,2,Paraphrase this.,28,27,1,0,0.9642857142857143,0.9642857142857143
./cnn/stories/4c4b37d29f2eeefef8b626dd9d6c7cf73c8a0280.story,style,paraphrase,0,3,Paraphrase this.,30,29,1,0,0.9666666666666667,0.9666666666666667
./cnn/stories/4c4b37d29f2eeefef8b626dd9d6c7cf73c8a0280.story,style,paraphrase,1,1,Reword this text.,32,31,1,0,0.96875,0.96875
./cnn/stories/4c4b37d29f2eeefef8b626dd9d6c7cf73c8a0280.story,style,paraphrase,1,2,Reword this text.,39,38,1,0,0.9743589743589743,0.9743589743589743
./cnn/stories/4c4b37d29f2eeefef8b626dd9d6c7cf73c8a0280.story,style,paraphrase,1,3,Reword this text.,39,38,1,0,0.9743589743589743,0.9743589743589743
./cnn/stories/4c4b37d29f2eeefef8b626dd9d6c7cf73c8a0280.story,style,paraphrase,2,1,Use different wording.,35,35,0,0,1.0,1.0
./cnn/stories/4c4b37d29f2eeefef8b626dd9d6c7cf73c8a0280.story,style,paraphrase,2,2,Use different wording.,41,41,0,0,1.0,1.0
./cnn/stories/4c4b37d29f2eeefef8b626dd9d6c7cf73c8a0280.story,style,paraphrase,2,3,Use different wording.,30,30,0,0,1.0,1.0
./cnn/stories/4c5a0bb92951788598f436857beb5adaab9fbf33.story,content,elaborate,0,1,"Elaborate on the content, adding relevant details while staying faithful to the source text.",75,67,8,0,0.8933333333333333,0.8933333333333333
./cnn/stories/4c5a0bb92951788598f436857beb5adaab9fbf33.story,content,elaborate,0,2,"Elaborate on the content, adding relevant details while staying faithful to the source text.",78,68,10,0,0.8717948717948718,0.8717948717948718
./cnn/stories/4c5a0bb92951788598f436857beb5adaab9fbf33.story,content,elaborate,0,3,"Elaborate on the content, adding relevant details while staying faithful to the source text.",78,67,11,0,0.8589743589743589,0.8589743589743589
./cnn/stories/4c5a0bb92951788598f436857beb5adaab9fbf33.story,content,elaborate,1,1,"Expand the text with more context, without introducing information that is not supported by the original.",69,67,2,0,0.9710144927536232,0.9710144927536232
./cnn/stories/4c5a0bb92951788598f436857beb5adaab9fbf33.story,content,elaborate,1,2,"Expand the text with more context, without introducing information that is not supported by the original.",74,61,13,0,0.8243243243243243,0.8243243243243243
./cnn/stories/4c5a0bb92951788598f436857beb5adaab9fbf33.story,content,elaborate,1,3,"Expand the text with more context, without introducing information that is not supported by the original.",71,67,4,0,0.9436619718309859,0.9436619718309859
./cnn/stories/4c5a0bb92951788598f436857beb5adaab9fbf33.story,content,elaborate,2,1,"Add more detail, keeping every fact grounded in the source material.",78,73,5,0,0.9358974358974359,0.9358974358974359
./cnn/stories/4c5a0bb92951788598f436857beb5adaab9fbf33.story,content,elaborate,2,2,"Add more detail, keeping every fact grounded in the source material.",94,89,5,0,0.9468085106382979,0.9468085106382979
./cnn/stories/4c5a0bb92951788598f436857beb5adaab9fbf33.story,content,elaborate,2,3,"Add more detail, keeping every fact grounded in the source material.",60,55,5,0,0.9166666666666666,0.9166666666666666
./cnn/stories/4c5a0bb92951788598f436857beb5adaab9fbf33.story,content,shorten,0,1,Make wording more concise.,31,27,4,0,0.8709677419354839,0.8709677419354839
./cnn/stories/4c5a0bb92951788598f436857beb5adaab9fbf33.story,content,shorten,0,2,Make wording more concise.,19,18,1,0,0.9473684210526315,0.9473684210526315
./cnn/stories/4c5a0bb92951788598f436857beb5adaab9fbf33.story,content,shorten,0,3,Make wording more concise.,19,18,1,0,0.9473684210526315,0.9473684210526315
./cnn/stories/4c5a0bb92951788598f436857beb5adaab9fbf33.story,content,shorten,1,1,Rephrase for clarity and conciseness.,14,14,0,0,1.0,1.0
./cnn/stories/4c5a0bb92951788598f436857beb5adaab9fbf33.story,content,shorten,1,2,Rephrase for clarity and conciseness.,13,12,1,0,0.9230769230769231,0.9230769230769231
./cnn/stories/4c5a0bb92951788598f436857beb5adaab9fbf33.story,content,shorten,1,3,Rephrase for clarity and conciseness.,12,10,2,0,0.8333333333333334,0.8333333333333334
./cnn/stories/4c5a0bb92951788598f436857beb5adaab9fbf33.story,content,shorten,2,1,"Improve accuracy, clarity, and conciseness of language.",26,22,4,0,0.8461538461538461,0.8461538461538461
./cnn/stories/4c5a0bb92951788598f436857beb5adaab9fbf33.story,content,shorten,2,2,"Improve accuracy, clarity, and conciseness of language.",21,17,4,0,0.8095238095238095,0.8095238095238095
./cnn/stories/4c5a0bb92951788598f436857beb5adaab9fbf33.story,content,shorten,2,3,"Improve accuracy, clarity, and conciseness of language.",19,15,4,0,0.7894736842105263,0.7894736842105263
./cnn/stories/4c5a0bb92951788598f436857beb5adaab9fbf33.story,style,formality,0,1,Make the text more formal.,67,65,2,0,0.9701492537313433,0.9701492537313433
./cnn/stories/4c5a0bb92951788598f436857beb5adaab9fbf33.story,style,formality,0,2,Make the text more formal.,66,66,0,0,1.0,1.0
./cnn/stories/4c5a0bb92951788598f436857beb5adaab9fbf33.story,style,formality,0,3,Make the text more formal.,66,64,2,0,0.9696969696969697,0.9696969696969697
./cnn/stories/4c5a0bb92951788598f436857beb5adaab9fbf33.story,style,formality,1,1,Rephrase it to be more formal.,75,70,5,0,0.9333333333333333,0.9333333333333333
./cnn/stories/4c5a0bb92951788598f436857beb5adaab9fbf33.story,style,formality,1,2,Rephrase it to be more formal.,69,59,10,0,0.855072463768116,0.855072463768116
./cnn/stories/4c5a0bb92951788598f436857beb5adaab9fbf33.story,style,formality,1,3,Rephrase it to be more formal.,55,52,3,0,0.9454545454545454,0.9454545454545454
./cnn/stories/4c5a0bb92951788598f436857beb5adaab9fbf33.story,style,formality,2,1,"Too conversational, rephrase it to be more formal.",92,83,9,0,0.9021739130434783,0.9021739130434783
./cnn/stories/4c5a0bb92951788598f436857beb5adaab9fbf33.story,style,formality,2,2,"Too conversational, rephrase it to be more formal.",79,72,7,0,0.9113924050632911,0.9113924050632911
./cnn/stories/4c5a0bb92951788598f436857beb5adaab9fbf33.story,style,formality,2,3,"Too conversational, rephrase it to be more formal.",62,58,4,0,0.9354838709677419,0.9354838709677419
./cnn/stories/4c5a0bb92951788598f436857beb5adaab9fbf33.story,style,paraphrase,0,1,Paraphrase this.,42,41,1,0,0.9761904761904762,0.9761904761904762
./cnn/stories/4c5a0bb92951788598f436857beb5adaab9fbf33.story,style,paraphrase,0,2,Paraphrase this.,40,35,5,0,0.875,0.875
./cnn/stories/4c5a0bb92951788598f436857beb5adaab9fbf33.story,style,paraphrase,0,3,Paraphrase this.,39,35,4,0,0.8974358974358975,0.8974358974358975
./cnn/stories/4c5a0bb92951788598f436857beb5adaab9fbf33.story,style,paraphrase,1,1,Reword this text.,43,41,2,0,0.9534883720930233,0.9534883720930233
./cnn/stories/4c5a0bb92951788598f436857beb5adaab9fbf33.story,style,paraphrase,1,2,Reword this text.,39,34,5,0,0.8717948717948718,0.8717948717948718
./cnn/stories/4c5a0bb92951788598f436857beb5adaab9fbf33.story,style,paraphrase,1,3,Reword this text.,39,35,4,0,0.8974358974358975,0.8974358974358975
./cnn/stories/4c5a0bb92951788598f436857beb5adaab9fbf33.story,style,paraphrase,2,1,Use different wording.,65,58,7,0,0.8923076923076924,0.8923076923076924
./cnn/stories/4c5a0bb92951788598f436857beb5adaab9fbf33.story,style,paraphrase,2,2,Use different wording.,70,64,6,0,0.9142857142857143,0.9142857142857143
./cnn/stories/4c5a0bb92951788598f436857beb5adaab9fbf33.story,style,paraphrase,2,3,Use different wording.,63,58,5,0,0.9206349206349206,0.9206349206349206
./cnn/stories/4df1fb2b81e22650a33a43a72428dfd7447b06ef.story,content,elaborate,0,1,"Elaborate on the content, adding relevant details while staying faithful to the source text.",65,62,3,0,0.9538461538461539,0.9538461538461539
./cnn/stories/4df1fb2b81e22650a33a43a72428dfd7447b06ef.story,content,elaborate,0,2,"Elaborate on the content, adding relevant details while staying faithful to the source text.",59,59,0,0,1.0,1.0
./cnn/stories/4df1fb2b81e22650a33a43a72428dfd7447b06ef.story,content,elaborate,0,3,"Elaborate on the content, adding relevant details while staying faithful to the source text.",65,61,4,0,0.9384615384615385,0.9384615384615385
./cnn/stories/4df1fb2b81e22650a33a43a72428dfd7447b06ef.story,content,elaborate,1,1,"Expand the text with more context, without introducing information that is not supported by the original.",59,57,2,0,0.9661016949152542,0.9661016949152542
./cnn/stories/4df1fb2b81e22650a33a43a72428dfd7447b06ef.story,content,elaborate,1,2,"Expand the text with more context, without introducing information that is not supported by the original.",44,42,2,0,0.9545454545454546,0.9545454545454546
./cnn/stories/4df1fb2b81e22650a33a43a72428dfd7447b06ef.story,content,elaborate,1,3,"Expand the text with more context, without introducing information that is not supported by the original.",37,36,1,0,0.972972972972973,0.972972972972973
./cnn/stories/4df1fb2b81e22650a33a43a72428dfd7447b06ef.story,content,elaborate,2,1,"Add more detail, keeping every fact grounded in the source material.",55,54,1,0,0.9818181818181818,0.9818181818181818
./cnn/stories/4df1fb2b81e22650a33a43a72428dfd7447b06ef.story,content,elaborate,2,2,"Add more detail, keeping every fact grounded in the source material.",57,56,1,0,0.9824561403508771,0.9824561403508771
./cnn/stories/4df1fb2b81e22650a33a43a72428dfd7447b06ef.story,content,elaborate,2,3,"Add more detail, keeping every fact grounded in the source material.",67,65,2,0,0.9701492537313433,0.9701492537313433
./cnn/stories/4df1fb2b81e22650a33a43a72428dfd7447b06ef.story,content,shorten,0,1,Make wording more concise.,26,24,2,0,0.9230769230769231,0.9230769230769231
./cnn/stories/4df1fb2b81e22650a33a43a72428dfd7447b06ef.story,content,shorten,0,2,Make wording more concise.,23,21,2,0,0.9130434782608695,0.9130434782608695
./cnn/stories/4df1fb2b81e22650a33a43a72428dfd7447b06ef.story,content,shorten,0,3,Make wording more concise.,24,22,2,0,0.9166666666666666,0.9166666666666666
./cnn/stories/4df1fb2b81e22650a33a43a72428dfd7447b06ef.story,content,shorten,1,1,Rephrase for clarity and conciseness.,29,28,1,0,0.9655172413793104,0.9655172413793104
./cnn/stories/4df1fb2b81e22650a33a43a72428dfd7447b06ef.story,content,shorten,1,2,Rephrase for clarity and conciseness.,18,15,3,0,0.8333333333333334,0.8333333333333334
./cnn/stories/4df1fb2b81e22650a33a43a72428dfd7447b06ef.story,content,shorten,1,3,Rephrase for clarity and conciseness.,14,12,2,0,0.8571428571428571,0.8571428571428571
./cnn/stories/4df1fb2b81e22650a33a43a72428dfd7447b06ef.story,content,shorten,2,1,"Improve accuracy, clarity, and conciseness of language.",37,37,0,0,1.0,1.0
./cnn/stories/4df1fb2b81e22650a33a43a72428dfd7447b06ef.story,content,shorten,2,2,"Improve accuracy, clarity, and conciseness of language.",37,34,3,0,0.918918918918919,0.918918918918919
./cnn/stories/4df1fb2b81e22650a33a43a72428dfd7447b06ef.story,content,shorten,2,3,"Improve accuracy, clarity, and conciseness of language.",35,31,4,0,0.8857142857142857,0.8857142857142857
./cnn/stories/4df1fb2b81e22650a33a43a72428dfd7447b06ef.story,style,formality,0,1,Make the text more formal.,60,59,1,0,0.9833333333333333,0.9833333333333333
./cnn/stories/4df1fb2b81e22650a33a43a72428dfd7447b06ef.story,style,formality,0,2,Make the text more formal.,55,53,2,0,0.9636363636363636,0.9636363636363636
./cnn/stories/4df1fb2b81e22650a33a43a72428dfd7447b06ef.story,style,formality,0,3,Make the text more formal.,55,53,2,0,0.9636363636363636,0.9636363636363636
./cnn/stories/4df1fb2b81e22650a33a43a72428dfd7447b06ef.story,style,formality,1,1,Rephrase it to be more formal.,78,71,7,0,0.9102564102564102,0.9102564102564102
./cnn/stories/4df1fb2b81e22650a33a43a72428dfd7447b06ef.story,style,formality,1,2,Rephrase it to be more formal.,75,70,5,0,0.9333333333333333,0.9333333333333333
./cnn/stories/4df1fb2b81e22650a33a43a72428dfd7447b06ef.story,style,formality,1,3,Rephrase it to be more formal.,58,56,2,0,0.9655172413793104,0.9655172413793104
./cnn/stories/4df1fb2b81e22650a33a43a72428dfd7447b06ef.story,style,formality,2,1,"Too conversational, rephrase it to be more formal.",58,56,2,0,0.9655172413793104,0.9655172413793104
./cnn/stories/4df1fb2b81e22650a33a43a72428dfd7447b06ef.story,style,formality,2,2,"Too conversational, rephrase it to be more formal.",50,49,1,0,0.98,0.98
./cnn/stories/4df1fb2b81e22650a33a43a72428dfd7447b06ef.story,style,formality,2,3,"Too conversational, rephrase it to be more formal.",44,43,1,0,0.9772727272727273,0.9772727272727273
./cnn/stories/4df1fb2b81e22650a33a43a72428dfd7447b06ef.story,style,paraphrase,0,1,Paraphrase this.,35,35,0,0,1.0,1.0
./cnn/stories/4df1fb2b81e22650a33a43a72428dfd7447b06ef.story,style,paraphrase,0,2,Paraphrase this.,32,32,0,0,1.0,1.0
./cnn/stories/4df1fb2b81e22650a33a43a72428dfd7447b06ef.story,style,paraphrase,0,3,Paraphrase this.,34,32,2,0,0.9411764705882353,0.9411764705882353
./cnn/stories/4df1fb2b81e22650a33a43a72428dfd7447b06ef.story,style,paraphrase,1,1,Reword this text.,51,48,3,0,0.9411764705882353,0.9411764705882353
./cnn/stories/4df1fb2b81e22650a33a43a72428dfd7447b06ef.story,style,paraphrase,1,2,Reword this text.,43,38,5,0,0.8837209302325582,0.8837209302325582
./cnn/stories/4df1fb2b81e22650a33a43a72428dfd7447b06ef.story,style,paraphrase,1,3,Reword this text.,45,41,4,0,0.9111111111111111,0.9111111111111111
./cnn/stories/4df1fb2b81e22650a33a43a72428dfd7447b06ef.story,style,paraphrase,2,1,Use different wording.,44,44,0,0,1.0,1.0
./cnn/stories/4df1fb2b81e22650a33a43a72428dfd7447b06ef.story,style,paraphrase,2,2,Use different wording.,48,46,2,0,0.9583333333333334,0.9583333333333334
./cnn/stories/4df1fb2b81e22650a33a43a72428dfd7447b06ef.story,style,paraphrase,2,3,Use different wording.,45,43,2,0,0.9555555555555556,0.9555555555555556
./cnn/stories/512e80a87a428d2ee0ff32b00c98c1f4abdac48f.story,content,elaborate,0,1,"Elaborate on the content, adding relevant details while staying faithful to the source text.",57,51,6,0,0.8947368421052632,0.8947368421052632
./cnn/stories/512e80a87a428d2ee0ff32b00c98c1f4abdac48f.story,content,elaborate,0,2,"Elaborate on the content, adding relevant details while staying faithful to the source text.",59,56,3,0,0.9491525423728814,0.9491525423728814
./cnn/stories/512e80a87a428d2ee0ff32b00c98c1f4abdac48f.story,content,elaborate,0,3,"Elaborate on the content, adding relevant details while staying faithful to the source text.",56,52,4,0,0.9285714285714286,0.9285714285714286
./cnn/stories/512e80a87a428d2ee0ff32b00c98c1f4abdac48f.story,content,elaborate,1,1,"Expand the text with more context, without introducing information that is not supported by the original.",56,52,4,0,0.9285714285714286,0.9285714285714286
./cnn/stories/512e80a87a428d2ee0ff32b00c98c1f4abdac48f.story,content,elaborate,1,2,"Expand the text with more context, without introducing information that is not supported by the original.",44,41,3,0,0.9318181818181818,0.9318181818181818
./cnn/stories/512e80a87a428d2ee0ff32b00c98c1f4abdac48f.story,content,elaborate,1,3,"Expand the text with more context, without introducing information that is not supported by the original.",49,46,3,0,0.9387755102040817,0.9387755102040817
./cnn/stories/512e80a87a428d2ee0ff32b00c98c1f4abdac48f.story,content,elaborate,2,1,"Add more detail, keeping every fact grounded in the source material.",88,84,4,0,0.9545454545454546,0.9545454545454546
./cnn/stories/512e80a87a428d2ee0ff32b00c98c1f4abdac48f.story,content,elaborate,2,2,"Add more detail, keeping every fact grounded in the source material.",90,79,11,0,0.8777777777777778,0.8777777777777778
./cnn/stories/512e80a87a428d2ee0ff32b00c98c1f4abdac48f.story,content,elaborate,2,3,"Add more detail, keeping every fact grounded in the source material.",91,81,10,0,0.8901098901098901,0.8901098901098901
./cnn/stories/512e80a87a428d2ee0ff32b00c98c1f4abdac48f.story,content,shorten,0,1,Make wording more concise.,40,37,3,0,0.925,0.925
./cnn/stories/512e80a87a428d2ee0ff32b00c98c1f4abdac48f.story,content,shorten,0,2,Make wording more concise.,37,34,3,0,0.918918918918919,0.918918918918919
./cnn/stories/512e80a87a428d2ee0ff32b00c98c1f4abdac48f.story,content,shorten,0,3,Make wording more concise.,37,34,3,0,0.918918918918919,0.918918918918919
./cnn/stories/512e80a87a428d2ee0ff32b00c98c1f4abdac48f.story,content,shorten,1,1,Rephrase for clarity and conciseness.,24,22,2,0,0.9166666666666666,0.9166666666666666
./cnn/stories/512e80a87a428d2ee0ff32b00c98c1f4abdac48f.story,content,shorten,1,2,Rephrase for clarity and conciseness.,26,24,2,0,0.9230769230769231,0.9230769230769231
./cnn/stories/512e80a87a428d2ee0ff32b00c98c1f4abdac48f.story,content,shorten,1,3,Rephrase for clarity and conciseness.,19,18,1,0,0.9473684210526315,0.9473684210526315
./cnn/stories/512e80a87a428d2ee0ff32b00c98c1f4abdac48f.story,content,shorten,2,1,"Improve accuracy, clarity, and conciseness of language.",60,59,1,0,0.9833333333333333,0.9833333333333333
./cnn/stories/512e80a87a428d2ee0ff32b00c98c1f4abdac48f.story,content,shorten,2,2,"Improve accuracy, clarity, and conciseness of language.",38,35,3,0,0.9210526315789473,0.9210526315789473
./cnn/stories/512e80a87a428d2ee0ff32b00c98c1f4abdac48f.story,content,shorten,2,3,"Improve accuracy, clarity, and conciseness of language.",43,41,2,0,0.9534883720930233,0.9534883720930233
./cnn/stories/512e80a87a428d2ee0ff32b00c98c1f4abdac48f.story,style,formality,0,1,Make the text more formal.,87,82,5,0,0.9425287356321839,0.9425287356321839
./cnn/stories/512e80a87a428d2ee0ff32b00c98c1f4abdac48f.story,style,formality,0,2,Make the text more formal.,64,58,6,0,0.90625,0.90625
./cnn/stories/512e80a87a428d2ee0ff32b00c98c1f4abdac48f.story,style,formality,0,3,Make the text more formal.,60,51,9,0,0.85,0.85
./cnn/stories/512e80a87a428d2ee0ff32b00c98c1f4abdac48f.story,style,formality,1,1,Rephrase it to be more formal.,77,72,5,0,0.935064935064935,0.935064935064935
./cnn/stories/512e80a87a428d2ee0ff32b00c98c1f4abdac48f.story,style,formality,1,2,Rephrase it to be more formal.,81,75,6,0,0.9259259259259259,0.9259259259259259
./cnn/stories/512e80a87a428d2ee0ff32b00c98c1f4abdac48f.story,style,formality,1,3,Rephrase it to be more formal.,71,64,7,0,0.9014084507042254,0.9014084507042254
./cnn/stories/512e80a87a428d2ee0ff32b00c98c1f4abdac48f.story,style,formality,2,1,"Too conversational, rephrase it to be more formal.",83,79,4,0,0.9518072289156626,0.9518072289156626
./cnn/stories/512e80a87a428d2ee0ff32b00c98c1f4abdac48f.story,style,formality,2,2,"Too conversational, rephrase it to be more formal.",71,67,4,0,0.9436619718309859,0.9436619718309859
./cnn/stories/512e80a87a428d2ee0ff32b00c98c1f4abdac48f.story,style,formality,2,3,"Too conversational, rephrase it to be more formal.",69,62,7,0,0.8985507246376812,0.8985507246376812
./cnn/stories/512e80a87a428d2ee0ff32b00c98c1f4abdac48f.story,style,paraphrase,0,1,Paraphrase this.,41,40,1,0,0.975609756097561,0.975609756097561
./cnn/stories/512e80a87a428d2ee0ff32b00c98c1f4abdac48f.story,style,paraphrase,0,2,Paraphrase this.,37,35,2,0,0.9459459459459459,0.9459459459459459
./cnn/stories/512e80a87a428d2ee0ff32b00c98c1f4abdac48f.story,style,paraphrase,0,3,Paraphrase this.,47,40,7,0,0.851063829787234,0.851063829787234
./cnn/stories/512e80a87a428d2ee0ff32b00c98c1f4abdac48f.story,style,paraphrase,1,1,Reword this text.,45,43,2,0,0.9555555555555556,0.9555555555555556
./cnn/stories/512e80a87a428d2ee0ff32b00c98c1f4abdac48f.story,style,paraphrase,1,2,Reword this text.,44,43,1,0,0.9772727272727273,0.9772727272727273
./cnn/stories/512e80a87a428d2ee0ff32b00c98c1f4abdac48f.story,style,paraphrase,1,3,Reword this text.,42,39,3,0,0.9285714285714286,0.9285714285714286
./cnn/stories/512e80a87a428d2ee0ff32b00c98c1f4abdac48f.story,style,paraphrase,2,1,Use different wording.,53,51,2,0,0.9622641509433962,0.9622641509433962
./cnn/stories/512e80a87a428d2ee0ff32b00c98c1f4abdac48f.story,style,paraphrase,2,2,Use different wording.,39,38,1,0,0.9743589743589743,0.9743589743589743
./cnn/stories/512e80a87a428d2ee0ff32b00c98c1f4abdac48f.story,style,paraphrase,2,3,Use different wording.,40,38,2,0,0.95,0.95
./cnn/stories/54f311116af60e9ea641f9754e1dc7f61e5e1bc2.story,content,elaborate,0,1,"Elaborate on the content, adding relevant details while staying faithful to the source text.",71,70,1,0,0.9859154929577465,0.9859154929577465
./cnn/stories/54f311116af60e9ea641f9754e1dc7f61e5e1bc2.story,content,elaborate,0,2,"Elaborate on the content, adding relevant details while staying faithful to the source text.",85,83,2,0,0.9764705882352941,0.9764705882352941
./cnn/stories/54f311116af60e9ea641f9754e1dc7f61e5e1bc2.story,content,elaborate,0,3,"Elaborate on the content, adding relevant details while staying faithful to the source text.",87,85,2,0,0.9770114942528736,0.9770114942528736
./cnn/stories/54f311116af60e9ea641f9754e1dc7f61e5e1bc2.story,content,elaborate,1,1,"Expand the text with more context, without introducing information that is not supported by the original.",70,69,1,0,0.9857142857142858,0.9857142857142858
./cnn/stories/54f311116af60e9ea641f9754e1dc7f61e5e1bc2.story,content,elaborate,1,2,"Expand the text with more context, without introducing information that is not supported by the original.",81,80,1,0,0.9876543209876543,0.9876543209876543
./cnn/stories/54f311116af60e9ea641f9754e1dc7f61e5e1bc2.story,content,elaborate,1,3,"Expand the text with more context, without introducing information that is not supported by the original.",84,82,2,0,0.9761904761904762,0.9761904761904762
./cnn/stories/54f311116af60e9ea641f9754e1dc7f61e5e1bc2.story,content,elaborate,2,1,"Add more detail, keeping every fact grounded in the source material.",75,74,1,0,0.9866666666666667,0.9866666666666667
./cnn/stories/54f311116af60e9ea641f9754e1dc7f61e5e1bc2.story,content,elaborate,2,2,"Add more detail, keeping every fact grounded in the source material.",86,82,4,0,0.9534883720930233,0.9534883720930233
./cnn/stories/54f311116af60e9ea641f9754e1dc7f61e5e1bc2.story,content,elaborate,2,3,"Add more detail, keeping every fact grounded in the source material.",82,79,3,0,0.9634146341463414,0.9634146341463414
./cnn/stories/54f311116af60e9ea641f9754e1dc7f61e5e1bc2.story,content,shorten,0,1,Make wording more concise.,31,31,0,0,1.0,1.0
./cnn/stories/54f311116af60e9ea641f9754e1dc7f61e5e1bc2.story,content,shorten,0,2,Make wording more concise.,27,27,0,0,1.0,1.0
./cnn/stories/54f311116af60e9ea641f9754e1dc7f61e5e1bc2.story,content,shorten,0,3,Make wording more concise.,27,27,0,0,1.0,1.0
./cnn/stories/54f311116af60e9ea641f9754e1dc7f61e5e1bc2.story,content,shorten,1,1,Rephrase for clarity and conciseness.,40,40,0,0,1.0,1.0
./cnn/stories/54f311116af60e9ea641f9754e1dc7f61e5e1bc2.story,content,shorten,1,2,Rephrase for clarity and conciseness.,37,37,0,0,1.0,1.0
./cnn/stories/54f311116af60e9ea641f9754e1dc7f61e5e1bc2.story,content,shorten,1,3,Rephrase for clarity and conciseness.,35,35,0,0,1.0,1.0
./cnn/stories/54f311116af60e9ea641f9754e1dc7f61e5e1bc2.story,content,shorten,2,1,"Improve accuracy, clarity, and conciseness of language.",40,39,1,0,0.975,0.975
./cnn/stories/54f311116af60e9ea641f9754e1dc7f61e5e1bc2.story,content,shorten,2,2,"Improve accuracy, clarity, and conciseness of language.",36,36,0,0,1.0,1.0
./cnn/stories/54f311116af60e9ea641f9754e1dc7f61e5e1bc2.story,content,shorten,2,3,"Improve accuracy, clarity, and conciseness of language.",25,25,0,0,1.0,1.0
./cnn/stories/54f311116af60e9ea641f9754e1dc7f61e5e1bc2.story,style,formality,0,1,Make the text more formal.,80,74,6,0,0.925,0.925
./cnn/stories/54f311116af60e9ea641f9754e1dc7f61e5e1bc2.story,style,formality,0,2,Make the text more formal.,97,93,4,0,0.9587628865979382,0.9587628865979382
./cnn/stories/54f311116af60e9ea641f9754e1dc7f61e5e1bc2.story,style,formality,0,3,Make the text more formal.,81,73,8,0,0.9012345679012346,0.9012345679012346
./cnn/stories/54f311116af60e9ea641f9754e1dc7f61e5e1bc2.story,style,formality,1,1,Rephrase it to be more formal.,66,64,2,0,0.9696969696969697,0.9696969696969697
./cnn/stories/54f311116af60e9ea641f9754e1dc7f61e5e1bc2.story,style,formality,1,2,Rephrase it to be more formal.,62,58,4,0,0.9354838709677419,0.9354838709677419
./cnn/stories/54f311116af60e9ea641f9754e1dc7f61e5e1bc2.story,style,formality,1,3,Rephrase it to be more formal.,70,68,2,0,0.9714285714285714,0.9714285714285714
./cnn/stories/54f311116af60e9ea641f9754e1dc7f61e5e1bc2.story,style,formality,2,1,"Too conversational, rephrase it to be more formal.",76,75,1,0,0.9868421052631579,0.9868421052631579
./cnn/stories/54f311116af60e9ea641f9754e1dc7f61e5e1bc2.story,style,formality,2,2,"Too conversational, rephrase it to be more formal.",70,69,1,0,0.9857142857142858,0.9857142857142858
./cnn/stories/54f311116af60e9ea641f9754e1dc7f61e5e1bc2.story,style,formality,2,3,"Too conversational, rephrase it to be more formal.",66,65,1,0,0.9848484848484849,0.9848484848484849
./cnn/stories/54f311116af60e9ea641f9754e1dc7f61e5e1bc2.story,style,paraphrase,0,1,Paraphrase this.,41,40,1,0,0.975609756097561,0.975609756097561
./cnn/stories/54f311116af60e9ea641f9754e1dc7f61e5e1bc2.story,style,paraphrase,0,2,Paraphrase this.,47,46,1,0,0.9787234042553191,0.9787234042553191
./cnn/stories/54f311116af60e9ea641f9754e1dc7f61e5e1bc2.story,style,paraphrase,0,3,Paraphrase this.,44,43,1,0,0.9772727272727273,0.9772727272727273
./cnn/stories/54f311116af60e9ea641f9754e1dc7f61e5e1bc2.story,style,paraphrase,1,1,Reword this text.,56,53,3,0,0.9464285714285714,0.9464285714285714
./cnn/stories/54f311116af60e9ea641f9754e1dc7f61e5e1bc2.story,style,paraphrase,1,2,Reword this text.,44,41,3,0,0.9318181818181818,0.9318181818181818
./cnn/stories/54f311116af60e9ea641f9754e1dc7f61e5e1bc2.story,style,paraphrase,1,3,Reword this text.,42,39,3,0,0.9285714285714286,0.9285714285714286
./cnn/stories/54f311116af60e9ea641f9754e1dc7f61e5e1bc2.story,style,paraphrase,2,1,Use different wording.,52,51,1,0,0.9807692307692307,0.9807692307692307
./cnn/stories/54f311116af60e9ea641f9754e1dc7f61e5e1bc2.story,style,paraphrase,2,2,Use different wording.,54,51,3,0,0.9444444444444444,0.9444444444444444
./cnn/stories/54f311116af60e9ea641f9754e1dc7f61e5e1bc2.story,style,paraphrase,2,3,Use different wording.,50,49,1,0,0.98,0.98
./cnn/stories/562a96b7a77931e60f0a96ee004c4314734326a3.story,content,elaborate,0,1,"Elaborate on the content, adding relevant details while staying faithful to the source text.",37,37,0,0,1.0,1.0
./cnn/stories/562a96b7a77931e60f0a96ee004c4314734326a3.story,content,elaborate,0,2,"Elaborate on the content, adding relevant details while staying faithful to the source text.",47,47,0,0,1.0,1.0
./cnn/stories/562a96b7a77931e60f0a96ee004c4314734326a3.story,content,elaborate,0,3,"Elaborate on the content, adding relevant details while staying faithful to the source text.",50,50,0,0,1.0,1.0
./cnn/stories/562a96b7a77931e60f0a96ee004c4314734326a3.story,content,elaborate,1,1,"Expand the text with more context, without introducing information that is not supported by the original.",37,37,0,0,1.0,1.0
./cnn/stories/562a96b7a77931e60f0a96ee004c4314734326a3.story,content,elaborate,1,2,"Expand the text with more context, without introducing information that is not supported by the original.",35,34,1,0,0.9714285714285714,0.9714285714285714
./cnn/stories/562a96b7a77931e60f0a96ee004c4314734326a3.story,content,elaborate,1,3,"Expand the text with more context, without introducing information that is not supported by the original.",32,31,1,0,0.96875,0.96875
./cnn/stories/562a96b7a77931e60f0a96ee004c4314734326a3.story,content,elaborate,2,1,"Add more detail, keeping every fact grounded in the source material.",43,43,0,0,1.0,1.0
./cnn/stories/562a96b7a77931e60f0a96ee004c4314734326a3.story,content,elaborate,2,2,"Add more detail, keeping every fact grounded in the source material.",48,44,4,0,0.9166666666666666,0.9166666666666666
./cnn/stories/562a96b7a77931e60f0a96ee004c4314734326a3.story,content,elaborate,2,3,"Add more detail, keeping every fact grounded in the source material.",44,42,2,0,0.9545454545454546,0.9545454545454546
./cnn/stories/562a96b7a77931e60f0a96ee004c4314734326a3.story,content,shorten,0,1,Make wording more concise.,27,27,0,0,1.0,1.0
./cnn/stories/562a96b7a77931e60f0a96ee004c4314734326a3.story,content,shorten,0,2,Make wording more concise.,25,25,0,0,1.0,1.0
./cnn/stories/562a96b7a77931e60f0a96ee004c4314734326a3.story,content,shorten,0,3,Make wording more concise.,25,24,1,0,0.96,0.96
./cnn/stories/562a96b7a77931e60f0a96ee004c4314734326a3.story,content,shorten,1,1,Rephrase for clarity and conciseness.,25,24,1,0,0.96,0.96
./cnn/stories/562a96b7a77931e60f0a96ee004c4314734326a3.story,content,shorten,1,2,Rephrase for clarity and conciseness.,20,19,1,0,0.95,0.95
./cnn/stories/562a96b7a77931e60f0a96ee004c4314734326a3.story,content,shorten,1,3,Rephrase for clarity and conciseness.,18,18,0,0,1.0,1.0
./cnn/stories/562a96b7a77931e60f0a96ee004c4314734326a3.story,content,shorten,2,1,"Improve accuracy, clarity, and conciseness of language.",29,29,0,0,1.0,1.0
./cnn/stories/562a96b7a77931e60f0a96ee004c4314734326a3.story,content,shorten,2,2,"Improve accuracy, clarity, and conciseness of language.",36,36,0,0,1.0,1.0
./cnn/stories/562a96b7a77931e60f0a96ee004c4314734326a3.story,content,shorten,2,3,"Improve accuracy, clarity, and conciseness of language.",32,32,0,0,1.0,1.0
./cnn/stories/562a96b7a77931e60f0a96ee004c4314734326a3.story,style,formality,0,1,Make the text more formal.,47,46,1,0,0.9787234042553191,0.9787234042553191
./cnn/stories/562a96b7a77931e60f0a96ee004c4314734326a3.story,style,formality,0,2,Make the text more formal.,54,53,1,0,0.9814814814814815,0.9814814814814815
./cnn/stories/562a96b7a77931e60f0a96ee004c4314734326a3.story,style,formality,0,3,Make the text more formal.,43,43,0,0,1.0,1.0
./cnn/stories/562a96b7a77931e60f0a96ee004c4314734326a3.story,style,formality,1,1,Rephrase it to be more formal.,43,42,1,0,0.9767441860465116,0.9767441860465116
./cnn/stories/562a96b7a77931e60f0a96ee004c4314734326a3.story,style,formality,1,2,Rephrase it to be more formal.,50,39,11,0,0.78,0.78
./cnn/stories/562a96b7a77931e60f0a96ee004c4314734326a3.story,style,formality,1,3,Rephrase it to be more formal.,45,44,1,0,0.9777777777777777,0.9777777777777777
./cnn/stories/562a96b7a77931e60f0a96ee004c4314734326a3.story,style,formality,2,1,"Too conversational, rephrase it to be more formal.",59,59,0,0,1.0,1.0
./cnn/stories/562a96b7a77931e60f0a96ee004c4314734326a3.story,style,formality,2,2,"Too conversational, rephrase it to be more formal.",49,46,3,0,0.9387755102040817,0.9387755102040817
./cnn/stories/562a96b7a77931e60f0a96ee004c4314734326a3.story,style,formality,2,3,"Too conversational, rephrase it to be more formal.",53,53,0,0,1.0,1.0
./cnn/stories/562a96b7a77931e60f0a96ee004c4314734326a3.story,style,paraphrase,0,1,Paraphrase this.,28,27,1,0,0.9642857142857143,0.9642857142857143
./cnn/stories/562a96b7a77931e60f0a96ee004c4314734326a3.story,style,paraphrase,0,2,Paraphrase this.,33,31,2,0,0.9393939393939394,0.9393939393939394
./cnn/stories/562a96b7a77931e60f0a96ee004c4314734326a3.story,style,paraphrase,0,3,Paraphrase this.,35,34,1,0,0.9714285714285714,0.9714285714285714
./cnn/stories/562a96b7a77931e60f0a96ee004c4314734326a3.story,style,paraphrase,1,1,Reword this text.,31,31,0,0,1.0,1.0
./cnn/stories/562a96b7a77931e60f0a96ee004c4314734326a3.story,style,paraphrase,1,2,Reword this text.,27,27,0,0,1.0,1.0
./cnn/stories/562a96b7a77931e60f0a96ee004c4314734326a3.story,style,paraphrase,1,3,Reword this text.,24,24,0,0,1.0,1.0
./cnn/stories/562a96b7a77931e60f0a96ee004c4314734326a3.story,style,paraphrase,2,1,Use different wording.,42,42,0,0,1.0,1.0
./cnn/stories/562a96b7a77931e60f0a96ee004c4314734326a3.story,style,paraphrase,2,2,Use different wording.,40,37,3,0,0.925,0.925
./cnn/stories/562a96b7a77931e60f0a96ee004c4314734326a3.story,style,paraphrase,2,3,Use different wording.,38,37,1,0,0.9736842105263158,0.9736842105263158
./cnn/stories/5852e143b34cc30e94aed29193fc2e1dce37b1b1.story,content,elaborate,0,1,"Elaborate on the content, adding relevant details while staying faithful to the source text.",45,44,1,0,0.9777777777777777,0.9777777777777777
./cnn/stories/5852e143b34cc30e94aed29193fc2e1dce37b1b1.story,content,elaborate,0,2,"Elaborate on the content, adding relevant details while staying faithful to the source text.",47,44,3,0,0.9361702127659575,0.9361702127659575
./cnn/stories/5852e143b34cc30e94aed29193fc2e1dce37b1b1.story,content,elaborate,0,3,"Elaborate on the content, adding relevant details while staying faithful to the source text.",50,48,2,0,0.96,0.96
./cnn/stories/5852e143b34cc30e94aed29193fc2e1dce37b1b1.story,content,elaborate,1,1,"Expand the text with more context, without introducing information that is not supported by the original.",39,37,2,0,0.9487179487179487,0.9487179487179487
./cnn/stories/5852e143b34cc30e94aed29193fc2e1dce37b1b1.story,content,elaborate,1,2,"Expand the text with more context, without introducing information that is not supported by the original.",36,33,3,0,0.9166666666666666,0.9166666666666666
./cnn/stories/5852e143b34cc30e94aed29193fc2e1dce37b1b1.story,content,elaborate,1,3,"Expand the text with more context, without introducing information that is not supported by the original.",30,26,4,0,0.8666666666666667,0.8666666666666667
./cnn/stories/5852e143b34cc30e94aed29193fc2e1dce37b1b1.story,content,elaborate,2,1,"Add more detail, keeping every fact grounded in the source material.",28,27,1,0,0.9642857142857143,0.9642857142857143
./cnn/stories/5852e143b34cc30e94aed29193fc2e1dce37b1b1.story,content,elaborate,2,2,"Add more detail, keeping every fact grounded in the source material.",36,31,5,0,0.8611111111111112,0.8611111111111112
./cnn/stories/5852e143b34cc30e94aed29193fc2e1dce37b1b1.story,content,elaborate,2,3,"Add more detail, keeping every fact grounded in the source material.",46,39,7,0,0.8478260869565217,0.8478260869565217
./cnn/stories/5852e143b34cc30e94aed29193fc2e1dce37b1b1.story,content,shorten,0,1,Make wording more concise.,18,17,1,0,0.9444444444444444,0.9444444444444444
./cnn/stories/5852e143b34cc30e94aed29193fc2e1dce37b1b1.story,content,shorten,0,2,Make wording more concise.,18,17,1,0,0.9444444444444444,0.9444444444444444
./cnn/stories/5852e143b34cc30e94aed29193fc2e1dce37b1b1.story,content,shorten,0,3,Make wording more concise.,17,16,1,0,0.9411764705882353,0.9411764705882353
./cnn/stories/5852e143b34cc30e94aed29193fc2e1dce37b1b1.story,content,shorten,1,1,Rephrase for clarity and conciseness.,34,33,1,0,0.9705882352941176,0.9705882352941176
./cnn/stories/5852e143b34cc30e94aed29193fc2e1dce37b1b1.story,content,shorten,1,2,Rephrase for clarity and conciseness.,18,18,0,0,1.0,1.0
./cnn/stories/5852e143b34cc30e94aed29193fc2e1dce37b1b1.story,content,shorten,1,3,Rephrase for clarity and conciseness.,24,24,0,0,1.0,1.0
./cnn/stories/5852e143b34cc30e94aed29193fc2e1dce37b1b1.story,content,shorten,2,1,"Improve accuracy, clarity, and conciseness of language.",29,27,2,0,0.9310344827586207,0.9310344827586207
./cnn/stories/5852e143b34cc30e94aed29193fc2e1dce37b1b1.story,content,shorten,2,2,"Improve accuracy, clarity, and conciseness of language.",29,26,3,0,0.896551724137931,0.896551724137931
./cnn/stories/5852e143b34cc30e94aed29193fc2e1dce37b1b1.story,content,shorten,2,3,"Improve accuracy, clarity, and conciseness of language.",24,23,1,0,0.9583333333333334,0.9583333333333334
./cnn/stories/5852e143b34cc30e94aed29193fc2e1dce37b1b1.story,style,formality,0,1,Make the text more formal.,32,32,0,0,1.0,1.0
./cnn/stories/5852e143b34cc30e94aed29193fc2e1dce37b1b1.story,style,formality,0,2,Make the text more formal.,28,28,0,0,1.0,1.0
./cnn/stories/5852e143b34cc30e94aed29193fc2e1dce37b1b1.story,style,formality,0,3,Make the text more formal.,32,31,1,0,0.96875,0.96875
./cnn/stories/5852e143b34cc30e94aed29193fc2e1dce37b1b1.story,style,formality,1,1,Rephrase it to be more formal.,33,33,0,0,1.0,1.0
./cnn/stories/5852e143b34cc30e94aed29193fc2e1dce37b1b1.story,style,formality,1,2,Rephrase it to be more formal.,31,31,0,0,1.0,1.0
./cnn/stories/5852e143b34cc30e94aed29193fc2e1dce37b1b1.story,style,formality,1,3,Rephrase it to be more formal.,34,34,0,0,1.0,1.0
./cnn/stories/5852e143b34cc30e94aed29193fc2e1dce37b1b1.story,style,formality,2,1,"Too conversational, rephrase it to be more formal.",42,42,0,0,1.0,1.0
./cnn/stories/5852e143b34cc30e94aed29193fc2e1dce37b1b1.story,style,formality,2,2,"Too conversational, rephrase it to be more formal.",38,37,1,0,0.9736842105263158,0.9736842105263158
./cnn/stories/5852e143b34cc30e94aed29193fc2e1dce37b1b1.story,style,formality,2,3,"Too conversational, rephrase it to be more formal.",39,37,2,0,0.9487179487179487,0.9487179487179487
./cnn/stories/5852e143b34cc30e94aed29193fc2e1dce37b1b1.story,style,paraphrase,0,1,Paraphrase this.,32,31,1,0,0.96875,0.96875
./cnn/stories/5852e143b34cc30e94aed29193fc2e1dce37b1b1.story,style,paraphrase,0,2,Paraphrase this.,34,33,1,0,0.9705882352941176,0.9705882352941176
./cnn/stories/5852e143b34cc30e94aed29193fc2e1dce37b1b1.story,style,paraphrase,0,3,Paraphrase this.,33,33,0,0,1.0,1.0
./cnn/stories/5852e143b34cc30e94aed29193fc2e1dce37b1b1.story,style,paraphrase,1,1,Reword this text.,41,38,3,0,0.926829268292683,0.926829268292683
./cnn/stories/5852e143b34cc30e94aed29193fc2e1dce37b1b1.story,style,paraphrase,1,2,Reword this text.,37,35,2,0,0.9459459459459459,0.9459459459459459
./cnn/stories/5852e143b34cc30e94aed29193fc2e1dce37b1b1.story,style,paraphrase,1,3,Reword this text.,39,37,2,0,0.9487179487179487,0.9487179487179487
./cnn/stories/5852e143b34cc30e94aed29193fc2e1dce37b1b1.story,style,paraphrase,2,1,Use different wording.,33,31,2,0,0.9393939393939394,0.9393939393939394
./cnn/stories/5852e143b34cc30e94aed29193fc2e1dce37b1b1.story,style,paraphrase,2,2,Use different wording.,32,30,2,0,0.9375,0.9375
./cnn/stories/5852e143b34cc30e94aed29193fc2e1dce37b1b1.story,style,paraphrase,2,3,Use different wording.,33,32,1,0,0.9696969696969697,0.9696969696969697
./cnn/stories/589d86e3c38ce73de86525181be2b9fc95bbddab.story,content,elaborate,0,1,"Elaborate on the content, adding relevant details while staying faithful to the source text.",69,69,0,0,1.0,1.0
./cnn/stories/589d86e3c38ce73de86525181be2b9fc95bbddab.story,content,elaborate,0,2,"Elaborate on the content, adding relevant details while staying faithful to the source text.",82,82,0,0,1.0,1.0
./cnn/stories/589d86e3c38ce73de86525181be2b9fc95bbddab.story,content,elaborate,0,3,"Elaborate on the content, adding relevant details while staying faithful to the source text.",78,76,2,0,0.9743589743589743,0.9743589743589743
./cnn/stories/589d86e3c38ce73de86525181be2b9fc95bbddab.story,content,elaborate,1,1,"Expand the text with more context, without introducing information that is not supported by the original.",60,60,0,0,1.0,1.0
./cnn/stories/589d86e3c38ce73de86525181be2b9fc95bbddab.story,content,elaborate,1,2,"Expand the text with more context, without introducing information that is not supported by the original.",61,61,0,0,1.0,1.0
./cnn/stories/589d86e3c38ce73de86525181be2b9fc95bbddab.story,content,elaborate,1,3,"Expand the text with more context, without introducing information that is not supported by the original.",51,51,0,0,1.0,1.0
./cnn/stories/589d86e3c38ce73de86525181be2b9fc95bbddab.story,content,elaborate,2,1,"Add more detail, keeping every fact grounded in the source material.",66,66,0,0,1.0,1.0
./cnn/stories/589d86e3c38ce73de86525181be2b9fc95bbddab.story,content,elaborate,2,2,"Add more detail, keeping every fact grounded in the source material.",67,67,0,0,1.0,1.0
./cnn/stories/589d86e3c38ce73de86525181be2b9fc95bbddab.story,content,elaborate,2,3,"Add more detail, keeping every fact grounded in the source material.",72,72,0,0,1.0,1.0
./cnn/stories/589d86e3c38ce73de86525181be2b9fc95bbddab.story,content,shorten,0,1,Make wording more concise.,36,35,1,0,0.9722222222222222,0.9722222222222222
./cnn/stories/589d86e3c38ce73de86525181be2b9fc95bbddab.story,content,shorten,0,2,Make wording more concise.,28,28,0,0,1.0,1.0
./cnn/stories/589d86e3c38ce73de86525181be2b9fc95bbddab.story,content,shorten,0,3,Make wording more concise.,27,26,1,0,0.9629629629629629,0.9629629629629629
./cnn/stories/589d86e3c38ce73de86525181be2b9fc95bbddab.story,content,shorten,1,1,Rephrase for clarity and conciseness.,26,25,1,0,0.9615384615384616,0.9615384615384616
./cnn/stories/589d86e3c38ce73de86525181be2b9fc95bbddab.story,content,shorten,1,2,Rephrase for clarity and conciseness.,29,29,0,0,1.0,1.0
./cnn/stories/589d86e3c38ce73de86525181be2b9fc95bbddab.story,content,shorten,1,3,Rephrase for clarity and conciseness.,27,27,0,0,1.0,1.0
./cnn/stories/589d86e3c38ce73de86525181be2b9fc95bbddab.story,content,shorten,2,1,"Improve accuracy, clarity, and conciseness of language.",34,33,1,0,0.9705882352941176,0.9705882352941176
./cnn/stories/589d86e3c38ce73de86525181be2b9fc95bbddab.story,content,shorten,2,2,"Improve accuracy, clarity, and conciseness of language.",37,37,0,0,1.0,1.0
./cnn/stories/589d86e3c38ce73de86525181be2b9fc95bbddab.story,content,shorten,2,3,"Improve accuracy, clarity, and conciseness of language.",34,31,3,0,0.9117647058823529,0.9117647058823529
./cnn/stories/589d86e3c38ce73de86525181be2b9fc95bbddab.story,style,formality,0,1,Make the text more formal.,77,76,1,0,0.987012987012987,0.987012987012987
./cnn/stories/589d86e3c38ce73de86525181be2b9fc95bbddab.story,style,formality,0,2,Make the text more formal.,77,77,0,0,1.0,1.0
./cnn/stories/589d86e3c38ce73de86525181be2b9fc95bbddab.story,style,formality,0,3,Make the text more formal.,75,75,0,0,1.0,1.0
./cnn/stories/589d86e3c38ce73de86525181be2b9fc95bbddab.story,style,formality,1,1,Rephrase it to be more formal.,76,76,0,0,1.0,1.0
./cnn/stories/589d86e3c38ce73de86525181be2b9fc95bbddab.story,style,formality,1,2,Rephrase it to be more formal.,75,73,2,0,0.9733333333333334,0.9733333333333334
./cnn/stories/589d86e3c38ce73de86525181be2b9fc95bbddab.story,style,formality,1,3,Rephrase it to be more formal.,75,75,0,0,1.0,1.0
./cnn/stories/589d86e3c38ce73de86525181be2b9fc95bbddab.story,style,formality,2,1,"Too conversational, rephrase it to be more formal.",73,70,3,0,0.958904109589041,0.958904109589041
./cnn/stories/589d86e3c38ce73de86525181be2b9fc95bbddab.story,style,formality,2,2,"Too conversational, rephrase it to be more formal.",79,77,2,0,0.9746835443037974,0.9746835443037974
./cnn/stories/589d86e3c38ce73de86525181be2b9fc95bbddab.story,style,formality,2,3,"Too conversational, rephrase it to be more formal.",71,69,2,0,0.971830985915493,0.971830985915493
./cnn/stories/589d86e3c38ce73de86525181be2b9fc95bbddab.story,style,paraphrase,0,1,Paraphrase this.,47,46,1,0,0.9787234042553191,0.9787234042553191
./cnn/stories/589d86e3c38ce73de86525181be2b9fc95bbddab.story,style,paraphrase,0,2,Paraphrase this.,41,40,1,0,0.975609756097561,0.975609756097561
./cnn/stories/589d86e3c38ce73de86525181be2b9fc95bbddab.story,style,paraphrase,0,3,Paraphrase this.,44,43,1,0,0.9772727272727273,0.9772727272727273
./cnn/stories/589d86e3c38ce73de86525181be2b9fc95bbddab.story,style,paraphrase,1,1,Reword this text.,49,49,0,0,1.0,1.0
./cnn/stories/589d86e3c38ce73de86525181be2b9fc95bbddab.story,style,paraphrase,1,2,Reword this text.,51,51,0,0,1.0,1.0
./cnn/stories/589d86e3c38ce73de86525181be2b9fc95bbddab.story,style,paraphrase,1,3,Reword this text.,50,50,0,0,1.0,1.0
./cnn/stories/589d86e3c38ce73de86525181be2b9fc95bbddab.story,style,paraphrase,2,1,Use different wording.,67,66,1,0,0.9850746268656716,0.9850746268656716
./cnn/stories/589d86e3c38ce73de86525181be2b9fc95bbddab.story,style,paraphrase,2,2,Use different wording.,54,53,1,0,0.9814814814814815,0.9814814814814815
./cnn/stories/589d86e3c38ce73de86525181be2b9fc95bbddab.story,style,paraphrase,2,3,Use different wording.,59,58,1,0,0.9830508474576272,0.9830508474576272
./cnn/stories/58f3ec064c17a35ce0eef03a596cdb5851946241.story,content,elaborate,0,1,"Elaborate on the content, adding relevant details while staying faithful to the source text.",64,63,1,0,0.984375,0.984375
./cnn/stories/58f3ec064c17a35ce0eef03a596cdb5851946241.story,content,elaborate,0,2,"Elaborate on the content, adding relevant details while staying faithful to the source text.",72,67,5,0,0.9305555555555556,0.9305555555555556
./cnn/stories/58f3ec064c17a35ce0eef03a596cdb5851946241.story,content,elaborate,0,3,"Elaborate on the content, adding relevant details while staying faithful to the source text.",72,65,7,0,0.9027777777777778,0.9027777777777778
./cnn/stories/58f3ec064c17a35ce0eef03a596cdb5851946241.story,content,elaborate,1,1,"Expand the text with more context, without introducing information that is not supported by the original.",50,49,1,0,0.98,0.98
./cnn/stories/58f3ec064c17a35ce0eef03a596cdb5851946241.story,content,elaborate,1,2,"Expand the text with more context, without introducing information that is not supported by the original.",38,36,2,0,0.9473684210526315,0.9473684210526315
./cnn/stories/58f3ec064c17a35ce0eef03a596cdb5851946241.story,content,elaborate,1,3,"Expand the text with more context, without introducing information that is not supported by the original.",49,48,1,0,0.9795918367346939,0.9795918367346939
./cnn/stories/58f3ec064c17a35ce0eef03a596cdb5851946241.story,content,elaborate,2,1,"Add more detail, keeping every fact grounded in the source material.",68,65,3,0,0.9558823529411765,0.9558823529411765
./cnn/stories/58f3ec064c17a35ce0eef03a596cdb5851946241.story,content,elaborate,2,2,"Add more detail, keeping every fact grounded in the source material.",75,71,4,0,0.9466666666666667,0.9466666666666667
./cnn/stories/58f3ec064c17a35ce0eef03a596cdb5851946241.story,content,elaborate,2,3,"Add more detail, keeping every fact grounded in the source material.",72,67,5,0,0.9305555555555556,0.9305555555555556
./cnn/stories/58f3ec064c17a35ce0eef03a596cdb5851946241.story,content,shorten,0,1,Make wording more concise.,26,26,0,0,1.0,1.0
./cnn/stories/58f3ec064c17a35ce0eef03a596cdb5851946241.story,content,shorten,0,2,Make wording more concise.,20,20,0,0,1.0,1.0
./cnn/stories/58f3ec064c17a35ce0eef03a596cdb5851946241.story,content,shorten,0,3,Make wording more concise.,11,11,0,0,1.0,1.0
./cnn/stories/58f3ec064c17a35ce0eef03a596cdb5851946241.story,content,shorten,1,1,Rephrase for clarity and conciseness.,29,18,11,0,0.6206896551724138,0.6206896551724138
./cnn/stories/58f3ec064c17a35ce0eef03a596cdb5851946241.story,content,shorten,1,2,Rephrase for clarity and conciseness.,16,16,0,0,1.0,1.0
./cnn/stories/58f3ec064c17a35ce0eef03a596cdb5851946241.story,content,shorten,1,3,Rephrase for clarity and conciseness.,13,13,0,0,1.0,1.0
./cnn/stories/58f3ec064c17a35ce0eef03a596cdb5851946241.story,content,shorten,2,1,"Improve accuracy, clarity, and conciseness of language.",43,43,0,0,1.0,1.0
./cnn/stories/58f3ec064c17a35ce0eef03a596cdb5851946241.story,content,shorten,2,2,"Improve accuracy, clarity, and conciseness of language.",33,33,0,0,1.0,1.0
./cnn/stories/58f3ec064c17a35ce0eef03a596cdb5851946241.story,content,shorten,2,3,"Improve accuracy, clarity, and conciseness of language.",29,29,0,0,1.0,1.0
./cnn/stories/58f3ec064c17a35ce0eef03a596cdb5851946241.story,style,formality,0,1,Make the text more formal.,58,58,0,0,1.0,1.0
./cnn/stories/58f3ec064c17a35ce0eef03a596cdb5851946241.story,style,formality,0,2,Make the text more formal.,53,53,0,0,1.0,1.0
./cnn/stories/58f3ec064c17a35ce0eef03a596cdb5851946241.story,style,formality,0,3,Make the text more formal.,49,49,0,0,1.0,1.0
./cnn/stories/58f3ec064c17a35ce0eef03a596cdb5851946241.story,style,formality,1,1,Rephrase it to be more formal.,70,69,1,0,0.9857142857142858,0.9857142857142858
./cnn/stories/58f3ec064c17a35ce0eef03a596cdb5851946241.story,style,formality,1,2,Rephrase it to be more formal.,69,67,2,0,0.9710144927536232,0.9710144927536232
./cnn/stories/58f3ec064c17a35ce0eef03a596cdb5851946241.story,style,formality,1,3,Rephrase it to be more formal.,70,68,2,0,0.9714285714285714,0.9714285714285714
./cnn/stories/58f3ec064c17a35ce0eef03a596cdb5851946241.story,style,formality,2,1,"Too conversational, rephrase it to be more formal.",42,42,0,0,1.0,1.0
./cnn/stories/58f3ec064c17a35ce0eef03a596cdb5851946241.story,style,formality,2,2,"Too conversational, rephrase it to be more formal.",33,32,1,0,0.9696969696969697,0.9696969696969697
./cnn/stories/58f3ec064c17a35ce0eef03a596cdb5851946241.story,style,formality,2,3,"Too conversational, rephrase it to be more formal.",37,37,0,0,1.0,1.0
./cnn/stories/58f3ec064c17a35ce0eef03a596cdb5851946241.story,style,paraphrase,0,1,Paraphrase this.,38,37,1,0,0.9736842105263158,0.9736842105263158
./cnn/stories/58f3ec064c17a35ce0eef03a596cdb5851946241.story,style,paraphrase,0,2,Paraphrase this.,24,24,0,0,1.0,1.0
./cnn/stories/58f3ec064c17a35ce0eef03a596cdb5851946241.story,style,paraphrase,0,3,Paraphrase this.,28,28,0,0,1.0,1.0
./cnn/stories/58f3ec064c17a35ce0eef03a596cdb5851946241.story,style,paraphrase,1,1,Reword this text.,44,44,0,0,1.0,1.0
./cnn/stories/58f3ec064c17a35ce0eef03a596cdb5851946241.story,style,paraphrase,1,2,Reword this text.,50,49,1,0,0.98,0.98
./cnn/stories/58f3ec064c17a35ce0eef03a596cdb5851946241.story,style,paraphrase,1,3,Reword this text.,36,34,2,0,0.9444444444444444,0.9444444444444444
./cnn/stories/58f3ec064c17a35ce0eef03a596cdb5851946241.story,style,paraphrase,2,1,Use different wording.,74,59,15,0,0.7972972972972973,0.7972972972972973
./cnn/stories/58f3ec064c17a35ce0eef03a596cdb5851946241.story,style,paraphrase,2,2,Use different wording.,47,47,0,0,1.0,1.0
./cnn/stories/58f3ec064c17a35ce0eef03a596cdb5851946241.story,style,paraphrase,2,3,Use different wording.,43,42,1,0,0.9767441860465116,0.9767441860465116
./cnn/stories/5a1090b00f7f66194f3b088e4d39bd410721a063.story,content,elaborate,0,1,"Elaborate on the content, adding relevant details while staying faithful to the source text.",50,48,2,0,0.96,0.96
./cnn/stories/5a1090b00f7f66194f3b088e4d39bd410721a063.story,content,elaborate,0,2,"Elaborate on the content, adding relevant details while staying faithful to the source text.",61,61,0,0,1.0,1.0
./cnn/stories/5a1090b00f7f66194f3b088e4d39bd410721a063.story,content,elaborate,0,3,"Elaborate on the content, adding relevant details while staying faithful to the source text.",46,45,1,0,0.9782608695652174,0.9782608695652174
./cnn/stories/5a1090b00f7f66194f3b088e4d39bd410721a063.story,content,elaborate,1,1,"Expand the text with more context, without introducing information that is not supported by the original.",39,36,3,0,0.9230769230769231,0.9230769230769231
./cnn/stories/5a1090b00f7f66194f3b088e4d39bd410721a063.story,content,elaborate,1,2,"Expand the text with more context, without introducing information that is not supported by the original.",33,33,0,0,1.0,1.0
./cnn/stories/5a1090b00f7f66194f3b088e4d39bd410721a063.story,content,elaborate,1,3,"Expand the text with more context, without introducing information that is not supported by the original.",27,27,0,0,1.0,1.0
./cnn/stories/5a1090b00f7f66194f3b088e4d39bd410721a063.story,content,elaborate,2,1,"Add more detail, keeping every fact grounded in the source material.",55,52,3,0,0.9454545454545454,0.9454545454545454
./cnn/stories/5a1090b00f7f66194f3b088e4d39bd410721a063.story,content,elaborate,2,2,"Add more detail, keeping every fact grounded in the source material.",55,52,3,0,0.9454545454545454,0.9454545454545454
./cnn/stories/5a1090b00f7f66194f3b088e4d39bd410721a063.story,content,elaborate,2,3,"Add more detail, keeping every fact grounded in the source material.",54,48,6,0,0.8888888888888888,0.8888888888888888
./cnn/stories/5a1090b00f7f66194f3b088e4d39bd410721a063.story,content,shorten,0,1,Make wording more concise.,28,28,0,0,1.0,1.0
./cnn/stories/5a1090b00f7f66194f3b088e4d39bd410721a063.story,content,shorten,0,2,Make wording more concise.,16,16,0,0,1.0,1.0
./cnn/stories/5a1090b00f7f66194f3b088e4d39bd410721a063.story,content,shorten,0,3,Make wording more concise.,17,17,0,0,1.0,1.0
./cnn/stories/5a1090b00f7f66194f3b088e4d39bd410721a063.story,content,shorten,1,1,Rephrase for clarity and conciseness.,26,26,0,0,1.0,1.0
./cnn/stories/5a1090b00f7f66194f3b088e4d39bd410721a063.story,content,shorten,1,2,Rephrase for clarity and conciseness.,19,19,0,0,1.0,1.0
./cnn/stories/5a1090b00f7f66194f3b088e4d39bd410721a063.story,content,shorten,1,3,Rephrase for clarity and conciseness.,14,14,0,0,1.0,1.0
./cnn/stories/5a1090b00f7f66194f3b088e4d39bd410721a063.story,content,shorten,2,1,"Improve accuracy, clarity, and conciseness of language.",29,28,1,0,0.9655172413793104,0.9655172413793104
./cnn/stories/5a1090b00f7f66194f3b088e4d39bd410721a063.story,content,shorten,2,2,"Improve accuracy, clarity, and conciseness of language.",29,28,1,0,0.9655172413793104,0.9655172413793104
./cnn/stories/5a1090b00f7f66194f3b088e4d39bd410721a063.story,content,shorten,2,3,"Improve accuracy, clarity, and conciseness of language.",28,28,0,0,1.0,1.0
./cnn/stories/5a1090b00f7f66194f3b088e4d39bd410721a063.story,style,formality,0,1,Make the text more formal.,42,37,5,0,0.8809523809523809,0.8809523809523809
./cnn/stories/5a1090b00f7f66194f3b088e4d39bd410721a063.story,style,formality,0,2,Make the text more formal.,41,39,2,0,0.9512195121951219,0.9512195121951219
./cnn/stories/5a1090b00f7f66194f3b088e4d39bd410721a063.story,style,formality,0,3,Make the text more formal.,41,39,2,0,0.9512195121951219,0.9512195121951219
./cnn/stories/5a1090b00f7f66194f3b088e4d39bd410721a063.story,style,formality,1,1,Rephrase it to be more formal.,37,37,0,0,1.0,1.0
./cnn/stories/5a1090b00f7f66194f3b088e4d39bd410721a063.story,style,formality,1,2,Rephrase it to be more formal.,42,40,2,0,0.9523809523809523,0.9523809523809523
./cnn/stories/5a1090b00f7f66194f3b088e4d39bd410721a063.story,style,formality,1,3,Rephrase it to be more formal.,42,40,2,0,0.9523809523809523,0.9523809523809523
./cnn/stories/5a1090b00f7f66194f3b088e4d39bd410721a063.story,style,formality,2,1,"Too conversational, rephrase it to be more formal.",48,45,3,0,0.9375,0.9375
./cnn/stories/5a1090b00f7f66194f3b088e4d39bd410721a063.story,style,formality,2,2,"Too conversational, rephrase it to be more formal.",42,40,2,0,0.9523809523809523,0.9523809523809523
./cnn/stories/5a1090b00f7f66194f3b088e4d39bd410721a063.story,style,formality,2,3,"Too conversational, rephrase it to be more formal.",43,41,2,0,0.9534883720930233,0.9534883720930233
./cnn/stories/5a1090b00f7f66194f3b088e4d39bd410721a063.story,style,paraphrase,0,1,Paraphrase this.,30,27,3,0,0.9,0.9
./cnn/stories/5a1090b00f7f66194f3b088e4d39bd410721a063.story,style,paraphrase,0,2,Paraphrase this.,25,23,2,0,0.92,0.92
./cnn/stories/5a1090b00f7f66194f3b088e4d39bd410721a063.story,style,paraphrase,0,3,Paraphrase this.,31,29,2,0,0.9354838709677419,0.9354838709677419
./cnn/stories/5a1090b00f7f66194f3b088e4d39bd410721a063.story,style,paraphrase,1,1,Reword this text.,32,30,2,0,0.9375,0.9375
./cnn/stories/5a1090b00f7f66194f3b088e4d39bd410721a063.story,style,paraphrase,1,2,Reword this text.,36,34,2,0,0.9444444444444444,0.9444444444444444
./cnn/stories/5a1090b00f7f66194f3b088e4d39bd410721a063.story,style,paraphrase,1,3,Reword this text.,34,32,2,0,0.9411764705882353,0.9411764705882353
./cnn/stories/5a1090b00f7f66194f3b088e4d39bd410721a063.story,style,paraphrase,2,1,Use different wording.,36,34,2,0,0.9444444444444444,0.9444444444444444
./cnn/stories/5a1090b00f7f66194f3b088e4d39bd410721a063.story,style,paraphrase,2,2,Use different wording.,33,32,1,0,0.9696969696969697,0.9696969696969697
./cnn/stories/5a1090b00f7f66194f3b088e4d39bd410721a063.story,style,paraphrase,2,3,Use different wording.,34,34,0,0,1.0,1.0
./cnn/stories/5c400c2b78a6b358c8f4ae01bd698b267cd6d1d5.story,content,elaborate,0,1,"Elaborate on the content, adding relevant details while staying faithful to the source text.",57,57,0,0,1.0,1.0
./cnn/stories/5c400c2b78a6b358c8f4ae01bd698b267cd6d1d5.story,content,elaborate,0,2,"Elaborate on the content, adding relevant details while staying faithful to the source text.",67,67,0,0,1.0,1.0
./cnn/stories/5c400c2b78a6b358c8f4ae01bd698b267cd6d1d5.story,content,elaborate,0,3,"Elaborate on the content, adding relevant details while staying faithful to the source text.",65,61,4,0,0.9384615384615385,0.9384615384615385
./cnn/stories/5c400c2b78a6b358c8f4ae01bd698b267cd6d1d5.story,content,elaborate,1,1,"Expand the text with more context, without introducing information that is not supported by the original.",47,47,0,0,1.0,1.0
./cnn/stories/5c400c2b78a6b358c8f4ae01bd698b267cd6d1d5.story,content,elaborate,1,2,"Expand the text with more context, without introducing information that is not supported by the original.",32,31,1,0,0.96875,0.96875
./cnn/stories/5c400c2b78a6b358c8f4ae01bd698b267cd6d1d5.story,content,elaborate,1,3,"Expand the text with more context, without introducing information that is not supported by the original.",43,42,1,0,0.9767441860465116,0.9767441860465116
./cnn/stories/5c400c2b78a6b358c8f4ae01bd698b267cd6d1d5.story,content,elaborate,2,1,"Add more detail, keeping every fact grounded in the source material.",63,60,3,0,0.9523809523809523,0.9523809523809523
./cnn/stories/5c400c2b78a6b358c8f4ae01bd698b267cd6d1d5.story,content,elaborate,2,2,"Add more detail, keeping every fact grounded in the source material.",49,45,4,0,0.9183673469387755,0.9183673469387755
./cnn/stories/5c400c2b78a6b358c8f4ae01bd698b267cd6d1d5.story,content,elaborate,2,3,"Add more detail, keeping every fact grounded in the source material.",58,54,4,0,0.9310344827586207,0.9310344827586207
./cnn/stories/5c400c2b78a6b358c8f4ae01bd698b267cd6d1d5.story,content,shorten,0,1,Make wording more concise.,24,23,1,0,0.9583333333333334,0.9583333333333334
./cnn/stories/5c400c2b78a6b358c8f4ae01bd698b267cd6d1d5.story,content,shorten,0,2,Make wording more concise.,22,21,1,0,0.9545454545454546,0.9545454545454546
./cnn/stories/5c400c2b78a6b358c8f4ae01bd698b267cd6d1d5.story,content,shorten,0,3,Make wording more concise.,23,23,0,0,1.0,1.0
./cnn/stories/5c400c2b78a6b358c8f4ae01bd698b267cd6d1d5.story,content,shorten,1,1,Rephrase for clarity and conciseness.,16,16,0,0,1.0,1.0
./cnn/stories/5c400c2b78a6b358c8f4ae01bd698b267cd6d1d5.story,content,shorten,1,2,Rephrase for clarity and conciseness.,13,13,0,0,1.0,1.0
./cnn/stories/5c400c2b78a6b358c8f4ae01bd698b267cd6d1d5.story,content,shorten,1,3,Rephrase for clarity and conciseness.,14,14,0,0,1.0,1.0
./cnn/stories/5c400c2b78a6b358c8f4ae01bd698b267cd6d1d5.story,content,shorten,2,1,"Improve accuracy, clarity, and conciseness of language.",40,39,1,0,0.975,0.975
./cnn/stories/5c400c2b78a6b358c8f4ae01bd698b267cd6d1d5.story,content,shorten,2,2,"Improve accuracy, clarity, and conciseness of language.",41,41,0,0,1.0,1.0
./cnn/stories/5c400c2b78a6b358c8f4ae01bd698b267cd6d1d5.story,content,shorten,2,3,"Improve accuracy, clarity, and conciseness of language.",39,38,1,0,0.9743589743589743,0.9743589743589743
./cnn/stories/5c400c2b78a6b358c8f4ae01bd698b267cd6d1d5.story,style,formality,0,1,Make the text more formal.,51,51,0,0,1.0,1.0
./cnn/stories/5c400c2b78a6b358c8f4ae01bd698b267cd6d1d5.story,style,formality,0,2,Make the text more formal.,52,52,0,0,1.0,1.0
./cnn/stories/5c400c2b78a6b358c8f4ae01bd698b267cd6d1d5.story,style,formality,0,3,Make the text more formal.,51,51,0,0,1.0,1.0
./cnn/stories/5c400c2b78a6b358c8f4ae01bd698b267cd6d1d5.story,style,formality,1,1,Rephrase it to be more formal.,51,50,1,0,0.9803921568627451,0.9803921568627451
./cnn/stories/5c400c2b78a6b358c8f4ae01bd698b267cd6d1d5.story,style,formality,1,2,Rephrase it to be more formal.,51,49,2,0,0.9607843137254902,0.9607843137254902
./cnn/stories/5c400c2b78a6b358c8f4ae01bd698b267cd6d1d5.story,style,formality,1,3,Rephrase it to be more formal.,53,51,2,0,0.9622641509433962,0.9622641509433962
./cnn/stories/5c400c2b78a6b358c8f4ae01bd698b267cd6d1d5.story,style,formality,2,1,"Too conversational, rephrase it to be more formal.",50,50,0,0,1.0,1.0
./cnn/stories/5c400c2b78a6b358c8f4ae01bd698b267cd6d1d5.story,style,formality,2,2,"Too conversational, rephrase it to be more formal.",37,37,0,0,1.0,1.0
./cnn/stories/5c400c2b78a6b358c8f4ae01bd698b267cd6d1d5.story,style,formality,2,3,"Too conversational, rephrase it to be more formal.",44,43,1,0,0.9772727272727273,0.9772727272727273
./cnn/stories/5c400c2b78a6b358c8f4ae01bd698b267cd6d1d5.story,style,paraphrase,0,1,Paraphrase this.,24,24,0,0,1.0,1.0
./cnn/stories/5c400c2b78a6b358c8f4ae01bd698b267cd6d1d5.story,style,paraphrase,0,2,Paraphrase this.,23,23,0,0,1.0,1.0
./cnn/stories/5c400c2b78a6b358c8f4ae01bd698b267cd6d1d5.story,style,paraphrase,0,3,Paraphrase this.,22,21,1,0,0.9545454545454546,0.9545454545454546
./cnn/stories/5c400c2b78a6b358c8f4ae01bd698b267cd6d1d5.story,style,paraphrase,1,1,Reword this text.,27,27,0,0,1.0,1.0
./cnn/stories/5c400c2b78a6b358c8f4ae01bd698b267cd6d1d5.story,style,paraphrase,1,2,Reword this text.,31,31,0,0,1.0,1.0
./cnn/stories/5c400c2b78a6b358c8f4ae01bd698b267cd6d1d5.story,style,paraphrase,1,3,Reword this text.,27,27,0,0,1.0,1.0
./cnn/stories/5c400c2b78a6b358c8f4ae01bd698b267cd6d1d5.story,style,paraphrase,2,1,Use different wording.,36,36,0,0,1.0,1.0
./cnn/stories/5c400c2b78a6b358c8f4ae01bd698b267cd6d1d5.story,style,paraphrase,2,2,Use different wording.,35,35,0,0,1.0,1.0
./cnn/stories/5c400c2b78a6b358c8f4ae01bd698b267cd6d1d5.story,style,paraphrase,2,3,Use different wording.,34,33,1,0,0.9705882352941176,0.9705882352941176
./cnn/stories/5cf8443a13c37fe532b919082c70ec1f3dfdafff.story,content,elaborate,0,1,"Elaborate on the content, adding relevant details while staying faithful to the source text.",41,41,0,0,1.0,1.0
./cnn/stories/5cf8443a13c37fe532b919082c70ec1f3dfdafff.story,content,elaborate,0,2,"Elaborate on the content, adding relevant details while staying faithful to the source text.",62,60,2,0,0.967741935483871,0.967741935483871
./cnn/stories/5cf8443a13c37fe532b919082c70ec1f3dfdafff.story,content,elaborate,0,3,"Elaborate on the content, adding relevant details while staying faithful to the source text.",57,56,1,0,0.9824561403508771,0.9824561403508771
./cnn/stories/5cf8443a13c37fe532b919082c70ec1f3dfdafff.story,content,elaborate,1,1,"Expand the text with more context, without introducing information that is not supported by the original.",38,35,3,0,0.9210526315789473,0.9210526315789473
./cnn/stories/5cf8443a13c37fe532b919082c70ec1f3dfdafff.story,content,elaborate,1,2,"Expand the text with more context, without introducing information that is not supported by the original.",45,43,2,0,0.9555555555555556,0.9555555555555556
./cnn/stories/5cf8443a13c37fe532b919082c70ec1f3dfdafff.story,content,elaborate,1,3,"Expand the text with more context, without introducing information that is not supported by the original.",41,39,2,0,0.9512195121951219,0.9512195121951219
./cnn/stories/5cf8443a13c37fe532b919082c70ec1f3dfdafff.story,content,elaborate,2,1,"Add more detail, keeping every fact grounded in the source material.",40,37,3,0,0.925,0.925
./cnn/stories/5cf8443a13c37fe532b919082c70ec1f3dfdafff.story,content,elaborate,2,2,"Add more detail, keeping every fact grounded in the source material.",52,46,6,0,0.8846153846153846,0.8846153846153846
./cnn/stories/5cf8443a13c37fe532b919082c70ec1f3dfdafff.story,content,elaborate,2,3,"Add more detail, keeping every fact grounded in the source material.",32,31,1,0,0.96875,0.96875
./cnn/stories/5cf8443a13c37fe532b919082c70ec1f3dfdafff.story,content,shorten,0,1,Make wording more concise.,20,17,3,0,0.85,0.85
./cnn/stories/5cf8443a13c37fe532b919082c70ec1f3dfdafff.story,content,shorten,0,2,Make wording more concise.,16,16,0,0,1.0,1.0
./cnn/stories/5cf8443a13c37fe532b919082c70ec1f3dfdafff.story,content,shorten,0,3,Make wording more concise.,15,15,0,0,1.0,1.0
./cnn/stories/5cf8443a13c37fe532b919082c70ec1f3dfdafff.story,content,shorten,1,1,Rephrase for clarity and conciseness.,9,9,0,0,1.0,0.9
./cnn/stories/5cf8443a13c37fe532b919082c70ec1f3dfdafff.story,content,shorten,1,2,Rephrase for clarity and conciseness.,12,11,1,0,0.9166666666666666,0.9166666666666666
./cnn/stories/5cf8443a13c37fe532b919082c70ec1f3dfdafff.story,content,shorten,1,3,Rephrase for clarity and conciseness.,10,10,0,0,1.0,1.0
./cnn/stories/5cf8443a13c37fe532b919082c70ec1f3dfdafff.story,content,shorten,2,1,"Improve accuracy, clarity, and conciseness of language.",44,42,2,0,0.9545454545454546,0.9545454545454546
./cnn/stories/5cf8443a13c37fe532b919082c70ec1f3dfdafff.story,content,shorten,2,2,"Improve accuracy, clarity, and conciseness of language.",30,30,0,0,1.0,1.0
./cnn/stories/5cf8443a13c37fe532b919082c70ec1f3dfdafff.story,content,shorten,2,3,"Improve accuracy, clarity, and conciseness of language.",26,26,0,0,1.0,1.0
./cnn/stories/5cf8443a13c37fe532b919082c70ec1f3dfdafff.story,style,formality,0,1,Make the text more formal.,72,69,3,0,0.9583333333333334,0.9583333333333334
./cnn/stories/5cf8443a13c37fe532b919082c70ec1f3dfdafff.story,style,formality,0,2,Make the text more formal.,70,70,0,0,1.0,1.0
./cnn/stories/5cf8443a13c37fe532b919082c70ec1f3dfdafff.story,style,formality,0,3,Make the text more formal.,68,67,1,0,0.9852941176470589,0.9852941176470589
./cnn/stories/5cf8443a13c37fe532b919082c70ec1f3dfdafff.story,style,formality,1,1,Rephrase it to be more formal.,69,65,4,0,0.9420289855072463,0.9420289855072463
./cnn/stories/5cf8443a13c37fe532b919082c70ec1f3dfdafff.story,style,formality,1,2,Rephrase it to be more formal.,66,62,4,0,0.9393939393939394,0.9393939393939394
./cnn/stories/5cf8443a13c37fe532b919082c70ec1f3dfdafff.story,style,formality,1,3,Rephrase it to be more formal.,77,74,3,0,0.961038961038961,0.961038961038961
./cnn/stories/5cf8443a13c37fe532b919082c70ec1f3dfdafff.story,style,formality,2,1,"Too conversational, rephrase it to be more formal.",83,80,3,0,0.963855421686747,0.963855421686747
./cnn/stories/5cf8443a13c37fe532b919082c70ec1f3dfdafff.story,style,formality,2,2,"Too conversational, rephrase it to be more formal.",46,42,4,0,0.9130434782608695,0.9130434782608695
./cnn/stories/5cf8443a13c37fe532b919082c70ec1f3dfdafff.story,style,formality,2,3,"Too conversational, rephrase it to be more formal.",49,44,5,0,0.8979591836734694,0.8979591836734694
./cnn/stories/5cf8443a13c37fe532b919082c70ec1f3dfdafff.story,style,paraphrase,0,1,Paraphrase this.,42,40,2,0,0.9523809523809523,0.9523809523809523
./cnn/stories/5cf8443a13c37fe532b919082c70ec1f3dfdafff.story,style,paraphrase,0,2,Paraphrase this.,43,43,0,0,1.0,1.0
./cnn/stories/5cf8443a13c37fe532b919082c70ec1f3dfdafff.story,style,paraphrase,0,3,Paraphrase this.,42,41,1,0,0.9761904761904762,0.9761904761904762
./cnn/stories/5cf8443a13c37fe532b919082c70ec1f3dfdafff.story,style,paraphrase,1,1,Reword this text.,39,39,0,0,1.0,1.0
./cnn/stories/5cf8443a13c37fe532b919082c70ec1f3dfdafff.story,style,paraphrase,1,2,Reword this text.,30,27,3,0,0.9,0.9
./cnn/stories/5cf8443a13c37fe532b919082c70ec1f3dfdafff.story,style,paraphrase,1,3,Reword this text.,29,28,1,0,0.9655172413793104,0.9655172413793104
./cnn/stories/5cf8443a13c37fe532b919082c70ec1f3dfdafff.story,style,paraphrase,2,1,Use different wording.,34,31,3,0,0.9117647058823529,0.9117647058823529
./cnn/stories/5cf8443a13c37fe532b919082c70ec1f3dfdafff.story,style,paraphrase,2,2,Use different wording.,28,27,1,0,0.9642857142857143,0.9642857142857143
./cnn/stories/5cf8443a13c37fe532b919082c70ec1f3dfdafff.story,style,paraphrase,2,3,Use different wording.,28,27,1,0,0.9642857142857143,0.9642857142857143
./cnn/stories/5daa60b042064cbf85c889785daf8b4ceb3c3ec3.story,content,elaborate,0,1,"Elaborate on the content, adding relevant details while staying faithful to the source text.",37,36,1,0,0.972972972972973,0.972972972972973
./cnn/stories/5daa60b042064cbf85c889785daf8b4ceb3c3ec3.story,content,elaborate,0,2,"Elaborate on the content, adding relevant details while staying faithful to the source text.",43,42,1,0,0.9767441860465116,0.9767441860465116
./cnn/stories/5daa60b042064cbf85c889785daf8b4ceb3c3ec3.story,content,elaborate,0,3,"Elaborate on the content, adding relevant details while staying faithful to the source text.",41,39,2,0,0.9512195121951219,0.9512195121951219
./cnn/stories/5daa60b042064cbf85c889785daf8b4ceb3c3ec3.story,content,elaborate,1,1,"Expand the text with more context, without introducing information that is not supported by the original.",29,29,0,0,1.0,1.0
./cnn/stories/5daa60b042064cbf85c889785daf8b4ceb3c3ec3.story,content,elaborate,1,2,"Expand the text with more context, without introducing information that is not supported by the original.",36,36,0,0,1.0,1.0
./cnn/stories/5daa60b042064cbf85c889785daf8b4ceb3c3ec3.story,content,elaborate,1,3,"Expand the text with more context, without introducing information that is not supported by the original.",31,31,0,0,1.0,1.0
./cnn/stories/5daa60b042064cbf85c889785daf8b4ceb3c3ec3.story,content,elaborate,2,1,"Add more detail, keeping every fact grounded in the source material.",41,41,0,0,1.0,1.0
./cnn/stories/5daa60b042064cbf85c889785daf8b4ceb3c3ec3.story,content,elaborate,2,2,"Add more detail, keeping every fact grounded in the source material.",54,53,1,0,0.9814814814814815,0.9814814814814815
./cnn/stories/5daa60b042064cbf85c889785daf8b4ceb3c3ec3.story,content,elaborate,2,3,"Add more detail, keeping every fact grounded in the source material.",43,42,1,0,0.9767441860465116,0.9767441860465116
./cnn/stories/5daa60b042064cbf85c889785daf8b4ceb3c3ec3.story,content,shorten,0,1,Make wording more concise.,12,12,0,0,1.0,1.0
./cnn/stories/5daa60b042064cbf85c889785daf8b4ceb3c3ec3.story,content,shorten,0,2,Make wording more concise.,14,14,0,0,1.0,1.0
./cnn/stories/5daa60b042064cbf85c889785daf8b4ceb3c3ec3.story,content,shorten,0,3,Make wording more concise.,12,12,0,0,1.0,1.0
./cnn/stories/5daa60b042064cbf85c889785daf8b4ceb3c3ec3.story,content,shorten,1,1,Rephrase for clarity and conciseness.,19,19,0,0,1.0,1.0
./cnn/stories/5daa60b042064cbf85c889785daf8b4ceb3c3ec3.story,content,shorten,1,2,Rephrase for clarity and conciseness.,16,16,0,0,1.0,1.0
./cnn/stories/5daa60b042064cbf85c889785daf8b4ceb3c3ec3.story,content,shorten,1,3,Rephrase for clarity and conciseness.,16,16,0,0,1.0,1.0
./cnn/stories/5daa60b042064cbf85c889785daf8b4ceb3c3ec3.story,content,shorten,2,1,"Improve accuracy, clarity, and conciseness of language.",27,25,2,0,0.9259259259259259,0.9259259259259259
./cnn/stories/5daa60b042064cbf85c889785daf8b4ceb3c3ec3.story,content,shorten,2,2,"Improve accuracy, clarity, and conciseness of language.",27,25,2,0,0.9259259259259259,0.9259259259259259
./cnn/stories/5daa60b042064cbf85c889785daf8b4ceb3c3ec3.story,content,shorten,2,3,"Improve accuracy, clarity, and conciseness of language.",22,22,0,0,1.0,1.0
./cnn/stories/5daa60b042064cbf85c889785daf8b4ceb3c3ec3.story,style,formality,0,1,Make the text more formal.,48,48,0,0,1.0,1.0
./cnn/stories/5daa60b042064cbf85c889785daf8b4ceb3c3ec3.story,style,formality,0,2,Make the text more formal.,54,54,0,0,1.0,1.0
./cnn/stories/5daa60b042064cbf85c889785daf8b4ceb3c3ec3.story,style,formality,0,3,Make the text more formal.,53,52,1,0,0.9811320754716981,0.9811320754716981
./cnn/stories/5daa60b042064cbf85c889785daf8b4ceb3c3ec3.story,style,formality,1,1,Rephrase it to be more formal.,57,57,0,0,1.0,1.0
./cnn/stories/5daa60b042064cbf85c889785daf8b4ceb3c3ec3.story,style,formality,1,2,Rephrase it to be more formal.,62,62,0,0,1.0,1.0
./cnn/stories/5daa60b042064cbf85c889785daf8b4ceb3c3ec3.story,style,formality,1,3,Rephrase it to be more formal.,66,64,2,0,0.9696969696969697,0.9696969696969697
./cnn/stories/5daa60b042064cbf85c889785daf8b4ceb3c3ec3.story,style,formality,2,1,"Too conversational, rephrase it to be more formal.",60,53,7,0,0.8833333333333333,0.8833333333333333
./cnn/stories/5daa60b042064cbf85c889785daf8b4ceb3c3ec3.story,style,formality,2,2,"Too conversational, rephrase it to be more formal.",63,60,3,0,0.9523809523809523,0.9523809523809523
./cnn/stories/5daa60b042064cbf85c889785daf8b4ceb3c3ec3.story,style,formality,2,3,"Too conversational, rephrase it to be more formal.",68,65,3,0,0.9558823529411765,0.9558823529411765
./cnn/stories/5daa60b042064cbf85c889785daf8b4ceb3c3ec3.story,style,paraphrase,0,1,Paraphrase this.,34,32,2,0,0.9411764705882353,0.9411764705882353
./cnn/stories/5daa60b042064cbf85c889785daf8b4ceb3c3ec3.story,style,paraphrase,0,2,Paraphrase this.,26,26,0,0,1.0,1.0
./cnn/stories/5daa60b042064cbf85c889785daf8b4ceb3c3ec3.story,style,paraphrase,0,3,Paraphrase this.,23,22,1,0,0.9565217391304348,0.9565217391304348
./cnn/stories/5daa60b042064cbf85c889785daf8b4ceb3c3ec3.story,style,paraphrase,1,1,Reword this text.,37,36,1,0,0.972972972972973,0.972972972972973
./cnn/stories/5daa60b042064cbf85c889785daf8b4ceb3c3ec3.story,style,paraphrase,1,2,Reword this text.,33,33,0,0,1.0,1.0
./cnn/stories/5daa60b042064cbf85c889785daf8b4ceb3c3ec3.story,style,paraphrase,1,3,Reword this text.,33,33,0,0,1.0,1.0
./cnn/stories/5daa60b042064cbf85c889785daf8b4ceb3c3ec3.story,style,paraphrase,2,1,Use different wording.,39,38,1,0,0.9743589743589743,0.9743589743589743
./cnn/stories/5daa60b042064cbf85c889785daf8b4ceb3c3ec3.story,style,paraphrase,2,2,Use different wording.,40,38,2,0,0.95,0.95
./cnn/stories/5daa60b042064cbf85c889785daf8b4ceb3c3ec3.story,style,paraphrase,2,3,Use different wording.,42,36,6,0,0.8571428571428571,0.8571428571428571
./cnn/stories/5f83b5592ea2c43ac9857f6a21ed2d1d8be25f8c.story,content,elaborate,0,1,"Elaborate on the content, adding relevant details while staying faithful to the source text.",77,76,1,0,0.987012987012987,0.987012987012987
./cnn/stories/5f83b5592ea2c43ac9857f6a21ed2d1d8be25f8c.story,content,elaborate,0,2,"Elaborate on the content, adding relevant details while staying faithful to the source text.",65,61,4,0,0.9384615384615385,0.9384615384615385
./cnn/stories/5f83b5592ea2c43ac9857f6a21ed2d1d8be25f8c.story,content,elaborate,0,3,"Elaborate on the content, adding relevant details while staying faithful to the source text.",74,70,4,0,0.9459459459459459,0.9459459459459459
./cnn/stories/5f83b5592ea2c43ac9857f6a21ed2d1d8be25f8c.story,content,elaborate,1,1,"Expand the text with more context, without introducing information that is not supported by the original.",64,64,0,0,1.0,1.0
./cnn/stories/5f83b5592ea2c43ac9857f6a21ed2d1d8be25f8c.story,content,elaborate,1,2,"Expand the text with more context, without introducing information that is not supported by the original.",81,75,6,0,0.9259259259259259,0.9259259259259259
./cnn/stories/5f83b5592ea2c43ac9857f6a21ed2d1d8be25f8c.story,content,elaborate,1,3,"Expand the text with more context, without introducing information that is not supported by the original.",66,64,2,0,0.9696969696969697,0.9696969696969697
./cnn/stories/5f83b5592ea2c43ac9857f6a21ed2d1d8be25f8c.story,content,elaborate,2,1,"Add more detail, keeping every fact grounded in the source material.",66,62,4,0,0.9393939393939394,0.9393939393939394
./cnn/stories/5f83b5592ea2c43ac9857f6a21ed2d1d8be25f8c.story,content,elaborate,2,2,"Add more detail, keeping every fact grounded in the source material.",56,54,2,0,0.9642857142857143,0.9642857142857143
./cnn/stories/5f83b5592ea2c43ac9857f6a21ed2d1d8be25f8c.story,content,elaborate,2,3,"Add more detail, keeping every fact grounded in the source material.",51,48,3,0,0.9411764705882353,0.9411764705882353
./cnn/stories/5f83b5592ea2c43ac9857f6a21ed2d1d8be25f8c.story,content,shorten,0,1,Make wording more concise.,35,35,0,0,1.0,1.0
./cnn/stories/5f83b5592ea2c43ac9857f6a21ed2d1d8be25f8c.story,content,shorten,0,2,Make wording more concise.,32,32,0,0,1.0,1.0
./cnn/stories/5f83b5592ea2c43ac9857f6a21ed2d1d8be25f8c.story,content,shorten,0,3,Make wording more concise.,31,31,0,0,1.0,1.0
./cnn/stories/5f83b5592ea2c43ac9857f6a21ed2d1d8be25f8c.story,content,shorten,1,1,Rephrase for clarity and conciseness.,26,26,0,0,1.0,1.0
./cnn/stories/5f83b5592ea2c43ac9857f6a21ed2d1d8be25f8c.story,content,shorten,1,2,Rephrase for clarity and conciseness.,20,20,0,0,1.0,1.0
./cnn/stories/5f83b5592ea2c43ac9857f6a21ed2d1d8be25f8c.story,content,shorten,1,3,Rephrase for clarity and conciseness.,16,16,0,0,1.0,1.0
./cnn/stories/5f83b5592ea2c43ac9857f6a21ed2d1d8be25f8c.story,content,shorten,2,1,"Improve accuracy, clarity, and conciseness of language.",41,41,0,0,1.0,1.0
./cnn/stories/5f83b5592ea2c43ac9857f6a21ed2d1d8be25f8c.story,content,shorten,2,2,"Improve accuracy, clarity, and conciseness of language.",41,41,0,0,1.0,1.0
./cnn/stories/5f83b5592ea2c43ac9857f6a21ed2d1d8be25f8c.story,content,shorten,2,3,"Improve accuracy, clarity, and conciseness of language.",62,62,0,0,1.0,1.0
./cnn/stories/5f83b5592ea2c43ac9857f6a21ed2d1d8be25f8c.story,style,formality,0,1,Make the text more formal.,99,95,4,0,0.9595959595959596,0.9595959595959596
./cnn/stories/5f83b5592ea2c43ac9857f6a21ed2d1d8be25f8c.story,style,formality,0,2,Make the text more formal.,88,87,1,0,0.9886363636363636,0.9886363636363636
./cnn/stories/5f83b5592ea2c43ac9857f6a21ed2d1d8be25f8c.story,style,formality,0,3,Make the text more formal.,90,90,0,0,1.0,1.0
./cnn/stories/5f83b5592ea2c43ac9857f6a21ed2d1d8be25f8c.story,style,formality,1,1,Rephrase it to be more formal.,93,93,0,0,1.0,1.0
./cnn/stories/5f83b5592ea2c43ac9857f6a21ed2d1d8be25f8c.story,style,formality,1,2,Rephrase it to be more formal.,84,83,1,0,0.9880952380952381,0.9880952380952381
./cnn/stories/5f83b5592ea2c43ac9857f6a21ed2d1d8be25f8c.story,style,formality,1,3,Rephrase it to be more formal.,87,86,1,0,0.9885057471264368,0.9885057471264368
./cnn/stories/5f83b5592ea2c43ac9857f6a21ed2d1d8be25f8c.story,style,formality,2,1,"Too conversational, rephrase it to be more formal.",54,53,1,0,0.9814814814814815,0.9814814814814815
./cnn/stories/5f83b5592ea2c43ac9857f6a21ed2d1d8be25f8c.story,style,formality,2,2,"Too conversational, rephrase it to be more formal.",61,59,2,0,0.9672131147540983,0.9672131147540983
./cnn/stories/5f83b5592ea2c43ac9857f6a21ed2d1d8be25f8c.story,style,formality,2,3,"Too conversational, rephrase it to be more formal.",51,50,1,0,0.9803921568627451,0.9803921568627451
./cnn/stories/5f83b5592ea2c43ac9857f6a21ed2d1d8be25f8c.story,style,paraphrase,0,1,Paraphrase this.,25,25,0,0,1.0,1.0
./cnn/stories/5f83b5592ea2c43ac9857f6a21ed2d1d8be25f8c.story,style,paraphrase,0,2,Paraphrase this.,35,34,1,0,0.9714285714285714,0.9714285714285714
./cnn/stories/5f83b5592ea2c43ac9857f6a21ed2d1d8be25f8c.story,style,paraphrase,0,3,Paraphrase this.,27,26,1,0,0.9629629629629629,0.9629629629629629
./cnn/stories/5f83b5592ea2c43ac9857f6a21ed2d1d8be25f8c.story,style,paraphrase,1,1,Reword this text.,44,44,0,0,1.0,1.0
./cnn/stories/5f83b5592ea2c43ac9857f6a21ed2d1d8be25f8c.story,style,paraphrase,1,2,Reword this text.,52,52,0,0,1.0,1.0
./cnn/stories/5f83b5592ea2c43ac9857f6a21ed2d1d8be25f8c.story,style,paraphrase,1,3,Reword this text.,45,44,1,0,0.9777777777777777,0.9777777777777777
./cnn/stories/5f83b5592ea2c43ac9857f6a21ed2d1d8be25f8c.story,style,paraphrase,2,1,Use different wording.,59,57,2,0,0.9661016949152542,0.9661016949152542
./cnn/stories/5f83b5592ea2c43ac9857f6a21ed2d1d8be25f8c.story,style,paraphrase,2,2,Use different wording.,79,71,8,0,0.8987341772151899,0.8987341772151899
./cnn/stories/5f83b5592ea2c43ac9857f6a21ed2d1d8be25f8c.story,style,paraphrase,2,3,Use different wording.,69,67,2,0,0.9710144927536232,0.9710144927536232
./cnn/stories/63ba4107135a1e077c9c64d06d14f8b4d48c6030.story,content,elaborate,0,1,"Elaborate on the content, adding relevant details while staying faithful to the source text.",73,69,4,0,0.9452054794520548,0.9452054794520548
./cnn/stories/63ba4107135a1e077c9c64d06d14f8b4d48c6030.story,content,elaborate,0,2,"Elaborate on the content, adding relevant details while staying faithful to the source text.",84,83,1,0,0.9880952380952381,0.9880952380952381
./cnn/stories/63ba4107135a1e077c9c64d06d14f8b4d48c6030.story,content,elaborate,0,3,"Elaborate on the content, adding relevant details while staying faithful to the source text.",67,66,1,0,0.9850746268656716,0.9850746268656716
./cnn/stories/63ba4107135a1e077c9c64d06d14f8b4d48c6030.story,content,elaborate,1,1,"Expand the text with more context, without introducing information that is not supported by the original.",51,50,1,0,0.9803921568627451,0.9803921568627451
./cnn/stories/63ba4107135a1e077c9c64d06d14f8b4d48c6030.story,content,elaborate,1,2,"Expand the text with more context, without introducing information that is not supported by the original.",65,65,0,0,1.0,1.0
./cnn/stories/63ba4107135a1e077c9c64d06d14f8b4d48c6030.story,content,elaborate,1,3,"Expand the text with more context, without introducing information that is not supported by the original.",53,51,2,0,0.9622641509433962,0.9622641509433962
./cnn/stories/63ba4107135a1e077c9c64d06d14f8b4d48c6030.story,content,elaborate,2,1,"Add more detail, keeping every fact grounded in the source material.",56,56,0,0,1.0,1.0
./cnn/stories/63ba4107135a1e077c9c64d06d14f8b4d48c6030.story,content,elaborate,2,2,"Add more detail, keeping every fact grounded in the source material.",61,59,2,0,0.9672131147540983,0.9672131147540983
./cnn/stories/63ba4107135a1e077c9c64d06d14f8b4d48c6030.story,content,elaborate,2,3,"Add more detail, keeping every fact grounded in the source material.",55,55,0,0,1.0,1.0
./cnn/stories/63ba4107135a1e077c9c64d06d14f8b4d48c6030.story,content,shorten,0,1,Make wording more concise.,31,31,0,0,1.0,1.0
./cnn/stories/63ba4107135a1e077c9c64d06d14f8b4d48c6030.story,content,shorten,0,2,Make wording more concise.,29,26,3,0,0.896551724137931,0.896551724137931
./cnn/stories/63ba4107135a1e077c9c64d06d14f8b4d48c6030.story,content,shorten,0,3,Make wording more concise.,20,20,0,0,1.0,1.0
./cnn/stories/63ba4107135a1e077c9c64d06d14f8b4d48c6030.story,content,shorten,1,1,Rephrase for clarity and conciseness.,26,25,1,0,0.9615384615384616,0.9615384615384616
./cnn/stories/63ba4107135a1e077c9c64d06d14f8b4d48c6030.story,content,shorten,1,2,Rephrase for clarity and conciseness.,21,21,0,0,1.0,1.0
./cnn/stories/63ba4107135a1e077c9c64d06d14f8b4d48c6030.story,content,shorten,1,3,Rephrase for clarity and conciseness.,22,22,0,0,1.0,1.0
./cnn/stories/63ba4107135a1e077c9c64d06d14f8b4d48c6030.story,content,shorten,2,1,"Improve accuracy, clarity, and conciseness of language.",82,81,1,0,0.9878048780487805,0.9878048780487805
./cnn/stories/63ba4107135a1e077c9c64d06d14f8b4d48c6030.story,content,shorten,2,2,"Improve accuracy, clarity, and conciseness of language.",47,47,0,0,1.0,1.0
./cnn/stories/63ba4107135a1e077c9c64d06d14f8b4d48c6030.story,content,shorten,2,3,"Improve accuracy, clarity, and conciseness of language.",43,42,1,0,0.9767441860465116,0.9767441860465116
./cnn/stories/63ba4107135a1e077c9c64d06d14f8b4d48c6030.story,style,formality,0,1,Make the text more formal.,85,83,2,0,0.9764705882352941,0.9764705882352941
./cnn/stories/63ba4107135a1e077c9c64d06d14f8b4d48c6030.story,style,formality,0,2,Make the text more formal.,68,66,2,0,0.9705882352941176,0.9705882352941176
./cnn/stories/63ba4107135a1e077c9c64d06d14f8b4d48c6030.story,style,formality,0,3,Make the text more formal.,68,65,3,0,0.9558823529411765,0.9558823529411765
./cnn/stories/63ba4107135a1e077c9c64d06d14f8b4d48c6030.story,style,formality,1,1,Rephrase it to be more formal.,58,58,0,0,1.0,1.0
./cnn/stories/63ba4107135a1e077c9c64d06d14f8b4d48c6030.story,style,formality,1,2,Rephrase it to be more formal.,58,54,4,0,0.9310344827586207,0.9310344827586207
./cnn/stories/63ba4107135a1e077c9c64d06d14f8b4d48c6030.story,style,formality,1,3,Rephrase it to be more formal.,60,57,3,0,0.95,0.95
./cnn/stories/63ba4107135a1e077c9c64d06d14f8b4d48c6030.story,style,formality,2,1,"Too conversational, rephrase it to be more formal.",53,53,0,0,1.0,1.0
./cnn/stories/63ba4107135a1e077c9c64d06d14f8b4d48c6030.story,style,formality,2,2,"Too conversational, rephrase it to be more formal.",58,58,0,0,1.0,1.0
./cnn/stories/63ba4107135a1e077c9c64d06d14f8b4d48c6030.story,style,formality,2,3,"Too conversational, rephrase it to be more formal.",55,51,4,0,0.9272727272727272,0.9272727272727272
./cnn/stories/63ba4107135a1e077c9c64d06d14f8b4d48c6030.story,style,paraphrase,0,1,Paraphrase this.,37,37,0,0,1.0,1.0
./cnn/stories/63ba4107135a1e077c9c64d06d14f8b4d48c6030.story,style,paraphrase,0,2,Paraphrase this.,32,31,1,0,0.96875,0.96875
./cnn/stories/63ba4107135a1e077c9c64d06d14f8b4d48c6030.story,style,paraphrase,0,3,Paraphrase this.,31,30,1,0,0.967741935483871,0.967741935483871
./cnn/stories/63ba4107135a1e077c9c64d06d14f8b4d48c6030.story,style,paraphrase,1,1,Reword this text.,40,39,1,0,0.975,0.975
./cnn/stories/63ba4107135a1e077c9c64d06d14f8b4d48c6030.story,style,paraphrase,1,2,Reword this text.,45,45,0,0,1.0,1.0
./cnn/stories/63ba4107135a1e077c9c64d06d14f8b4d48c6030.story,style,paraphrase,1,3,Reword this text.,43,42,1,0,0.9767441860465116,0.9767441860465116
./cnn/stories/63ba4107135a1e077c9c64d06d14f8b4d48c6030.story,style,paraphrase,2,1,Use different wording.,75,73,2,0,0.9733333333333334,0.9733333333333334
./cnn/stories/63ba4107135a1e077c9c64d06d14f8b4d48c6030.story,style,paraphrase,2,2,Use different wording.,56,56,0,0,1.0,1.0
./cnn/stories/63ba4107135a1e077c9c64d06d14f8b4d48c6030.story,style,paraphrase,2,3,Use different wording.,59,59,0,0,1.0,1.0
./cnn/stories/63f60ddf050d9f97a492c601b2dd1a23072a01f9.story,content,elaborate,0,1,"Elaborate on the content, adding relevant details while staying faithful to the source text.",62,60,2,0,0.967741935483871,0.967741935483871
./cnn/stories/63f60ddf050d9f97a492c601b2dd1a23072a01f9.story,content,elaborate,0,2,"Elaborate on the content, adding relevant details while staying faithful to the source text.",57,56,1,0,0.9824561403508771,0.9824561403508771
./cnn/stories/63f60ddf050d9f97a492c601b2dd1a23072a01f9.story,content,elaborate,0,3,"Elaborate on the content, adding relevant details while staying faithful to the source text.",61,59,2,0,0.9672131147540983,0.9672131147540983
./cnn/stories/63f60ddf050d9f97a492c601b2dd1a23072a01f9.story,content,elaborate,1,1,"Expand the text with more context, without introducing information that is not supported by the original.",51,51,0,0,1.0,1.0
./cnn/stories/63f60ddf050d9f97a492c601b2dd1a23072a01f9.story,content,elaborate,1,2,"Expand the text with more context, without introducing information that is not supported by the original.",54,54,0,0,1.0,1.0
./cnn/stories/63f60ddf050d9f97a492c601b2dd1a23072a01f9.story,content,elaborate,1,3,"Expand the text with more context, without introducing information that is not supported by the original.",64,63,1,0,0.984375,0.984375
./cnn/stories/63f60ddf050d9f97a492c601b2dd1a23072a01f9.story,content,elaborate,2,1,"Add more detail, keeping every fact grounded in the source material.",51,50,1,0,0.9803921568627451,0.9803921568627451
./cnn/stories/63f60ddf050d9f97a492c601b2dd1a23072a01f9.story,content,elaborate,2,2,"Add more detail, keeping every fact grounded in the source material.",58,56,2,0,0.9655172413793104,0.9655172413793104
./cnn/stories/63f60ddf050d9f97a492c601b2dd1a23072a01f9.story,content,elaborate,2,3,"Add more detail, keeping every fact grounded in the source material.",61,60,1,0,0.9836065573770492,0.9836065573770492
./cnn/stories/63f60ddf050d9f97a492c601b2dd1a23072a01f9.story,content,shorten,0,1,Make wording more concise.,28,28,0,0,1.0,1.0
./cnn/stories/63f60ddf050d9f97a492c601b2dd1a23072a01f9.story,content,shorten,0,2,Make wording more concise.,27,27,0,0,1.0,1.0
./cnn/stories/63f60ddf050d9f97a492c601b2dd1a23072a01f9.story,content,shorten,0,3,Make wording more concise.,23,23,0,0,1.0,1.0
./cnn/stories/63f60ddf050d9f97a492c601b2dd1a23072a01f9.story,content,shorten,1,1,Rephrase for clarity and conciseness.,33,32,1,0,0.9696969696969697,0.9696969696969697
./cnn/stories/63f60ddf050d9f97a492c601b2dd1a23072a01f9.story,content,shorten,1,2,Rephrase for clarity and conciseness.,22,22,0,0,1.0,1.0
./cnn/stories/63f60ddf050d9f97a492c601b2dd1a23072a01f9.story,content,shorten,1,3,Rephrase for clarity and conciseness.,20,19,1,0,0.95,0.95
./cnn/stories/63f60ddf050d9f97a492c601b2dd1a23072a01f9.story,content,shorten,2,1,"Improve accuracy, clarity, and conciseness of language.",40,39,1,0,0.975,0.975
./cnn/stories/63f60ddf050d9f97a492c601b2dd1a23072a01f9.story,content,shorten,2,2,"Improve accuracy, clarity, and conciseness of language.",40,39,1,0,0.975,0.975
./cnn/stories/63f60ddf050d9f97a492c601b2dd1a23072a01f9.story,content,shorten,2,3,"Improve accuracy, clarity, and conciseness of language.",38,37,1,0,0.9736842105263158,0.9736842105263158
./cnn/stories/63f60ddf050d9f97a492c601b2dd1a23072a01f9.story,style,formality,0,1,Make the text more formal.,63,63,0,0,1.0,1.0
./cnn/stories/63f60ddf050d9f97a492c601b2dd1a23072a01f9.story,style,formality,0,2,Make the text more formal.,52,51,1,0,0.9807692307692307,0.9807692307692307
./cnn/stories/63f60ddf050d9f97a492c601b2dd1a23072a01f9.story,style,formality,0,3,Make the text more formal.,46,46,0,0,1.0,1.0
./cnn/stories/63f60ddf050d9f97a492c601b2dd1a23072a01f9.story,style,formality,1,1,Rephrase it to be more formal.,62,62,0,0,1.0,1.0
./cnn/stories/63f60ddf050d9f97a492c601b2dd1a23072a01f9.story,style,formality,1,2,Rephrase it to be more formal.,59,56,3,0,0.9491525423728814,0.9491525423728814
./cnn/stories/63f60ddf050d9f97a492c601b2dd1a23072a01f9.story,style,formality,1,3,Rephrase it to be more formal.,54,53,1,0,0.9814814814814815,0.9814814814814815
./cnn/stories/63f60ddf050d9f97a492c601b2dd1a23072a01f9.story,style,formality,2,1,"Too conversational, rephrase it to be more formal.",49,49,0,0,1.0,1.0
./cnn/stories/63f60ddf050d9f97a492c601b2dd1a23072a01f9.story,style,formality,2,2,"Too conversational, rephrase it to be more formal.",45,45,0,0,1.0,1.0
./cnn/stories/63f60ddf050d9f97a492c601b2dd1a23072a01f9.story,style,formality,2,3,"Too conversational, rephrase it to be more formal.",41,40,1,0,0.975609756097561,0.975609756097561
./cnn/stories/63f60ddf050d9f97a492c601b2dd1a23072a01f9.story,style,paraphrase,0,1,Paraphrase this.,36,36,0,0,1.0,1.0
./cnn/stories/63f60ddf050d9f97a492c601b2dd1a23072a01f9.story,style,paraphrase,0,2,Paraphrase this.,37,35,2,0,0.9459459459459459,0.9459459459459459
./cnn/stories/63f60ddf050d9f97a492c601b2dd1a23072a01f9.story,style,paraphrase,0,3,Paraphrase this.,33,33,0,0,1.0,1.0
./cnn/stories/63f60ddf050d9f97a492c601b2dd1a23072a01f9.story,style,paraphrase,1,1,Reword this text.,35,34,1,0,0.9714285714285714,0.9714285714285714
./cnn/stories/63f60ddf050d9f97a492c601b2dd1a23072a01f9.story,style,paraphrase,1,2,Reword this text.,38,37,1,0,0.9736842105263158,0.9736842105263158
./cnn/stories/63f60ddf050d9f97a492c601b2dd1a23072a01f9.story,style,paraphrase,1,3,Reword this text.,43,42,1,0,0.9767441860465116,0.9767441860465116
./cnn/stories/63f60ddf050d9f97a492c601b2dd1a23072a01f9.story,style,paraphrase,2,1,Use different wording.,68,67,1,0,0.9852941176470589,0.9852941176470589
./cnn/stories/63f60ddf050d9f97a492c601b2dd1a23072a01f9.story,style,paraphrase,2,2,Use different wording.,67,66,1,0,0.9850746268656716,0.9850746268656716
./cnn/stories/63f60ddf050d9f97a492c601b2dd1a23072a01f9.story,style,paraphrase,2,3,Use different wording.,60,59,1,0,0.9833333333333333,0.9833333333333333
./cnn/stories/6796fd980df9880d76a6a5c73a2438124da56a45.story,content,elaborate,0,1,"Elaborate on the content, adding relevant details while staying faithful to the source text.",36,31,5,0,0.8611111111111112,0.8611111111111112
./cnn/stories/6796fd980df9880d76a6a5c73a2438124da56a45.story,content,elaborate,0,2,"Elaborate on the content, adding relevant details while staying faithful to the source text.",51,45,6,0,0.8823529411764706,0.8823529411764706
./cnn/stories/6796fd980df9880d76a6a5c73a2438124da56a45.story,content,elaborate,0,3,"Elaborate on the content, adding relevant details while staying faithful to the source text.",40,39,1,0,0.975,0.975
./cnn/stories/6796fd980df9880d76a6a5c73a2438124da56a45.story,content,elaborate,1,1,"Expand the text with more context, without introducing information that is not supported by the original.",66,61,5,0,0.9242424242424242,0.9242424242424242
./cnn/stories/6796fd980df9880d76a6a5c73a2438124da56a45.story,content,elaborate,1,2,"Expand the text with more context, without introducing information that is not supported by the original.",56,54,2,0,0.9642857142857143,0.9642857142857143
./cnn/stories/6796fd980df9880d76a6a5c73a2438124da56a45.story,content,elaborate,1,3,"Expand the text with more context, without introducing information that is not supported by the original.",51,45,6,0,0.8823529411764706,0.8823529411764706
./cnn/stories/6796fd980df9880d76a6a5c73a2438124da56a45.story,content,elaborate,2,1,"Add more detail, keeping every fact grounded in the source material.",58,54,4,0,0.9310344827586207,0.9310344827586207
./cnn/stories/6796fd980df9880d76a6a5c73a2438124da56a45.story,content,elaborate,2,2,"Add more detail, keeping every fact grounded in the source material.",58,53,5,0,0.9137931034482759,0.9137931034482759
./cnn/stories/6796fd980df9880d76a6a5c73a2438124da56a45.story,content,elaborate,2,3,"Add more detail, keeping every fact grounded in the source material.",67,61,6,0,0.9104477611940298,0.9104477611940298
./cnn/stories/6796fd980df9880d76a6a5c73a2438124da56a45.story,content,shorten,0,1,Make wording more concise.,22,20,2,0,0.9090909090909091,0.9090909090909091
./cnn/stories/6796fd980df9880d76a6a5c73a2438124da56a45.story,content,shorten,0,2,Make wording more concise.,15,13,2,0,0.8666666666666667,0.8666666666666667
./cnn/stories/6796fd980df9880d76a6a5c73a2438124da56a45.story,content,shorten,0,3,Make wording more concise.,14,14,0,0,1.0,1.0
./cnn/stories/6796fd980df9880d76a6a5c73a2438124da56a45.story,content,shorten,1,1,Rephrase for clarity and conciseness.,22,20,2,0,0.9090909090909091,0.9090909090909091
./cnn/stories/6796fd980df9880d76a6a5c73a2438124da56a45.story,content,shorten,1,2,Rephrase for clarity and conciseness.,18,12,6,0,0.6666666666666666,0.6666666666666666
./cnn/stories/6796fd980df9880d76a6a5c73a2438124da56a45.story,content,shorten,1,3,Rephrase for clarity and conciseness.,13,10,3,0,0.7692307692307693,0.7692307692307693
./cnn/stories/6796fd980df9880d76a6a5c73a2438124da56a45.story,content,shorten,2,1,"Improve accuracy, clarity, and conciseness of language.",37,32,5,0,0.8648648648648649,0.8648648648648649
./cnn/stories/6796fd980df9880d76a6a5c73a2438124da56a45.story,content,shorten,2,2,"Improve accuracy, clarity, and conciseness of language.",33,29,4,0,0.8787878787878788,0.8787878787878788
./cnn/stories/6796fd980df9880d76a6a5c73a2438124da56a45.story,content,shorten,2,3,"Improve accuracy, clarity, and conciseness of language.",30,24,6,0,0.8,0.8
./cnn/stories/6796fd980df9880d76a6a5c73a2438124da56a45.story,style,formality,0,1,Make the text more formal.,61,46,15,0,0.7540983606557377,0.7540983606557377
./cnn/stories/6796fd980df9880d76a6a5c73a2438124da56a45.story,style,formality,0,2,Make the text more formal.,63,51,12,0,0.8095238095238095,0.8095238095238095
./cnn/stories/6796fd980df9880d76a6a5c73a2438124da56a45.story,style,formality,0,3,Make the text more formal.,53,43,10,0,0.8113207547169812,0.8113207547169812
./cnn/stories/6796fd980df9880d76a6a5c73a2438124da56a45.story,style,formality,1,1,Rephrase it to be more formal.,46,37,9,0,0.8043478260869565,0.8043478260869565
./cnn/stories/6796fd980df9880d76a6a5c73a2438124da56a45.story,style,formality,1,2,Rephrase it to be more formal.,53,44,9,0,0.8301886792452831,0.8301886792452831
./cnn/stories/6796fd980df9880d76a6a5c73a2438124da56a45.story,style,formality,1,3,Rephrase it to be more formal.,41,35,6,0,0.8536585365853658,0.8536585365853658
./cnn/stories/6796fd980df9880d76a6a5c73a2438124da56a45.story,style,formality,2,1,"Too conversational, rephrase it to be more formal.",97,85,12,0,0.8762886597938144,0.8762886597938144
./cnn/stories/6796fd980df9880d76a6a5c73a2438124da56a45.story,style,formality,2,2,"Too conversational, rephrase it to be more formal.",88,78,10,0,0.8863636363636364,0.8863636363636364
./cnn/stories/6796fd980df9880d76a6a5c73a2438124da56a45.story,style,formality,2,3,"Too conversational, rephrase it to be more formal.",91,78,13,0,0.8571428571428571,0.8571428571428571
./cnn/stories/6796fd980df9880d76a6a5c73a2438124da56a45.story,style,paraphrase,0,1,Paraphrase this.,25,24,1,0,0.96,0.96
./cnn/stories/6796fd980df9880d76a6a5c73a2438124da56a45.story,style,paraphrase,0,2,Paraphrase this.,23,21,2,0,0.9130434782608695,0.9130434782608695
./cnn/stories/6796fd980df9880d76a6a5c73a2438124da56a45.story,style,paraphrase,0,3,Paraphrase this.,19,18,1,0,0.9473684210526315,0.9473684210526315
./cnn/stories/6796fd980df9880d76a6a5c73a2438124da56a45.story,style,paraphrase,1,1,Reword this text.,36,33,3,0,0.9166666666666666,0.9166666666666666
./cnn/stories/6796fd980df9880d76a6a5c73a2438124da56a45.story,style,paraphrase,1,2,Reword this text.,24,23,1,0,0.9583333333333334,0.9583333333333334
./cnn/stories/6796fd980df9880d76a6a5c73a2438124da56a45.story,style,paraphrase,1,3,Reword this text.,26,24,2,0,0.9230769230769231,0.9230769230769231
./cnn/stories/6796fd980df9880d76a6a5c73a2438124da56a45.story,style,paraphrase,2,1,Use different wording.,25,21,4,0,0.84,0.84
./cnn/stories/6796fd980df9880d76a6a5c73a2438124da56a45.story,style,paraphrase,2,2,Use different wording.,24,24,0,0,1.0,1.0
./cnn/stories/6796fd980df9880d76a6a5c73a2438124da56a45.story,style,paraphrase,2,3,Use different wording.,23,22,1,0,0.9565217391304348,0.9565217391304348
./cnn/stories/6f24dcd85a39f94d7bce582703f0743964d7a132.story,content,elaborate,0,1,"Elaborate on the content, adding relevant details while staying faithful to the source text.",26,26,0,0,1.0,1.0
./cnn/stories/6f24dcd85a39f94d7bce582703f0743964d7a132.story,content,elaborate,0,2,"Elaborate on the content, adding relevant details while staying faithful to the source text.",31,31,0,0,1.0,1.0
./cnn/stories/6f24dcd85a39f94d7bce582703f0743964d7a132.story,content,elaborate,0,3,"Elaborate on the content, adding relevant details while staying faithful to the source text.",32,31,1,0,0.96875,0.96875
./cnn/stories/6f24dcd85a39f94d7bce582703f0743964d7a132.story,content,elaborate,1,1,"Expand the text with more context, without introducing information that is not supported by the original.",27,27,0,0,1.0,1.0
./cnn/stories/6f24dcd85a39f94d7bce582703f0743964d7a132.story,content,elaborate,1,2,"Expand the text with more context, without introducing information that is not supported by the original.",29,28,1,0,0.9655172413793104,0.9655172413793104
./cnn/stories/6f24dcd85a39f94d7bce582703f0743964d7a132.story,content,elaborate,1,3,"Expand the text with more context, without introducing information that is not supported by the original.",25,24,1,0,0.96,0.96
./cnn/stories/6f24dcd85a39f94d7bce582703f0743964d7a132.story,content,elaborate,2,1,"Add more detail, keeping every fact grounded in the source material.",25,25,0,0,1.0,1.0
./cnn/stories/6f24dcd85a39f94d7bce582703f0743964d7a132.story,content,elaborate,2,2,"Add more detail, keeping every fact grounded in the source material.",32,31,1,0,0.96875,0.96875
./cnn/stories/6f24dcd85a39f94d7bce582703f0743964d7a132.story,content,elaborate,2,3,"Add more detail, keeping every fact grounded in the source material.",42,38,4,0,0.9047619047619048,0.9047619047619048
./cnn/stories/6f24dcd85a39f94d7bce582703f0743964d7a132.story,content,shorten,0,1,Make wording more concise.,22,22,0,0,1.0,1.0
./cnn/stories/6f24dcd85a39f94d7bce582703f0743964d7a132.story,content,shorten,0,2,Make wording more concise.,17,17,0,0,1.0,1.0
./cnn/stories/6f24dcd85a39f94d7bce582703f0743964d7a132.story,content,shorten,0,3,Make wording more concise.,13,13,0,0,1.0,1.0
./cnn/stories/6f24dcd85a39f94d7bce582703f0743964d7a132.story,content,shorten,1,1,Rephrase for clarity and conciseness.,14,14,0,0,1.0,1.0
./cnn/stories/6f24dcd85a39f94d7bce582703f0743964d7a132.story,content,shorten,1,2,Rephrase for clarity and conciseness.,7,7,0,0,1.0,0.7
./cnn/stories/6f24dcd85a39f94d7bce582703f0743964d7a132.story,content,shorten,1,3,Rephrase for clarity and conciseness.,6,6,0,0,1.0,0.6
./cnn/stories/6f24dcd85a39f94d7bce582703f0743964d7a132.story,content,shorten,2,1,"Improve accuracy, clarity, and conciseness of language.",28,28,0,0,1.0,1.0
./cnn/stories/6f24dcd85a39f94d7bce582703f0743964d7a132.story,content,shorten,2,2,"Improve accuracy, clarity, and conciseness of language.",41,20,21,0,0.4878048780487805,0.4878048780487805
./cnn/stories/6f24dcd85a39f94d7bce582703f0743964d7a132.story,content,shorten,2,3,"Improve accuracy, clarity, and conciseness of language.",19,19,0,0,1.0,1.0
./cnn/stories/6f24dcd85a39f94d7bce582703f0743964d7a132.story,style,formality,0,1,Make the text more formal.,28,28,0,0,1.0,1.0
./cnn/stories/6f24dcd85a39f94d7bce582703f0743964d7a132.story,style,formality,0,2,Make the text more formal.,30,30,0,0,1.0,1.0
./cnn/stories/6f24dcd85a39f94d7bce582703f0743964d7a132.story,style,formality,0,3,Make the text more formal.,31,31,0,0,1.0,1.0
./cnn/stories/6f24dcd85a39f94d7bce582703f0743964d7a132.story,style,formality,1,1,Rephrase it to be more formal.,29,29,0,0,1.0,1.0
./cnn/stories/6f24dcd85a39f94d7bce582703f0743964d7a132.story,style,formality,1,2,Rephrase it to be more formal.,28,28,0,0,1.0,1.0
./cnn/stories/6f24dcd85a39f94d7bce582703f0743964d7a132.story,style,formality,1,3,Rephrase it to be more formal.,29,29,0,0,1.0,1.0
./cnn/stories/6f24dcd85a39f94d7bce582703f0743964d7a132.story,style,formality,2,1,"Too conversational, rephrase it to be more formal.",30,30,0,0,1.0,1.0
./cnn/stories/6f24dcd85a39f94d7bce582703f0743964d7a132.story,style,formality,2,2,"Too conversational, rephrase it to be more formal.",30,30,0,0,1.0,1.0
./cnn/stories/6f24dcd85a39f94d7bce582703f0743964d7a132.story,style,formality,2,3,"Too conversational, rephrase it to be more formal.",32,32,0,0,1.0,1.0
./cnn/stories/6f24dcd85a39f94d7bce582703f0743964d7a132.story,style,paraphrase,0,1,Paraphrase this.,28,28,0,0,1.0,1.0
./cnn/stories/6f24dcd85a39f94d7bce582703f0743964d7a132.story,style,paraphrase,0,2,Paraphrase this.,22,22,0,0,1.0,1.0
./cnn/stories/6f24dcd85a39f94d7bce582703f0743964d7a132.story,style,paraphrase,0,3,Paraphrase this.,20,20,0,0,1.0,1.0
./cnn/stories/6f24dcd85a39f94d7bce582703f0743964d7a132.story,style,paraphrase,1,1,Reword this text.,26,26,0,0,1.0,1.0
./cnn/stories/6f24dcd85a39f94d7bce582703f0743964d7a132.story,style,paraphrase,1,2,Reword this text.,26,26,0,0,1.0,1.0
./cnn/stories/6f24dcd85a39f94d7bce582703f0743964d7a132.story,style,paraphrase,1,3,Reword this text.,18,18,0,0,1.0,1.0
./cnn/stories/6f24dcd85a39f94d7bce582703f0743964d7a132.story,style,paraphrase,2,1,Use different wording.,27,26,1,0,0.9629629629629629,0.9629629629629629
./cnn/stories/6f24dcd85a39f94d7bce582703f0743964d7a132.story,style,paraphrase,2,2,Use different wording.,30,29,1,0,0.9666666666666667,0.9666666666666667
./cnn/stories/6f24dcd85a39f94d7bce582703f0743964d7a132.story,style,paraphrase,2,3,Use different wording.,30,30,0,0,1.0,1.0
./cnn/stories/706f47285f49967837e1220cf87c3cb9e9e525ee.story,content,elaborate,0,1,"Elaborate on the content, adding relevant details while staying faithful to the source text.",48,45,3,0,0.9375,0.9375
./cnn/stories/706f47285f49967837e1220cf87c3cb9e9e525ee.story,content,elaborate,0,2,"Elaborate on the content, adding relevant details while staying faithful to the source text.",53,52,1,0,0.9811320754716981,0.9811320754716981
./cnn/stories/706f47285f49967837e1220cf87c3cb9e9e525ee.story,content,elaborate,0,3,"Elaborate on the content, adding relevant details while staying faithful to the source text.",54,52,2,0,0.9629629629629629,0.9629629629629629
./cnn/stories/706f47285f49967837e1220cf87c3cb9e9e525ee.story,content,elaborate,1,1,"Expand the text with more context, without introducing information that is not supported by the original.",39,36,3,0,0.9230769230769231,0.9230769230769231
./cnn/stories/706f47285f49967837e1220cf87c3cb9e9e525ee.story,content,elaborate,1,2,"Expand the text with more context, without introducing information that is not supported by the original.",51,48,3,0,0.9411764705882353,0.9411764705882353
./cnn/stories/706f47285f49967837e1220cf87c3cb9e9e525ee.story,content,elaborate,1,3,"Expand the text with more context, without introducing information that is not supported by the original.",39,38,1,0,0.9743589743589743,0.9743589743589743
./cnn/stories/706f47285f49967837e1220cf87c3cb9e9e525ee.story,content,elaborate,2,1,"Add more detail, keeping every fact grounded in the source material.",50,49,1,0,0.98,0.98
./cnn/stories/706f47285f49967837e1220cf87c3cb9e9e525ee.story,content,elaborate,2,2,"Add more detail, keeping every fact grounded in the source material.",49,49,0,0,1.0,1.0
./cnn/stories/706f47285f49967837e1220cf87c3cb9e9e525ee.story,content,elaborate,2,3,"Add more detail, keeping every fact grounded in the source material.",43,42,1,0,0.9767441860465116,0.9767441860465116
./cnn/stories/706f47285f49967837e1220cf87c3cb9e9e525ee.story,content,shorten,0,1,Make wording more concise.,36,34,2,0,0.9444444444444444,0.9444444444444444
./cnn/stories/706f47285f49967837e1220cf87c3cb9e9e525ee.story,content,shorten,0,2,Make wording more concise.,28,27,1,0,0.9642857142857143,0.9642857142857143
./cnn/stories/706f47285f49967837e1220cf87c3cb9e9e525ee.story,content,shorten,0,3,Make wording more concise.,23,22,1,0,0.9565217391304348,0.9565217391304348
./cnn/stories/706f47285f49967837e1220cf87c3cb9e9e525ee.story,content,shorten,1,1,Rephrase for clarity and conciseness.,31,31,0,0,1.0,1.0
./cnn/stories/706f47285f49967837e1220cf87c3cb9e9e525ee.story,content,shorten,1,2,Rephrase for clarity and conciseness.,22,22,0,0,1.0,1.0
./cnn/stories/706f47285f49967837e1220cf87c3cb9e9e525ee.story,content,shorten,1,3,Rephrase for clarity and conciseness.,24,24,0,0,1.0,1.0
./cnn/stories/706f47285f49967837e1220cf87c3cb9e9e525ee.story,content,shorten,2,1,"Improve accuracy, clarity, and conciseness of language.",25,22,3,0,0.88,0.88
./cnn/stories/706f47285f49967837e1220cf87c3cb9e9e525ee.story,content,shorten,2,2,"Improve accuracy, clarity, and conciseness of language.",20,17,3,0,0.85,0.85
./cnn/stories/706f47285f49967837e1220cf87c3cb9e9e525ee.story,content,shorten,2,3,"Improve accuracy, clarity, and conciseness of language.",23,21,2,0,0.9130434782608695,0.9130434782608695
./cnn/stories/706f47285f49967837e1220cf87c3cb9e9e525ee.story,style,formality,0,1,Make the text more formal.,50,46,4,0,0.92,0.92
./cnn/stories/706f47285f49967837e1220cf87c3cb9e9e525ee.story,style,formality,0,2,Make the text more formal.,32,29,3,0,0.90625,0.90625
./cnn/stories/706f47285f49967837e1220cf87c3cb9e9e525ee.story,style,formality,0,3,Make the text more formal.,35,32,3,0,0.9142857142857143,0.9142857142857143
./cnn/stories/706f47285f49967837e1220cf87c3cb9e9e525ee.story,style,formality,1,1,Rephrase it to be more formal.,53,53,0,0,1.0,1.0
./cnn/stories/706f47285f49967837e1220cf87c3cb9e9e525ee.story,style,formality,1,2,Rephrase it to be more formal.,37,36,1,0,0.972972972972973,0.972972972972973
./cnn/stories/706f47285f49967837e1220cf87c3cb9e9e525ee.story,style,formality,1,3,Rephrase it to be more formal.,29,27,2,0,0.9310344827586207,0.9310344827586207
./cnn/stories/706f47285f49967837e1220cf87c3cb9e9e525ee.story,style,formality,2,1,"Too conversational, rephrase it to be more formal.",49,48,1,0,0.9795918367346939,0.9795918367346939
./cnn/stories/706f47285f49967837e1220cf87c3cb9e9e525ee.story,style,formality,2,2,"Too conversational, rephrase it to be more formal.",35,35,0,0,1.0,1.0
./cnn/stories/706f47285f49967837e1220cf87c3cb9e9e525ee.story,style,formality,2,3,"Too conversational, rephrase it to be more formal.",35,33,2,0,0.9428571428571428,0.9428571428571428
./cnn/stories/706f47285f49967837e1220cf87c3cb9e9e525ee.story,style,paraphrase,0,1,Paraphrase this.,36,32,4,0,0.8888888888888888,0.8888888888888888
./cnn/stories/706f47285f49967837e1220cf87c3cb9e9e525ee.story,style,paraphrase,0,2,Paraphrase this.,30,27,3,0,0.9,0.9
./cnn/stories/706f47285f49967837e1220cf87c3cb9e9e525ee.story,style,paraphrase,0,3,Paraphrase this.,29,28,1,0,0.9655172413793104,0.9655172413793104
./cnn/stories/706f47285f49967837e1220cf87c3cb9e9e525ee.story,style,paraphrase,1,1,Reword this text.,39,38,1,0,0.9743589743589743,0.9743589743589743
./cnn/stories/706f47285f49967837e1220cf87c3cb9e9e525ee.story,style,paraphrase,1,2,Reword this text.,35,34,1,0,0.9714285714285714,0.9714285714285714
./cnn/stories/706f47285f49967837e1220cf87c3cb9e9e525ee.story,style,paraphrase,1,3,Reword this text.,31,30,1,0,0.967741935483871,0.967741935483871
./cnn/stories/706f47285f49967837e1220cf87c3cb9e9e525ee.story,style,paraphrase,2,1,Use different wording.,44,43,1,0,0.9772727272727273,0.9772727272727273
./cnn/stories/706f47285f49967837e1220cf87c3cb9e9e525ee.story,style,paraphrase,2,2,Use different wording.,41,40,1,0,0.975609756097561,0.975609756097561
./cnn/stories/706f47285f49967837e1220cf87c3cb9e9e525ee.story,style,paraphrase,2,3,Use different wording.,41,39,2,0,0.9512195121951219,0.9512195121951219
./cnn/stories/72f0c366e1f31b292d8fb0e9d8b9b1291955ce59.story,content,elaborate,0,1,"Elaborate on the content, adding relevant details while staying faithful to the source text.",27,27,0,0,1.0,1.0
./cnn/stories/72f0c366e1f31b292d8fb0e9d8b9b1291955ce59.story,content,elaborate,0,2,"Elaborate on the content, adding relevant details while staying faithful to the source text.",37,37,0,0,1.0,1.0
./cnn/stories/72f0c366e1f31b292d8fb0e9d8b9b1291955ce59.story,content,elaborate,0,3,"Elaborate on the content, adding relevant details while staying faithful to the source text.",31,31,0,0,1.0,1.0
./cnn/stories/72f0c366e1f31b292d8fb0e9d8b9b1291955ce59.story,content,elaborate,1,1,"Expand the text with more context, without introducing information that is not supported by the original.",33,33,0,0,1.0,1.0
./cnn/stories/72f0c366e1f31b292d8fb0e9d8b9b1291955ce59.story,content,elaborate,1,2,"Expand the text with more context, without introducing information that is not supported by the original.",35,35,0,0,1.0,1.0
./cnn/stories/72f0c366e1f31b292d8fb0e9d8b9b1291955ce59.story,content,elaborate,1,3,"Expand the text with more context, without introducing information that is not supported by the original.",44,42,2,0,0.9545454545454546,0.9545454545454546
./cnn/stories/72f0c366e1f31b292d8fb0e9d8b9b1291955ce59.story,content,elaborate,2,1,"Add more detail, keeping every fact grounded in the source material.",36,36,0,0,1.0,1.0
./cnn/stories/72f0c366e1f31b292d8fb0e9d8b9b1291955ce59.story,content,elaborate,2,2,"Add more detail, keeping every fact grounded in the source material.",43,43,0,0,1.0,1.0
./cnn/stories/72f0c366e1f31b292d8fb0e9d8b9b1291955ce59.story,content,elaborate,2,3,"Add more detail, keeping every fact grounded in the source material.",40,40,0,0,1.0,1.0
./cnn/stories/72f0c366e1f31b292d8fb0e9d8b9b1291955ce59.story,content,shorten,0,1,Make wording more concise.,23,23,0,0,1.0,1.0
./cnn/stories/72f0c366e1f31b292d8fb0e9d8b9b1291955ce59.story,content,shorten,0,2,Make wording more concise.,24,24,0,0,1.0,1.0
./cnn/stories/72f0c366e1f31b292d8fb0e9d8b9b1291955ce59.story,content,shorten,0,3,Make wording more concise.,23,23,0,0,1.0,1.0
./cnn/stories/72f0c366e1f31b292d8fb0e9d8b9b1291955ce59.story,content,shorten,1,1,Rephrase for clarity and conciseness.,27,27,0,0,1.0,1.0
./cnn/stories/72f0c366e1f31b292d8fb0e9d8b9b1291955ce59.story,content,shorten,1,2,Rephrase for clarity and conciseness.,22,21,1,0,0.9545454545454546,0.9545454545454546
./cnn/stories/72f0c366e1f31b292d8fb0e9d8b9b1291955ce59.story,content,shorten,1,3,Rephrase for clarity and conciseness.,17,17,0,0,1.0,1.0
./cnn/stories/72f0c366e1f31b292d8fb0e9d8b9b1291955ce59.story,content,shorten,2,1,"Improve accuracy, clarity, and conciseness of language.",23,23,0,0,1.0,1.0
./cnn/stories/72f0c366e1f31b292d8fb0e9d8b9b1291955ce59.story,content,shorten,2,2,"Improve accuracy, clarity, and conciseness of language.",24,24,0,0,1.0,1.0
./cnn/stories/72f0c366e1f31b292d8fb0e9d8b9b1291955ce59.story,content,shorten,2,3,"Improve accuracy, clarity, and conciseness of language.",24,24,0,0,1.0,1.0
./cnn/stories/72f0c366e1f31b292d8fb0e9d8b9b1291955ce59.story,style,formality,0,1,Make the text more formal.,39,39,0,0,1.0,1.0
./cnn/stories/72f0c366e1f31b292d8fb0e9d8b9b1291955ce59.story,style,formality,0,2,Make the text more formal.,34,34,0,0,1.0,1.0
./cnn/stories/72f0c366e1f31b292d8fb0e9d8b9b1291955ce59.story,style,formality,0,3,Make the text more formal.,38,38,0,0,1.0,1.0
./cnn/stories/72f0c366e1f31b292d8fb0e9d8b9b1291955ce59.story,style,formality,1,1,Rephrase it to be more formal.,33,33,0,0,1.0,1.0
./cnn/stories/72f0c366e1f31b292d8fb0e9d8b9b1291955ce59.story,style,formality,1,2,Rephrase it to be more formal.,31,31,0,0,1.0,1.0
./cnn/stories/72f0c366e1f31b292d8fb0e9d8b9b1291955ce59.story,style,formality,1,3,Rephrase it to be more formal.,32,32,0,0,1.0,1.0
./cnn/stories/72f0c366e1f31b292d8fb0e9d8b9b1291955ce59.story,style,formality,2,1,"Too conversational, rephrase it to be more formal.",42,40,2,0,0.9523809523809523,0.9523809523809523
./cnn/stories/72f0c366e1f31b292d8fb0e9d8b9b1291955ce59.story,style,formality,2,2,"Too conversational, rephrase it to be more formal.",46,45,1,0,0.9782608695652174,0.9782608695652174
./cnn/stories/72f0c366e1f31b292d8fb0e9d8b9b1291955ce59.story,style,formality,2,3,"Too conversational, rephrase it to be more formal.",34,34,0,0,1.0,1.0
./cnn/stories/72f0c366e1f31b292d8fb0e9d8b9b1291955ce59.story,style,paraphrase,0,1,Paraphrase this.,29,29,0,0,1.0,1.0
./cnn/stories/72f0c366e1f31b292d8fb0e9d8b9b1291955ce59.story,style,paraphrase,0,2,Paraphrase this.,28,28,0,0,1.0,1.0
./cnn/stories/72f0c366e1f31b292d8fb0e9d8b9b1291955ce59.story,style,paraphrase,0,3,Paraphrase this.,30,30,0,0,1.0,1.0
./cnn/stories/72f0c366e1f31b292d8fb0e9d8b9b1291955ce59.story,style,paraphrase,1,1,Reword this text.,30,30,0,0,1.0,1.0
./cnn/stories/72f0c366e1f31b292d8fb0e9d8b9b1291955ce59.story,style,paraphrase,1,2,Reword this text.,27,27,0,0,1.0,1.0
./cnn/stories/72f0c366e1f31b292d8fb0e9d8b9b1291955ce59.story,style,paraphrase,1,3,Reword this text.,28,27,1,0,0.9642857142857143,0.9642857142857143
./cnn/stories/72f0c366e1f31b292d8fb0e9d8b9b1291955ce59.story,style,paraphrase,2,1,Use different wording.,32,32,0,0,1.0,1.0
./cnn/stories/72f0c366e1f31b292d8fb0e9d8b9b1291955ce59.story,style,paraphrase,2,2,Use different wording.,30,30,0,0,1.0,1.0
./cnn/stories/72f0c366e1f31b292d8fb0e9d8b9b1291955ce59.story,style,paraphrase,2,3,Use different wording.,34,33,1,0,0.9705882352941176,0.9705882352941176
./cnn/stories/731322a6d79538eb67585b609325364b3f0914bb.story,content,elaborate,0,1,"Elaborate on the content, adding relevant details while staying faithful to the source text.",20,20,0,0,1.0,1.0
./cnn/stories/731322a6d79538eb67585b609325364b3f0914bb.story,content,elaborate,0,2,"Elaborate on the content, adding relevant details while staying faithful to the source text.",21,21,0,0,1.0,1.0
./cnn/stories/731322a6d79538eb67585b609325364b3f0914bb.story,content,elaborate,0,3,"Elaborate on the content, adding relevant details while staying faithful to the source text.",23,23,0,0,1.0,1.0
./cnn/stories/731322a6d79538eb67585b609325364b3f0914bb.story,content,elaborate,1,1,"Expand the text with more context, without introducing information that is not supported by the original.",24,24,0,0,1.0,1.0
./cnn/stories/731322a6d79538eb67585b609325364b3f0914bb.story,content,elaborate,1,2,"Expand the text with more context, without introducing information that is not supported by the original.",25,25,0,0,1.0,1.0
./cnn/stories/731322a6d79538eb67585b609325364b3f0914bb.story,content,elaborate,1,3,"Expand the text with more context, without introducing information that is not supported by the original.",23,23,0,0,1.0,1.0
./cnn/stories/731322a6d79538eb67585b609325364b3f0914bb.story,content,elaborate,2,1,"Add more detail, keeping every fact grounded in the source material.",24,24,0,0,1.0,1.0
./cnn/stories/731322a6d79538eb67585b609325364b3f0914bb.story,content,elaborate,2,2,"Add more detail, keeping every fact grounded in the source material.",21,21,0,0,1.0,1.0
./cnn/stories/731322a6d79538eb67585b609325364b3f0914bb.story,content,elaborate,2,3,"Add more detail, keeping every fact grounded in the source material.",26,26,0,0,1.0,1.0
./cnn/stories/731322a6d79538eb67585b609325364b3f0914bb.story,content,shorten,0,1,Make wording more concise.,11,11,0,0,1.0,1.0
./cnn/stories/731322a6d79538eb67585b609325364b3f0914bb.story,content,shorten,0,2,Make wording more concise.,8,8,0,0,1.0,0.8
./cnn/stories/731322a6d79538eb67585b609325364b3f0914bb.story,content,shorten,0,3,Make wording more concise.,8,8,0,0,1.0,0.8
./cnn/stories/731322a6d79538eb67585b609325364b3f0914bb.story,content,shorten,1,1,Rephrase for clarity and conciseness.,15,15,0,0,1.0,1.0
./cnn/stories/731322a6d79538eb67585b609325364b3f0914bb.story,content,shorten,1,2,Rephrase for clarity and conciseness.,11,10,1,0,0.9090909090909091,0.9090909090909091
./cnn/stories/731322a6d79538eb67585b609325364b3f0914bb.story,content,shorten,1,3,Rephrase for clarity and conciseness.,8,6,2,0,0.75,0.6000000000000001
./cnn/stories/731322a6d79538eb67585b609325364b3f0914bb.story,content,shorten,2,1,"Improve accuracy, clarity, and conciseness of language.",23,23,0,0,1.0,1.0
./cnn/stories/731322a6d79538eb67585b609325364b3f0914bb.story,content,shorten,2,2,"Improve accuracy, clarity, and conciseness of language.",16,15,1,0,0.9375,0.9375
./cnn/stories/731322a6d79538eb67585b609325364b3f0914bb.story,content,shorten,2,3,"Improve accuracy, clarity, and conciseness of language.",16,15,1,0,0.9375,0.9375
./cnn/stories/731322a6d79538eb67585b609325364b3f0914bb.story,style,formality,0,1,Make the text more formal.,20,20,0,0,1.0,1.0
./cnn/stories/731322a6d79538eb67585b609325364b3f0914bb.story,style,formality,0,2,Make the text more formal.,20,20,0,0,1.0,1.0
./cnn/stories/731322a6d79538eb67585b609325364b3f0914bb.story,style,formality,0,3,Make the text more formal.,25,25,0,0,1.0,1.0
./cnn/stories/731322a6d79538eb67585b609325364b3f0914bb.story,style,formality,1,1,Rephrase it to be more formal.,26,26,0,0,1.0,1.0
./cnn/stories/731322a6d79538eb67585b609325364b3f0914bb.story,style,formality,1,2,Rephrase it to be more formal.,30,30,0,0,1.0,1.0
./cnn/stories/731322a6d79538eb67585b609325364b3f0914bb.story,style,formality,1,3,Rephrase it to be more formal.,31,31,0,0,1.0,1.0
./cnn/stories/731322a6d79538eb67585b609325364b3f0914bb.story,style,formality,2,1,"Too conversational, rephrase it to be more formal.",26,26,0,0,1.0,1.0
./cnn/stories/731322a6d79538eb67585b609325364b3f0914bb.story,style,formality,2,2,"Too conversational, rephrase it to be more formal.",19,19,0,0,1.0,1.0
./cnn/stories/731322a6d79538eb67585b609325364b3f0914bb.story,style,formality,2,3,"Too conversational, rephrase it to be more formal.",21,21,0,0,1.0,1.0
./cnn/stories/731322a6d79538eb67585b609325364b3f0914bb.story,style,paraphrase,0,1,Paraphrase this.,18,18,0,0,1.0,1.0
./cnn/stories/731322a6d79538eb67585b609325364b3f0914bb.story,style,paraphrase,0,2,Paraphrase this.,26,25,1,0,0.9615384615384616,0.9615384615384616
./cnn/stories/731322a6d79538eb67585b609325364b3f0914bb.story,style,paraphrase,0,3,Paraphrase this.,18,16,2,0,0.8888888888888888,0.8888888888888888
./cnn/stories/731322a6d79538eb67585b609325364b3f0914bb.story,style,paraphrase,1,1,Reword this text.,18,18,0,0,1.0,1.0
./cnn/stories/731322a6d79538eb67585b609325364b3f0914bb.story,style,paraphrase,1,2,Reword this text.,22,22,0,0,1.0,1.0
./cnn/stories/731322a6d79538eb67585b609325364b3f0914bb.story,style,paraphrase,1,3,Reword this text.,19,19,0,0,1.0,1.0
./cnn/stories/731322a6d79538eb67585b609325364b3f0914bb.story,style,paraphrase,2,1,Use different wording.,21,21,0,0,1.0,1.0
./cnn/stories/731322a6d79538eb67585b609325364b3f0914bb.story,style,paraphrase,2,2,Use different wording.,32,31,1,0,0.96875,0.96875
./cnn/stories/731322a6d79538eb67585b609325364b3f0914bb.story,style,paraphrase,2,3,Use different wording.,22,22,0,0,1.0,1.0
./cnn/stories/73cb3690e5352c1c47c96ee1b2086692c4915a7c.story,content,elaborate,0,1,"Elaborate on the content, adding relevant details while staying faithful to the source text.",44,43,1,0,0.9772727272727273,0.9772727272727273
./cnn/stories/73cb3690e5352c1c47c96ee1b2086692c4915a7c.story,content,elaborate,0,2,"Elaborate on the content, adding relevant details while staying faithful to the source text.",47,46,1,0,0.9787234042553191,0.9787234042553191
./cnn/stories/73cb3690e5352c1c47c96ee1b2086692c4915a7c.story,content,elaborate,0,3,"Elaborate on the content, adding relevant details while staying faithful to the source text.",47,47,0,0,1.0,1.0
./cnn/stories/73cb3690e5352c1c47c96ee1b2086692c4915a7c.story,content,elaborate,1,1,"Expand the text with more context, without introducing information that is not supported by the original.",38,38,0,0,1.0,1.0
./cnn/stories/73cb3690e5352c1c47c96ee1b2086692c4915a7c.story,content,elaborate,1,2,"Expand the text with more context, without introducing information that is not supported by the original.",52,52,0,0,1.0,1.0
./cnn/stories/73cb3690e5352c1c47c96ee1b2086692c4915a7c.story,content,elaborate,1,3,"Expand the text with more context, without introducing information that is not supported by the original.",41,41,0,0,1.0,1.0
./cnn/stories/73cb3690e5352c1c47c96ee1b2086692c4915a7c.story,content,elaborate,2,1,"Add more detail, keeping every fact grounded in the source material.",39,39,0,0,1.0,1.0
./cnn/stories/73cb3690e5352c1c47c96ee1b2086692c4915a7c.story,content,elaborate,2,2,"Add more detail, keeping every fact grounded in the source material.",53,51,2,0,0.9622641509433962,0.9622641509433962
./cnn/stories/73cb3690e5352c1c47c96ee1b2086692c4915a7c.story,content,elaborate,2,3,"Add more detail, keeping every fact grounded in the source material.",67,67,0,0,1.0,1.0
./cnn/stories/73cb3690e5352c1c47c96ee1b2086692c4915a7c.story,content,shorten,0,1,Make wording more concise.,24,24,0,0,1.0,1.0
./cnn/stories/73cb3690e5352c1c47c96ee1b2086692c4915a7c.story,content,shorten,0,2,Make wording more concise.,26,26,0,0,1.0,1.0
./cnn/stories/73cb3690e5352c1c47c96ee1b2086692c4915a7c.story,content,shorten,0,3,Make wording more concise.,23,23,0,0,1.0,1.0
./cnn/stories/73cb3690e5352c1c47c96ee1b2086692c4915a7c.story,content,shorten,1,1,Rephrase for clarity and conciseness.,24,24,0,0,1.0,1.0
./cnn/stories/73cb3690e5352c1c47c96ee1b2086692c4915a7c.story,content,shorten,1,2,Rephrase for clarity and conciseness.,20,20,0,0,1.0,1.0
./cnn/stories/73cb3690e5352c1c47c96ee1b2086692c4915a7c.story,content,shorten,1,3,Rephrase for clarity and conciseness.,18,18,0,0,1.0,1.0
./cnn/stories/73cb3690e5352c1c47c96ee1b2086692c4915a7c.story,content,shorten,2,1,"Improve accuracy, clarity, and conciseness of language.",35,35,0,0,1.0,1.0
./cnn/stories/73cb3690e5352c1c47c96ee1b2086692c4915a7c.story,content,shorten,2,2,"Improve accuracy, clarity, and conciseness of language.",32,32,0,0,1.0,1.0
./cnn/stories/73cb3690e5352c1c47c96ee1b2086692c4915a7c.story,content,shorten,2,3,"Improve accuracy, clarity, and conciseness of language.",27,27,0,0,1.0,1.0
./cnn/stories/73cb3690e5352c1c47c96ee1b2086692c4915a7c.story,style,formality,0,1,Make the text more formal.,51,51,0,0,1.0,1.0
./cnn/stories/73cb3690e5352c1c47c96ee1b2086692c4915a7c.story,style,formality,0,2,Make the text more formal.,49,49,0,0,1.0,1.0
./cnn/stories/73cb3690e5352c1c47c96ee1b2086692c4915a7c.story,style,formality,0,3,Make the text more formal.,43,43,0,0,1.0,1.0
./cnn/stories/73cb3690e5352c1c47c96ee1b2086692c4915a7c.story,style,formality,1,1,Rephrase it to be more formal.,41,40,1,0,0.975609756097561,0.975609756097561
./cnn/stories/73cb3690e5352c1c47c96ee1b2086692c4915a7c.story,style,formality,1,2,Rephrase it to be more formal.,46,45,1,0,0.9782608695652174,0.9782608695652174
./cnn/stories/73cb3690e5352c1c47c96ee1b2086692c4915a7c.story,style,formality,1,3,Rephrase it to be more formal.,44,44,0,0,1.0,1.0
./cnn/stories/73cb3690e5352c1c47c96ee1b2086692c4915a7c.story,style,formality,2,1,"Too conversational, rephrase it to be more formal.",46,46,0,0,1.0,1.0
./cnn/stories/73cb3690e5352c1c47c96ee1b2086692c4915a7c.story,style,formality,2,2,"Too conversational, rephrase it to be more formal.",44,44,0,0,1.0,1.0
./cnn/stories/73cb3690e5352c1c47c96ee1b2086692c4915a7c.story,style,formality,2,3,"Too conversational, rephrase it to be more formal.",41,41,0,0,1.0,1.0
./cnn/stories/73cb3690e5352c1c47c96ee1b2086692c4915a7c.story,style,paraphrase,0,1,Paraphrase this.,27,27,0,0,1.0,1.0
./cnn/stories/73cb3690e5352c1c47c96ee1b2086692c4915a7c.story,style,paraphrase,0,2,Paraphrase this.,24,24,0,0,1.0,1.0
./cnn/stories/73cb3690e5352c1c47c96ee1b2086692c4915a7c.story,style,paraphrase,0,3,Paraphrase this.,23,23,0,0,1.0,1.0
./cnn/stories/73cb3690e5352c1c47c96ee1b2086692c4915a7c.story,style,paraphrase,1,1,Reword this text.,33,33,0,0,1.0,1.0
./cnn/stories/73cb3690e5352c1c47c96ee1b2086692c4915a7c.story,style,paraphrase,1,2,Reword this text.,28,28,0,0,1.0,1.0
./cnn/stories/73cb3690e5352c1c47c96ee1b2086692c4915a7c.story,style,paraphrase,1,3,Reword this text.,20,20,0,0,1.0,1.0
./cnn/stories/73cb3690e5352c1c47c96ee1b2086692c4915a7c.story,style,paraphrase,2,1,Use different wording.,32,32,0,0,1.0,1.0
./cnn/stories/73cb3690e5352c1c47c96ee1b2086692c4915a7c.story,style,paraphrase,2,2,Use different wording.,32,32,0,0,1.0,1.0
./cnn/stories/73cb3690e5352c1c47c96ee1b2086692c4915a7c.story,style,paraphrase,2,3,Use different wording.,33,33,0,0,1.0,1.0
./cnn/stories/755c8b39393f5a39bd32253ceda74f2af8186ad0.story,content,elaborate,0,1,"Elaborate on the content, adding relevant details while staying faithful to the source text.",35,34,1,0,0.9714285714285714,0.9714285714285714
./cnn/stories/755c8b39393f5a39bd32253ceda74f2af8186ad0.story,content,elaborate,0,2,"Elaborate on the content, adding relevant details while staying faithful to the source text.",35,35,0,0,1.0,1.0
./cnn/stories/755c8b39393f5a39bd32253ceda74f2af8186ad0.story,content,elaborate,0,3,"Elaborate on the content, adding relevant details while staying faithful to the source text.",44,43,1,0,0.9772727272727273,0.9772727272727273
./cnn/stories/755c8b39393f5a39bd32253ceda74f2af8186ad0.story,content,elaborate,1,1,"Expand the text with more context, without introducing information that is not supported by the original.",52,51,1,0,0.9807692307692307,0.9807692307692307
./cnn/stories/755c8b39393f5a39bd32253ceda74f2af8186ad0.story,content,elaborate,1,2,"Expand the text with more context, without introducing information that is not supported by the original.",55,53,2,0,0.9636363636363636,0.9636363636363636
./cnn/stories/755c8b39393f5a39bd32253ceda74f2af8186ad0.story,content,elaborate,1,3,"Expand the text with more context, without introducing information that is not supported by the original.",41,39,2,0,0.9512195121951219,0.9512195121951219
./cnn/stories/755c8b39393f5a39bd32253ceda74f2af8186ad0.story,content,elaborate,2,1,"Add more detail, keeping every fact grounded in the source material.",59,58,1,0,0.9830508474576272,0.9830508474576272
./cnn/stories/755c8b39393f5a39bd32253ceda74f2af8186ad0.story,content,elaborate,2,2,"Add more detail, keeping every fact grounded in the source material.",48,46,2,0,0.9583333333333334,0.9583333333333334
./cnn/stories/755c8b39393f5a39bd32253ceda74f2af8186ad0.story,content,elaborate,2,3,"Add more detail, keeping every fact grounded in the source material.",49,41,8,0,0.8367346938775511,0.8367346938775511
./cnn/stories/755c8b39393f5a39bd32253ceda74f2af8186ad0.story,content,shorten,0,1,Make wording more concise.,26,26,0,0,1.0,1.0
./cnn/stories/755c8b39393f5a39bd32253ceda74f2af8186ad0.story,content,shorten,0,2,Make wording more concise.,15,15,0,0,1.0,1.0
./cnn/stories/755c8b39393f5a39bd32253ceda74f2af8186ad0.story,content,shorten,0,3,Make wording more concise.,15,15,0,0,1.0,1.0
./cnn/stories/755c8b39393f5a39bd32253ceda74f2af8186ad0.story,content,shorten,1,1,Rephrase for clarity and conciseness.,26,26,0,0,1.0,1.0
./cnn/stories/755c8b39393f5a39bd32253ceda74f2af8186ad0.story,content,shorten,1,2,Rephrase for clarity and conciseness.,22,21,1,0,0.9545454545454546,0.9545454545454546
./cnn/stories/755c8b39393f5a39bd32253ceda74f2af8186ad0.story,content,shorten,1,3,Rephrase for clarity and conciseness.,19,18,1,0,0.9473684210526315,0.9473684210526315
./cnn/stories/755c8b39393f5a39bd32253ceda74f2af8186ad0.story,content,shorten,2,1,"Improve accuracy, clarity, and conciseness of language.",49,47,2,0,0.9591836734693877,0.9591836734693877
./cnn/stories/755c8b39393f5a39bd32253ceda74f2af8186ad0.story,content,shorten,2,2,"Improve accuracy, clarity, and conciseness of language.",34,34,0,0,1.0,1.0
./cnn/stories/755c8b39393f5a39bd32253ceda74f2af8186ad0.story,content,shorten,2,3,"Improve accuracy, clarity, and conciseness of language.",28,27,1,0,0.9642857142857143,0.9642857142857143
./cnn/stories/755c8b39393f5a39bd32253ceda74f2af8186ad0.story,style,formality,0,1,Make the text more formal.,48,48,0,0,1.0,1.0
./cnn/stories/755c8b39393f5a39bd32253ceda74f2af8186ad0.story,style,formality,0,2,Make the text more formal.,49,49,0,0,1.0,1.0
./cnn/stories/755c8b39393f5a39bd32253ceda74f2af8186ad0.story,style,formality,0,3,Make the text more formal.,53,53,0,0,1.0,1.0
./cnn/stories/755c8b39393f5a39bd32253ceda74f2af8186ad0.story,style,formality,1,1,Rephrase it to be more formal.,66,62,4,0,0.9393939393939394,0.9393939393939394
./cnn/stories/755c8b39393f5a39bd32253ceda74f2af8186ad0.story,style,formality,1,2,Rephrase it to be more formal.,69,63,6,0,0.9130434782608695,0.9130434782608695
./cnn/stories/755c8b39393f5a39bd32253ceda74f2af8186ad0.story,style,formality,1,3,Rephrase it to be more formal.,63,57,6,0,0.9047619047619048,0.9047619047619048
./cnn/stories/755c8b39393f5a39bd32253ceda74f2af8186ad0.story,style,formality,2,1,"Too conversational, rephrase it to be more formal.",42,42,0,0,1.0,1.0
./cnn/stories/755c8b39393f5a39bd32253ceda74f2af8186ad0.story,style,formality,2,2,"Too conversational, rephrase it to be more formal.",39,39,0,0,1.0,1.0
./cnn/stories/755c8b39393f5a39bd32253ceda74f2af8186ad0.story,style,formality,2,3,"Too conversational, rephrase it to be more formal.",40,39,1,0,0.975,0.975
./cnn/stories/755c8b39393f5a39bd32253ceda74f2af8186ad0.story,style,paraphrase,0,1,Paraphrase this.,31,31,0,0,1.0,1.0
./cnn/stories/755c8b39393f5a39bd32253ceda74f2af8186ad0.story,style,paraphrase,0,2,Paraphrase this.,37,37,0,0,1.0,1.0
./cnn/stories/755c8b39393f5a39bd32253ceda74f2af8186ad0.story,style,paraphrase,0,3,Paraphrase this.,43,42,1,0,0.9767441860465116,0.9767441860465116
./cnn/stories/755c8b39393f5a39bd32253ceda74f2af8186ad0.story,style,paraphrase,1,1,Reword this text.,44,43,1,0,0.9772727272727273,0.9772727272727273
./cnn/stories/755c8b39393f5a39bd32253ceda74f2af8186ad0.story,style,paraphrase,1,2,Reword this text.,42,41,1,0,0.9761904761904762,0.9761904761904762
./cnn/stories/755c8b39393f5a39bd32253ceda74f2af8186ad0.story,style,paraphrase,1,3,Reword this text.,38,38,0,0,1.0,1.0
./cnn/stories/755c8b39393f5a39bd32253ceda74f2af8186ad0.story,style,paraphrase,2,1,Use different wording.,51,51,0,0,1.0,1.0
./cnn/stories/755c8b39393f5a39bd32253ceda74f2af8186ad0.story,style,paraphrase,2,2,Use different wording.,53,53,0,0,1.0,1.0
./cnn/stories/755c8b39393f5a39bd32253ceda74f2af8186ad0.story,style,paraphrase,2,3,Use different wording.,39,38,1,0,0.9743589743589743,0.9743589743589743
./cnn/stories/778258d1fc8480c83d5bb33ab649c368a074c537.story,content,elaborate,0,1,"Elaborate on the content, adding relevant details while staying faithful to the source text.",55,54,1,0,0.9818181818181818,0.9818181818181818
./cnn/stories/778258d1fc8480c83d5bb33ab649c368a074c537.story,content,elaborate,0,2,"Elaborate on the content, adding relevant details while staying faithful to the source text.",47,45,2,0,0.9574468085106383,0.9574468085106383
./cnn/stories/778258d1fc8480c83d5bb33ab649c368a074c537.story,content,elaborate,0,3,"Elaborate on the content, adding relevant details while staying faithful to the source text.",49,46,3,0,0.9387755102040817,0.9387755102040817
./cnn/stories/778258d1fc8480c83d5bb33ab649c368a074c537.story,content,elaborate,1,1,"Expand the text with more context, without introducing information that is not supported by the original.",42,40,2,0,0.9523809523809523,0.9523809523809523
./cnn/stories/778258d1fc8480c83d5bb33ab649c368a074c537.story,content,elaborate,1,2,"Expand the text with more context, without introducing information that is not supported by the original.",44,42,2,0,0.9545454545454546,0.9545454545454546
./cnn/stories/778258d1fc8480c83d5bb33ab649c368a074c537.story,content,elaborate,1,3,"Expand the text with more context, without introducing information that is not supported by the original.",40,36,4,0,0.9,0.9
./cnn/stories/778258d1fc8480c83d5bb33ab649c368a074c537.story,content,elaborate,2,1,"Add more detail, keeping every fact grounded in the source material.",48,45,3,0,0.9375,0.9375
./cnn/stories/778258d1fc8480c83d5bb33ab649c368a074c537.story,content,elaborate,2,2,"Add more detail, keeping every fact grounded in the source material.",50,49,1,0,0.98,0.98
./cnn/stories/778258d1fc8480c83d5bb33ab649c368a074c537.story,content,elaborate,2,3,"Add more detail, keeping every fact grounded in the source material.",40,38,2,0,0.95,0.95
./cnn/stories/778258d1fc8480c83d5bb33ab649c368a074c537.story,content,shorten,0,1,Make wording more concise.,34,34,0,0,1.0,1.0
./cnn/stories/778258d1fc8480c83d5bb33ab649c368a074c537.story,content,shorten,0,2,Make wording more concise.,29,29,0,0,1.0,1.0
./cnn/stories/778258d1fc8480c83d5bb33ab649c368a074c537.story,content,shorten,0,3,Make wording more concise.,31,30,1,0,0.967741935483871,0.967741935483871
./cnn/stories/778258d1fc8480c83d5bb33ab649c368a074c537.story,content,shorten,1,1,Rephrase for clarity and conciseness.,29,27,2,0,0.9310344827586207,0.9310344827586207
./cnn/stories/778258d1fc8480c83d5bb33ab649c368a074c537.story,content,shorten,1,2,Rephrase for clarity and conciseness.,27,26,1,0,0.9629629629629629,0.9629629629629629
./cnn/stories/778258d1fc8480c83d5bb33ab649c368a074c537.story,content,shorten,1,3,Rephrase for clarity and conciseness.,26,24,2,0,0.9230769230769231,0.9230769230769231
./cnn/stories/778258d1fc8480c83d5bb33ab649c368a074c537.story,content,shorten,2,1,"Improve accuracy, clarity, and conciseness of language.",28,27,1,0,0.9642857142857143,0.9642857142857143
./cnn/stories/778258d1fc8480c83d5bb33ab649c368a074c537.story,content,shorten,2,2,"Improve accuracy, clarity, and conciseness of language.",32,32,0,0,1.0,1.0
./cnn/stories/778258d1fc8480c83d5bb33ab649c368a074c537.story,content,shorten,2,3,"Improve accuracy, clarity, and conciseness of language.",25,24,1,0,0.96,0.96
./cnn/stories/778258d1fc8480c83d5bb33ab649c368a074c537.story,style,formality,0,1,Make the text more formal.,55,54,1,0,0.9818181818181818,0.9818181818181818
./cnn/stories/778258d1fc8480c83d5bb33ab649c368a074c537.story,style,formality,0,2,Make the text more formal.,47,47,0,0,1.0,1.0
./cnn/stories/778258d1fc8480c83d5bb33ab649c368a074c537.story,style,formality,0,3,Make the text more formal.,30,30,0,0,1.0,1.0
./cnn/stories/778258d1fc8480c83d5bb33ab649c368a074c537.story,style,formality,1,1,Rephrase it to be more formal.,38,37,1,0,0.9736842105263158,0.9736842105263158
./cnn/stories/778258d1fc8480c83d5bb33ab649c368a074c537.story,style,formality,1,2,Rephrase it to be more formal.,33,32,1,0,0.9696969696969697,0.9696969696969697
./cnn/stories/778258d1fc8480c83d5bb33ab649c368a074c537.story,style,formality,1,3,Rephrase it to be more formal.,34,34,0,0,1.0,1.0
./cnn/stories/778258d1fc8480c83d5bb33ab649c368a074c537.story,style,formality,2,1,"Too conversational, rephrase it to be more formal.",34,32,2,0,0.9411764705882353,0.9411764705882353
./cnn/stories/778258d1fc8480c83d5bb33ab649c368a074c537.story,style,formality,2,2,"Too conversational, rephrase it to be more formal.",37,36,1,0,0.972972972972973,0.972972972972973
./cnn/stories/778258d1fc8480c83d5bb33ab649c368a074c537.story,style,formality,2,3,"Too conversational, rephrase it to be more formal.",37,37,0,0,1.0,1.0
./cnn/stories/778258d1fc8480c83d5bb33ab649c368a074c537.story,style,paraphrase,0,1,Paraphrase this.,22,22,0,0,1.0,1.0
./cnn/stories/778258d1fc8480c83d5bb33ab649c368a074c537.story,style,paraphrase,0,2,Paraphrase this.,25,25,0,0,1.0,1.0
./cnn/stories/778258d1fc8480c83d5bb33ab649c368a074c537.story,style,paraphrase,0,3,Paraphrase this.,28,26,2,0,0.9285714285714286,0.9285714285714286
./cnn/stories/778258d1fc8480c83d5bb33ab649c368a074c537.story,style,paraphrase,1,1,Reword this text.,30,28,2,0,0.9333333333333333,0.9333333333333333
./cnn/stories/778258d1fc8480c83d5bb33ab649c368a074c537.story,style,paraphrase,1,2,Reword this text.,26,26,0,0,1.0,1.0
./cnn/stories/778258d1fc8480c83d5bb33ab649c368a074c537.story,style,paraphrase,1,3,Reword this text.,34,33,1,0,0.9705882352941176,0.9705882352941176
./cnn/stories/778258d1fc8480c83d5bb33ab649c368a074c537.story,style,paraphrase,2,1,Use different wording.,62,49,13,0,0.7903225806451613,0.7903225806451613
./cnn/stories/778258d1fc8480c83d5bb33ab649c368a074c537.story,style,paraphrase,2,2,Use different wording.,43,42,1,0,0.9767441860465116,0.9767441860465116
./cnn/stories/778258d1fc8480c83d5bb33ab649c368a074c537.story,style,paraphrase,2,3,Use different wording.,39,39,0,0,1.0,1.0
./cnn/stories/7843646a31a1ca87834dc4c72a092bf6c693baff.story,content,elaborate,0,1,"Elaborate on the content, adding relevant details while staying faithful to the source text.",44,44,0,0,1.0,1.0
./cnn/stories/7843646a31a1ca87834dc4c72a092bf6c693baff.story,content,elaborate,0,2,"Elaborate on the content, adding relevant details while staying faithful to the source text.",54,53,1,0,0.9814814814814815,0.9814814814814815
./cnn/stories/7843646a31a1ca87834dc4c72a092bf6c693baff.story,content,elaborate,0,3,"Elaborate on the content, adding relevant details while staying faithful to the source text.",53,50,3,0,0.9433962264150944,0.9433962264150944
./cnn/stories/7843646a31a1ca87834dc4c72a092bf6c693baff.story,content,elaborate,1,1,"Expand the text with more context, without introducing information that is not supported by the original.",35,34,1,0,0.9714285714285714,0.9714285714285714
./cnn/stories/7843646a31a1ca87834dc4c72a092bf6c693baff.story,content,elaborate,1,2,"Expand the text with more context, without introducing information that is not supported by the original.",46,45,1,0,0.9782608695652174,0.9782608695652174
./cnn/stories/7843646a31a1ca87834dc4c72a092bf6c693baff.story,content,elaborate,1,3,"Expand the text with more context, without introducing information that is not supported by the original.",46,41,5,0,0.8913043478260869,0.8913043478260869
./cnn/stories/7843646a31a1ca87834dc4c72a092bf6c693baff.story,content,elaborate,2,1,"Add more detail, keeping every fact grounded in the source material.",43,42,1,0,0.9767441860465116,0.9767441860465116
./cnn/stories/7843646a31a1ca87834dc4c72a092bf6c693baff.story,content,elaborate,2,2,"Add more detail, keeping every fact grounded in the source material.",48,43,5,0,0.8958333333333334,0.8958333333333334
./cnn/stories/7843646a31a1ca87834dc4c72a092bf6c693baff.story,content,elaborate,2,3,"Add more detail, keeping every fact grounded in the source material.",53,50,3,0,0.9433962264150944,0.9433962264150944
./cnn/stories/7843646a31a1ca87834dc4c72a092bf6c693baff.story,content,shorten,0,1,Make wording more concise.,21,21,0,0,1.0,1.0
./cnn/stories/7843646a31a1ca87834dc4c72a092bf6c693baff.story,content,shorten,0,2,Make wording more concise.,17,17,0,0,1.0,1.0
./cnn/stories/7843646a31a1ca87834dc4c72a092bf6c693baff.story,content,shorten,0,3,Make wording more concise.,20,20,0,0,1.0,1.0
./cnn/stories/7843646a31a1ca87834dc4c72a092bf6c693baff.story,content,shorten,1,1,Rephrase for clarity and conciseness.,25,24,1,0,0.96,0.96
./cnn/stories/7843646a31a1ca87834dc4c72a092bf6c693baff.story,content,shorten,1,2,Rephrase for clarity and conciseness.,23,21,2,0,0.9130434782608695,0.9130434782608695
./cnn/stories/7843646a31a1ca87834dc4c72a092bf6c693baff.story,content,shorten,1,3,Rephrase for clarity and conciseness.,15,15,0,0,1.0,1.0
./cnn/stories/7843646a31a1ca87834dc4c72a092bf6c693baff.story,content,shorten,2,1,"Improve accuracy, clarity, and conciseness of language.",27,27,0,0,1.0,1.0
./cnn/stories/7843646a31a1ca87834dc4c72a092bf6c693baff.story,content,shorten,2,2,"Improve accuracy, clarity, and conciseness of language.",26,26,0,0,1.0,1.0
./cnn/stories/7843646a31a1ca87834dc4c72a092bf6c693baff.story,content,shorten,2,3,"Improve accuracy, clarity, and conciseness of language.",26,26,0,0,1.0,1.0
./cnn/stories/7843646a31a1ca87834dc4c72a092bf6c693baff.story,style,formality,0,1,Make the text more formal.,45,42,3,0,0.9333333333333333,0.9333333333333333
./cnn/stories/7843646a31a1ca87834dc4c72a092bf6c693baff.story,style,formality,0,2,Make the text more formal.,40,38,2,0,0.95,0.95
./cnn/stories/7843646a31a1ca87834dc4c72a092bf6c693baff.story,style,formality,0,3,Make the text more formal.,41,38,3,0,0.926829268292683,0.926829268292683
./cnn/stories/7843646a31a1ca87834dc4c72a092bf6c693baff.story,style,formality,1,1,Rephrase it to be more formal.,84,79,5,0,0.9404761904761905,0.9404761904761905
./cnn/stories/7843646a31a1ca87834dc4c72a092bf6c693baff.story,style,formality,1,2,Rephrase it to be more formal.,85,61,24,0,0.7176470588235294,0.7176470588235294
./cnn/stories/7843646a31a1ca87834dc4c72a092bf6c693baff.story,style,formality,1,3,Rephrase it to be more formal.,57,50,7,0,0.8771929824561403,0.8771929824561403
./cnn/stories/7843646a31a1ca87834dc4c72a092bf6c693baff.story,style,formality,2,1,"Too conversational, rephrase it to be more formal.",39,38,1,0,0.9743589743589743,0.9743589743589743
./cnn/stories/7843646a31a1ca87834dc4c72a092bf6c693baff.story,style,formality,2,2,"Too conversational, rephrase it to be more formal.",42,37,5,0,0.8809523809523809,0.8809523809523809
./cnn/stories/7843646a31a1ca87834dc4c72a092bf6c693baff.story,style,formality,2,3,"Too conversational, rephrase it to be more formal.",39,38,1,0,0.9743589743589743,0.9743589743589743
./cnn/stories/7843646a31a1ca87834dc4c72a092bf6c693baff.story,style,paraphrase,0,1,Paraphrase this.,21,20,1,0,0.9523809523809523,0.9523809523809523
./cnn/stories/7843646a31a1ca87834dc4c72a092bf6c693baff.story,style,paraphrase,0,2,Paraphrase this.,26,24,2,0,0.9230769230769231,0.9230769230769231
./cnn/stories/7843646a31a1ca87834dc4c72a092bf6c693baff.story,style,paraphrase,0,3,Paraphrase this.,22,22,0,0,1.0,1.0
./cnn/stories/7843646a31a1ca87834dc4c72a092bf6c693baff.story,style,paraphrase,1,1,Reword this text.,28,28,0,0,1.0,1.0
./cnn/stories/7843646a31a1ca87834dc4c72a092bf6c693baff.story,style,paraphrase,1,2,Reword this text.,26,25,1,0,0.9615384615384616,0.9615384615384616
./cnn/stories/7843646a31a1ca87834dc4c72a092bf6c693baff.story,style,paraphrase,1,3,Reword this text.,27,25,2,0,0.9259259259259259,0.9259259259259259
./cnn/stories/7843646a31a1ca87834dc4c72a092bf6c693baff.story,style,paraphrase,2,1,Use different wording.,34,34,0,0,1.0,1.0
./cnn/stories/7843646a31a1ca87834dc4c72a092bf6c693baff.story,style,paraphrase,2,2,Use different wording.,36,35,1,0,0.9722222222222222,0.9722222222222222
./cnn/stories/7843646a31a1ca87834dc4c72a092bf6c693baff.story,style,paraphrase,2,3,Use different wording.,42,38,4,0,0.9047619047619048,0.9047619047619048
./cnn/stories/7dc9cfe7708586e113394efe071db956490f4966.story,content,elaborate,0,1,"Elaborate on the content, adding relevant details while staying faithful to the source text.",56,54,2,0,0.9642857142857143,0.9642857142857143
./cnn/stories/7dc9cfe7708586e113394efe071db956490f4966.story,content,elaborate,0,2,"Elaborate on the content, adding relevant details while staying faithful to the source text.",73,69,4,0,0.9452054794520548,0.9452054794520548
./cnn/stories/7dc9cfe7708586e113394efe071db956490f4966.story,content,elaborate,0,3,"Elaborate on the content, adding relevant details while staying faithful to the source text.",75,67,8,0,0.8933333333333333,0.8933333333333333
./cnn/stories/7dc9cfe7708586e113394efe071db956490f4966.story,content,elaborate,1,1,"Expand the text with more context, without introducing information that is not supported by the original.",49,49,0,0,1.0,1.0
./cnn/stories/7dc9cfe7708586e113394efe071db956490f4966.story,content,elaborate,1,2,"Expand the text with more context, without introducing information that is not supported by the original.",52,46,6,0,0.8846153846153846,0.8846153846153846
./cnn/stories/7dc9cfe7708586e113394efe071db956490f4966.story,content,elaborate,1,3,"Expand the text with more context, without introducing information that is not supported by the original.",37,37,0,0,1.0,1.0
./cnn/stories/7dc9cfe7708586e113394efe071db956490f4966.story,content,elaborate,2,1,"Add more detail, keeping every fact grounded in the source material.",76,68,8,0,0.8947368421052632,0.8947368421052632
./cnn/stories/7dc9cfe7708586e113394efe071db956490f4966.story,content,elaborate,2,2,"Add more detail, keeping every fact grounded in the source material.",75,63,12,0,0.84,0.84
./cnn/stories/7dc9cfe7708586e113394efe071db956490f4966.story,content,elaborate,2,3,"Add more detail, keeping every fact grounded in the source material.",95,77,18,0,0.8105263157894737,0.8105263157894737
./cnn/stories/7dc9cfe7708586e113394efe071db956490f4966.story,content,shorten,0,1,Make wording more concise.,22,20,2,0,0.9090909090909091,0.9090909090909091
./cnn/stories/7dc9cfe7708586e113394efe071db956490f4966.story,content,shorten,0,2,Make wording more concise.,14,13,1,0,0.9285714285714286,0.9285714285714286
./cnn/stories/7dc9cfe7708586e113394efe071db956490f4966.story,content,shorten,0,3,Make wording more concise.,11,9,2,0,0.8181818181818182,0.8181818181818182
./cnn/stories/7dc9cfe7708586e113394efe071db956490f4966.story,content,shorten,1,1,Rephrase for clarity and conciseness.,32,31,1,0,0.96875,0.96875
./cnn/stories/7dc9cfe7708586e113394efe071db956490f4966.story,content,shorten,1,2,Rephrase for clarity and conciseness.,26,24,2,0,0.9230769230769231,0.9230769230769231
./cnn/stories/7dc9cfe7708586e113394efe071db956490f4966.story,content,shorten,1,3,Rephrase for clarity and conciseness.,23,22,1,0,0.9565217391304348,0.9565217391304348
./cnn/stories/7dc9cfe7708586e113394efe071db956490f4966.story,content,shorten,2,1,"Improve accuracy, clarity, and conciseness of language.",53,50,3,0,0.9433962264150944,0.9433962264150944
./cnn/stories/7dc9cfe7708586e113394efe071db956490f4966.story,content,shorten,2,2,"Improve accuracy, clarity, and conciseness of language.",49,37,12,0,0.7551020408163265,0.7551020408163265
./cnn/stories/7dc9cfe7708586e113394efe071db956490f4966.story,content,shorten,2,3,"Improve accuracy, clarity, and conciseness of language.",35,33,2,0,0.9428571428571428,0.9428571428571428
./cnn/stories/7dc9cfe7708586e113394efe071db956490f4966.story,style,formality,0,1,Make the text more formal.,52,49,3,0,0.9423076923076923,0.9423076923076923
./cnn/stories/7dc9cfe7708586e113394efe071db956490f4966.story,style,formality,0,2,Make the text more formal.,70,66,4,0,0.9428571428571428,0.9428571428571428
./cnn/stories/7dc9cfe7708586e113394efe071db956490f4966.story,style,formality,0,3,Make the text more formal.,54,50,4,0,0.9259259259259259,0.9259259259259259
./cnn/stories/7dc9cfe7708586e113394efe071db956490f4966.story,style,formality,1,1,Rephrase it to be more formal.,46,45,1,0,0.9782608695652174,0.9782608695652174
./cnn/stories/7dc9cfe7708586e113394efe071db956490f4966.story,style,formality,1,2,Rephrase it to be more formal.,47,46,1,0,0.9787234042553191,0.9787234042553191
./cnn/stories/7dc9cfe7708586e113394efe071db956490f4966.story,style,formality,1,3,Rephrase it to be more formal.,47,47,0,0,1.0,1.0
./cnn/stories/7dc9cfe7708586e113394efe071db956490f4966.story,style,formality,2,1,"Too conversational, rephrase it to be more formal.",43,42,1,0,0.9767441860465116,0.9767441860465116
./cnn/stories/7dc9cfe7708586e113394efe071db956490f4966.story,style,formality,2,2,"Too conversational, rephrase it to be more formal.",49,43,6,0,0.8775510204081632,0.8775510204081632
./cnn/stories/7dc9cfe7708586e113394efe071db956490f4966.story,style,formality,2,3,"Too conversational, rephrase it to be more formal.",49,45,4,0,0.9183673469387755,0.9183673469387755
./cnn/stories/7dc9cfe7708586e113394efe071db956490f4966.story,style,paraphrase,0,1,Paraphrase this.,42,41,1,0,0.9761904761904762,0.9761904761904762
./cnn/stories/7dc9cfe7708586e113394efe071db956490f4966.story,style,paraphrase,0,2,Paraphrase this.,94,94,0,0,1.0,1.0
./cnn/stories/7dc9cfe7708586e113394efe071db956490f4966.story,style,paraphrase,0,3,Paraphrase this.,31,29,2,0,0.9354838709677419,0.9354838709677419
./cnn/stories/7dc9cfe7708586e113394efe071db956490f4966.story,style,paraphrase,1,1,Reword this text.,48,45,3,0,0.9375,0.9375
./cnn/stories/7dc9cfe7708586e113394efe071db956490f4966.story,style,paraphrase,1,2,Reword this text.,43,41,2,0,0.9534883720930233,0.9534883720930233
./cnn/stories/7dc9cfe7708586e113394efe071db956490f4966.story,style,paraphrase,1,3,Reword this text.,36,35,1,0,0.9722222222222222,0.9722222222222222
./cnn/stories/7dc9cfe7708586e113394efe071db956490f4966.story,style,paraphrase,2,1,Use different wording.,69,65,4,0,0.9420289855072463,0.9420289855072463
./cnn/stories/7dc9cfe7708586e113394efe071db956490f4966.story,style,paraphrase,2,2,Use different wording.,66,63,3,0,0.9545454545454546,0.9545454545454546
./cnn/stories/7dc9cfe7708586e113394efe071db956490f4966.story,style,paraphrase,2,3,Use different wording.,57,49,8,0,0.8596491228070176,0.8596491228070176
./cnn/stories/86adf9d9437db54b725934d30fea1d9997fd2138.story,content,elaborate,0,1,"Elaborate on the content, adding relevant details while staying faithful to the source text.",59,41,18,0,0.6949152542372882,0.6949152542372882
./cnn/stories/86adf9d9437db54b725934d30fea1d9997fd2138.story,content,elaborate,0,2,"Elaborate on the content, adding relevant details while staying faithful to the source text.",51,46,5,0,0.9019607843137255,0.9019607843137255
./cnn/stories/86adf9d9437db54b725934d30fea1d9997fd2138.story,content,elaborate,0,3,"Elaborate on the content, adding relevant details while staying faithful to the source text.",70,64,6,0,0.9142857142857143,0.9142857142857143
./cnn/stories/86adf9d9437db54b725934d30fea1d9997fd2138.story,content,elaborate,1,1,"Expand the text with more context, without introducing information that is not supported by the original.",36,35,1,0,0.9722222222222222,0.9722222222222222
./cnn/stories/86adf9d9437db54b725934d30fea1d9997fd2138.story,content,elaborate,1,2,"Expand the text with more context, without introducing information that is not supported by the original.",41,40,1,0,0.975609756097561,0.975609756097561
./cnn/stories/86adf9d9437db54b725934d30fea1d9997fd2138.story,content,elaborate,1,3,"Expand the text with more context, without introducing information that is not supported by the original.",40,39,1,0,0.975,0.975
./cnn/stories/86adf9d9437db54b725934d30fea1d9997fd2138.story,content,elaborate,2,1,"Add more detail, keeping every fact grounded in the source material.",52,52,0,0,1.0,1.0
./cnn/stories/86adf9d9437db54b725934d30fea1d9997fd2138.story,content,elaborate,2,2,"Add more detail, keeping every fact grounded in the source material.",61,58,3,0,0.9508196721311475,0.9508196721311475
./cnn/stories/86adf9d9437db54b725934d30fea1d9997fd2138.story,content,elaborate,2,3,"Add more detail, keeping every fact grounded in the source material.",81,78,3,0,0.9629629629629629,0.9629629629629629
./cnn/stories/86adf9d9437db54b725934d30fea1d9997fd2138.story,content,shorten,0,1,Make wording more concise.,27,26,1,0,0.9629629629629629,0.9629629629629629
./cnn/stories/86adf9d9437db54b725934d30fea1d9997fd2138.story,content,shorten,0,2,Make wording more concise.,20,19,1,0,0.95,0.95
./cnn/stories/86adf9d9437db54b725934d30fea1d9997fd2138.story,content,shorten,0,3,Make wording more concise.,16,13,3,0,0.8125,0.8125
./cnn/stories/86adf9d9437db54b725934d30fea1d9997fd2138.story,content,shorten,1,1,Rephrase for clarity and conciseness.,24,24,0,0,1.0,1.0
./cnn/stories/86adf9d9437db54b725934d30fea1d9997fd2138.story,content,shorten,1,2,Rephrase for clarity and conciseness.,14,14,0,0,1.0,1.0
./cnn/stories/86adf9d9437db54b725934d30fea1d9997fd2138.story,content,shorten,1,3,Rephrase for clarity and conciseness.,13,13,0,0,1.0,1.0
./cnn/stories/86adf9d9437db54b725934d30fea1d9997fd2138.story,content,shorten,2,1,"Improve accuracy, clarity, and conciseness of language.",22,22,0,0,1.0,1.0
./cnn/stories/86adf9d9437db54b725934d30fea1d9997fd2138.story,content,shorten,2,2,"Improve accuracy, clarity, and conciseness of language.",25,24,1,0,0.96,0.96
./cnn/stories/86adf9d9437db54b725934d30fea1d9997fd2138.story,content,shorten,2,3,"Improve accuracy, clarity, and conciseness of language.",24,24,0,0,1.0,1.0
./cnn/stories/86adf9d9437db54b725934d30fea1d9997fd2138.story,style,formality,0,1,Make the text more formal.,44,44,0,0,1.0,1.0
./cnn/stories/86adf9d9437db54b725934d30fea1d9997fd2138.story,style,formality,0,2,Make the text more formal.,50,49,1,0,0.98,0.98
./cnn/stories/86adf9d9437db54b725934d30fea1d9997fd2138.story,style,formality,0,3,Make the text more formal.,34,33,1,0,0.9705882352941176,0.9705882352941176
./cnn/stories/86adf9d9437db54b725934d30fea1d9997fd2138.story,style,formality,1,1,Rephrase it to be more formal.,44,44,0,0,1.0,1.0
./cnn/stories/86adf9d9437db54b725934d30fea1d9997fd2138.story,style,formality,1,2,Rephrase it to be more formal.,44,43,1,0,0.9772727272727273,0.9772727272727273
./cnn/stories/86adf9d9437db54b725934d30fea1d9997fd2138.story,style,formality,1,3,Rephrase it to be more formal.,40,39,1,0,0.975,0.975
./cnn/stories/86adf9d9437db54b725934d30fea1d9997fd2138.story,style,formality,2,1,"Too conversational, rephrase it to be more formal.",37,37,0,0,1.0,1.0
./cnn/stories/86adf9d9437db54b725934d30fea1d9997fd2138.story,style,formality,2,2,"Too conversational, rephrase it to be more formal.",30,30,0,0,1.0,1.0
./cnn/stories/86adf9d9437db54b725934d30fea1d9997fd2138.story,style,formality,2,3,"Too conversational, rephrase it to be more formal.",32,30,2,0,0.9375,0.9375
./cnn/stories/86adf9d9437db54b725934d30fea1d9997fd2138.story,style,paraphrase,0,1,Paraphrase this.,44,44,0,0,1.0,1.0
./cnn/stories/86adf9d9437db54b725934d30fea1d9997fd2138.story,style,paraphrase,0,2,Paraphrase this.,32,31,1,0,0.96875,0.96875
./cnn/stories/86adf9d9437db54b725934d30fea1d9997fd2138.story,style,paraphrase,0,3,Paraphrase this.,30,29,1,0,0.9666666666666667,0.9666666666666667
./cnn/stories/86adf9d9437db54b725934d30fea1d9997fd2138.story,style,paraphrase,1,1,Reword this text.,25,24,1,0,0.96,0.96
./cnn/stories/86adf9d9437db54b725934d30fea1d9997fd2138.story,style,paraphrase,1,2,Reword this text.,25,23,2,0,0.92,0.92
./cnn/stories/86adf9d9437db54b725934d30fea1d9997fd2138.story,style,paraphrase,1,3,Reword this text.,25,23,2,0,0.92,0.92
./cnn/stories/86adf9d9437db54b725934d30fea1d9997fd2138.story,style,paraphrase,2,1,Use different wording.,45,45,0,0,1.0,1.0
./cnn/stories/86adf9d9437db54b725934d30fea1d9997fd2138.story,style,paraphrase,2,2,Use different wording.,48,44,4,0,0.9166666666666666,0.9166666666666666
./cnn/stories/86adf9d9437db54b725934d30fea1d9997fd2138.story,style,paraphrase,2,3,Use different wording.,52,51,1,0,0.9807692307692307,0.9807692307692307
./cnn/stories/87c41a0c17143a88ea8234f102c100868fe86e58.story,content,elaborate,0,1,"Elaborate on the content, adding relevant details while staying faithful to the source text.",53,53,0,0,1.0,1.0
./cnn/stories/87c41a0c17143a88ea8234f102c100868fe86e58.story,content,elaborate,0,2,"Elaborate on the content, adding relevant details while staying faithful to the source text.",67,67,0,0,1.0,1.0
./cnn/stories/87c41a0c17143a88ea8234f102c100868fe86e58.story,content,elaborate,0,3,"Elaborate on the content, adding relevant details while staying faithful to the source text.",68,68,0,0,1.0,1.0
./cnn/stories/87c41a0c17143a88ea8234f102c100868fe86e58.story,content,elaborate,1,1,"Expand the text with more context, without introducing information that is not supported by the original.",77,75,2,0,0.974025974025974,0.974025974025974
./cnn/stories/87c41a0c17143a88ea8234f102c100868fe86e58.story,content,elaborate,1,2,"Expand the text with more context, without introducing information that is not supported by the original.",66,65,1,0,0.9848484848484849,0.9848484848484849
./cnn/stories/87c41a0c17143a88ea8234f102c100868fe86e58.story,content,elaborate,1,3,"Expand the text with more context, without introducing information that is not supported by the original.",56,56,0,0,1.0,1.0
./cnn/stories/87c41a0c17143a88ea8234f102c100868fe86e58.story,content,elaborate,2,1,"Add more detail, keeping every fact grounded in the source material.",70,70,0,0,1.0,1.0
./cnn/stories/87c41a0c17143a88ea8234f102c100868fe86e58.story,content,elaborate,2,2,"Add more detail, keeping every fact grounded in the source material.",70,70,0,0,1.0,1.0
./cnn/stories/87c41a0c17143a88ea8234f102c100868fe86e58.story,content,elaborate,2,3,"Add more detail, keeping every fact grounded in the source material.",65,64,1,0,0.9846153846153847,0.9846153846153847
./cnn/stories/87c41a0c17143a88ea8234f102c100868fe86e58.story,content,shorten,0,1,Make wording more concise.,29,29,0,0,1.0,1.0
./cnn/stories/87c41a0c17143a88ea8234f102c100868fe86e58.story,content,shorten,0,2,Make wording more concise.,24,22,2,0,0.9166666666666666,0.9166666666666666
./cnn/stories/87c41a0c17143a88ea8234f102c100868fe86e58.story,content,shorten,0,3,Make wording more concise.,24,23,1,0,0.9583333333333334,0.9583333333333334
./cnn/stories/87c41a0c17143a88ea8234f102c100868fe86e58.story,content,shorten,1,1,Rephrase for clarity and conciseness.,29,29,0,0,1.0,1.0
./cnn/stories/87c41a0c17143a88ea8234f102c100868fe86e58.story,content,shorten,1,2,Rephrase for clarity and conciseness.,19,19,0,0,1.0,1.0
./cnn/stories/87c41a0c17143a88ea8234f102c100868fe86e58.story,content,shorten,1,3,Rephrase for clarity and conciseness.,18,17,1,0,0.9444444444444444,0.9444444444444444
./cnn/stories/87c41a0c17143a88ea8234f102c100868fe86e58.story,content,shorten,2,1,"Improve accuracy, clarity, and conciseness of language.",45,45,0,0,1.0,1.0
./cnn/stories/87c41a0c17143a88ea8234f102c100868fe86e58.story,content,shorten,2,2,"Improve accuracy, clarity, and conciseness of language.",40,40,0,0,1.0,1.0
./cnn/stories/87c41a0c17143a88ea8234f102c100868fe86e58.story,content,shorten,2,3,"Improve accuracy, clarity, and conciseness of language.",37,37,0,0,1.0,1.0
./cnn/stories/87c41a0c17143a88ea8234f102c100868fe86e58.story,style,formality,0,1,Make the text more formal.,66,66,0,0,1.0,1.0
./cnn/stories/87c41a0c17143a88ea8234f102c100868fe86e58.story,style,formality,0,2,Make the text more formal.,58,57,1,0,0.9827586206896551,0.9827586206896551
./cnn/stories/87c41a0c17143a88ea8234f102c100868fe86e58.story,style,formality,0,3,Make the text more formal.,56,56,0,0,1.0,1.0
./cnn/stories/87c41a0c17143a88ea8234f102c100868fe86e58.story,style,formality,1,1,Rephrase it to be more formal.,66,65,1,0,0.9848484848484849,0.9848484848484849
./cnn/stories/87c41a0c17143a88ea8234f102c100868fe86e58.story,style,formality,1,2,Rephrase it to be more formal.,97,76,21,0,0.7835051546391752,0.7835051546391752
./cnn/stories/87c41a0c17143a88ea8234f102c100868fe86e58.story,style,formality,1,3,Rephrase it to be more formal.,68,66,2,0,0.9705882352941176,0.9705882352941176
./cnn/stories/87c41a0c17143a88ea8234f102c100868fe86e58.story,style,formality,2,1,"Too conversational, rephrase it to be more formal.",59,59,0,0,1.0,1.0
./cnn/stories/87c41a0c17143a88ea8234f102c100868fe86e58.story,style,formality,2,2,"Too conversational, rephrase it to be more formal.",64,64,0,0,1.0,1.0
./cnn/stories/87c41a0c17143a88ea8234f102c100868fe86e58.story,style,formality,2,3,"Too conversational, rephrase it to be more formal.",59,59,0,0,1.0,1.0
./cnn/stories/87c41a0c17143a88ea8234f102c100868fe86e58.story,style,paraphrase,0,1,Paraphrase this.,52,52,0,0,1.0,1.0
./cnn/stories/87c41a0c17143a88ea8234f102c100868fe86e58.story,style,paraphrase,0,2,Paraphrase this.,44,44,0,0,1.0,1.0
./cnn/stories/87c41a0c17143a88ea8234f102c100868fe86e58.story,style,paraphrase,0,3,Paraphrase this.,42,42,0,0,1.0,1.0
./cnn/stories/87c41a0c17143a88ea8234f102c100868fe86e58.story,style,paraphrase,1,1,Reword this text.,61,61,0,0,1.0,1.0
./cnn/stories/87c41a0c17143a88ea8234f102c100868fe86e58.story,style,paraphrase,1,2,Reword this text.,47,47,0,0,1.0,1.0
./cnn/stories/87c41a0c17143a88ea8234f102c100868fe86e58.story,style,paraphrase,1,3,Reword this text.,49,49,0,0,1.0,1.0
./cnn/stories/87c41a0c17143a88ea8234f102c100868fe86e58.story,style,paraphrase,2,1,Use different wording.,61,60,1,0,0.9836065573770492,0.9836065573770492
./cnn/stories/87c41a0c17143a88ea8234f102c100868fe86e58.story,style,paraphrase,2,2,Use different wording.,59,59,0,0,1.0,1.0
./cnn/stories/87c41a0c17143a88ea8234f102c100868fe86e58.story,style,paraphrase,2,3,Use different wording.,50,48,2,0,0.96,0.96
./cnn/stories/8bc3e81e5bacfc0baef15842b45764e30e88d000.story,content,elaborate,0,1,"Elaborate on the content, adding relevant details while staying faithful to the source text.",37,37,0,0,1.0,1.0
./cnn/stories/8bc3e81e5bacfc0baef15842b45764e30e88d000.story,content,elaborate,0,2,"Elaborate on the content, adding relevant details while staying faithful to the source text.",53,53,0,0,1.0,1.0
./cnn/stories/8bc3e81e5bacfc0baef15842b45764e30e88d000.story,content,elaborate,0,3,"Elaborate on the content, adding relevant details while staying faithful to the source text.",47,47,0,0,1.0,1.0
./cnn/stories/8bc3e81e5bacfc0baef15842b45764e30e88d000.story,content,elaborate,1,1,"Expand the text with more context, without introducing information that is not supported by the original.",24,24,0,0,1.0,1.0
./cnn/stories/8bc3e81e5bacfc0baef15842b45764e30e88d000.story,content,elaborate,1,2,"Expand the text with more context, without introducing information that is not supported by the original.",30,30,0,0,1.0,1.0
./cnn/stories/8bc3e81e5bacfc0baef15842b45764e30e88d000.story,content,elaborate,1,3,"Expand the text with more context, without introducing information that is not supported by the original.",30,29,1,0,0.9666666666666667,0.9666666666666667
./cnn/stories/8bc3e81e5bacfc0baef15842b45764e30e88d000.story,content,elaborate,2,1,"Add more detail, keeping every fact grounded in the source material.",29,27,2,0,0.9310344827586207,0.9310344827586207
./cnn/stories/8bc3e81e5bacfc0baef15842b45764e30e88d000.story,content,elaborate,2,2,"Add more detail, keeping every fact grounded in the source material.",36,34,2,0,0.9444444444444444,0.9444444444444444
./cnn/stories/8bc3e81e5bacfc0baef15842b45764e30e88d000.story,content,elaborate,2,3,"Add more detail, keeping every fact grounded in the source material.",36,35,1,0,0.9722222222222222,0.9722222222222222
./cnn/stories/8bc3e81e5bacfc0baef15842b45764e30e88d000.story,content,shorten,0,1,Make wording more concise.,21,21,0,0,1.0,1.0
./cnn/stories/8bc3e81e5bacfc0baef15842b45764e30e88d000.story,content,shorten,0,2,Make wording more concise.,16,15,1,0,0.9375,0.9375
./cnn/stories/8bc3e81e5bacfc0baef15842b45764e30e88d000.story,content,shorten,0,3,Make wording more concise.,14,13,1,0,0.9285714285714286,0.9285714285714286
./cnn/stories/8bc3e81e5bacfc0baef15842b45764e30e88d000.story,content,shorten,1,1,Rephrase for clarity and conciseness.,17,17,0,0,1.0,1.0
./cnn/stories/8bc3e81e5bacfc0baef15842b45764e30e88d000.story,content,shorten,1,2,Rephrase for clarity and conciseness.,18,17,1,0,0.9444444444444444,0.9444444444444444
./cnn/stories/8bc3e81e5bacfc0baef15842b45764e30e88d000.story,content,shorten,1,3,Rephrase for clarity and conciseness.,14,14,0,0,1.0,1.0
./cnn/stories/8bc3e81e5bacfc0baef15842b45764e30e88d000.story,content,shorten,2,1,"Improve accuracy, clarity, and conciseness of language.",20,20,0,0,1.0,1.0
./cnn/stories/8bc3e81e5bacfc0baef15842b45764e30e88d000.story,content,shorten,2,2,"Improve accuracy, clarity, and conciseness of language.",22,22,0,0,1.0,1.0
./cnn/stories/8bc3e81e5bacfc0baef15842b45764e30e88d000.story,content,shorten,2,3,"Improve accuracy, clarity, and conciseness of language.",21,21,0,0,1.0,1.0
./cnn/stories/8bc3e81e5bacfc0baef15842b45764e30e88d000.story,style,formality,0,1,Make the text more formal.,32,32,0,0,1.0,1.0
./cnn/stories/8bc3e81e5bacfc0baef15842b45764e30e88d000.story,style,formality,0,2,Make the text more formal.,29,28,1,0,0.9655172413793104,0.9655172413793104
./cnn/stories/8bc3e81e5bacfc0baef15842b45764e30e88d000.story,style,formality,0,3,Make the text more formal.,35,35,0,0,1.0,1.0
./cnn/stories/8bc3e81e5bacfc0baef15842b45764e30e88d000.story,style,formality,1,1,Rephrase it to be more formal.,33,33,0,0,1.0,1.0
./cnn/stories/8bc3e81e5bacfc0baef15842b45764e30e88d000.story,style,formality,1,2,Rephrase it to be more formal.,33,33,0,0,1.0,1.0
./cnn/stories/8bc3e81e5bacfc0baef15842b45764e30e88d000.story,style,formality,1,3,Rephrase it to be more formal.,40,40,0,0,1.0,1.0
./cnn/stories/8bc3e81e5bacfc0baef15842b45764e30e88d000.story,style,formality,2,1,"Too conversational, rephrase it to be more formal.",33,33,0,0,1.0,1.0
./cnn/stories/8bc3e81e5bacfc0baef15842b45764e30e88d000.story,style,formality,2,2,"Too conversational, rephrase it to be more formal.",37,36,1,0,0.972972972972973,0.972972972972973
./cnn/stories/8bc3e81e5bacfc0baef15842b45764e30e88d000.story,style,formality,2,3,"Too conversational, rephrase it to be more formal.",37,35,2,0,0.9459459459459459,0.9459459459459459
./cnn/stories/8bc3e81e5bacfc0baef15842b45764e30e88d000.story,style,paraphrase,0,1,Paraphrase this.,27,26,1,0,0.9629629629629629,0.9629629629629629
./cnn/stories/8bc3e81e5bacfc0baef15842b45764e30e88d000.story,style,paraphrase,0,2,Paraphrase this.,26,25,1,0,0.9615384615384616,0.9615384615384616
./cnn/stories/8bc3e81e5bacfc0baef15842b45764e30e88d000.story,style,paraphrase,0,3,Paraphrase this.,26,24,2,0,0.9230769230769231,0.9230769230769231
./cnn/stories/8bc3e81e5bacfc0baef15842b45764e30e88d000.story,style,paraphrase,1,1,Reword this text.,17,16,1,0,0.9411764705882353,0.9411764705882353
./cnn/stories/8bc3e81e5bacfc0baef15842b45764e30e88d000.story,style,paraphrase,1,2,Reword this text.,21,21,0,0,1.0,1.0
./cnn/stories/8bc3e81e5bacfc0baef15842b45764e30e88d000.story,style,paraphrase,1,3,Reword this text.,17,16,1,0,0.9411764705882353,0.9411764705882353
./cnn/stories/8bc3e81e5bacfc0baef15842b45764e30e88d000.story,style,paraphrase,2,1,Use different wording.,31,29,2,0,0.9354838709677419,0.9354838709677419
./cnn/stories/8bc3e81e5bacfc0baef15842b45764e30e88d000.story,style,paraphrase,2,2,Use different wording.,38,36,2,0,0.9473684210526315,0.9473684210526315
./cnn/stories/8bc3e81e5bacfc0baef15842b45764e30e88d000.story,style,paraphrase,2,3,Use different wording.,26,25,1,0,0.9615384615384616,0.9615384615384616
./cnn/stories/8c9b2fa0e48aec77fbb7779a811091acafe9d2f1.story,content,elaborate,0,1,"Elaborate on the content, adding relevant details while staying faithful to the source text.",46,44,2,0,0.9565217391304348,0.9565217391304348
./cnn/stories/8c9b2fa0e48aec77fbb7779a811091acafe9d2f1.story,content,elaborate,0,2,"Elaborate on the content, adding relevant details while staying faithful to the source text.",60,54,6,0,0.9,0.9
./cnn/stories/8c9b2fa0e48aec77fbb7779a811091acafe9d2f1.story,content,elaborate,0,3,"Elaborate on the content, adding relevant details while staying faithful to the source text.",62,59,3,0,0.9516129032258065,0.9516129032258065
./cnn/stories/8c9b2fa0e48aec77fbb7779a811091acafe9d2f1.story,content,elaborate,1,1,"Expand the text with more context, without introducing information that is not supported by the original.",26,26,0,0,1.0,1.0
./cnn/stories/8c9b2fa0e48aec77fbb7779a811091acafe9d2f1.story,content,elaborate,1,2,"Expand the text with more context, without introducing information that is not supported by the original.",44,43,1,0,0.9772727272727273,0.9772727272727273
./cnn/stories/8c9b2fa0e48aec77fbb7779a811091acafe9d2f1.story,content,elaborate,1,3,"Expand the text with more context, without introducing information that is not supported by the original.",48,47,1,0,0.9791666666666666,0.9791666666666666
./cnn/stories/8c9b2fa0e48aec77fbb7779a811091acafe9d2f1.story,content,elaborate,2,1,"Add more detail, keeping every fact grounded in the source material.",55,51,4,0,0.9272727272727272,0.9272727272727272
./cnn/stories/8c9b2fa0e48aec77fbb7779a811091acafe9d2f1.story,content,elaborate,2,2,"Add more detail, keeping every fact grounded in the source material.",62,61,1,0,0.9838709677419355,0.9838709677419355
./cnn/stories/8c9b2fa0e48aec77fbb7779a811091acafe9d2f1.story,content,elaborate,2,3,"Add more detail, keeping every fact grounded in the source material.",42,41,1,0,0.9761904761904762,0.9761904761904762
./cnn/stories/8c9b2fa0e48aec77fbb7779a811091acafe9d2f1.story,content,shorten,0,1,Make wording more concise.,31,31,0,0,1.0,1.0
./cnn/stories/8c9b2fa0e48aec77fbb7779a811091acafe9d2f1.story,content,shorten,0,2,Make wording more concise.,22,21,1,0,0.9545454545454546,0.9545454545454546
./cnn/stories/8c9b2fa0e48aec77fbb7779a811091acafe9d2f1.story,content,shorten,0,3,Make wording more concise.,20,20,0,0,1.0,1.0
./cnn/stories/8c9b2fa0e48aec77fbb7779a811091acafe9d2f1.story,content,shorten,1,1,Rephrase for clarity and conciseness.,14,14,0,0,1.0,1.0
./cnn/stories/8c9b2fa0e48aec77fbb7779a811091acafe9d2f1.story,content,shorten,1,2,Rephrase for clarity and conciseness.,11,11,0,0,1.0,1.0
./cnn/stories/8c9b2fa0e48aec77fbb7779a811091acafe9d2f1.story,content,shorten,1,3,Rephrase for clarity and conciseness.,10,10,0,0,1.0,1.0
./cnn/stories/8c9b2fa0e48aec77fbb7779a811091acafe9d2f1.story,content,shorten,2,1,"Improve accuracy, clarity, and conciseness of language.",30,29,1,0,0.9666666666666667,0.9666666666666667
./cnn/stories/8c9b2fa0e48aec77fbb7779a811091acafe9d2f1.story,content,shorten,2,2,"Improve accuracy, clarity, and conciseness of language.",32,32,0,0,1.0,1.0
./cnn/stories/8c9b2fa0e48aec77fbb7779a811091acafe9d2f1.story,content,shorten,2,3,"Improve accuracy, clarity, and conciseness of language.",31,30,1,0,0.967741935483871,0.967741935483871
./cnn/stories/8c9b2fa0e48aec77fbb7779a811091acafe9d2f1.story,style,formality,0,1,Make the text more formal.,53,53,0,0,1.0,1.0
./cnn/stories/8c9b2fa0e48aec77fbb7779a811091acafe9d2f1.story,style,formality,0,2,Make the text more formal.,59,58,1,0,0.9830508474576272,0.9830508474576272
./cnn/stories/8c9b2fa0e48aec77fbb7779a811091acafe9d2f1.story,style,formality,0,3,Make the text more formal.,68,67,1,0,0.9852941176470589,0.9852941176470589
./cnn/stories/8c9b2fa0e48aec77fbb7779a811091acafe9d2f1.story,style,formality,1,1,Rephrase it to be more formal.,48,48,0,0,1.0,1.0
./cnn/stories/8c9b2fa0e48aec77fbb7779a811091acafe9d2f1.story,style,formality,1,2,Rephrase it to be more formal.,33,33,0,0,1.0,1.0
./cnn/stories/8c9b2fa0e48aec77fbb7779a811091acafe9d2f1.story,style,formality,1,3,Rephrase it to be more formal.,49,49,0,0,1.0,1.0
./cnn/stories/8c9b2fa0e48aec77fbb7779a811091acafe9d2f1.story,style,formality,2,1,"Too conversational, rephrase it to be more formal.",33,33,0,0,1.0,1.0
./cnn/stories/8c9b2fa0e48aec77fbb7779a811091acafe9d2f1.story,style,formality,2,2,"Too conversational, rephrase it to be more formal.",34,34,0,0,1.0,1.0
./cnn/stories/8c9b2fa0e48aec77fbb7779a811091acafe9d2f1.story,style,formality,2,3,"Too conversational, rephrase it to be more formal.",32,32,0,0,1.0,1.0
./cnn/stories/8c9b2fa0e48aec77fbb7779a811091acafe9d2f1.story,style,paraphrase,0,1,Paraphrase this.,29,28,1,0,0.9655172413793104,0.9655172413793104
./cnn/stories/8c9b2fa0e48aec77fbb7779a811091acafe9d2f1.story,style,paraphrase,0,2,Paraphrase this.,32,32,0,0,1.0,1.0
./cnn/stories/8c9b2fa0e48aec77fbb7779a811091acafe9d2f1.story,style,paraphrase,0,3,Paraphrase this.,27,26,1,0,0.9629629629629629,0.9629629629629629
./cnn/stories/8c9b2fa0e48aec77fbb7779a811091acafe9d2f1.story,style,paraphrase,1,1,Reword this text.,58,57,1,0,0.9827586206896551,0.9827586206896551
./cnn/stories/8c9b2fa0e48aec77fbb7779a811091acafe9d2f1.story,style,paraphrase,1,2,Reword this text.,58,56,2,0,0.9655172413793104,0.9655172413793104
./cnn/stories/8c9b2fa0e48aec77fbb7779a811091acafe9d2f1.story,style,paraphrase,1,3,Reword this text.,60,59,1,0,0.9833333333333333,0.9833333333333333
./cnn/stories/8c9b2fa0e48aec77fbb7779a811091acafe9d2f1.story,style,paraphrase,2,1,Use different wording.,31,31,0,0,1.0,1.0
./cnn/stories/8c9b2fa0e48aec77fbb7779a811091acafe9d2f1.story,style,paraphrase,2,2,Use different wording.,32,31,1,0,0.96875,0.96875
./cnn/stories/8c9b2fa0e48aec77fbb7779a811091acafe9d2f1.story,style,paraphrase,2,3,Use different wording.,34,34,0,0,1.0,1.0
./cnn/stories/8cbf1a494eb9a0b946cd58f1284482dd1a8a8ded.story,content,elaborate,0,1,"Elaborate on the content, adding relevant details while staying faithful to the source text.",51,46,5,0,0.9019607843137255,0.9019607843137255
./cnn/stories/8cbf1a494eb9a0b946cd58f1284482dd1a8a8ded.story,content,elaborate,0,2,"Elaborate on the content, adding relevant details while staying faithful to the source text.",56,53,3,0,0.9464285714285714,0.9464285714285714
./cnn/stories/8cbf1a494eb9a0b946cd58f1284482dd1a8a8ded.story,content,elaborate,0,3,"Elaborate on the content, adding relevant details while staying faithful to the source text.",50,46,4,0,0.92,0.92
./cnn/stories/8cbf1a494eb9a0b946cd58f1284482dd1a8a8ded.story,content,elaborate,1,1,"Expand the text with more context, without introducing information that is not supported by the original.",44,44,0,0,1.0,1.0
./cnn/stories/8cbf1a494eb9a0b946cd58f1284482dd1a8a8ded.story,content,elaborate,1,2,"Expand the text with more context, without introducing information that is not supported by the original.",39,39,0,0,1.0,1.0
./cnn/stories/8cbf1a494eb9a0b946cd58f1284482dd1a8a8ded.story,content,elaborate,1,3,"Expand the text with more context, without introducing information that is not supported by the original.",44,39,5,0,0.8863636363636364,0.8863636363636364
./cnn/stories/8cbf1a494eb9a0b946cd58f1284482dd1a8a8ded.story,content,elaborate,2,1,"Add more detail, keeping every fact grounded in the source material.",71,69,2,0,0.971830985915493,0.971830985915493
./cnn/stories/8cbf1a494eb9a0b946cd58f1284482dd1a8a8ded.story,content,elaborate,2,2,"Add more detail, keeping every fact grounded in the source material.",51,46,5,0,0.9019607843137255,0.9019607843137255
./cnn/stories/8cbf1a494eb9a0b946cd58f1284482dd1a8a8ded.story,content,elaborate,2,3,"Add more detail, keeping every fact grounded in the source material.",60,54,6,0,0.9,0.9
./cnn/stories/8cbf1a494eb9a0b946cd58f1284482dd1a8a8ded.story,content,shorten,0,1,Make wording more concise.,25,25,0,0,1.0,1.0
./cnn/stories/8cbf1a494eb9a0b946cd58f1284482dd1a8a8ded.story,content,shorten,0,2,Make wording more concise.,24,22,2,0,0.9166666666666666,0.9166666666666666
./cnn/stories/8cbf1a494eb9a0b946cd58f1284482dd1a8a8ded.story,content,shorten,0,3,Make wording more concise.,24,23,1,0,0.9583333333333334,0.9583333333333334
./cnn/stories/8cbf1a494eb9a0b946cd58f1284482dd1a8a8ded.story,content,shorten,1,1,Rephrase for clarity and conciseness.,14,13,1,0,0.9285714285714286,0.9285714285714286
./cnn/stories/8cbf1a494eb9a0b946cd58f1284482dd1a8a8ded.story,content,shorten,1,2,Rephrase for clarity and conciseness.,15,15,0,0,1.0,1.0
./cnn/stories/8cbf1a494eb9a0b946cd58f1284482dd1a8a8ded.story,content,shorten,1,3,Rephrase for clarity and conciseness.,12,11,1,0,0.9166666666666666,0.9166666666666666
./cnn/stories/8cbf1a494eb9a0b946cd58f1284482dd1a8a8ded.story,content,shorten,2,1,"Improve accuracy, clarity, and conciseness of language.",30,26,4,0,0.8666666666666667,0.8666666666666667
./cnn/stories/8cbf1a494eb9a0b946cd58f1284482dd1a8a8ded.story,content,shorten,2,2,"Improve accuracy, clarity, and conciseness of language.",32,28,4,0,0.875,0.875
./cnn/stories/8cbf1a494eb9a0b946cd58f1284482dd1a8a8ded.story,content,shorten,2,3,"Improve accuracy, clarity, and conciseness of language.",28,24,4,0,0.8571428571428571,0.8571428571428571
./cnn/stories/8cbf1a494eb9a0b946cd58f1284482dd1a8a8ded.story,style,formality,0,1,Make the text more formal.,70,68,2,0,0.9714285714285714,0.9714285714285714
./cnn/stories/8cbf1a494eb9a0b946cd58f1284482dd1a8a8ded.story,style,formality,0,2,Make the text more formal.,73,64,9,0,0.8767123287671232,0.8767123287671232
./cnn/stories/8cbf1a494eb9a0b946cd58f1284482dd1a8a8ded.story,style,formality,0,3,Make the text more formal.,59,54,5,0,0.9152542372881356,0.9152542372881356
./cnn/stories/8cbf1a494eb9a0b946cd58f1284482dd1a8a8ded.story,style,formality,1,1,Rephrase it to be more formal.,48,45,3,0,0.9375,0.9375
./cnn/stories/8cbf1a494eb9a0b946cd58f1284482dd1a8a8ded.story,style,formality,1,2,Rephrase it to be more formal.,50,45,5,0,0.9,0.9
./cnn/stories/8cbf1a494eb9a0b946cd58f1284482dd1a8a8ded.story,style,formality,1,3,Rephrase it to be more formal.,50,45,5,0,0.9,0.9
./cnn/stories/8cbf1a494eb9a0b946cd58f1284482dd1a8a8ded.story,style,formality,2,1,"Too conversational, rephrase it to be more formal.",52,49,3,0,0.9423076923076923,0.9423076923076923
./cnn/stories/8cbf1a494eb9a0b946cd58f1284482dd1a8a8ded.story,style,formality,2,2,"Too conversational, rephrase it to be more formal.",53,48,5,0,0.9056603773584906,0.9056603773584906
./cnn/stories/8cbf1a494eb9a0b946cd58f1284482dd1a8a8ded.story,style,formality,2,3,"Too conversational, rephrase it to be more formal.",57,52,5,0,0.9122807017543859,0.9122807017543859
./cnn/stories/8cbf1a494eb9a0b946cd58f1284482dd1a8a8ded.story,style,paraphrase,0,1,Paraphrase this.,38,35,3,0,0.9210526315789473,0.9210526315789473
./cnn/stories/8cbf1a494eb9a0b946cd58f1284482dd1a8a8ded.story,style,paraphrase,0,2,Paraphrase this.,38,35,3,0,0.9210526315789473,0.9210526315789473
./cnn/stories/8cbf1a494eb9a0b946cd58f1284482dd1a8a8ded.story,style,paraphrase,0,3,Paraphrase this.,38,34,4,0,0.8947368421052632,0.8947368421052632
./cnn/stories/8cbf1a494eb9a0b946cd58f1284482dd1a8a8ded.story,style,paraphrase,1,1,Reword this text.,39,38,1,0,0.9743589743589743,0.9743589743589743
./cnn/stories/8cbf1a494eb9a0b946cd58f1284482dd1a8a8ded.story,style,paraphrase,1,2,Reword this text.,33,32,1,0,0.9696969696969697,0.9696969696969697
./cnn/stories/8cbf1a494eb9a0b946cd58f1284482dd1a8a8ded.story,style,paraphrase,1,3,Reword this text.,27,26,1,0,0.9629629629629629,0.9629629629629629
./cnn/stories/8cbf1a494eb9a0b946cd58f1284482dd1a8a8ded.story,style,paraphrase,2,1,Use different wording.,62,62,0,0,1.0,1.0
./cnn/stories/8cbf1a494eb9a0b946cd58f1284482dd1a8a8ded.story,style,paraphrase,2,2,Use different wording.,49,46,3,0,0.9387755102040817,0.9387755102040817
./cnn/stories/8cbf1a494eb9a0b946cd58f1284482dd1a8a8ded.story,style,paraphrase,2,3,Use different wording.,51,46,5,0,0.9019607843137255,0.9019607843137255
./cnn/stories/93cb528105fe482149ee7f5a62878b59d0508084.story,content,elaborate,0,1,"Elaborate on the content, adding relevant details while staying faithful to the source text.",37,37,0,0,1.0,1.0
./cnn/stories/93cb528105fe482149ee7f5a62878b59d0508084.story,content,elaborate,0,2,"Elaborate on the content, adding relevant details while staying faithful to the source text.",42,41,1,0,0.9761904761904762,0.9761904761904762
./cnn/stories/93cb528105fe482149ee7f5a62878b59d0508084.story,content,elaborate,0,3,"Elaborate on the content, adding relevant details while staying faithful to the source text.",48,46,2,0,0.9583333333333334,0.9583333333333334
./cnn/stories/93cb528105fe482149ee7f5a62878b59d0508084.story,content,elaborate,1,1,"Expand the text with more context, without introducing information that is not supported by the original.",29,29,0,0,1.0,1.0
./cnn/stories/93cb528105fe482149ee7f5a62878b59d0508084.story,content,elaborate,1,2,"Expand the text with more context, without introducing information that is not supported by the original.",31,31,0,0,1.0,1.0
./cnn/stories/93cb528105fe482149ee7f5a62878b59d0508084.story,content,elaborate,1,3,"Expand the text with more context, without introducing information that is not supported by the original.",31,31,0,0,1.0,1.0
./cnn/stories/93cb528105fe482149ee7f5a62878b59d0508084.story,content,elaborate,2,1,"Add more detail, keeping every fact grounded in the source material.",34,34,0,0,1.0,1.0
./cnn/stories/93cb528105fe482149ee7f5a62878b59d0508084.story,content,elaborate,2,2,"Add more detail, keeping every fact grounded in the source material.",40,40,0,0,1.0,1.0
./cnn/stories/93cb528105fe482149ee7f5a62878b59d0508084.story,content,elaborate,2,3,"Add more detail, keeping every fact grounded in the source material.",55,52,3,0,0.9454545454545454,0.9454545454545454
./cnn/stories/93cb528105fe482149ee7f5a62878b59d0508084.story,content,shorten,0,1,Make wording more concise.,33,33,0,0,1.0,1.0
./cnn/stories/93cb528105fe482149ee7f5a62878b59d0508084.story,content,shorten,0,2,Make wording more concise.,21,21,0,0,1.0,1.0
./cnn/stories/93cb528105fe482149ee7f5a62878b59d0508084.story,content,shorten,0,3,Make wording more concise.,71,71,0,0,1.0,1.0
./cnn/stories/93cb528105fe482149ee7f5a62878b59d0508084.story,content,shorten,1,1,Rephrase for clarity and conciseness.,25,25,0,0,1.0,1.0
./cnn/stories/93cb528105fe482149ee7f5a62878b59d0508084.story,content,shorten,1,2,Rephrase for clarity and conciseness.,20,20,0,0,1.0,1.0
./cnn/stories/93cb528105fe482149ee7f5a62878b59d0508084.story,content,shorten,1,3,Rephrase for clarity and conciseness.,10,9,1,0,0.9,0.9
./cnn/stories/93cb528105fe482149ee7f5a62878b59d0508084.story,content,shorten,2,1,"Improve accuracy, clarity, and conciseness of language.",29,29,0,0,1.0,1.0
./cnn/stories/93cb528105fe482149ee7f5a62878b59d0508084.story,content,shorten,2,2,"Improve accuracy, clarity, and conciseness of language.",26,24,2,0,0.9230769230769231,0.9230769230769231
./cnn/stories/93cb528105fe482149ee7f5a62878b59d0508084.story,content,shorten,2,3,"Improve accuracy, clarity, and conciseness of language.",25,23,2,0,0.92,0.92
./cnn/stories/93cb528105fe482149ee7f5a62878b59d0508084.story,style,formality,0,1,Make the text more formal.,32,32,0,0,1.0,1.0
./cnn/stories/93cb528105fe482149ee7f5a62878b59d0508084.story,style,formality,0,2,Make the text more formal.,35,34,1,0,0.9714285714285714,0.9714285714285714
./cnn/stories/93cb528105fe482149ee7f5a62878b59d0508084.story,style,formality,0,3,Make the text more formal.,34,33,1,0,0.9705882352941176,0.9705882352941176
./cnn/stories/93cb528105fe482149ee7f5a62878b59d0508084.story,style,formality,1,1,Rephrase it to be more formal.,37,37,0,0,1.0,1.0
./cnn/stories/93cb528105fe482149ee7f5a62878b59d0508084.story,style,formality,1,2,Rephrase it to be more formal.,39,38,1,0,0.9743589743589743,0.9743589743589743
./cnn/stories/93cb528105fe482149ee7f5a62878b59d0508084.story,style,formality,1,3,Rephrase it to be more formal.,37,37,0,0,1.0,1.0
./cnn/stories/93cb528105fe482149ee7f5a62878b59d0508084.story,style,formality,2,1,"Too conversational, rephrase it to be more formal.",29,29,0,0,1.0,1.0
./cnn/stories/93cb528105fe482149ee7f5a62878b59d0508084.story,style,formality,2,2,"Too conversational, rephrase it to be more formal.",31,28,3,0,0.9032258064516129,0.9032258064516129
./cnn/stories/93cb528105fe482149ee7f5a62878b59d0508084.story,style,formality,2,3,"Too conversational, rephrase it to be more formal.",29,27,2,0,0.9310344827586207,0.9310344827586207
./cnn/stories/93cb528105fe482149ee7f5a62878b59d0508084.story,style,paraphrase,0,1,Paraphrase this.,30,30,0,0,1.0,1.0
./cnn/stories/93cb528105fe482149ee7f5a62878b59d0508084.story,style,paraphrase,0,2,Paraphrase this.,19,19,0,0,1.0,1.0
./cnn/stories/93cb528105fe482149ee7f5a62878b59d0508084.story,style,paraphrase,0,3,Paraphrase this.,22,22,0,0,1.0,1.0
./cnn/stories/93cb528105fe482149ee7f5a62878b59d0508084.story,style,paraphrase,1,1,Reword this text.,32,32,0,0,1.0,1.0
./cnn/stories/93cb528105fe482149ee7f5a62878b59d0508084.story,style,paraphrase,1,2,Reword this text.,26,24,2,0,0.9230769230769231,0.9230769230769231
./cnn/stories/93cb528105fe482149ee7f5a62878b59d0508084.story,style,paraphrase,1,3,Reword this text.,29,28,1,0,0.9655172413793104,0.9655172413793104
./cnn/stories/93cb528105fe482149ee7f5a62878b59d0508084.story,style,paraphrase,2,1,Use different wording.,36,34,2,0,0.9444444444444444,0.9444444444444444
./cnn/stories/93cb528105fe482149ee7f5a62878b59d0508084.story,style,paraphrase,2,2,Use different wording.,25,24,1,0,0.96,0.96
./cnn/stories/93cb528105fe482149ee7f5a62878b59d0508084.story,style,paraphrase,2,3,Use different wording.,30,29,1,0,0.9666666666666667,0.9666666666666667
./cnn/stories/97ed47519371db40473f71f77a52a7beb5f0a7ef.story,content,elaborate,0,1,"Elaborate on the content, adding relevant details while staying faithful to the source text.",63,62,1,0,0.9841269841269841,0.9841269841269841
./cnn/stories/97ed47519371db40473f71f77a52a7beb5f0a7ef.story,content,elaborate,0,2,"Elaborate on the content, adding relevant details while staying faithful to the source text.",80,79,1,0,0.9875,0.9875
./cnn/stories/97ed47519371db40473f71f77a52a7beb5f0a7ef.story,content,elaborate,0,3,"Elaborate on the content, adding relevant details while staying faithful to the source text.",74,71,3,0,0.9594594594594594,0.9594594594594594
./cnn/stories/97ed47519371db40473f71f77a52a7beb5f0a7ef.story,content,elaborate,1,1,"Expand the text with more context, without introducing information that is not supported by the original.",55,53,2,0,0.9636363636363636,0.9636363636363636
./cnn/stories/97ed47519371db40473f71f77a52a7beb5f0a7ef.story,content,elaborate,1,2,"Expand the text with more context, without introducing information that is not supported by the original.",58,54,4,0,0.9310344827586207,0.9310344827586207
./cnn/stories/97ed47519371db40473f71f77a52a7beb5f0a7ef.story,content,elaborate,1,3,"Expand the text with more context, without introducing information that is not supported by the original.",57,54,3,0,0.9473684210526315,0.9473684210526315
./cnn/stories/97ed47519371db40473f71f77a52a7beb5f0a7ef.story,content,elaborate,2,1,"Add more detail, keeping every fact grounded in the source material.",70,69,1,0,0.9857142857142858,0.9857142857142858
./cnn/stories/97ed47519371db40473f71f77a52a7beb5f0a7ef.story,content,elaborate,2,2,"Add more detail, keeping every fact grounded in the source material.",71,69,2,0,0.971830985915493,0.971830985915493
./cnn/stories/97ed47519371db40473f71f77a52a7beb5f0a7ef.story,content,elaborate,2,3,"Add more detail, keeping every fact grounded in the source material.",85,78,7,0,0.9176470588235294,0.9176470588235294
./cnn/stories/97ed47519371db40473f71f77a52a7beb5f0a7ef.story,content,shorten,0,1,Make wording more concise.,24,24,0,0,1.0,1.0
./cnn/stories/97ed47519371db40473f71f77a52a7beb5f0a7ef.story,content,shorten,0,2,Make wording more concise.,24,22,2,0,0.9166666666666666,0.9166666666666666
./cnn/stories/97ed47519371db40473f71f77a52a7beb5f0a7ef.story,content,shorten,0,3,Make wording more concise.,22,19,3,0,0.8636363636363636,0.8636363636363636
./cnn/stories/97ed47519371db40473f71f77a52a7beb5f0a7ef.story,content,shorten,1,1,Rephrase for clarity and conciseness.,27,26,1,0,0.9629629629629629,0.9629629629629629
./cnn/stories/97ed47519371db40473f71f77a52a7beb5f0a7ef.story,content,shorten,1,2,Rephrase for clarity and conciseness.,22,21,1,0,0.9545454545454546,0.9545454545454546
./cnn/stories/97ed47519371db40473f71f77a52a7beb5f0a7ef.story,content,shorten,1,3,Rephrase for clarity and conciseness.,22,19,3,0,0.8636363636363636,0.8636363636363636
./cnn/stories/97ed47519371db40473f71f77a52a7beb5f0a7ef.story,content,shorten,2,1,"Improve accuracy, clarity, and conciseness of language.",47,46,1,0,0.9787234042553191,0.9787234042553191
./cnn/stories/97ed47519371db40473f71f77a52a7beb5f0a7ef.story,content,shorten,2,2,"Improve accuracy, clarity, and conciseness of language.",42,40,2,0,0.9523809523809523,0.9523809523809523
./cnn/stories/97ed47519371db40473f71f77a52a7beb5f0a7ef.story,content,shorten,2,3,"Improve accuracy, clarity, and conciseness of language.",40,40,0,0,1.0,1.0
./cnn/stories/97ed47519371db40473f71f77a52a7beb5f0a7ef.story,style,formality,0,1,Make the text more formal.,55,54,1,0,0.9818181818181818,0.9818181818181818
./cnn/stories/97ed47519371db40473f71f77a52a7beb5f0a7ef.story,style,formality,0,2,Make the text more formal.,36,33,3,0,0.9166666666666666,0.9166666666666666
./cnn/stories/97ed47519371db40473f71f77a52a7beb5f0a7ef.story,style,formality,0,3,Make the text more formal.,49,45,4,0,0.9183673469387755,0.9183673469387755
./cnn/stories/97ed47519371db40473f71f77a52a7beb5f0a7ef.story,style,formality,1,1,Rephrase it to be more formal.,43,42,1,0,0.9767441860465116,0.9767441860465116
./cnn/stories/97ed47519371db40473f71f77a52a7beb5f0a7ef.story,style,formality,1,2,Rephrase it to be more formal.,39,39,0,0,1.0,1.0
./cnn/stories/97ed47519371db40473f71f77a52a7beb5f0a7ef.story,style,formality,1,3,Rephrase it to be more formal.,48,47,1,0,0.9791666666666666,0.9791666666666666
./cnn/stories/97ed47519371db40473f71f77a52a7beb5f0a7ef.story,style,formality,2,1,"Too conversational, rephrase it to be more formal.",60,59,1,0,0.9833333333333333,0.9833333333333333
./cnn/stories/97ed47519371db40473f71f77a52a7beb5f0a7ef.story,style,formality,2,2,"Too conversational, rephrase it to be more formal.",78,76,2,0,0.9743589743589743,0.9743589743589743
./cnn/stories/97ed47519371db40473f71f77a52a7beb5f0a7ef.story,style,formality,2,3,"Too conversational, rephrase it to be more formal.",59,54,5,0,0.9152542372881356,0.9152542372881356
./cnn/stories/97ed47519371db40473f71f77a52a7beb5f0a7ef.story,style,paraphrase,0,1,Paraphrase this.,32,31,1,0,0.96875,0.96875
./cnn/stories/97ed47519371db40473f71f77a52a7beb5f0a7ef.story,style,paraphrase,0,2,Paraphrase this.,29,27,2,0,0.9310344827586207,0.9310344827586207
./cnn/stories/97ed47519371db40473f71f77a52a7beb5f0a7ef.story,style,paraphrase,0,3,Paraphrase this.,26,24,2,0,0.9230769230769231,0.9230769230769231
./cnn/stories/97ed47519371db40473f71f77a52a7beb5f0a7ef.story,style,paraphrase,1,1,Reword this text.,47,45,2,0,0.9574468085106383,0.9574468085106383
./cnn/stories/97ed47519371db40473f71f77a52a7beb5f0a7ef.story,style,paraphrase,1,2,Reword this text.,41,36,5,0,0.8780487804878049,0.8780487804878049
./cnn/stories/97ed47519371db40473f71f77a52a7beb5f0a7ef.story,style,paraphrase,1,3,Reword this text.,42,40,2,0,0.9523809523809523,0.9523809523809523
./cnn/stories/97ed47519371db40473f71f77a52a7beb5f0a7ef.story,style,paraphrase,2,1,Use different wording.,49,45,4,0,0.9183673469387755,0.9183673469387755
./cnn/stories/97ed47519371db40473f71f77a52a7beb5f0a7ef.story,style,paraphrase,2,2,Use different wording.,49,48,1,0,0.9795918367346939,0.9795918367346939
./cnn/stories/97ed47519371db40473f71f77a52a7beb5f0a7ef.story,style,paraphrase,2,3,Use different wording.,47,39,8,0,0.8297872340425532,0.8297872340425532
./cnn/stories/9a581fde5f136d02602abee1eb4c0c52924b7a99.story,content,elaborate,0,1,"Elaborate on the content, adding relevant details while staying faithful to the source text.",67,66,1,0,0.9850746268656716,0.9850746268656716
./cnn/stories/9a581fde5f136d02602abee1eb4c0c52924b7a99.story,content,elaborate,0,2,"Elaborate on the content, adding relevant details while staying faithful to the source text.",78,77,1,0,0.9871794871794872,0.9871794871794872
./cnn/stories/9a581fde5f136d02602abee1eb4c0c52924b7a99.story,content,elaborate,0,3,"Elaborate on the content, adding relevant details while staying faithful to the source text.",75,71,4,0,0.9466666666666667,0.9466666666666667
./cnn/stories/9a581fde5f136d02602abee1eb4c0c52924b7a99.story,content,elaborate,1,1,"Expand the text with more context, without introducing information that is not supported by the original.",43,43,0,0,1.0,1.0
./cnn/stories/9a581fde5f136d02602abee1eb4c0c52924b7a99.story,content,elaborate,1,2,"Expand the text with more context, without introducing information that is not supported by the original.",39,36,3,0,0.9230769230769231,0.9230769230769231
./cnn/stories/9a581fde5f136d02602abee1eb4c0c52924b7a99.story,content,elaborate,1,3,"Expand the text with more context, without introducing information that is not supported by the original.",33,29,4,0,0.8787878787878788,0.8787878787878788
./cnn/stories/9a581fde5f136d02602abee1eb4c0c52924b7a99.story,content,elaborate,2,1,"Add more detail, keeping every fact grounded in the source material.",70,66,4,0,0.9428571428571428,0.9428571428571428
./cnn/stories/9a581fde5f136d02602abee1eb4c0c52924b7a99.story,content,elaborate,2,2,"Add more detail, keeping every fact grounded in the source material.",65,62,3,0,0.9538461538461539,0.9538461538461539
./cnn/stories/9a581fde5f136d02602abee1eb4c0c52924b7a99.story,content,elaborate,2,3,"Add more detail, keeping every fact grounded in the source material.",71,64,7,0,0.9014084507042254,0.9014084507042254
./cnn/stories/9a581fde5f136d02602abee1eb4c0c52924b7a99.story,content,shorten,0,1,Make wording more concise.,28,27,1,0,0.9642857142857143,0.9642857142857143
./cnn/stories/9a581fde5f136d02602abee1eb4c0c52924b7a99.story,content,shorten,0,2,Make wording more concise.,21,20,1,0,0.9523809523809523,0.9523809523809523
./cnn/stories/9a581fde5f136d02602abee1eb4c0c52924b7a99.story,content,shorten,0,3,Make wording more concise.,6,4,2,0,0.6666666666666666,0.39999999999999997
./cnn/stories/9a581fde5f136d02602abee1eb4c0c52924b7a99.story,content,shorten,1,1,Rephrase for clarity and conciseness.,25,25,0,0,1.0,1.0
./cnn/stories/9a581fde5f136d02602abee1eb4c0c52924b7a99.story,content,shorten,1,2,Rephrase for clarity and conciseness.,18,18,0,0,1.0,1.0
./cnn/stories/9a581fde5f136d02602abee1eb4c0c52924b7a99.story,content,shorten,1,3,Rephrase for clarity and conciseness.,16,16,0,0,1.0,1.0
./cnn/stories/9a581fde5f136d02602abee1eb4c0c52924b7a99.story,content,shorten,2,1,"Improve accuracy, clarity, and conciseness of language.",54,54,0,0,1.0,1.0
./cnn/stories/9a581fde5f136d02602abee1eb4c0c52924b7a99.story,content,shorten,2,2,"Improve accuracy, clarity, and conciseness of language.",35,35,0,0,1.0,1.0
./cnn/stories/9a581fde5f136d02602abee1eb4c0c52924b7a99.story,content,shorten,2,3,"Improve accuracy, clarity, and conciseness of language.",28,26,2,0,0.9285714285714286,0.9285714285714286
./cnn/stories/9a581fde5f136d02602abee1eb4c0c52924b7a99.story,style,formality,0,1,Make the text more formal.,83,81,2,0,0.9759036144578314,0.9759036144578314
./cnn/stories/9a581fde5f136d02602abee1eb4c0c52924b7a99.story,style,formality,0,2,Make the text more formal.,79,78,1,0,0.9873417721518988,0.9873417721518988
./cnn/stories/9a581fde5f136d02602abee1eb4c0c52924b7a99.story,style,formality,0,3,Make the text more formal.,85,82,3,0,0.9647058823529412,0.9647058823529412
./cnn/stories/9a581fde5f136d02602abee1eb4c0c52924b7a99.story,style,formality,1,1,Rephrase it to be more formal.,68,66,2,0,0.9705882352941176,0.9705882352941176
./cnn/stories/9a581fde5f136d02602abee1eb4c0c52924b7a99.story,style,formality,1,2,Rephrase it to be more formal.,65,61,4,0,0.9384615384615385,0.9384615384615385
./cnn/stories/9a581fde5f136d02602abee1eb4c0c52924b7a99.story,style,formality,1,3,Rephrase it to be more formal.,69,68,1,0,0.9855072463768116,0.9855072463768116
./cnn/stories/9a581fde5f136d02602abee1eb4c0c52924b7a99.story,style,formality,2,1,"Too conversational, rephrase it to be more formal.",72,69,3,0,0.9583333333333334,0.9583333333333334
./cnn/stories/9a581fde5f136d02602abee1eb4c0c52924b7a99.story,style,formality,2,2,"Too conversational, rephrase it to be more formal.",70,70,0,0,1.0,1.0
./cnn/stories/9a581fde5f136d02602abee1eb4c0c52924b7a99.story,style,formality,2,3,"Too conversational, rephrase it to be more formal.",68,67,1,0,0.9852941176470589,0.9852941176470589
./cnn/stories/9a581fde5f136d02602abee1eb4c0c52924b7a99.story,style,paraphrase,0,1,Paraphrase this.,64,61,3,0,0.953125,0.953125
./cnn/stories/9a581fde5f136d02602abee1eb4c0c52924b7a99.story,style,paraphrase,0,2,Paraphrase this.,46,44,2,0,0.9565217391304348,0.9565217391304348
./cnn/stories/9a581fde5f136d02602abee1eb4c0c52924b7a99.story,style,paraphrase,0,3,Paraphrase this.,53,53,0,0,1.0,1.0
./cnn/stories/9a581fde5f136d02602abee1eb4c0c52924b7a99.story,style,paraphrase,1,1,Reword this text.,56,53,3,0,0.9464285714285714,0.9464285714285714
./cnn/stories/9a581fde5f136d02602abee1eb4c0c52924b7a99.story,style,paraphrase,1,2,Reword this text.,46,45,1,0,0.9782608695652174,0.9782608695652174
./cnn/stories/9a581fde5f136d02602abee1eb4c0c52924b7a99.story,style,paraphrase,1,3,Reword this text.,44,42,2,0,0.9545454545454546,0.9545454545454546
./cnn/stories/9a581fde5f136d02602abee1eb4c0c52924b7a99.story,style,paraphrase,2,1,Use different wording.,73,72,1,0,0.9863013698630136,0.9863013698630136
./cnn/stories/9a581fde5f136d02602abee1eb4c0c52924b7a99.story,style,paraphrase,2,2,Use different wording.,62,61,1,0,0.9838709677419355,0.9838709677419355
./cnn/stories/9a581fde5f136d02602abee1eb4c0c52924b7a99.story,style,paraphrase,2,3,Use different wording.,47,47,0,0,1.0,1.0
./cnn/stories/a175918a73063a9f515ea29e512917497335e817.story,content,elaborate,0,1,"Elaborate on the content, adding relevant details while staying faithful to the source text.",41,40,1,0,0.975609756097561,0.975609756097561
./cnn/stories/a175918a73063a9f515ea29e512917497335e817.story,content,elaborate,0,2,"Elaborate on the content, adding relevant details while staying faithful to the source text.",40,38,2,0,0.95,0.95
./cnn/stories/a175918a73063a9f515ea29e512917497335e817.story,content,elaborate,0,3,"Elaborate on the content, adding relevant details while staying faithful to the source text.",36,34,2,0,0.9444444444444444,0.9444444444444444
./cnn/stories/a175918a73063a9f515ea29e512917497335e817.story,content,elaborate,1,1,"Expand the text with more context, without introducing information that is not supported by the original.",27,27,0,0,1.0,1.0
./cnn/stories/a175918a73063a9f515ea29e512917497335e817.story,content,elaborate,1,2,"Expand the text with more context, without introducing information that is not supported by the original.",31,31,0,0,1.0,1.0
./cnn/stories/a175918a73063a9f515ea29e512917497335e817.story,content,elaborate,1,3,"Expand the text with more context, without introducing information that is not supported by the original.",30,30,0,0,1.0,1.0
./cnn/stories/a175918a73063a9f515ea29e512917497335e817.story,content,elaborate,2,1,"Add more detail, keeping every fact grounded in the source material.",41,40,1,0,0.975609756097561,0.975609756097561
./cnn/stories/a175918a73063a9f515ea29e512917497335e817.story,content,elaborate,2,2,"Add more detail, keeping every fact grounded in the source material.",45,44,1,0,0.9777777777777777,0.9777777777777777
./cnn/stories/a175918a73063a9f515ea29e512917497335e817.story,content,elaborate,2,3,"Add more detail, keeping every fact grounded in the source material.",41,40,1,0,0.975609756097561,0.975609756097561
./cnn/stories/a175918a73063a9f515ea29e512917497335e817.story,content,shorten,0,1,Make wording more concise.,21,20,1,0,0.9523809523809523,0.9523809523809523
./cnn/stories/a175918a73063a9f515ea29e512917497335e817.story,content,shorten,0,2,Make wording more concise.,21,20,1,0,0.9523809523809523,0.9523809523809523
./cnn/stories/a175918a73063a9f515ea29e512917497335e817.story,content,shorten,0,3,Make wording more concise.,14,14,0,0,1.0,1.0
./cnn/stories/a175918a73063a9f515ea29e512917497335e817.story,content,shorten,1,1,Rephrase for clarity and conciseness.,16,16,0,0,1.0,1.0
./cnn/stories/a175918a73063a9f515ea29e512917497335e817.story,content,shorten,1,2,Rephrase for clarity and conciseness.,17,16,1,0,0.9411764705882353,0.9411764705882353
./cnn/stories/a175918a73063a9f515ea29e512917497335e817.story,content,shorten,1,3,Rephrase for clarity and conciseness.,13,13,0,0,1.0,1.0
./cnn/stories/a175918a73063a9f515ea29e512917497335e817.story,content,shorten,2,1,"Improve accuracy, clarity, and conciseness of language.",20,19,1,0,0.95,0.95
./cnn/stories/a175918a73063a9f515ea29e512917497335e817.story,content,shorten,2,2,"Improve accuracy, clarity, and conciseness of language.",25,24,1,0,0.96,0.96
./cnn/stories/a175918a73063a9f515ea29e512917497335e817.story,content,shorten,2,3,"Improve accuracy, clarity, and conciseness of language.",32,31,1,0,0.96875,0.96875
./cnn/stories/a175918a73063a9f515ea29e512917497335e817.story,style,formality,0,1,Make the text more formal.,44,43,1,0,0.9772727272727273,0.9772727272727273
./cnn/stories/a175918a73063a9f515ea29e512917497335e817.story,style,formality,0,2,Make the text more formal.,40,39,1,0,0.975,0.975
./cnn/stories/a175918a73063a9f515ea29e512917497335e817.story,style,formality,0,3,Make the text more formal.,52,50,2,0,0.9615384615384616,0.9615384615384616
./cnn/stories/a175918a73063a9f515ea29e512917497335e817.story,style,formality,1,1,Rephrase it to be more formal.,39,38,1,0,0.9743589743589743,0.9743589743589743
./cnn/stories/a175918a73063a9f515ea29e512917497335e817.story,style,formality,1,2,Rephrase it to be more formal.,43,41,2,0,0.9534883720930233,0.9534883720930233
./cnn/stories/a175918a73063a9f515ea29e512917497335e817.story,style,formality,1,3,Rephrase it to be more formal.,37,35,2,0,0.9459459459459459,0.9459459459459459
./cnn/stories/a175918a73063a9f515ea29e512917497335e817.story,style,formality,2,1,"Too conversational, rephrase it to be more formal.",44,42,2,0,0.9545454545454546,0.9545454545454546
./cnn/stories/a175918a73063a9f515ea29e512917497335e817.story,style,formality,2,2,"Too conversational, rephrase it to be more formal.",46,45,1,0,0.9782608695652174,0.9782608695652174
./cnn/stories/a175918a73063a9f515ea29e512917497335e817.story,style,formality,2,3,"Too conversational, rephrase it to be more formal.",42,42,0,0,1.0,1.0
./cnn/stories/a175918a73063a9f515ea29e512917497335e817.story,style,paraphrase,0,1,Paraphrase this.,20,20,0,0,1.0,1.0
./cnn/stories/a175918a73063a9f515ea29e512917497335e817.story,style,paraphrase,0,2,Paraphrase this.,19,18,1,0,0.9473684210526315,0.9473684210526315
./cnn/stories/a175918a73063a9f515ea29e512917497335e817.story,style,paraphrase,0,3,Paraphrase this.,17,17,0,0,1.0,1.0
./cnn/stories/a175918a73063a9f515ea29e512917497335e817.story,style,paraphrase,1,1,Reword this text.,34,33,1,0,0.9705882352941176,0.9705882352941176
./cnn/stories/a175918a73063a9f515ea29e512917497335e817.story,style,paraphrase,1,2,Reword this text.,34,33,1,0,0.9705882352941176,0.9705882352941176
./cnn/stories/a175918a73063a9f515ea29e512917497335e817.story,style,paraphrase,1,3,Reword this text.,40,39,1,0,0.975,0.975
./cnn/stories/a175918a73063a9f515ea29e512917497335e817.story,style,paraphrase,2,1,Use different wording.,35,34,1,0,0.9714285714285714,0.9714285714285714
./cnn/stories/a175918a73063a9f515ea29e512917497335e817.story,style,paraphrase,2,2,Use different wording.,31,31,0,0,1.0,1.0
./cnn/stories/a175918a73063a9f515ea29e512917497335e817.story,style,paraphrase,2,3,Use different wording.,34,34,0,0,1.0,1.0
./cnn/stories/a1c31aa7ad8a494c513ef78063bd9c3834e8fc41.story,content,elaborate,0,1,"Elaborate on the content, adding relevant details while staying faithful to the source text.",20,20,0,0,1.0,1.0
./cnn/stories/a1c31aa7ad8a494c513ef78063bd9c3834e8fc41.story,content,elaborate,0,2,"Elaborate on the content, adding relevant details while staying faithful to the source text.",27,27,0,0,1.0,1.0
./cnn/stories/a1c31aa7ad8a494c513ef78063bd9c3834e8fc41.story,content,elaborate,0,3,"Elaborate on the content, adding relevant details while staying faithful to the source text.",27,27,0,0,1.0,1.0
./cnn/stories/a1c31aa7ad8a494c513ef78063bd9c3834e8fc41.story,content,elaborate,1,1,"Expand the text with more context, without introducing information that is not supported by the original.",21,21,0,0,1.0,1.0
./cnn/stories/a1c31aa7ad8a494c513ef78063bd9c3834e8fc41.story,content,elaborate,1,2,"Expand the text with more context, without introducing information that is not supported by the original.",19,19,0,0,1.0,1.0
./cnn/stories/a1c31aa7ad8a494c513ef78063bd9c3834e8fc41.story,content,elaborate,1,3,"Expand the text with more context, without introducing information that is not supported by the original.",19,19,0,0,1.0,1.0
./cnn/stories/a1c31aa7ad8a494c513ef78063bd9c3834e8fc41.story,content,elaborate,2,1,"Add more detail, keeping every fact grounded in the source material.",19,19,0,0,1.0,1.0
./cnn/stories/a1c31aa7ad8a494c513ef78063bd9c3834e8fc41.story,content,elaborate,2,2,"Add more detail, keeping every fact grounded in the source material.",21,21,0,0,1.0,1.0
./cnn/stories/a1c31aa7ad8a494c513ef78063bd9c3834e8fc41.story,content,elaborate,2,3,"Add more detail, keeping every fact grounded in the source material.",15,15,0,0,1.0,1.0
./cnn/stories/a1c31aa7ad8a494c513ef78063bd9c3834e8fc41.story,content,shorten,0,1,Make wording more concise.,12,12,0,0,1.0,1.0
./cnn/stories/a1c31aa7ad8a494c513ef78063bd9c3834e8fc41.story,content,shorten,0,2,Make wording more concise.,10,10,0,0,1.0,1.0
./cnn/stories/a1c31aa7ad8a494c513ef78063bd9c3834e8fc41.story,content,shorten,0,3,Make wording more concise.,10,10,0,0,1.0,1.0
./cnn/stories/a1c31aa7ad8a494c513ef78063bd9c3834e8fc41.story,content,shorten,1,1,Rephrase for clarity and conciseness.,13,13,0,0,1.0,1.0
./cnn/stories/a1c31aa7ad8a494c513ef78063bd9c3834e8fc41.story,content,shorten,1,2,Rephrase for clarity and conciseness.,14,14,0,0,1.0,1.0
./cnn/stories/a1c31aa7ad8a494c513ef78063bd9c3834e8fc41.story,content,shorten,1,3,Rephrase for clarity and conciseness.,11,11,0,0,1.0,1.0
./cnn/stories/a1c31aa7ad8a494c513ef78063bd9c3834e8fc41.story,content,shorten,2,1,"Improve accuracy, clarity, and conciseness of language.",20,20,0,0,1.0,1.0
./cnn/stories/a1c31aa7ad8a494c513ef78063bd9c3834e8fc41.story,content,shorten,2,2,"Improve accuracy, clarity, and conciseness of language.",15,15,0,0,1.0,1.0
./cnn/stories/a1c31aa7ad8a494c513ef78063bd9c3834e8fc41.story,content,shorten,2,3,"Improve accuracy, clarity, and conciseness of language.",16,16,0,0,1.0,1.0
./cnn/stories/a1c31aa7ad8a494c513ef78063bd9c3834e8fc41.story,style,formality,0,1,Make the text more formal.,22,22,0,0,1.0,1.0
./cnn/stories/a1c31aa7ad8a494c513ef78063bd9c3834e8fc41.story,style,formality,0,2,Make the text more formal.,28,28,0,0,1.0,1.0
./cnn/stories/a1c31aa7ad8a494c513ef78063bd9c3834e8fc41.story,style,formality,0,3,Make the text more formal.,24,24,0,0,1.0,1.0
./cnn/stories/a1c31aa7ad8a494c513ef78063bd9c3834e8fc41.story,style,formality,1,1,Rephrase it to be more formal.,30,30,0,0,1.0,1.0
./cnn/stories/a1c31aa7ad8a494c513ef78063bd9c3834e8fc41.story,style,formality,1,2,Rephrase it to be more formal.,29,28,1,0,0.9655172413793104,0.9655172413793104
./cnn/stories/a1c31aa7ad8a494c513ef78063bd9c3834e8fc41.story,style,formality,1,3,Rephrase it to be more formal.,31,30,1,0,0.967741935483871,0.967741935483871
./cnn/stories/a1c31aa7ad8a494c513ef78063bd9c3834e8fc41.story,style,formality,2,1,"Too conversational, rephrase it to be more formal.",24,24,0,0,1.0,1.0
./cnn/stories/a1c31aa7ad8a494c513ef78063bd9c3834e8fc41.story,style,formality,2,2,"Too conversational, rephrase it to be more formal.",26,26,0,0,1.0,1.0
./cnn/stories/a1c31aa7ad8a494c513ef78063bd9c3834e8fc41.story,style,formality,2,3,"Too conversational, rephrase it to be more formal.",28,28,0,0,1.0,1.0
./cnn/stories/a1c31aa7ad8a494c513ef78063bd9c3834e8fc41.story,style,paraphrase,0,1,Paraphrase this.,19,19,0,0,1.0,1.0
./cnn/stories/a1c31aa7ad8a494c513ef78063bd9c3834e8fc41.story,style,paraphrase,0,2,Paraphrase this.,15,15,0,0,1.0,1.0
./cnn/stories/a1c31aa7ad8a494c513ef78063bd9c3834e8fc41.story,style,paraphrase,0,3,Paraphrase this.,10,10,0,0,1.0,1.0
./cnn/stories/a1c31aa7ad8a494c513ef78063bd9c3834e8fc41.story,style,paraphrase,1,1,Reword this text.,26,26,0,0,1.0,1.0
./cnn/stories/a1c31aa7ad8a494c513ef78063bd9c3834e8fc41.story,style,paraphrase,1,2,Reword this text.,24,24,0,0,1.0,1.0
./cnn/stories/a1c31aa7ad8a494c513ef78063bd9c3834e8fc41.story,style,paraphrase,1,3,Reword this text.,23,23,0,0,1.0,1.0
./cnn/stories/a1c31aa7ad8a494c513ef78063bd9c3834e8fc41.story,style,paraphrase,2,1,Use different wording.,27,27,0,0,1.0,1.0
./cnn/stories/a1c31aa7ad8a494c513ef78063bd9c3834e8fc41.story,style,paraphrase,2,2,Use different wording.,22,22,0,0,1.0,1.0
./cnn/stories/a1c31aa7ad8a494c513ef78063bd9c3834e8fc41.story,style,paraphrase,2,3,Use different wording.,21,21,0,0,1.0,1.0
./cnn/stories/abebde7e04ba6280371812bffd3f698a8f4de125.story,content,elaborate,0,1,"Elaborate on the content, adding relevant details while staying faithful to the source text.",44,43,1,0,0.9772727272727273,0.9772727272727273
./cnn/stories/abebde7e04ba6280371812bffd3f698a8f4de125.story,content,elaborate,0,2,"Elaborate on the content, adding relevant details while staying faithful to the source text.",53,51,2,0,0.9622641509433962,0.9622641509433962
./cnn/stories/abebde7e04ba6280371812bffd3f698a8f4de125.story,content,elaborate,0,3,"Elaborate on the content, adding relevant details while staying faithful to the source text.",53,50,3,0,0.9433962264150944,0.9433962264150944
./cnn/stories/abebde7e04ba6280371812bffd3f698a8f4de125.story,content,elaborate,1,1,"Expand the text with more context, without introducing information that is not supported by the original.",36,36,0,0,1.0,1.0
./cnn/stories/abebde7e04ba6280371812bffd3f698a8f4de125.story,content,elaborate,1,2,"Expand the text with more context, without introducing information that is not supported by the original.",41,40,1,0,0.975609756097561,0.975609756097561
./cnn/stories/abebde7e04ba6280371812bffd3f698a8f4de125.story,content,elaborate,1,3,"Expand the text with more context, without introducing information that is not supported by the original.",38,37,1,0,0.9736842105263158,0.9736842105263158
./cnn/stories/abebde7e04ba6280371812bffd3f698a8f4de125.story,content,elaborate,2,1,"Add more detail, keeping every fact grounded in the source material.",51,49,2,0,0.9607843137254902,0.9607843137254902
./cnn/stories/abebde7e04ba6280371812bffd3f698a8f4de125.story,content,elaborate,2,2,"Add more detail, keeping every fact grounded in the source material.",55,54,1,0,0.9818181818181818,0.9818181818181818
./cnn/stories/abebde7e04ba6280371812bffd3f698a8f4de125.story,content,elaborate,2,3,"Add more detail, keeping every fact grounded in the source material.",68,60,8,0,0.8823529411764706,0.8823529411764706
./cnn/stories/abebde7e04ba6280371812bffd3f698a8f4de125.story,content,shorten,0,1,Make wording more concise.,31,31,0,0,1.0,1.0
./cnn/stories/abebde7e04ba6280371812bffd3f698a8f4de125.story,content,shorten,0,2,Make wording more concise.,27,27,0,0,1.0,1.0
./cnn/stories/abebde7e04ba6280371812bffd3f698a8f4de125.story,content,shorten,0,3,Make wording more concise.,25,22,3,0,0.88,0.88
./cnn/stories/abebde7e04ba6280371812bffd3f698a8f4de125.story,content,shorten,1,1,Rephrase for clarity and conciseness.,31,28,3,0,0.9032258064516129,0.9032258064516129
./cnn/stories/abebde7e04ba6280371812bffd3f698a8f4de125.story,content,shorten,1,2,Rephrase for clarity and conciseness.,21,20,1,0,0.9523809523809523,0.9523809523809523
./cnn/stories/abebde7e04ba6280371812bffd3f698a8f4de125.story,content,shorten,1,3,Rephrase for clarity and conciseness.,21,21,0,0,1.0,1.0
./cnn/stories/abebde7e04ba6280371812bffd3f698a8f4de125.story,content,shorten,2,1,"Improve accuracy, clarity, and conciseness of language.",29,28,1,0,0.9655172413793104,0.9655172413793104
./cnn/stories/abebde7e04ba6280371812bffd3f698a8f4de125.story,content,shorten,2,2,"Improve accuracy, clarity, and conciseness of language.",26,25,1,0,0.9615384615384616,0.9615384615384616
./cnn/stories/abebde7e04ba6280371812bffd3f698a8f4de125.story,content,shorten,2,3,"Improve accuracy, clarity, and conciseness of language.",27,26,1,0,0.9629629629629629,0.9629629629629629
./cnn/stories/abebde7e04ba6280371812bffd3f698a8f4de125.story,style,formality,0,1,Make the text more formal.,73,67,6,0,0.9178082191780822,0.9178082191780822
./cnn/stories/abebde7e04ba6280371812bffd3f698a8f4de125.story,style,formality,0,2,Make the text more formal.,61,54,7,0,0.8852459016393442,0.8852459016393442
./cnn/stories/abebde7e04ba6280371812bffd3f698a8f4de125.story,style,formality,0,3,Make the text more formal.,47,43,4,0,0.9148936170212766,0.9148936170212766
./cnn/stories/abebde7e04ba6280371812bffd3f698a8f4de125.story,style,formality,1,1,Rephrase it to be more formal.,112,101,11,0,0.9017857142857143,0.9017857142857143
./cnn/stories/abebde7e04ba6280371812bffd3f698a8f4de125.story,style,formality,1,2,Rephrase it to be more formal.,108,91,17,0,0.8425925925925926,0.8425925925925926
./cnn/stories/abebde7e04ba6280371812bffd3f698a8f4de125.story,style,formality,1,3,Rephrase it to be more formal.,89,73,16,0,0.8202247191011236,0.8202247191011236
./cnn/stories/abebde7e04ba6280371812bffd3f698a8f4de125.story,style,formality,2,1,"Too conversational, rephrase it to be more formal.",62,59,3,0,0.9516129032258065,0.9516129032258065
./cnn/stories/abebde7e04ba6280371812bffd3f698a8f4de125.story,style,formality,2,2,"Too conversational, rephrase it to be more formal.",67,60,7,0,0.8955223880597015,0.8955223880597015
./cnn/stories/abebde7e04ba6280371812bffd3f698a8f4de125.story,style,formality,2,3,"Too conversational, rephrase it to be more formal.",64,57,7,0,0.890625,0.890625
./cnn/stories/abebde7e04ba6280371812bffd3f698a8f4de125.story,style,paraphrase,0,1,Paraphrase this.,25,25,0,0,1.0,1.0
./cnn/stories/abebde7e04ba6280371812bffd3f698a8f4de125.story,style,paraphrase,0,2,Paraphrase this.,19,19,0,0,1.0,1.0
./cnn/stories/abebde7e04ba6280371812bffd3f698a8f4de125.story,style,paraphrase,0,3,Paraphrase this.,32,31,1,0,0.96875,0.96875
./cnn/stories/abebde7e04ba6280371812bffd3f698a8f4de125.story,style,paraphrase,1,1,Reword this text.,24,23,1,0,0.9583333333333334,0.9583333333333334
./cnn/stories/abebde7e04ba6280371812bffd3f698a8f4de125.story,style,paraphrase,1,2,Reword this text.,25,24,1,0,0.96,0.96
./cnn/stories/abebde7e04ba6280371812bffd3f698a8f4de125.story,style,paraphrase,1,3,Reword this text.,26,26,0,0,1.0,1.0
./cnn/stories/abebde7e04ba6280371812bffd3f698a8f4de125.story,style,paraphrase,2,1,Use different wording.,47,43,4,0,0.9148936170212766,0.9148936170212766
./cnn/stories/abebde7e04ba6280371812bffd3f698a8f4de125.story,style,paraphrase,2,2,Use different wording.,46,44,2,0,0.9565217391304348,0.9565217391304348
./cnn/stories/abebde7e04ba6280371812bffd3f698a8f4de125.story,style,paraphrase,2,3,Use different wording.,50,45,5,0,0.9,0.9
./cnn/stories/ade5e1bbb4c4f22a27be5cbee812488ae34673f0.story,content,elaborate,0,1,"Elaborate on the content, adding relevant details while staying faithful to the source text.",65,65,0,0,1.0,1.0
./cnn/stories/ade5e1bbb4c4f22a27be5cbee812488ae34673f0.story,content,elaborate,0,2,"Elaborate on the content, adding relevant details while staying faithful to the source text.",73,69,4,0,0.9452054794520548,0.9452054794520548
./cnn/stories/ade5e1bbb4c4f22a27be5cbee812488ae34673f0.story,content,elaborate,0,3,"Elaborate on the content, adding relevant details while staying faithful to the source text.",67,66,1,0,0.9850746268656716,0.9850746268656716
./cnn/stories/ade5e1bbb4c4f22a27be5cbee812488ae34673f0.story,content,elaborate,1,1,"Expand the text with more context, without introducing information that is not supported by the original.",69,69,0,0,1.0,1.0
./cnn/stories/ade5e1bbb4c4f22a27be5cbee812488ae34673f0.story,content,elaborate,1,2,"Expand the text with more context, without introducing information that is not supported by the original.",71,71,0,0,1.0,1.0
./cnn/stories/ade5e1bbb4c4f22a27be5cbee812488ae34673f0.story,content,elaborate,1,3,"Expand the text with more context, without introducing information that is not supported by the original.",66,65,1,0,0.9848484848484849,0.9848484848484849
./cnn/stories/ade5e1bbb4c4f22a27be5cbee812488ae34673f0.story,content,elaborate,2,1,"Add more detail, keeping every fact grounded in the source material.",102,101,1,0,0.9901960784313726,0.9901960784313726
./cnn/stories/ade5e1bbb4c4f22a27be5cbee812488ae34673f0.story,content,elaborate,2,2,"Add more detail, keeping every fact grounded in the source material.",98,96,2,0,0.9795918367346939,0.9795918367346939
./cnn/stories/ade5e1bbb4c4f22a27be5cbee812488ae34673f0.story,content,elaborate,2,3,"Add more detail, keeping every fact grounded in the source material.",92,91,1,0,0.9891304347826086,0.9891304347826086
./cnn/stories/ade5e1bbb4c4f22a27be5cbee812488ae34673f0.story,content,shorten,0,1,Make wording more concise.,53,52,1,0,0.9811320754716981,0.9811320754716981
./cnn/stories/ade5e1bbb4c4f22a27be5cbee812488ae34673f0.story,content,shorten,0,2,Make wording more concise.,27,26,1,0,0.9629629629629629,0.9629629629629629
./cnn/stories/ade5e1bbb4c4f22a27be5cbee812488ae34673f0.story,content,shorten,0,3,Make wording more concise.,26,24,2,0,0.9230769230769231,0.9230769230769231
./cnn/stories/ade5e1bbb4c4f22a27be5cbee812488ae34673f0.story,content,shorten,1,1,Rephrase for clarity and conciseness.,43,43,0,0,1.0,1.0
./cnn/stories/ade5e1bbb4c4f22a27be5cbee812488ae34673f0.story,content,shorten,1,2,Rephrase for clarity and conciseness.,33,33,0,0,1.0,1.0
./cnn/stories/ade5e1bbb4c4f22a27be5cbee812488ae34673f0.story,content,shorten,1,3,Rephrase for clarity and conciseness.,36,36,0,0,1.0,1.0
./cnn/stories/ade5e1bbb4c4f22a27be5cbee812488ae34673f0.story,content,shorten,2,1,"Improve accuracy, clarity, and conciseness of language.",40,37,3,0,0.925,0.925
./cnn/stories/ade5e1bbb4c4f22a27be5cbee812488ae34673f0.story,content,shorten,2,2,"Improve accuracy, clarity, and conciseness of language.",42,41,1,0,0.9761904761904762,0.9761904761904762
./cnn/stories/ade5e1bbb4c4f22a27be5cbee812488ae34673f0.story,content,shorten,2,3,"Improve accuracy, clarity, and conciseness of language.",34,34,0,0,1.0,1.0
./cnn/stories/ade5e1bbb4c4f22a27be5cbee812488ae34673f0.story,style,formality,0,1,Make the text more formal.,66,65,1,0,0.9848484848484849,0.9848484848484849
./cnn/stories/ade5e1bbb4c4f22a27be5cbee812488ae34673f0.story,style,formality,0,2,Make the text more formal.,76,73,3,0,0.9605263157894737,0.9605263157894737
./cnn/stories/ade5e1bbb4c4f22a27be5cbee812488ae34673f0.story,style,formality,0,3,Make the text more formal.,74,72,2,0,0.972972972972973,0.972972972972973
./cnn/stories/ade5e1bbb4c4f22a27be5cbee812488ae34673f0.story,style,formality,1,1,Rephrase it to be more formal.,80,79,1,0,0.9875,0.9875
./cnn/stories/ade5e1bbb4c4f22a27be5cbee812488ae34673f0.story,style,formality,1,2,Rephrase it to be more formal.,82,79,3,0,0.9634146341463414,0.9634146341463414
./cnn/stories/ade5e1bbb4c4f22a27be5cbee812488ae34673f0.story,style,formality,1,3,Rephrase it to be more formal.,75,71,4,0,0.9466666666666667,0.9466666666666667
./cnn/stories/ade5e1bbb4c4f22a27be5cbee812488ae34673f0.story,style,formality,2,1,"Too conversational, rephrase it to be more formal.",67,66,1,0,0.9850746268656716,0.9850746268656716
./cnn/stories/ade5e1bbb4c4f22a27be5cbee812488ae34673f0.story,style,formality,2,2,"Too conversational, rephrase it to be more formal.",65,63,2,0,0.9692307692307692,0.9692307692307692
./cnn/stories/ade5e1bbb4c4f22a27be5cbee812488ae34673f0.story,style,formality,2,3,"Too conversational, rephrase it to be more formal.",66,64,2,0,0.9696969696969697,0.9696969696969697
./cnn/stories/ade5e1bbb4c4f22a27be5cbee812488ae34673f0.story,style,paraphrase,0,1,Paraphrase this.,46,44,2,0,0.9565217391304348,0.9565217391304348
./cnn/stories/ade5e1bbb4c4f22a27be5cbee812488ae34673f0.story,style,paraphrase,0,2,Paraphrase this.,39,37,2,0,0.9487179487179487,0.9487179487179487
./cnn/stories/ade5e1bbb4c4f22a27be5cbee812488ae34673f0.story,style,paraphrase,0,3,Paraphrase this.,41,40,1,0,0.975609756097561,0.975609756097561
./cnn/stories/ade5e1bbb4c4f22a27be5cbee812488ae34673f0.story,style,paraphrase,1,1,Reword this text.,46,45,1,0,0.9782608695652174,0.9782608695652174
./cnn/stories/ade5e1bbb4c4f22a27be5cbee812488ae34673f0.story,style,paraphrase,1,2,Reword this text.,39,38,1,0,0.9743589743589743,0.9743589743589743
./cnn/stories/ade5e1bbb4c4f22a27be5cbee812488ae34673f0.story,style,paraphrase,1,3,Reword this text.,41,40,1,0,0.975609756097561,0.975609756097561
./cnn/stories/ade5e1bbb4c4f22a27be5cbee812488ae34673f0.story,style,paraphrase,2,1,Use different wording.,60,57,3,0,0.95,0.95
./cnn/stories/ade5e1bbb4c4f22a27be5cbee812488ae34673f0.story,style,paraphrase,2,2,Use different wording.,61,60,1,0,0.9836065573770492,0.9836065573770492
./cnn/stories/ade5e1bbb4c4f22a27be5cbee812488ae34673f0.story,style,paraphrase,2,3,Use different wording.,58,57,1,0,0.9827586206896551,0.9827586206896551
./cnn/stories/af7116521155625b7b27a02b1b68d622fd3f6690.story,content,elaborate,0,1,"Elaborate on the content, adding relevant details while staying faithful to the source text.",62,62,0,0,1.0,1.0
./cnn/stories/af7116521155625b7b27a02b1b68d622fd3f6690.story,content,elaborate,0,2,"Elaborate on the content, adding relevant details while staying faithful to the source text.",62,58,4,0,0.9354838709677419,0.9354838709677419
./cnn/stories/af7116521155625b7b27a02b1b68d622fd3f6690.story,content,elaborate,0,3,"Elaborate on the content, adding relevant details while staying faithful to the source text.",69,68,1,0,0.9855072463768116,0.9855072463768116
./cnn/stories/af7116521155625b7b27a02b1b68d622fd3f6690.story,content,elaborate,1,1,"Expand the text with more context, without introducing information that is not supported by the original.",56,54,2,0,0.9642857142857143,0.9642857142857143
./cnn/stories/af7116521155625b7b27a02b1b68d622fd3f6690.story,content,elaborate,1,2,"Expand the text with more context, without introducing information that is not supported by the original.",65,63,2,0,0.9692307692307692,0.9692307692307692
./cnn/stories/af7116521155625b7b27a02b1b68d622fd3f6690.story,content,elaborate,1,3,"Expand the text with more context, without introducing information that is not supported by the original.",61,59,2,0,0.9672131147540983,0.9672131147540983
./cnn/stories/af7116521155625b7b27a02b1b68d622fd3f6690.story,content,elaborate,2,1,"Add more detail, keeping every fact grounded in the source material.",102,100,2,0,0.9803921568627451,0.9803921568627451
./cnn/stories/af7116521155625b7b27a02b1b68d622fd3f6690.story,content,elaborate,2,2,"Add more detail, keeping every fact grounded in the source material.",104,99,5,0,0.9519230769230769,0.9519230769230769
./cnn/stories/af7116521155625b7b27a02b1b68d622fd3f6690.story,content,elaborate,2,3,"Add more detail, keeping every fact grounded in the source material.",95,93,2,0,0.9789473684210527,0.9789473684210527
./cnn/stories/af7116521155625b7b27a02b1b68d622fd3f6690.story,content,shorten,0,1,Make wording more concise.,29,29,0,0,1.0,1.0
./cnn/stories/af7116521155625b7b27a02b1b68d622fd3f6690.story,content,shorten,0,2,Make wording more concise.,27,27,0,0,1.0,1.0
./cnn/stories/af7116521155625b7b27a02b1b68d622fd3f6690.story,content,shorten,0,3,Make wording more concise.,10,10,0,0,1.0,1.0
./cnn/stories/af7116521155625b7b27a02b1b68d622fd3f6690.story,content,shorten,1,1,Rephrase for clarity and conciseness.,24,24,0,0,1.0,1.0
./cnn/stories/af7116521155625b7b27a02b1b68d622fd3f6690.story,content,shorten,1,2,Rephrase for clarity and conciseness.,19,18,1,0,0.9473684210526315,0.9473684210526315
./cnn/stories/af7116521155625b7b27a02b1b68d622fd3f6690.story,content,shorten,1,3,Rephrase for clarity and conciseness.,17,17,0,0,1.0,1.0
./cnn/stories/af7116521155625b7b27a02b1b68d622fd3f6690.story,content,shorten,2,1,"Improve accuracy, clarity, and conciseness of language.",29,29,0,0,1.0,1.0
./cnn/stories/af7116521155625b7b27a02b1b68d622fd3f6690.story,content,shorten,2,2,"Improve accuracy, clarity, and conciseness of language.",27,27,0,0,1.0,1.0
./cnn/stories/af7116521155625b7b27a02b1b68d622fd3f6690.story,content,shorten,2,3,"Improve accuracy, clarity, and conciseness of language.",35,33,2,0,0.9428571428571428,0.9428571428571428
./cnn/stories/af7116521155625b7b27a02b1b68d622fd3f6690.story,style,formality,0,1,Make the text more formal.,105,102,3,0,0.9714285714285714,0.9714285714285714
./cnn/stories/af7116521155625b7b27a02b1b68d622fd3f6690.story,style,formality,0,2,Make the text more formal.,91,86,5,0,0.945054945054945,0.945054945054945
./cnn/stories/af7116521155625b7b27a02b1b68d622fd3f6690.story,style,formality,0,3,Make the text more formal.,70,63,7,0,0.9,0.9
./cnn/stories/af7116521155625b7b27a02b1b68d622fd3f6690.story,style,formality,1,1,Rephrase it to be more formal.,75,73,2,0,0.9733333333333334,0.9733333333333334
./cnn/stories/af7116521155625b7b27a02b1b68d622fd3f6690.story,style,formality,1,2,Rephrase it to be more formal.,68,65,3,0,0.9558823529411765,0.9558823529411765
./cnn/stories/af7116521155625b7b27a02b1b68d622fd3f6690.story,style,formality,1,3,Rephrase it to be more formal.,63,61,2,0,0.9682539682539683,0.9682539682539683
./cnn/stories/af7116521155625b7b27a02b1b68d622fd3f6690.story,style,formality,2,1,"Too conversational, rephrase it to be more formal.",76,75,1,0,0.9868421052631579,0.9868421052631579
./cnn/stories/af7116521155625b7b27a02b1b68d622fd3f6690.story,style,formality,2,2,"Too conversational, rephrase it to be more formal.",83,82,1,0,0.9879518072289156,0.9879518072289156
./cnn/stories/af7116521155625b7b27a02b1b68d622fd3f6690.story,style,formality,2,3,"Too conversational, rephrase it to be more formal.",66,65,1,0,0.9848484848484849,0.9848484848484849
./cnn/stories/af7116521155625b7b27a02b1b68d622fd3f6690.story,style,paraphrase,0,1,Paraphrase this.,38,38,0,0,1.0,1.0
./cnn/stories/af7116521155625b7b27a02b1b68d622fd3f6690.story,style,paraphrase,0,2,Paraphrase this.,38,38,0,0,1.0,1.0
./cnn/stories/af7116521155625b7b27a02b1b68d622fd3f6690.story,style,paraphrase,0,3,Paraphrase this.,37,36,1,0,0.972972972972973,0.972972972972973
./cnn/stories/af7116521155625b7b27a02b1b68d622fd3f6690.story,style,paraphrase,1,1,Reword this text.,88,88,0,0,1.0,1.0
./cnn/stories/af7116521155625b7b27a02b1b68d622fd3f6690.story,style,paraphrase,1,2,Reword this text.,49,49,0,0,1.0,1.0
./cnn/stories/af7116521155625b7b27a02b1b68d622fd3f6690.story,style,paraphrase,1,3,Reword this text.,37,36,1,0,0.972972972972973,0.972972972972973
./cnn/stories/af7116521155625b7b27a02b1b68d622fd3f6690.story,style,paraphrase,2,1,Use different wording.,52,50,2,0,0.9615384615384616,0.9615384615384616
./cnn/stories/af7116521155625b7b27a02b1b68d622fd3f6690.story,style,paraphrase,2,2,Use different wording.,56,56,0,0,1.0,1.0
./cnn/stories/af7116521155625b7b27a02b1b68d622fd3f6690.story,style,paraphrase,2,3,Use different wording.,49,47,2,0,0.9591836734693877,0.9591836734693877
./cnn/stories/b0036f56a07b266a1759bf500f52376eb606f696.story,content,elaborate,0,1,"Elaborate on the content, adding relevant details while staying faithful to the source text.",55,55,0,0,1.0,1.0
./cnn/stories/b0036f56a07b266a1759bf500f52376eb606f696.story,content,elaborate,0,2,"Elaborate on the content, adding relevant details while staying faithful to the source text.",57,57,0,0,1.0,1.0
./cnn/stories/b0036f56a07b266a1759bf500f52376eb606f696.story,content,elaborate,0,3,"Elaborate on the content, adding relevant details while staying faithful to the source text.",60,57,3,0,0.95,0.95
./cnn/stories/b0036f56a07b266a1759bf500f52376eb606f696.story,content,elaborate,1,1,"Expand the text with more context, without introducing information that is not supported by the original.",52,52,0,0,1.0,1.0
./cnn/stories/b0036f56a07b266a1759bf500f52376eb606f696.story,content,elaborate,1,2,"Expand the text with more context, without introducing information that is not supported by the original.",50,48,2,0,0.96,0.96
./cnn/stories/b0036f56a07b266a1759bf500f52376eb606f696.story,content,elaborate,1,3,"Expand the text with more context, without introducing information that is not supported by the original.",38,38,0,0,1.0,1.0
./cnn/stories/b0036f56a07b266a1759bf500f52376eb606f696.story,content,elaborate,2,1,"Add more detail, keeping every fact grounded in the source material.",63,61,2,0,0.9682539682539683,0.9682539682539683
./cnn/stories/b0036f56a07b266a1759bf500f52376eb606f696.story,content,elaborate,2,2,"Add more detail, keeping every fact grounded in the source material.",62,61,1,0,0.9838709677419355,0.9838709677419355
./cnn/stories/b0036f56a07b266a1759bf500f52376eb606f696.story,content,elaborate,2,3,"Add more detail, keeping every fact grounded in the source material.",66,66,0,0,1.0,1.0
./cnn/stories/b0036f56a07b266a1759bf500f52376eb606f696.story,content,shorten,0,1,Make wording more concise.,29,29,0,0,1.0,1.0
./cnn/stories/b0036f56a07b266a1759bf500f52376eb606f696.story,content,shorten,0,2,Make wording more concise.,30,30,0,0,1.0,1.0
./cnn/stories/b0036f56a07b266a1759bf500f52376eb606f696.story,content,shorten,0,3,Make wording more concise.,25,25,0,0,1.0,1.0
./cnn/stories/b0036f56a07b266a1759bf500f52376eb606f696.story,content,shorten,1,1,Rephrase for clarity and conciseness.,29,29,0,0,1.0,1.0
./cnn/stories/b0036f56a07b266a1759bf500f52376eb606f696.story,content,shorten,1,2,Rephrase for clarity and conciseness.,21,21,0,0,1.0,1.0
./cnn/stories/b0036f56a07b266a1759bf500f52376eb606f696.story,content,shorten,1,3,Rephrase for clarity and conciseness.,24,24,0,0,1.0,1.0
./cnn/stories/b0036f56a07b266a1759bf500f52376eb606f696.story,content,shorten,2,1,"Improve accuracy, clarity, and conciseness of language.",39,39,0,0,1.0,1.0
./cnn/stories/b0036f56a07b266a1759bf500f52376eb606f696.story,content,shorten,2,2,"Improve accuracy, clarity, and conciseness of language.",32,32,0,0,1.0,1.0
./cnn/stories/b0036f56a07b266a1759bf500f52376eb606f696.story,content,shorten,2,3,"Improve accuracy, clarity, and conciseness of language.",28,28,0,0,1.0,1.0
./cnn/stories/b0036f56a07b266a1759bf500f52376eb606f696.story,style,formality,0,1,Make the text more formal.,50,50,0,0,1.0,1.0
./cnn/stories/b0036f56a07b266a1759bf500f52376eb606f696.story,style,formality,0,2,Make the text more formal.,50,50,0,0,1.0,1.0
./cnn/stories/b0036f56a07b266a1759bf500f52376eb606f696.story,style,formality,0,3,Make the text more formal.,56,56,0,0,1.0,1.0
./cnn/stories/b0036f56a07b266a1759bf500f52376eb606f696.story,style,formality,1,1,Rephrase it to be more formal.,46,46,0,0,1.0,1.0
./cnn/stories/b0036f56a07b266a1759bf500f52376eb606f696.story,style,formality,1,2,Rephrase it to be more formal.,54,54,0,0,1.0,1.0
./cnn/stories/b0036f56a07b266a1759bf500f52376eb606f696.story,style,formality,1,3,Rephrase it to be more formal.,48,48,0,0,1.0,1.0
./cnn/stories/b0036f56a07b266a1759bf500f52376eb606f696.story,style,formality,2,1,"Too conversational, rephrase it to be more formal.",38,38,0,0,1.0,1.0
./cnn/stories/b0036f56a07b266a1759bf500f52376eb606f696.story,style,formality,2,2,"Too conversational, rephrase it to be more formal.",41,39,2,0,0.9512195121951219,0.9512195121951219
./cnn/stories/b0036f56a07b266a1759bf500f52376eb606f696.story,style,formality,2,3,"Too conversational, rephrase it to be more formal.",41,41,0,0,1.0,1.0
./cnn/stories/b0036f56a07b266a1759bf500f52376eb606f696.story,style,paraphrase,0,1,Paraphrase this.,36,36,0,0,1.0,1.0
./cnn/stories/b0036f56a07b266a1759bf500f52376eb606f696.story,style,paraphrase,0,2,Paraphrase this.,30,29,1,0,0.9666666666666667,0.9666666666666667
./cnn/stories/b0036f56a07b266a1759bf500f52376eb606f696.story,style,paraphrase,0,3,Paraphrase this.,32,31,1,0,0.96875,0.96875
./cnn/stories/b0036f56a07b266a1759bf500f52376eb606f696.story,style,paraphrase,1,1,Reword this text.,52,46,6,0,0.8846153846153846,0.8846153846153846
./cnn/stories/b0036f56a07b266a1759bf500f52376eb606f696.story,style,paraphrase,1,2,Reword this text.,45,45,0,0,1.0,1.0
./cnn/stories/b0036f56a07b266a1759bf500f52376eb606f696.story,style,paraphrase,1,3,Reword this text.,43,42,1,0,0.9767441860465116,0.9767441860465116
./cnn/stories/b0036f56a07b266a1759bf500f52376eb606f696.story,style,paraphrase,2,1,Use different wording.,47,47,0,0,1.0,1.0
./cnn/stories/b0036f56a07b266a1759bf500f52376eb606f696.story,style,paraphrase,2,2,Use different wording.,37,36,1,0,0.972972972972973,0.972972972972973
./cnn/stories/b0036f56a07b266a1759bf500f52376eb606f696.story,style,paraphrase,2,3,Use different wording.,38,36,2,0,0.9473684210526315,0.9473684210526315
./cnn/stories/b311d3d123093547a9aefcd48485e07d2d494bec.story,content,elaborate,0,1,"Elaborate on the content, adding relevant details while staying faithful to the source text.",90,87,3,0,0.9666666666666667,0.9666666666666667
./cnn/stories/b311d3d123093547a9aefcd48485e07d2d494bec.story,content,elaborate,0,2,"Elaborate on the content, adding relevant details while staying faithful to the source text.",90,82,8,0,0.9111111111111111,0.9111111111111111
./cnn/stories/b311d3d123093547a9aefcd48485e07d2d494bec.story,content,elaborate,0,3,"Elaborate on the content, adding relevant details while staying faithful to the source text.",82,71,11,0,0.8658536585365854,0.8658536585365854
./cnn/stories/b311d3d123093547a9aefcd48485e07d2d494bec.story,content,elaborate,1,1,"Expand the text with more context, without introducing information that is not supported by the original.",60,56,4,0,0.9333333333333333,0.9333333333333333
./cnn/stories/b311d3d123093547a9aefcd48485e07d2d494bec.story,content,elaborate,1,2,"Expand the text with more context, without introducing information that is not supported by the original.",60,58,2,0,0.9666666666666667,0.9666666666666667
./cnn/stories/b311d3d123093547a9aefcd48485e07d2d494bec.story,content,elaborate,1,3,"Expand the text with more context, without introducing information that is not supported by the original.",63,60,3,0,0.9523809523809523,0.9523809523809523
./cnn/stories/b311d3d123093547a9aefcd48485e07d2d494bec.story,content,elaborate,2,1,"Add more detail, keeping every fact grounded in the source material.",87,82,5,0,0.9425287356321839,0.9425287356321839
./cnn/stories/b311d3d123093547a9aefcd48485e07d2d494bec.story,content,elaborate,2,2,"Add more detail, keeping every fact grounded in the source material.",108,101,7,0,0.9351851851851852,0.9351851851851852
./cnn/stories/b311d3d123093547a9aefcd48485e07d2d494bec.story,content,elaborate,2,3,"Add more detail, keeping every fact grounded in the source material.",87,79,8,0,0.9080459770114943,0.9080459770114943
./cnn/stories/b311d3d123093547a9aefcd48485e07d2d494bec.story,content,shorten,0,1,Make wording more concise.,31,31,0,0,1.0,1.0
./cnn/stories/b311d3d123093547a9aefcd48485e07d2d494bec.story,content,shorten,0,2,Make wording more concise.,32,29,3,0,0.90625,0.90625
./cnn/stories/b311d3d123093547a9aefcd48485e07d2d494bec.story,content,shorten,0,3,Make wording more concise.,28,25,3,0,0.8928571428571429,0.8928571428571429
./cnn/stories/b311d3d123093547a9aefcd48485e07d2d494bec.story,content,shorten,1,1,Rephrase for clarity and conciseness.,42,38,4,0,0.9047619047619048,0.9047619047619048
./cnn/stories/b311d3d123093547a9aefcd48485e07d2d494bec.story,content,shorten,1,2,Rephrase for clarity and conciseness.,45,42,3,0,0.9333333333333333,0.9333333333333333
./cnn/stories/b311d3d123093547a9aefcd48485e07d2d494bec.story,content,shorten,1,3,Rephrase for clarity and conciseness.,32,31,1,0,0.96875,0.96875
./cnn/stories/b311d3d123093547a9aefcd48485e07d2d494bec.story,content,shorten,2,1,"Improve accuracy, clarity, and conciseness of language.",36,35,1,0,0.9722222222222222,0.9722222222222222
./cnn/stories/b311d3d123093547a9aefcd48485e07d2d494bec.story,content,shorten,2,2,"Improve accuracy, clarity, and conciseness of language.",37,35,2,0,0.9459459459459459,0.9459459459459459
./cnn/stories/b311d3d123093547a9aefcd48485e07d2d494bec.story,content,shorten,2,3,"Improve accuracy, clarity, and conciseness of language.",31,30,1,0,0.967741935483871,0.967741935483871
./cnn/stories/b311d3d123093547a9aefcd48485e07d2d494bec.story,style,formality,0,1,Make the text more formal.,75,71,4,0,0.9466666666666667,0.9466666666666667
./cnn/stories/b311d3d123093547a9aefcd48485e07d2d494bec.story,style,formality,0,2,Make the text more formal.,68,63,5,0,0.9264705882352942,0.9264705882352942
./cnn/stories/b311d3d123093547a9aefcd48485e07d2d494bec.story,style,formality,0,3,Make the text more formal.,59,56,3,0,0.9491525423728814,0.9491525423728814
./cnn/stories/b311d3d123093547a9aefcd48485e07d2d494bec.story,style,formality,1,1,Rephrase it to be more formal.,68,64,4,0,0.9411764705882353,0.9411764705882353
./cnn/stories/b311d3d123093547a9aefcd48485e07d2d494bec.story,style,formality,1,2,Rephrase it to be more formal.,76,70,6,0,0.9210526315789473,0.9210526315789473
./cnn/stories/b311d3d123093547a9aefcd48485e07d2d494bec.story,style,formality,1,3,Rephrase it to be more formal.,63,62,1,0,0.9841269841269841,0.9841269841269841
./cnn/stories/b311d3d123093547a9aefcd48485e07d2d494bec.story,style,formality,2,1,"Too conversational, rephrase it to be more formal.",55,51,4,0,0.9272727272727272,0.9272727272727272
./cnn/stories/b311d3d123093547a9aefcd48485e07d2d494bec.story,style,formality,2,2,"Too conversational, rephrase it to be more formal.",54,52,2,0,0.9629629629629629,0.9629629629629629
./cnn/stories/b311d3d123093547a9aefcd48485e07d2d494bec.story,style,formality,2,3,"Too conversational, rephrase it to be more formal.",51,50,1,0,0.9803921568627451,0.9803921568627451
./cnn/stories/b311d3d123093547a9aefcd48485e07d2d494bec.story,style,paraphrase,0,1,Paraphrase this.,43,40,3,0,0.9302325581395349,0.9302325581395349
./cnn/stories/b311d3d123093547a9aefcd48485e07d2d494bec.story,style,paraphrase,0,2,Paraphrase this.,47,46,1,0,0.9787234042553191,0.9787234042553191
./cnn/stories/b311d3d123093547a9aefcd48485e07d2d494bec.story,style,paraphrase,0,3,Paraphrase this.,60,43,17,0,0.7166666666666667,0.7166666666666667
./cnn/stories/b311d3d123093547a9aefcd48485e07d2d494bec.story,style,paraphrase,1,1,Reword this text.,59,56,3,0,0.9491525423728814,0.9491525423728814
./cnn/stories/b311d3d123093547a9aefcd48485e07d2d494bec.story,style,paraphrase,1,2,Reword this text.,52,50,2,0,0.9615384615384616,0.9615384615384616
./cnn/stories/b311d3d123093547a9aefcd48485e07d2d494bec.story,style,paraphrase,1,3,Reword this text.,28,28,0,0,1.0,1.0
./cnn/stories/b311d3d123093547a9aefcd48485e07d2d494bec.story,style,paraphrase,2,1,Use different wording.,58,57,1,0,0.9827586206896551,0.9827586206896551
./cnn/stories/b311d3d123093547a9aefcd48485e07d2d494bec.story,style,paraphrase,2,2,Use different wording.,60,56,4,0,0.9333333333333333,0.9333333333333333
./cnn/stories/b311d3d123093547a9aefcd48485e07d2d494bec.story,style,paraphrase,2,3,Use different wording.,59,54,5,0,0.9152542372881356,0.9152542372881356
./cnn/stories/bc8f85297fa51310468d8f3990e0f4bb07176ce8.story,content,elaborate,0,1,"Elaborate on the content, adding relevant details while staying faithful to the source text.",50,49,1,0,0.98,0.98
./cnn/stories/bc8f85297fa51310468d8f3990e0f4bb07176ce8.story,content,elaborate,0,2,"Elaborate on the content, adding relevant details while staying faithful to the source text.",63,59,4,0,0.9365079365079365,0.9365079365079365
./cnn/stories/bc8f85297fa51310468d8f3990e0f4bb07176ce8.story,content,elaborate,0,3,"Elaborate on the content, adding relevant details while staying faithful to the source text.",77,75,2,0,0.974025974025974,0.974025974025974
./cnn/stories/bc8f85297fa51310468d8f3990e0f4bb07176ce8.story,content,elaborate,1,1,"Expand the text with more context, without introducing information that is not supported by the original.",50,49,1,0,0.98,0.98
./cnn/stories/bc8f85297fa51310468d8f3990e0f4bb07176ce8.story,content,elaborate,1,2,"Expand the text with more context, without introducing information that is not supported by the original.",60,58,2,0,0.9666666666666667,0.9666666666666667
./cnn/stories/bc8f85297fa51310468d8f3990e0f4bb07176ce8.story,content,elaborate,1,3,"Expand the text with more context, without introducing information that is not supported by the original.",54,51,3,0,0.9444444444444444,0.9444444444444444
./cnn/stories/bc8f85297fa51310468d8f3990e0f4bb07176ce8.story,content,elaborate,2,1,"Add more detail, keeping every fact grounded in the source material.",51,51,0,0,1.0,1.0
./cnn/stories/bc8f85297fa51310468d8f3990e0f4bb07176ce8.story,content,elaborate,2,2,"Add more detail, keeping every fact grounded in the source material.",55,51,4,0,0.9272727272727272,0.9272727272727272
./cnn/stories/bc8f85297fa51310468d8f3990e0f4bb07176ce8.story,content,elaborate,2,3,"Add more detail, keeping every fact grounded in the source material.",59,56,3,0,0.9491525423728814,0.9491525423728814
./cnn/stories/bc8f85297fa51310468d8f3990e0f4bb07176ce8.story,content,shorten,0,1,Make wording more concise.,20,18,2,0,0.9,0.9
./cnn/stories/bc8f85297fa51310468d8f3990e0f4bb07176ce8.story,content,shorten,0,2,Make wording more concise.,14,13,1,0,0.9285714285714286,0.9285714285714286
./cnn/stories/bc8f85297fa51310468d8f3990e0f4bb07176ce8.story,content,shorten,0,3,Make wording more concise.,18,16,2,0,0.8888888888888888,0.8888888888888888
./cnn/stories/bc8f85297fa51310468d8f3990e0f4bb07176ce8.story,content,shorten,1,1,Rephrase for clarity and conciseness.,37,36,1,0,0.972972972972973,0.972972972972973
./cnn/stories/bc8f85297fa51310468d8f3990e0f4bb07176ce8.story,content,shorten,1,2,Rephrase for clarity and conciseness.,28,28,0,0,1.0,1.0
./cnn/stories/bc8f85297fa51310468d8f3990e0f4bb07176ce8.story,content,shorten,1,3,Rephrase for clarity and conciseness.,28,27,1,0,0.9642857142857143,0.9642857142857143
./cnn/stories/bc8f85297fa51310468d8f3990e0f4bb07176ce8.story,content,shorten,2,1,"Improve accuracy, clarity, and conciseness of language.",27,26,1,0,0.9629629629629629,0.9629629629629629
./cnn/stories/bc8f85297fa51310468d8f3990e0f4bb07176ce8.story,content,shorten,2,2,"Improve accuracy, clarity, and conciseness of language.",33,30,3,0,0.9090909090909091,0.9090909090909091
./cnn/stories/bc8f85297fa51310468d8f3990e0f4bb07176ce8.story,content,shorten,2,3,"Improve accuracy, clarity, and conciseness of language.",25,24,1,0,0.96,0.96
./cnn/stories/bc8f85297fa51310468d8f3990e0f4bb07176ce8.story,style,formality,0,1,Make the text more formal.,72,64,8,0,0.8888888888888888,0.8888888888888888
./cnn/stories/bc8f85297fa51310468d8f3990e0f4bb07176ce8.story,style,formality,0,2,Make the text more formal.,72,63,9,0,0.875,0.875
./cnn/stories/bc8f85297fa51310468d8f3990e0f4bb07176ce8.story,style,formality,0,3,Make the text more formal.,77,67,10,0,0.8701298701298701,0.8701298701298701
./cnn/stories/bc8f85297fa51310468d8f3990e0f4bb07176ce8.story,style,formality,1,1,Rephrase it to be more formal.,62,57,5,0,0.9193548387096774,0.9193548387096774
./cnn/stories/bc8f85297fa51310468d8f3990e0f4bb07176ce8.story,style,formality,1,2,Rephrase it to be more formal.,65,60,5,0,0.9230769230769231,0.9230769230769231
./cnn/stories/bc8f85297fa51310468d8f3990e0f4bb07176ce8.story,style,formality,1,3,Rephrase it to be more formal.,59,55,4,0,0.9322033898305084,0.9322033898305084
./cnn/stories/bc8f85297fa51310468d8f3990e0f4bb07176ce8.story,style,formality,2,1,"Too conversational, rephrase it to be more formal.",37,37,0,0,1.0,1.0
./cnn/stories/bc8f85297fa51310468d8f3990e0f4bb07176ce8.story,style,formality,2,2,"Too conversational, rephrase it to be more formal.",41,38,3,0,0.926829268292683,0.926829268292683
./cnn/stories/bc8f85297fa51310468d8f3990e0f4bb07176ce8.story,style,formality,2,3,"Too conversational, rephrase it to be more formal.",41,40,1,0,0.975609756097561,0.975609756097561
./cnn/stories/bc8f85297fa51310468d8f3990e0f4bb07176ce8.story,style,paraphrase,0,1,Paraphrase this.,36,33,3,0,0.9166666666666666,0.9166666666666666
./cnn/stories/bc8f85297fa51310468d8f3990e0f4bb07176ce8.story,style,paraphrase,0,2,Paraphrase this.,37,36,1,0,0.972972972972973,0.972972972972973
./cnn/stories/bc8f85297fa51310468d8f3990e0f4bb07176ce8.story,style,paraphrase,0,3,Paraphrase this.,35,33,2,0,0.9428571428571428,0.9428571428571428
./cnn/stories/bc8f85297fa51310468d8f3990e0f4bb07176ce8.story,style,paraphrase,1,1,Reword this text.,45,44,1,0,0.9777777777777777,0.9777777777777777
./cnn/stories/bc8f85297fa51310468d8f3990e0f4bb07176ce8.story,style,paraphrase,1,2,Reword this text.,42,42,0,0,1.0,1.0
./cnn/stories/bc8f85297fa51310468d8f3990e0f4bb07176ce8.story,style,paraphrase,1,3,Reword this text.,35,33,2,0,0.9428571428571428,0.9428571428571428
./cnn/stories/bc8f85297fa51310468d8f3990e0f4bb07176ce8.story,style,paraphrase,2,1,Use different wording.,58,55,3,0,0.9482758620689655,0.9482758620689655
./cnn/stories/bc8f85297fa51310468d8f3990e0f4bb07176ce8.story,style,paraphrase,2,2,Use different wording.,56,49,7,0,0.875,0.875
./cnn/stories/bc8f85297fa51310468d8f3990e0f4bb07176ce8.story,style,paraphrase,2,3,Use different wording.,51,48,3,0,0.9411764705882353,0.9411764705882353
./cnn/stories/bebd46ad5d9b194bf2462b3903c94c0600d946c8.story,content,elaborate,0,1,"Elaborate on the content, adding relevant details while staying faithful to the source text.",57,57,0,0,1.0,1.0
./cnn/stories/bebd46ad5d9b194bf2462b3903c94c0600d946c8.story,content,elaborate,0,2,"Elaborate on the content, adding relevant details while staying faithful to the source text.",74,72,2,0,0.972972972972973,0.972972972972973
./cnn/stories/bebd46ad5d9b194bf2462b3903c94c0600d946c8.story,content,elaborate,0,3,"Elaborate on the content, adding relevant details while staying faithful to the source text.",66,64,2,0,0.9696969696969697,0.9696969696969697
./cnn/stories/bebd46ad5d9b194bf2462b3903c94c0600d946c8.story,content,elaborate,1,1,"Expand the text with more context, without introducing information that is not supported by the original.",54,54,0,0,1.0,1.0
./cnn/stories/bebd46ad5d9b194bf2462b3903c94c0600d946c8.story,content,elaborate,1,2,"Expand the text with more context, without introducing information that is not supported by the original.",63,61,2,0,0.9682539682539683,0.9682539682539683
./cnn/stories/bebd46ad5d9b194bf2462b3903c94c0600d946c8.story,content,elaborate,1,3,"Expand the text with more context, without introducing information that is not supported by the original.",73,73,0,0,1.0,1.0
./cnn/stories/bebd46ad5d9b194bf2462b3903c94c0600d946c8.story,content,elaborate,2,1,"Add more detail, keeping every fact grounded in the source material.",57,56,1,0,0.9824561403508771,0.9824561403508771
./cnn/stories/bebd46ad5d9b194bf2462b3903c94c0600d946c8.story,content,elaborate,2,2,"Add more detail, keeping every fact grounded in the source material.",57,55,2,0,0.9649122807017544,0.9649122807017544
./cnn/stories/bebd46ad5d9b194bf2462b3903c94c0600d946c8.story,content,elaborate,2,3,"Add more detail, keeping every fact grounded in the source material.",64,61,3,0,0.953125,0.953125
./cnn/stories/bebd46ad5d9b194bf2462b3903c94c0600d946c8.story,content,shorten,0,1,Make wording more concise.,29,29,0,0,1.0,1.0
./cnn/stories/bebd46ad5d9b194bf2462b3903c94c0600d946c8.story,content,shorten,0,2,Make wording more concise.,24,24,0,0,1.0,1.0
./cnn/stories/bebd46ad5d9b194bf2462b3903c94c0600d946c8.story,content,shorten,0,3,Make wording more concise.,26,26,0,0,1.0,1.0
./cnn/stories/bebd46ad5d9b194bf2462b3903c94c0600d946c8.story,content,shorten,1,1,Rephrase for clarity and conciseness.,27,26,1,0,0.9629629629629629,0.9629629629629629
./cnn/stories/bebd46ad5d9b194bf2462b3903c94c0600d946c8.story,content,shorten,1,2,Rephrase for clarity and conciseness.,26,26,0,0,1.0,1.0
./cnn/stories/bebd46ad5d9b194bf2462b3903c94c0600d946c8.story,content,shorten,1,3,Rephrase for clarity and conciseness.,23,23,0,0,1.0,1.0
./cnn/stories/bebd46ad5d9b194bf2462b3903c94c0600d946c8.story,content,shorten,2,1,"Improve accuracy, clarity, and conciseness of language.",34,34,0,0,1.0,1.0
./cnn/stories/bebd46ad5d9b194bf2462b3903c94c0600d946c8.story,content,shorten,2,2,"Improve accuracy, clarity, and conciseness of language.",38,37,1,0,0.9736842105263158,0.9736842105263158
./cnn/stories/bebd46ad5d9b194bf2462b3903c94c0600d946c8.story,content,shorten,2,3,"Improve accuracy, clarity, and conciseness of language.",24,24,0,0,1.0,1.0
./cnn/stories/bebd46ad5d9b194bf2462b3903c94c0600d946c8.story,style,formality,0,1,Make the text more formal.,50,46,4,0,0.92,0.92
./cnn/stories/bebd46ad5d9b194bf2462b3903c94c0600d946c8.story,style,formality,0,2,Make the text more formal.,49,49,0,0,1.0,1.0
./cnn/stories/bebd46ad5d9b194bf2462b3903c94c0600d946c8.story,style,formality,0,3,Make the text more formal.,45,44,1,0,0.9777777777777777,0.9777777777777777
./cnn/stories/bebd46ad5d9b194bf2462b3903c94c0600d946c8.story,style,formality,1,1,Rephrase it to be more formal.,51,50,1,0,0.9803921568627451,0.9803921568627451
./cnn/stories/bebd46ad5d9b194bf2462b3903c94c0600d946c8.story,style,formality,1,2,Rephrase it to be more formal.,53,53,0,0,1.0,1.0
./cnn/stories/bebd46ad5d9b194bf2462b3903c94c0600d946c8.story,style,formality,1,3,Rephrase it to be more formal.,55,55,0,0,1.0,1.0
./cnn/stories/bebd46ad5d9b194bf2462b3903c94c0600d946c8.story,style,formality,2,1,"Too conversational, rephrase it to be more formal.",53,52,1,0,0.9811320754716981,0.9811320754716981
./cnn/stories/bebd46ad5d9b194bf2462b3903c94c0600d946c8.story,style,formality,2,2,"Too conversational, rephrase it to be more formal.",54,52,2,0,0.9629629629629629,0.9629629629629629
./cnn/stories/bebd46ad5d9b194bf2462b3903c94c0600d946c8.story,style,formality,2,3,"Too conversational, rephrase it to be more formal.",47,46,1,0,0.9787234042553191,0.9787234042553191
./cnn/stories/bebd46ad5d9b194bf2462b3903c94c0600d946c8.story,style,paraphrase,0,1,Paraphrase this.,61,61,0,0,1.0,1.0
./cnn/stories/bebd46ad5d9b194bf2462b3903c94c0600d946c8.story,style,paraphrase,0,2,Paraphrase this.,50,50,0,0,1.0,1.0
./cnn/stories/bebd46ad5d9b194bf2462b3903c94c0600d946c8.story,style,paraphrase,0,3,Paraphrase this.,43,43,0,0,1.0,1.0
./cnn/stories/bebd46ad5d9b194bf2462b3903c94c0600d946c8.story,style,paraphrase,1,1,Reword this text.,49,49,0,0,1.0,1.0
./cnn/stories/bebd46ad5d9b194bf2462b3903c94c0600d946c8.story,style,paraphrase,1,2,Reword this text.,51,50,1,0,0.9803921568627451,0.9803921568627451
./cnn/stories/bebd46ad5d9b194bf2462b3903c94c0600d946c8.story,style,paraphrase,1,3,Reword this text.,39,36,3,0,0.9230769230769231,0.9230769230769231
./cnn/stories/bebd46ad5d9b194bf2462b3903c94c0600d946c8.story,style,paraphrase,2,1,Use different wording.,59,57,2,0,0.9661016949152542,0.9661016949152542
./cnn/stories/bebd46ad5d9b194bf2462b3903c94c0600d946c8.story,style,paraphrase,2,2,Use different wording.,58,55,3,0,0.9482758620689655,0.9482758620689655
./cnn/stories/bebd46ad5d9b194bf2462b3903c94c0600d946c8.story,style,paraphrase,2,3,Use different wording.,51,50,1,0,0.9803921568627451,0.9803921568627451
./cnn/stories/c601114f55cf470a012afece9ed26518ea695fe4.story,content,elaborate,0,1,"Elaborate on the content, adding relevant details while staying faithful to the source text.",35,35,0,0,1.0,1.0
./cnn/stories/c601114f55cf470a012afece9ed26518ea695fe4.story,content,elaborate,0,2,"Elaborate on the content, adding relevant details while staying faithful to the source text.",41,41,0,0,1.0,1.0
./cnn/stories/c601114f55cf470a012afece9ed26518ea695fe4.story,content,elaborate,0,3,"Elaborate on the content, adding relevant details while staying faithful to the source text.",46,43,3,0,0.9347826086956522,0.9347826086956522
./cnn/stories/c601114f55cf470a012afece9ed26518ea695fe4.story,content,elaborate,1,1,"Expand the text with more context, without introducing information that is not supported by the original.",43,41,2,0,0.9534883720930233,0.9534883720930233
./cnn/stories/c601114f55cf470a012afece9ed26518ea695fe4.story,content,elaborate,1,2,"Expand the text with more context, without introducing information that is not supported by the original.",48,40,8,0,0.8333333333333334,0.8333333333333334
./cnn/stories/c601114f55cf470a012afece9ed26518ea695fe4.story,content,elaborate,1,3,"Expand the text with more context, without introducing information that is not supported by the original.",50,42,8,0,0.84,0.84
./cnn/stories/c601114f55cf470a012afece9ed26518ea695fe4.story,content,elaborate,2,1,"Add more detail, keeping every fact grounded in the source material.",59,57,2,0,0.9661016949152542,0.9661016949152542
./cnn/stories/c601114f55cf470a012afece9ed26518ea695fe4.story,content,elaborate,2,2,"Add more detail, keeping every fact grounded in the source material.",55,53,2,0,0.9636363636363636,0.9636363636363636
./cnn/stories/c601114f55cf470a012afece9ed26518ea695fe4.story,content,elaborate,2,3,"Add more detail, keeping every fact grounded in the source material.",63,61,2,0,0.9682539682539683,0.9682539682539683
./cnn/stories/c601114f55cf470a012afece9ed26518ea695fe4.story,content,shorten,0,1,Make wording more concise.,25,25,0,0,1.0,1.0
./cnn/stories/c601114f55cf470a012afece9ed26518ea695fe4.story,content,shorten,0,2,Make wording more concise.,17,17,0,0,1.0,1.0
./cnn/stories/c601114f55cf470a012afece9ed26518ea695fe4.story,content,shorten,0,3,Make wording more concise.,20,20,0,0,1.0,1.0
./cnn/stories/c601114f55cf470a012afece9ed26518ea695fe4.story,content,shorten,1,1,Rephrase for clarity and conciseness.,27,25,2,0,0.9259259259259259,0.9259259259259259
./cnn/stories/c601114f55cf470a012afece9ed26518ea695fe4.story,content,shorten,1,2,Rephrase for clarity and conciseness.,20,19,1,0,0.95,0.95
./cnn/stories/c601114f55cf470a012afece9ed26518ea695fe4.story,content,shorten,1,3,Rephrase for clarity and conciseness.,16,15,1,0,0.9375,0.9375
./cnn/stories/c601114f55cf470a012afece9ed26518ea695fe4.story,content,shorten,2,1,"Improve accuracy, clarity, and conciseness of language.",36,33,3,0,0.9166666666666666,0.9166666666666666
./cnn/stories/c601114f55cf470a012afece9ed26518ea695fe4.story,content,shorten,2,2,"Improve accuracy, clarity, and conciseness of language.",29,27,2,0,0.9310344827586207,0.9310344827586207
./cnn/stories/c601114f55cf470a012afece9ed26518ea695fe4.story,content,shorten,2,3,"Improve accuracy, clarity, and conciseness of language.",32,29,3,0,0.90625,0.90625
./cnn/stories/c601114f55cf470a012afece9ed26518ea695fe4.story,style,formality,0,1,Make the text more formal.,55,50,5,0,0.9090909090909091,0.9090909090909091
./cnn/stories/c601114f55cf470a012afece9ed26518ea695fe4.story,style,formality,0,2,Make the text more formal.,57,54,3,0,0.9473684210526315,0.9473684210526315
./cnn/stories/c601114f55cf470a012afece9ed26518ea695fe4.story,style,formality,0,3,Make the text more formal.,60,55,5,0,0.9166666666666666,0.9166666666666666
./cnn/stories/c601114f55cf470a012afece9ed26518ea695fe4.story,style,formality,1,1,Rephrase it to be more formal.,51,50,1,0,0.9803921568627451,0.9803921568627451
./cnn/stories/c601114f55cf470a012afece9ed26518ea695fe4.story,style,formality,1,2,Rephrase it to be more formal.,64,62,2,0,0.96875,0.96875
./cnn/stories/c601114f55cf470a012afece9ed26518ea695fe4.story,style,formality,1,3,Rephrase it to be more formal.,54,49,5,0,0.9074074074074074,0.9074074074074074
./cnn/stories/c601114f55cf470a012afece9ed26518ea695fe4.story,style,formality,2,1,"Too conversational, rephrase it to be more formal.",50,48,2,0,0.96,0.96
./cnn/stories/c601114f55cf470a012afece9ed26518ea695fe4.story,style,formality,2,2,"Too conversational, rephrase it to be more formal.",44,43,1,0,0.9772727272727273,0.9772727272727273
./cnn/stories/c601114f55cf470a012afece9ed26518ea695fe4.story,style,formality,2,3,"Too conversational, rephrase it to be more formal.",42,42,0,0,1.0,1.0
./cnn/stories/c601114f55cf470a012afece9ed26518ea695fe4.story,style,paraphrase,0,1,Paraphrase this.,23,23,0,0,1.0,1.0
./cnn/stories/c601114f55cf470a012afece9ed26518ea695fe4.story,style,paraphrase,0,2,Paraphrase this.,24,24,0,0,1.0,1.0
./cnn/stories/c601114f55cf470a012afece9ed26518ea695fe4.story,style,paraphrase,0,3,Paraphrase this.,21,21,0,0,1.0,1.0
./cnn/stories/c601114f55cf470a012afece9ed26518ea695fe4.story,style,paraphrase,1,1,Reword this text.,32,31,1,0,0.96875,0.96875
./cnn/stories/c601114f55cf470a012afece9ed26518ea695fe4.story,style,paraphrase,1,2,Reword this text.,24,21,3,0,0.875,0.875
./cnn/stories/c601114f55cf470a012afece9ed26518ea695fe4.story,style,paraphrase,1,3,Reword this text.,24,23,1,0,0.9583333333333334,0.9583333333333334
./cnn/stories/c601114f55cf470a012afece9ed26518ea695fe4.story,style,paraphrase,2,1,Use different wording.,43,42,1,0,0.9767441860465116,0.9767441860465116
./cnn/stories/c601114f55cf470a012afece9ed26518ea695fe4.story,style,paraphrase,2,2,Use different wording.,41,39,2,0,0.9512195121951219,0.9512195121951219
./cnn/stories/c601114f55cf470a012afece9ed26518ea695fe4.story,style,paraphrase,2,3,Use different wording.,44,43,1,0,0.9772727272727273,0.9772727272727273
./cnn/stories/c8c77e22649bb29d60ea3da21d07d7124149b38d.story,content,elaborate,0,1,"Elaborate on the content, adding relevant details while staying faithful to the source text.",52,37,15,0,0.7115384615384616,0.7115384615384616
./cnn/stories/c8c77e22649bb29d60ea3da21d07d7124149b38d.story,content,elaborate,0,2,"Elaborate on the content, adding relevant details while staying faithful to the source text.",86,62,24,0,0.7209302325581395,0.7209302325581395
./cnn/stories/c8c77e22649bb29d60ea3da21d07d7124149b38d.story,content,elaborate,0,3,"Elaborate on the content, adding relevant details while staying faithful to the source text.",86,55,31,0,0.6395348837209303,0.6395348837209303
./cnn/stories/c8c77e22649bb29d60ea3da21d07d7124149b38d.story,content,elaborate,1,1,"Expand the text with more context, without introducing information that is not supported by the original.",56,52,4,0,0.9285714285714286,0.9285714285714286
./cnn/stories/c8c77e22649bb29d60ea3da21d07d7124149b38d.story,content,elaborate,1,2,"Expand the text with more context, without introducing information that is not supported by the original.",53,40,13,0,0.7547169811320755,0.7547169811320755
./cnn/stories/c8c77e22649bb29d60ea3da21d07d7124149b38d.story,content,elaborate,1,3,"Expand the text with more context, without introducing information that is not supported by the original.",42,33,9,0,0.7857142857142857,0.7857142857142857
./cnn/stories/c8c77e22649bb29d60ea3da21d07d7124149b38d.story,content,elaborate,2,1,"Add more detail, keeping every fact grounded in the source material.",56,45,11,0,0.8035714285714286,0.8035714285714286
./cnn/stories/c8c77e22649bb29d60ea3da21d07d7124149b38d.story,content,elaborate,2,2,"Add more detail, keeping every fact grounded in the source material.",60,36,24,0,0.6,0.6
./cnn/stories/c8c77e22649bb29d60ea3da21d07d7124149b38d.story,content,elaborate,2,3,"Add more detail, keeping every fact grounded in the source material.",51,31,20,0,0.6078431372549019,0.6078431372549019
./cnn/stories/c8c77e22649bb29d60ea3da21d07d7124149b38d.story,content,shorten,0,1,Make wording more concise.,42,35,7,0,0.8333333333333334,0.8333333333333334
./cnn/stories/c8c77e22649bb29d60ea3da21d07d7124149b38d.story,content,shorten,0,2,Make wording more concise.,41,37,4,0,0.9024390243902439,0.9024390243902439
./cnn/stories/c8c77e22649bb29d60ea3da21d07d7124149b38d.story,content,shorten,0,3,Make wording more concise.,30,28,2,0,0.9333333333333333,0.9333333333333333
./cnn/stories/c8c77e22649bb29d60ea3da21d07d7124149b38d.story,content,shorten,1,1,Rephrase for clarity and conciseness.,35,25,10,0,0.7142857142857143,0.7142857142857143
./cnn/stories/c8c77e22649bb29d60ea3da21d07d7124149b38d.story,content,shorten,1,2,Rephrase for clarity and conciseness.,27,22,5,0,0.8148148148148148,0.8148148148148148
./cnn/stories/c8c77e22649bb29d60ea3da21d07d7124149b38d.story,content,shorten,1,3,Rephrase for clarity and conciseness.,28,24,4,0,0.8571428571428571,0.8571428571428571
./cnn/stories/c8c77e22649bb29d60ea3da21d07d7124149b38d.story,content,shorten,2,1,"Improve accuracy, clarity, and conciseness of language.",38,31,7,0,0.8157894736842105,0.8157894736842105
./cnn/stories/c8c77e22649bb29d60ea3da21d07d7124149b38d.story,content,shorten,2,2,"Improve accuracy, clarity, and conciseness of language.",36,27,9,0,0.75,0.75
./cnn/stories/c8c77e22649bb29d60ea3da21d07d7124149b38d.story,content,shorten,2,3,"Improve accuracy, clarity, and conciseness of language.",33,25,8,0,0.7575757575757576,0.7575757575757576
./cnn/stories/c8c77e22649bb29d60ea3da21d07d7124149b38d.story,style,formality,0,1,Make the text more formal.,47,41,6,0,0.8723404255319149,0.8723404255319149
./cnn/stories/c8c77e22649bb29d60ea3da21d07d7124149b38d.story,style,formality,0,2,Make the text more formal.,53,43,10,0,0.8113207547169812,0.8113207547169812
./cnn/stories/c8c77e22649bb29d60ea3da21d07d7124149b38d.story,style,formality,0,3,Make the text more formal.,50,42,8,0,0.84,0.84
./cnn/stories/c8c77e22649bb29d60ea3da21d07d7124149b38d.story,style,formality,1,1,Rephrase it to be more formal.,50,41,9,0,0.82,0.82
./cnn/stories/c8c77e22649bb29d60ea3da21d07d7124149b38d.story,style,formality,1,2,Rephrase it to be more formal.,43,35,8,0,0.813953488372093,0.813953488372093
./cnn/stories/c8c77e22649bb29d60ea3da21d07d7124149b38d.story,style,formality,1,3,Rephrase it to be more formal.,41,34,7,0,0.8292682926829268,0.8292682926829268
./cnn/stories/c8c77e22649bb29d60ea3da21d07d7124149b38d.story,style,formality,2,1,"Too conversational, rephrase it to be more formal.",37,36,1,0,0.972972972972973,0.972972972972973
./cnn/stories/c8c77e22649bb29d60ea3da21d07d7124149b38d.story,style,formality,2,2,"Too conversational, rephrase it to be more formal.",46,42,4,0,0.9130434782608695,0.9130434782608695
./cnn/stories/c8c77e22649bb29d60ea3da21d07d7124149b38d.story,style,formality,2,3,"Too conversational, rephrase it to be more formal.",42,37,5,0,0.8809523809523809,0.8809523809523809
./cnn/stories/c8c77e22649bb29d60ea3da21d07d7124149b38d.story,style,paraphrase,0,1,Paraphrase this.,32,29,3,0,0.90625,0.90625
./cnn/stories/c8c77e22649bb29d60ea3da21d07d7124149b38d.story,style,paraphrase,0,2,Paraphrase this.,33,26,7,0,0.7878787878787878,0.7878787878787878
./cnn/stories/c8c77e22649bb29d60ea3da21d07d7124149b38d.story,style,paraphrase,0,3,Paraphrase this.,32,26,6,0,0.8125,0.8125
./cnn/stories/c8c77e22649bb29d60ea3da21d07d7124149b38d.story,style,paraphrase,1,1,Reword this text.,46,42,4,0,0.9130434782608695,0.9130434782608695
./cnn/stories/c8c77e22649bb29d60ea3da21d07d7124149b38d.story,style,paraphrase,1,2,Reword this text.,40,34,6,0,0.85,0.85
./cnn/stories/c8c77e22649bb29d60ea3da21d07d7124149b38d.story,style,paraphrase,1,3,Reword this text.,27,23,4,0,0.8518518518518519,0.8518518518518519
./cnn/stories/c8c77e22649bb29d60ea3da21d07d7124149b38d.story,style,paraphrase,2,1,Use different wording.,48,38,10,0,0.7916666666666666,0.7916666666666666
./cnn/stories/c8c77e22649bb29d60ea3da21d07d7124149b38d.story,style,paraphrase,2,2,Use different wording.,54,42,12,0,0.7777777777777778,0.7777777777777778
./cnn/stories/c8c77e22649bb29d60ea3da21d07d7124149b38d.story,style,paraphrase,2,3,Use different wording.,43,38,5,0,0.8837209302325582,0.8837209302325582
./cnn/stories/cc420f3c4c9b3d1385f1e8a3d4049a67a518d3eb.story,content,elaborate,0,1,"Elaborate on the content, adding relevant details while staying faithful to the source text.",22,22,0,0,1.0,1.0
./cnn/stories/cc420f3c4c9b3d1385f1e8a3d4049a67a518d3eb.story,content,elaborate,0,2,"Elaborate on the content, adding relevant details while staying faithful to the source text.",21,21,0,0,1.0,1.0
./cnn/stories/cc420f3c4c9b3d1385f1e8a3d4049a67a518d3eb.story,content,elaborate,0,3,"Elaborate on the content, adding relevant details while staying faithful to the source text.",23,23,0,0,1.0,1.0
./cnn/stories/cc420f3c4c9b3d1385f1e8a3d4049a67a518d3eb.story,content,elaborate,1,1,"Expand the text with more context, without introducing information that is not supported by the original.",19,19,0,0,1.0,1.0
./cnn/stories/cc420f3c4c9b3d1385f1e8a3d4049a67a518d3eb.story,content,elaborate,1,2,"Expand the text with more context, without introducing information that is not supported by the original.",16,16,0,0,1.0,1.0
./cnn/stories/cc420f3c4c9b3d1385f1e8a3d4049a67a518d3eb.story,content,elaborate,1,3,"Expand the text with more context, without introducing information that is not supported by the original.",18,17,1,0,0.9444444444444444,0.9444444444444444
./cnn/stories/cc420f3c4c9b3d1385f1e8a3d4049a67a518d3eb.story,content,elaborate,2,1,"Add more detail, keeping every fact grounded in the source material.",24,24,0,0,1.0,1.0
./cnn/stories/cc420f3c4c9b3d1385f1e8a3d4049a67a518d3eb.story,content,elaborate,2,2,"Add more detail, keeping every fact grounded in the source material.",24,24,0,0,1.0,1.0
./cnn/stories/cc420f3c4c9b3d1385f1e8a3d4049a67a518d3eb.story,content,elaborate,2,3,"Add more detail, keeping every fact grounded in the source material.",23,23,0,0,1.0,1.0
./cnn/stories/cc420f3c4c9b3d1385f1e8a3d4049a67a518d3eb.story,content,shorten,0,1,Make wording more concise.,15,15,0,0,1.0,1.0
./cnn/stories/cc420f3c4c9b3d1385f1e8a3d4049a67a518d3eb.story,content,shorten,0,2,Make wording more concise.,10,10,0,0,1.0,1.0
./cnn/stories/cc420f3c4c9b3d1385f1e8a3d4049a67a518d3eb.story,content,shorten,0,3,Make wording more concise.,9,9,0,0,1.0,0.9
./cnn/stories/cc420f3c4c9b3d1385f1e8a3d4049a67a518d3eb.story,content,shorten,1,1,Rephrase for clarity and conciseness.,13,13,0,0,1.0,1.0
./cnn/stories/cc420f3c4c9b3d1385f1e8a3d4049a67a518d3eb.story,content,shorten,1,2,Rephrase for clarity and conciseness.,11,11,0,0,1.0,1.0
./cnn/stories/cc420f3c4c9b3d1385f1e8a3d4049a67a518d3eb.story,content,shorten,1,3,Rephrase for clarity and conciseness.,6,6,0,0,1.0,0.6
./cnn/stories/cc420f3c4c9b3d1385f1e8a3d4049a67a518d3eb.story,content,shorten,2,1,"Improve accuracy, clarity, and conciseness of language.",13,13,0,0,1.0,1.0
./cnn/stories/cc420f3c4c9b3d1385f1e8a3d4049a67a518d3eb.story,content,shorten,2,2,"Improve accuracy, clarity, and conciseness of language.",32,32,0,0,1.0,1.0
./cnn/stories/cc420f3c4c9b3d1385f1e8a3d4049a67a518d3eb.story,content,shorten,2,3,"Improve accuracy, clarity, and conciseness of language.",14,14,0,0,1.0,1.0
./cnn/stories/cc420f3c4c9b3d1385f1e8a3d4049a67a518d3eb.story,style,formality,0,1,Make the text more formal.,21,21,0,0,1.0,1.0
./cnn/stories/cc420f3c4c9b3d1385f1e8a3d4049a67a518d3eb.story,style,formality,0,2,Make the text more formal.,18,18,0,0,1.0,1.0
./cnn/stories/cc420f3c4c9b3d1385f1e8a3d4049a67a518d3eb.story,style,formality,0,3,Make the text more formal.,24,24,0,0,1.0,1.0
./cnn/stories/cc420f3c4c9b3d1385f1e8a3d4049a67a518d3eb.story,style,formality,1,1,Rephrase it to be more formal.,18,18,0,0,1.0,1.0
./cnn/stories/cc420f3c4c9b3d1385f1e8a3d4049a67a518d3eb.story,style,formality,1,2,Rephrase it to be more formal.,19,19,0,0,1.0,1.0
./cnn/stories/cc420f3c4c9b3d1385f1e8a3d4049a67a518d3eb.story,style,formality,1,3,Rephrase it to be more formal.,18,18,0,0,1.0,1.0
./cnn/stories/cc420f3c4c9b3d1385f1e8a3d4049a67a518d3eb.story,style,formality,2,1,"Too conversational, rephrase it to be more formal.",19,19,0,0,1.0,1.0
./cnn/stories/cc420f3c4c9b3d1385f1e8a3d4049a67a518d3eb.story,style,formality,2,2,"Too conversational, rephrase it to be more formal.",14,14,0,0,1.0,1.0
./cnn/stories/cc420f3c4c9b3d1385f1e8a3d4049a67a518d3eb.story,style,formality,2,3,"Too conversational, rephrase it to be more formal.",17,17,0,0,1.0,1.0
./cnn/stories/cc420f3c4c9b3d1385f1e8a3d4049a67a518d3eb.story,style,paraphrase,0,1,Paraphrase this.,18,18,0,0,1.0,1.0
./cnn/stories/cc420f3c4c9b3d1385f1e8a3d4049a67a518d3eb.story,style,paraphrase,0,2,Paraphrase this.,19,19,0,0,1.0,1.0
./cnn/stories/cc420f3c4c9b3d1385f1e8a3d4049a67a518d3eb.story,style,paraphrase,0,3,Paraphrase this.,14,14,0,0,1.0,1.0
./cnn/stories/cc420f3c4c9b3d1385f1e8a3d4049a67a518d3eb.story,style,paraphrase,1,1,Reword this text.,16,16,0,0,1.0,1.0
./cnn/stories/cc420f3c4c9b3d1385f1e8a3d4049a67a518d3eb.story,style,paraphrase,1,2,Reword this text.,17,17,0,0,1.0,1.0
./cnn/stories/cc420f3c4c9b3d1385f1e8a3d4049a67a518d3eb.story,style,paraphrase,1,3,Reword this text.,33,33,0,0,1.0,1.0
./cnn/stories/cc420f3c4c9b3d1385f1e8a3d4049a67a518d3eb.story,style,paraphrase,2,1,Use different wording.,16,16,0,0,1.0,1.0
./cnn/stories/cc420f3c4c9b3d1385f1e8a3d4049a67a518d3eb.story,style,paraphrase,2,2,Use different wording.,15,15,0,0,1.0,1.0
./cnn/stories/cc420f3c4c9b3d1385f1e8a3d4049a67a518d3eb.story,style,paraphrase,2,3,Use different wording.,18,18,0,0,1.0,1.0
./cnn/stories/d0fa8b17b57dd9628bea6c74b89d389b653a3612.story,content,elaborate,0,1,"Elaborate on the content, adding relevant details while staying faithful to the source text.",49,49,0,0,1.0,1.0
./cnn/stories/d0fa8b17b57dd9628bea6c74b89d389b653a3612.story,content,elaborate,0,2,"Elaborate on the content, adding relevant details while staying faithful to the source text.",67,64,3,0,0.9552238805970149,0.9552238805970149
./cnn/stories/d0fa8b17b57dd9628bea6c74b89d389b653a3612.story,content,elaborate,0,3,"Elaborate on the content, adding relevant details while staying faithful to the source text.",66,62,4,0,0.9393939393939394,0.9393939393939394
./cnn/stories/d0fa8b17b57dd9628bea6c74b89d389b653a3612.story,content,elaborate,1,1,"Expand the text with more context, without introducing information that is not supported by the original.",40,40,0,0,1.0,1.0
./cnn/stories/d0fa8b17b57dd9628bea6c74b89d389b653a3612.story,content,elaborate,1,2,"Expand the text with more context, without introducing information that is not supported by the original.",42,42,0,0,1.0,1.0
./cnn/stories/d0fa8b17b57dd9628bea6c74b89d389b653a3612.story,content,elaborate,1,3,"Expand the text with more context, without introducing information that is not supported by the original.",42,42,0,0,1.0,1.0
./cnn/stories/d0fa8b17b57dd9628bea6c74b89d389b653a3612.story,content,elaborate,2,1,"Add more detail, keeping every fact grounded in the source material.",69,67,2,0,0.9710144927536232,0.9710144927536232
./cnn/stories/d0fa8b17b57dd9628bea6c74b89d389b653a3612.story,content,elaborate,2,2,"Add more detail, keeping every fact grounded in the source material.",56,56,0,0,1.0,1.0
./cnn/stories/d0fa8b17b57dd9628bea6c74b89d389b653a3612.story,content,elaborate,2,3,"Add more detail, keeping every fact grounded in the source material.",59,57,2,0,0.9661016949152542,0.9661016949152542
./cnn/stories/d0fa8b17b57dd9628bea6c74b89d389b653a3612.story,content,shorten,0,1,Make wording more concise.,42,42,0,0,1.0,1.0
./cnn/stories/d0fa8b17b57dd9628bea6c74b89d389b653a3612.story,content,shorten,0,2,Make wording more concise.,32,31,1,0,0.96875,0.96875
./cnn/stories/d0fa8b17b57dd9628bea6c74b89d389b653a3612.story,content,shorten,0,3,Make wording more concise.,30,30,0,0,1.0,1.0
./cnn/stories/d0fa8b17b57dd9628bea6c74b89d389b653a3612.story,content,shorten,1,1,Rephrase for clarity and conciseness.,27,27,0,0,1.0,1.0
./cnn/stories/d0fa8b17b57dd9628bea6c74b89d389b653a3612.story,content,shorten,1,2,Rephrase for clarity and conciseness.,16,16,0,0,1.0,1.0
./cnn/stories/d0fa8b17b57dd9628bea6c74b89d389b653a3612.story,content,shorten,1,3,Rephrase for clarity and conciseness.,14,14,0,0,1.0,1.0
./cnn/stories/d0fa8b17b57dd9628bea6c74b89d389b653a3612.story,content,shorten,2,1,"Improve accuracy, clarity, and conciseness of language.",35,35,0,0,1.0,1.0
./cnn/stories/d0fa8b17b57dd9628bea6c74b89d389b653a3612.story,content,shorten,2,2,"Improve accuracy, clarity, and conciseness of language.",30,30,0,0,1.0,1.0
./cnn/stories/d0fa8b17b57dd9628bea6c74b89d389b653a3612.story,content,shorten,2,3,"Improve accuracy, clarity, and conciseness of language.",18,18,0,0,1.0,1.0
./cnn/stories/d0fa8b17b57dd9628bea6c74b89d389b653a3612.story,style,formality,0,1,Make the text more formal.,50,50,0,0,1.0,1.0
./cnn/stories/d0fa8b17b57dd9628bea6c74b89d389b653a3612.story,style,formality,0,2,Make the text more formal.,53,52,1,0,0.9811320754716981,0.9811320754716981
./cnn/stories/d0fa8b17b57dd9628bea6c74b89d389b653a3612.story,style,formality,0,3,Make the text more formal.,44,42,2,0,0.9545454545454546,0.9545454545454546
./cnn/stories/d0fa8b17b57dd9628bea6c74b89d389b653a3612.story,style,formality,1,1,Rephrase it to be more formal.,52,52,0,0,1.0,1.0
./cnn/stories/d0fa8b17b57dd9628bea6c74b89d389b653a3612.story,style,formality,1,2,Rephrase it to be more formal.,38,38,0,0,1.0,1.0
./cnn/stories/d0fa8b17b57dd9628bea6c74b89d389b653a3612.story,style,formality,1,3,Rephrase it to be more formal.,34,34,0,0,1.0,1.0
./cnn/stories/d0fa8b17b57dd9628bea6c74b89d389b653a3612.story,style,formality,2,1,"Too conversational, rephrase it to be more formal.",51,51,0,0,1.0,1.0
./cnn/stories/d0fa8b17b57dd9628bea6c74b89d389b653a3612.story,style,formality,2,2,"Too conversational, rephrase it to be more formal.",64,62,2,0,0.96875,0.96875
./cnn/stories/d0fa8b17b57dd9628bea6c74b89d389b653a3612.story,style,formality,2,3,"Too conversational, rephrase it to be more formal.",70,67,3,0,0.9571428571428572,0.9571428571428572
./cnn/stories/d0fa8b17b57dd9628bea6c74b89d389b653a3612.story,style,paraphrase,0,1,Paraphrase this.,31,31,0,0,1.0,1.0
./cnn/stories/d0fa8b17b57dd9628bea6c74b89d389b653a3612.story,style,paraphrase,0,2,Paraphrase this.,29,29,0,0,1.0,1.0
./cnn/stories/d0fa8b17b57dd9628bea6c74b89d389b653a3612.story,style,paraphrase,0,3,Paraphrase this.,36,36,0,0,1.0,1.0
./cnn/stories/d0fa8b17b57dd9628bea6c74b89d389b653a3612.story,style,paraphrase,1,1,Reword this text.,47,46,1,0,0.9787234042553191,0.9787234042553191
./cnn/stories/d0fa8b17b57dd9628bea6c74b89d389b653a3612.story,style,paraphrase,1,2,Reword this text.,32,32,0,0,1.0,1.0
./cnn/stories/d0fa8b17b57dd9628bea6c74b89d389b653a3612.story,style,paraphrase,1,3,Reword this text.,30,28,2,0,0.9333333333333333,0.9333333333333333
./cnn/stories/d0fa8b17b57dd9628bea6c74b89d389b653a3612.story,style,paraphrase,2,1,Use different wording.,37,37,0,0,1.0,1.0
./cnn/stories/d0fa8b17b57dd9628bea6c74b89d389b653a3612.story,style,paraphrase,2,2,Use different wording.,32,32,0,0,1.0,1.0
./cnn/stories/d0fa8b17b57dd9628bea6c74b89d389b653a3612.story,style,paraphrase,2,3,Use different wording.,28,28,0,0,1.0,1.0
./cnn/stories/d32e102f11e8daf4797d61d5af0256b1e3ae1dce.story,content,elaborate,0,1,"Elaborate on the content, adding relevant details while staying faithful to the source text.",59,58,1,0,0.9830508474576272,0.9830508474576272
./cnn/stories/d32e102f11e8daf4797d61d5af0256b1e3ae1dce.story,content,elaborate,0,2,"Elaborate on the content, adding relevant details while staying faithful to the source text.",57,54,3,0,0.9473684210526315,0.9473684210526315
./cnn/stories/d32e102f11e8daf4797d61d5af0256b1e3ae1dce.story,content,elaborate,0,3,"Elaborate on the content, adding relevant details while staying faithful to the source text.",49,41,8,0,0.8367346938775511,0.8367346938775511
./cnn/stories/d32e102f11e8daf4797d61d5af0256b1e3ae1dce.story,content,elaborate,1,1,"Expand the text with more context, without introducing information that is not supported by the original.",37,35,2,0,0.9459459459459459,0.9459459459459459
./cnn/stories/d32e102f11e8daf4797d61d5af0256b1e3ae1dce.story,content,elaborate,1,2,"Expand the text with more context, without introducing information that is not supported by the original.",46,42,4,0,0.9130434782608695,0.9130434782608695
./cnn/stories/d32e102f11e8daf4797d61d5af0256b1e3ae1dce.story,content,elaborate,1,3,"Expand the text with more context, without introducing information that is not supported by the original.",43,35,8,0,0.813953488372093,0.813953488372093
./cnn/stories/d32e102f11e8daf4797d61d5af0256b1e3ae1dce.story,content,elaborate,2,1,"Add more detail, keeping every fact grounded in the source material.",50,48,2,0,0.96,0.96
./cnn/stories/d32e102f11e8daf4797d61d5af0256b1e3ae1dce.story,content,elaborate,2,2,"Add more detail, keeping every fact grounded in the source material.",59,52,7,0,0.8813559322033898,0.8813559322033898
./cnn/stories/d32e102f11e8daf4797d61d5af0256b1e3ae1dce.story,content,elaborate,2,3,"Add more detail, keeping every fact grounded in the source material.",62,52,10,0,0.8387096774193549,0.8387096774193549
./cnn/stories/d32e102f11e8daf4797d61d5af0256b1e3ae1dce.story,content,shorten,0,1,Make wording more concise.,34,34,0,0,1.0,1.0
./cnn/stories/d32e102f11e8daf4797d61d5af0256b1e3ae1dce.story,content,shorten,0,2,Make wording more concise.,26,26,0,0,1.0,1.0
./cnn/stories/d32e102f11e8daf4797d61d5af0256b1e3ae1dce.story,content,shorten,0,3,Make wording more concise.,14,13,1,0,0.9285714285714286,0.9285714285714286
./cnn/stories/d32e102f11e8daf4797d61d5af0256b1e3ae1dce.story,content,shorten,1,1,Rephrase for clarity and conciseness.,18,17,1,0,0.9444444444444444,0.9444444444444444
./cnn/stories/d32e102f11e8daf4797d61d5af0256b1e3ae1dce.story,content,shorten,1,2,Rephrase for clarity and conciseness.,21,21,0,0,1.0,1.0
./cnn/stories/d32e102f11e8daf4797d61d5af0256b1e3ae1dce.story,content,shorten,1,3,Rephrase for clarity and conciseness.,20,19,1,0,0.95,0.95
./cnn/stories/d32e102f11e8daf4797d61d5af0256b1e3ae1dce.story,content,shorten,2,1,"Improve accuracy, clarity, and conciseness of language.",49,49,0,0,1.0,1.0
./cnn/stories/d32e102f11e8daf4797d61d5af0256b1e3ae1dce.story,content,shorten,2,2,"Improve accuracy, clarity, and conciseness of language.",26,26,0,0,1.0,1.0
./cnn/stories/d32e102f11e8daf4797d61d5af0256b1e3ae1dce.story,content,shorten,2,3,"Improve accuracy, clarity, and conciseness of language.",22,22,0,0,1.0,1.0
./cnn/stories/d32e102f11e8daf4797d61d5af0256b1e3ae1dce.story,style,formality,0,1,Make the text more formal.,37,37,0,0,1.0,1.0
./cnn/stories/d32e102f11e8daf4797d61d5af0256b1e3ae1dce.story,style,formality,0,2,Make the text more formal.,49,43,6,0,0.8775510204081632,0.8775510204081632
./cnn/stories/d32e102f11e8daf4797d61d5af0256b1e3ae1dce.story,style,formality,0,3,Make the text more formal.,33,33,0,0,1.0,1.0
./cnn/stories/d32e102f11e8daf4797d61d5af0256b1e3ae1dce.story,style,formality,1,1,Rephrase it to be more formal.,59,59,0,0,1.0,1.0
./cnn/stories/d32e102f11e8daf4797d61d5af0256b1e3ae1dce.story,style,formality,1,2,Rephrase it to be more formal.,47,46,1,0,0.9787234042553191,0.9787234042553191
./cnn/stories/d32e102f11e8daf4797d61d5af0256b1e3ae1dce.story,style,formality,1,3,Rephrase it to be more formal.,39,38,1,0,0.9743589743589743,0.9743589743589743
./cnn/stories/d32e102f11e8daf4797d61d5af0256b1e3ae1dce.story,style,formality,2,1,"Too conversational, rephrase it to be more formal.",55,53,2,0,0.9636363636363636,0.9636363636363636
./cnn/stories/d32e102f11e8daf4797d61d5af0256b1e3ae1dce.story,style,formality,2,2,"Too conversational, rephrase it to be more formal.",51,50,1,0,0.9803921568627451,0.9803921568627451
./cnn/stories/d32e102f11e8daf4797d61d5af0256b1e3ae1dce.story,style,formality,2,3,"Too conversational, rephrase it to be more formal.",52,50,2,0,0.9615384615384616,0.9615384615384616
./cnn/stories/d32e102f11e8daf4797d61d5af0256b1e3ae1dce.story,style,paraphrase,0,1,Paraphrase this.,18,18,0,0,1.0,1.0
./cnn/stories/d32e102f11e8daf4797d61d5af0256b1e3ae1dce.story,style,paraphrase,0,2,Paraphrase this.,16,16,0,0,1.0,1.0
./cnn/stories/d32e102f11e8daf4797d61d5af0256b1e3ae1dce.story,style,paraphrase,0,3,Paraphrase this.,19,18,1,0,0.9473684210526315,0.9473684210526315
./cnn/stories/d32e102f11e8daf4797d61d5af0256b1e3ae1dce.story,style,paraphrase,1,1,Reword this text.,46,45,1,0,0.9782608695652174,0.9782608695652174
./cnn/stories/d32e102f11e8daf4797d61d5af0256b1e3ae1dce.story,style,paraphrase,1,2,Reword this text.,41,40,1,0,0.975609756097561,0.975609756097561
./cnn/stories/d32e102f11e8daf4797d61d5af0256b1e3ae1dce.story,style,paraphrase,1,3,Reword this text.,37,36,1,0,0.972972972972973,0.972972972972973
./cnn/stories/d32e102f11e8daf4797d61d5af0256b1e3ae1dce.story,style,paraphrase,2,1,Use different wording.,55,53,2,0,0.9636363636363636,0.9636363636363636
./cnn/stories/d32e102f11e8daf4797d61d5af0256b1e3ae1dce.story,style,paraphrase,2,2,Use different wording.,39,37,2,0,0.9487179487179487,0.9487179487179487
./cnn/stories/d32e102f11e8daf4797d61d5af0256b1e3ae1dce.story,style,paraphrase,2,3,Use different wording.,36,35,1,0,0.9722222222222222,0.9722222222222222
./cnn/stories/d9ea64de844086c1430636ce80cd2849e3fb25e7.story,content,elaborate,0,1,"Elaborate on the content, adding relevant details while staying faithful to the source text.",35,32,3,0,0.9142857142857143,0.9142857142857143
./cnn/stories/d9ea64de844086c1430636ce80cd2849e3fb25e7.story,content,elaborate,0,2,"Elaborate on the content, adding relevant details while staying faithful to the source text.",42,39,3,0,0.9285714285714286,0.9285714285714286
./cnn/stories/d9ea64de844086c1430636ce80cd2849e3fb25e7.story,content,elaborate,0,3,"Elaborate on the content, adding relevant details while staying faithful to the source text.",50,47,3,0,0.94,0.94
./cnn/stories/d9ea64de844086c1430636ce80cd2849e3fb25e7.story,content,elaborate,1,1,"Expand the text with more context, without introducing information that is not supported by the original.",29,27,2,0,0.9310344827586207,0.9310344827586207
./cnn/stories/d9ea64de844086c1430636ce80cd2849e3fb25e7.story,content,elaborate,1,2,"Expand the text with more context, without introducing information that is not supported by the original.",33,32,1,0,0.9696969696969697,0.9696969696969697
./cnn/stories/d9ea64de844086c1430636ce80cd2849e3fb25e7.story,content,elaborate,1,3,"Expand the text with more context, without introducing information that is not supported by the original.",43,42,1,0,0.9767441860465116,0.9767441860465116
./cnn/stories/d9ea64de844086c1430636ce80cd2849e3fb25e7.story,content,elaborate,2,1,"Add more detail, keeping every fact grounded in the source material.",36,35,1,0,0.9722222222222222,0.9722222222222222
./cnn/stories/d9ea64de844086c1430636ce80cd2849e3fb25e7.story,content,elaborate,2,2,"Add more detail, keeping every fact grounded in the source material.",31,31,0,0,1.0,1.0
./cnn/stories/d9ea64de844086c1430636ce80cd2849e3fb25e7.story,content,elaborate,2,3,"Add more detail, keeping every fact grounded in the source material.",34,33,1,0,0.9705882352941176,0.9705882352941176
./cnn/stories/d9ea64de844086c1430636ce80cd2849e3fb25e7.story,content,shorten,0,1,Make wording more concise.,23,23,0,0,1.0,1.0
./cnn/stories/d9ea64de844086c1430636ce80cd2849e3fb25e7.story,content,shorten,0,2,Make wording more concise.,14,13,1,0,0.9285714285714286,0.9285714285714286
./cnn/stories/d9ea64de844086c1430636ce80cd2849e3fb25e7.story,content,shorten,0,3,Make wording more concise.,16,16,0,0,1.0,1.0
./cnn/stories/d9ea64de844086c1430636ce80cd2849e3fb25e7.story,content,shorten,1,1,Rephrase for clarity and conciseness.,16,15,1,0,0.9375,0.9375
./cnn/stories/d9ea64de844086c1430636ce80cd2849e3fb25e7.story,content,shorten,1,2,Rephrase for clarity and conciseness.,11,9,2,0,0.8181818181818182,0.8181818181818182
./cnn/stories/d9ea64de844086c1430636ce80cd2849e3fb25e7.story,content,shorten,1,3,Rephrase for clarity and conciseness.,9,8,1,0,0.8888888888888888,0.7999999999999999
./cnn/stories/d9ea64de844086c1430636ce80cd2849e3fb25e7.story,content,shorten,2,1,"Improve accuracy, clarity, and conciseness of language.",18,16,2,0,0.8888888888888888,0.8888888888888888
./cnn/stories/d9ea64de844086c1430636ce80cd2849e3fb25e7.story,content,shorten,2,2,"Improve accuracy, clarity, and conciseness of language.",25,22,3,0,0.88,0.88
./cnn/stories/d9ea64de844086c1430636ce80cd2849e3fb25e7.story,content,shorten,2,3,"Improve accuracy, clarity, and conciseness of language.",19,19,0,0,1.0,1.0
./cnn/stories/d9ea64de844086c1430636ce80cd2849e3fb25e7.story,style,formality,0,1,Make the text more formal.,25,25,0,0,1.0,1.0
./cnn/stories/d9ea64de844086c1430636ce80cd2849e3fb25e7.story,style,formality,0,2,Make the text more formal.,27,27,0,0,1.0,1.0
./cnn/stories/d9ea64de844086c1430636ce80cd2849e3fb25e7.story,style,formality,0,3,Make the text more formal.,27,27,0,0,1.0,1.0
./cnn/stories/d9ea64de844086c1430636ce80cd2849e3fb25e7.story,style,formality,1,1,Rephrase it to be more formal.,30,30,0,0,1.0,1.0
./cnn/stories/d9ea64de844086c1430636ce80cd2849e3fb25e7.story,style,formality,1,2,Rephrase it to be more formal.,34,33,1,0,0.9705882352941176,0.9705882352941176
./cnn/stories/d9ea64de844086c1430636ce80cd2849e3fb25e7.story,style,formality,1,3,Rephrase it to be more formal.,32,31,1,0,0.96875,0.96875
./cnn/stories/d9ea64de844086c1430636ce80cd2849e3fb25e7.story,style,formality,2,1,"Too conversational, rephrase it to be more formal.",28,28,0,0,1.0,1.0
./cnn/stories/d9ea64de844086c1430636ce80cd2849e3fb25e7.story,style,formality,2,2,"Too conversational, rephrase it to be more formal.",30,28,2,0,0.9333333333333333,0.9333333333333333
./cnn/stories/d9ea64de844086c1430636ce80cd2849e3fb25e7.story,style,formality,2,3,"Too conversational, rephrase it to be more formal.",27,25,2,0,0.9259259259259259,0.9259259259259259
./cnn/stories/d9ea64de844086c1430636ce80cd2849e3fb25e7.story,style,paraphrase,0,1,Paraphrase this.,19,17,2,0,0.8947368421052632,0.8947368421052632
./cnn/stories/d9ea64de844086c1430636ce80cd2849e3fb25e7.story,style,paraphrase,0,2,Paraphrase this.,14,12,2,0,0.8571428571428571,0.8571428571428571
./cnn/stories/d9ea64de844086c1430636ce80cd2849e3fb25e7.story,style,paraphrase,0,3,Paraphrase this.,17,15,2,0,0.8823529411764706,0.8823529411764706
./cnn/stories/d9ea64de844086c1430636ce80cd2849e3fb25e7.story,style,paraphrase,1,1,Reword this text.,20,19,1,0,0.95,0.95
./cnn/stories/d9ea64de844086c1430636ce80cd2849e3fb25e7.story,style,paraphrase,1,2,Reword this text.,22,22,0,0,1.0,1.0
./cnn/stories/d9ea64de844086c1430636ce80cd2849e3fb25e7.story,style,paraphrase,1,3,Reword this text.,20,20,0,0,1.0,1.0
./cnn/stories/d9ea64de844086c1430636ce80cd2849e3fb25e7.story,style,paraphrase,2,1,Use different wording.,28,27,1,0,0.9642857142857143,0.9642857142857143
./cnn/stories/d9ea64de844086c1430636ce80cd2849e3fb25e7.story,style,paraphrase,2,2,Use different wording.,31,27,4,0,0.8709677419354839,0.8709677419354839
./cnn/stories/d9ea64de844086c1430636ce80cd2849e3fb25e7.story,style,paraphrase,2,3,Use different wording.,27,24,3,0,0.8888888888888888,0.8888888888888888
./cnn/stories/dd0c91321b10ce166b82bc566994556b334c9f19.story,content,elaborate,0,1,"Elaborate on the content, adding relevant details while staying faithful to the source text.",69,66,3,0,0.9565217391304348,0.9565217391304348
./cnn/stories/dd0c91321b10ce166b82bc566994556b334c9f19.story,content,elaborate,0,2,"Elaborate on the content, adding relevant details while staying faithful to the source text.",63,60,3,0,0.9523809523809523,0.9523809523809523
./cnn/stories/dd0c91321b10ce166b82bc566994556b334c9f19.story,content,elaborate,0,3,"Elaborate on the content, adding relevant details while staying faithful to the source text.",69,66,3,0,0.9565217391304348,0.9565217391304348
./cnn/stories/dd0c91321b10ce166b82bc566994556b334c9f19.story,content,elaborate,1,1,"Expand the text with more context, without introducing information that is not supported by the original.",85,82,3,0,0.9647058823529412,0.9647058823529412
./cnn/stories/dd0c91321b10ce166b82bc566994556b334c9f19.story,content,elaborate,1,2,"Expand the text with more context, without introducing information that is not supported by the original.",77,73,4,0,0.948051948051948,0.948051948051948
./cnn/stories/dd0c91321b10ce166b82bc566994556b334c9f19.story,content,elaborate,1,3,"Expand the text with more context, without introducing information that is not supported by the original.",75,70,5,0,0.9333333333333333,0.9333333333333333
./cnn/stories/dd0c91321b10ce166b82bc566994556b334c9f19.story,content,elaborate,2,1,"Add more detail, keeping every fact grounded in the source material.",91,88,3,0,0.967032967032967,0.967032967032967
./cnn/stories/dd0c91321b10ce166b82bc566994556b334c9f19.story,content,elaborate,2,2,"Add more detail, keeping every fact grounded in the source material.",98,94,4,0,0.9591836734693877,0.9591836734693877
./cnn/stories/dd0c91321b10ce166b82bc566994556b334c9f19.story,content,elaborate,2,3,"Add more detail, keeping every fact grounded in the source material.",65,63,2,0,0.9692307692307692,0.9692307692307692
./cnn/stories/dd0c91321b10ce166b82bc566994556b334c9f19.story,content,shorten,0,1,Make wording more concise.,32,30,2,0,0.9375,0.9375
./cnn/stories/dd0c91321b10ce166b82bc566994556b334c9f19.story,content,shorten,0,2,Make wording more concise.,31,29,2,0,0.9354838709677419,0.9354838709677419
./cnn/stories/dd0c91321b10ce166b82bc566994556b334c9f19.story,content,shorten,0,3,Make wording more concise.,27,26,1,0,0.9629629629629629,0.9629629629629629
./cnn/stories/dd0c91321b10ce166b82bc566994556b334c9f19.story,content,shorten,1,1,Rephrase for clarity and conciseness.,20,20,0,0,1.0,1.0
./cnn/stories/dd0c91321b10ce166b82bc566994556b334c9f19.story,content,shorten,1,2,Rephrase for clarity and conciseness.,19,19,0,0,1.0,1.0
./cnn/stories/dd0c91321b10ce166b82bc566994556b334c9f19.story,content,shorten,1,3,Rephrase for clarity and conciseness.,19,18,1,0,0.9473684210526315,0.9473684210526315
./cnn/stories/dd0c91321b10ce166b82bc566994556b334c9f19.story,content,shorten,2,1,"Improve accuracy, clarity, and conciseness of language.",41,41,0,0,1.0,1.0
./cnn/stories/dd0c91321b10ce166b82bc566994556b334c9f19.story,content,shorten,2,2,"Improve accuracy, clarity, and conciseness of language.",34,32,2,0,0.9411764705882353,0.9411764705882353
./cnn/stories/dd0c91321b10ce166b82bc566994556b334c9f19.story,content,shorten,2,3,"Improve accuracy, clarity, and conciseness of language.",30,30,0,0,1.0,1.0
./cnn/stories/dd0c91321b10ce166b82bc566994556b334c9f19.story,style,formality,0,1,Make the text more formal.,76,74,2,0,0.9736842105263158,0.9736842105263158
./cnn/stories/dd0c91321b10ce166b82bc566994556b334c9f19.story,style,formality,0,2,Make the text more formal.,74,68,6,0,0.918918918918919,0.918918918918919
./cnn/stories/dd0c91321b10ce166b82bc566994556b334c9f19.story,style,formality,0,3,Make the text more formal.,77,72,5,0,0.935064935064935,0.935064935064935
./cnn/stories/dd0c91321b10ce166b82bc566994556b334c9f19.story,style,formality,1,1,Rephrase it to be more formal.,64,64,0,0,1.0,1.0
./cnn/stories/dd0c91321b10ce166b82bc566994556b334c9f19.story,style,formality,1,2,Rephrase it to be more formal.,61,58,3,0,0.9508196721311475,0.9508196721311475
./cnn/stories/dd0c91321b10ce166b82bc566994556b334c9f19.story,style,formality,1,3,Rephrase it to be more formal.,69,67,2,0,0.9710144927536232,0.9710144927536232
./cnn/stories/dd0c91321b10ce166b82bc566994556b334c9f19.story,style,formality,2,1,"Too conversational, rephrase it to be more formal.",87,84,3,0,0.9655172413793104,0.9655172413793104
./cnn/stories/dd0c91321b10ce166b82bc566994556b334c9f19.story,style,formality,2,2,"Too conversational, rephrase it to be more formal.",80,75,5,0,0.9375,0.9375
./cnn/stories/dd0c91321b10ce166b82bc566994556b334c9f19.story,style,formality,2,3,"Too conversational, rephrase it to be more formal.",85,82,3,0,0.9647058823529412,0.9647058823529412
./cnn/stories/dd0c91321b10ce166b82bc566994556b334c9f19.story,style,paraphrase,0,1,Paraphrase this.,47,47,0,0,1.0,1.0
./cnn/stories/dd0c91321b10ce166b82bc566994556b334c9f19.story,style,paraphrase,0,2,Paraphrase this.,44,42,2,0,0.9545454545454546,0.9545454545454546
./cnn/stories/dd0c91321b10ce166b82bc566994556b334c9f19.story,style,paraphrase,0,3,Paraphrase this.,45,44,1,0,0.9777777777777777,0.9777777777777777
./cnn/stories/dd0c91321b10ce166b82bc566994556b334c9f19.story,style,paraphrase,1,1,Reword this text.,43,41,2,0,0.9534883720930233,0.9534883720930233
./cnn/stories/dd0c91321b10ce166b82bc566994556b334c9f19.story,style,paraphrase,1,2,Reword this text.,41,40,1,0,0.975609756097561,0.975609756097561
./cnn/stories/dd0c91321b10ce166b82bc566994556b334c9f19.story,style,paraphrase,1,3,Reword this text.,38,36,2,0,0.9473684210526315,0.9473684210526315
./cnn/stories/dd0c91321b10ce166b82bc566994556b334c9f19.story,style,paraphrase,2,1,Use different wording.,76,74,2,0,0.9736842105263158,0.9736842105263158
./cnn/stories/dd0c91321b10ce166b82bc566994556b334c9f19.story,style,paraphrase,2,2,Use different wording.,69,66,3,0,0.9565217391304348,0.9565217391304348
./cnn/stories/dd0c91321b10ce166b82bc566994556b334c9f19.story,style,paraphrase,2,3,Use different wording.,69,67,2,0,0.9710144927536232,0.9710144927536232
./cnn/stories/dddcf4ea66a65993902f9a63b3e294dc1db04d45.story,content,elaborate,0,1,"Elaborate on the content, adding relevant details while staying faithful to the source text.",44,43,1,0,0.9772727272727273,0.9772727272727273
./cnn/stories/dddcf4ea66a65993902f9a63b3e294dc1db04d45.story,content,elaborate,0,2,"Elaborate on the content, adding relevant details while staying faithful to the source text.",51,47,4,0,0.9215686274509803,0.9215686274509803
./cnn/stories/dddcf4ea66a65993902f9a63b3e294dc1db04d45.story,content,elaborate,0,3,"Elaborate on the content, adding relevant details while staying faithful to the source text.",64,61,3,0,0.953125,0.953125
./cnn/stories/dddcf4ea66a65993902f9a63b3e294dc1db04d45.story,content,elaborate,1,1,"Expand the text with more context, without introducing information that is not supported by the original.",42,42,0,0,1.0,1.0
./cnn/stories/dddcf4ea66a65993902f9a63b3e294dc1db04d45.story,content,elaborate,1,2,"Expand the text with more context, without introducing information that is not supported by the original.",32,32,0,0,1.0,1.0
./cnn/stories/dddcf4ea66a65993902f9a63b3e294dc1db04d45.story,content,elaborate,1,3,"Expand the text with more context, without introducing information that is not supported by the original.",32,31,1,0,0.96875,0.96875
./cnn/stories/dddcf4ea66a65993902f9a63b3e294dc1db04d45.story,content,elaborate,2,1,"Add more detail, keeping every fact grounded in the source material.",35,34,1,0,0.9714285714285714,0.9714285714285714
./cnn/stories/dddcf4ea66a65993902f9a63b3e294dc1db04d45.story,content,elaborate,2,2,"Add more detail, keeping every fact grounded in the source material.",38,37,1,0,0.9736842105263158,0.9736842105263158
./cnn/stories/dddcf4ea66a65993902f9a63b3e294dc1db04d45.story,content,elaborate,2,3,"Add more detail, keeping every fact grounded in the source material.",42,38,4,0,0.9047619047619048,0.9047619047619048
./cnn/stories/dddcf4ea66a65993902f9a63b3e294dc1db04d45.story,content,shorten,0,1,Make wording more concise.,17,17,0,0,1.0,1.0
./cnn/stories/dddcf4ea66a65993902f9a63b3e294dc1db04d45.story,content,shorten,0,2,Make wording more concise.,22,22,0,0,1.0,1.0
./cnn/stories/dddcf4ea66a65993902f9a63b3e294dc1db04d45.story,content,shorten,0,3,Make wording more concise.,21,21,0,0,1.0,1.0
./cnn/stories/dddcf4ea66a65993902f9a63b3e294dc1db04d45.story,content,shorten,1,1,Rephrase for clarity and conciseness.,26,26,0,0,1.0,1.0
./cnn/stories/dddcf4ea66a65993902f9a63b3e294dc1db04d45.story,content,shorten,1,2,Rephrase for clarity and conciseness.,20,20,0,0,1.0,1.0
./cnn/stories/dddcf4ea66a65993902f9a63b3e294dc1db04d45.story,content,shorten,1,3,Rephrase for clarity and conciseness.,20,20,0,0,1.0,1.0
./cnn/stories/dddcf4ea66a65993902f9a63b3e294dc1db04d45.story,content,shorten,2,1,"Improve accuracy, clarity, and conciseness of language.",27,26,1,0,0.9629629629629629,0.9629629629629629
./cnn/stories/dddcf4ea66a65993902f9a63b3e294dc1db04d45.story,content,shorten,2,2,"Improve accuracy, clarity, and conciseness of language.",25,25,0,0,1.0,1.0
./cnn/stories/dddcf4ea66a65993902f9a63b3e294dc1db04d45.story,content,shorten,2,3,"Improve accuracy, clarity, and conciseness of language.",25,25,0,0,1.0,1.0
./cnn/stories/dddcf4ea66a65993902f9a63b3e294dc1db04d45.story,style,formality,0,1,Make the text more formal.,31,31,0,0,1.0,1.0
./cnn/stories/dddcf4ea66a65993902f9a63b3e294dc1db04d45.story,style,formality,0,2,Make the text more formal.,42,42,0,0,1.0,1.0
./cnn/stories/dddcf4ea66a65993902f9a63b3e294dc1db04d45.story,style,formality,0,3,Make the text more formal.,32,32,0,0,1.0,1.0
./cnn/stories/dddcf4ea66a65993902f9a63b3e294dc1db04d45.story,style,formality,1,1,Rephrase it to be more formal.,47,47,0,0,1.0,1.0
./cnn/stories/dddcf4ea66a65993902f9a63b3e294dc1db04d45.story,style,formality,1,2,Rephrase it to be more formal.,49,49,0,0,1.0,1.0
./cnn/stories/dddcf4ea66a65993902f9a63b3e294dc1db04d45.story,style,formality,1,3,Rephrase it to be more formal.,49,46,3,0,0.9387755102040817,0.9387755102040817
./cnn/stories/dddcf4ea66a65993902f9a63b3e294dc1db04d45.story,style,formality,2,1,"Too conversational, rephrase it to be more formal.",43,43,0,0,1.0,1.0
./cnn/stories/dddcf4ea66a65993902f9a63b3e294dc1db04d45.story,style,formality,2,2,"Too conversational, rephrase it to be more formal.",37,37,0,0,1.0,1.0
./cnn/stories/dddcf4ea66a65993902f9a63b3e294dc1db04d45.story,style,formality,2,3,"Too conversational, rephrase it to be more formal.",42,39,3,0,0.9285714285714286,0.9285714285714286
./cnn/stories/dddcf4ea66a65993902f9a63b3e294dc1db04d45.story,style,paraphrase,0,1,Paraphrase this.,31,31,0,0,1.0,1.0
./cnn/stories/dddcf4ea66a65993902f9a63b3e294dc1db04d45.story,style,paraphrase,0,2,Paraphrase this.,40,39,1,0,0.975,0.975
./cnn/stories/dddcf4ea66a65993902f9a63b3e294dc1db04d45.story,style,paraphrase,0,3,Paraphrase this.,30,29,1,0,0.9666666666666667,0.9666666666666667
./cnn/stories/dddcf4ea66a65993902f9a63b3e294dc1db04d45.story,style,paraphrase,1,1,Reword this text.,38,38,0,0,1.0,1.0
./cnn/stories/dddcf4ea66a65993902f9a63b3e294dc1db04d45.story,style,paraphrase,1,2,Reword this text.,36,36,0,0,1.0,1.0
./cnn/stories/dddcf4ea66a65993902f9a63b3e294dc1db04d45.story,style,paraphrase,1,3,Reword this text.,39,38,1,0,0.9743589743589743,0.9743589743589743
./cnn/stories/dddcf4ea66a65993902f9a63b3e294dc1db04d45.story,style,paraphrase,2,1,Use different wording.,41,40,1,0,0.975609756097561,0.975609756097561
./cnn/stories/dddcf4ea66a65993902f9a63b3e294dc1db04d45.story,style,paraphrase,2,2,Use different wording.,44,44,0,0,1.0,1.0
./cnn/stories/dddcf4ea66a65993902f9a63b3e294dc1db04d45.story,style,paraphrase,2,3,Use different wording.,41,40,1,0,0.975609756097561,0.975609756097561
./cnn/stories/e2c03b6485be15913dd0829b548c92cc75ff5b7c.story,content,elaborate,0,1,"Elaborate on the content, adding relevant details while staying faithful to the source text.",25,25,0,0,1.0,1.0
./cnn/stories/e2c03b6485be15913dd0829b548c92cc75ff5b7c.story,content,elaborate,0,2,"Elaborate on the content, adding relevant details while staying faithful to the source text.",41,40,1,0,0.975609756097561,0.975609756097561
./cnn/stories/e2c03b6485be15913dd0829b548c92cc75ff5b7c.story,content,elaborate,0,3,"Elaborate on the content, adding relevant details while staying faithful to the source text.",63,63,0,0,1.0,1.0
./cnn/stories/e2c03b6485be15913dd0829b548c92cc75ff5b7c.story,content,elaborate,1,1,"Expand the text with more context, without introducing information that is not supported by the original.",27,27,0,0,1.0,1.0
./cnn/stories/e2c03b6485be15913dd0829b548c92cc75ff5b7c.story,content,elaborate,1,2,"Expand the text with more context, without introducing information that is not supported by the original.",27,27,0,0,1.0,1.0
./cnn/stories/e2c03b6485be15913dd0829b548c92cc75ff5b7c.story,content,elaborate,1,3,"Expand the text with more context, without introducing information that is not supported by the original.",30,29,1,0,0.9666666666666667,0.9666666666666667
./cnn/stories/e2c03b6485be15913dd0829b548c92cc75ff5b7c.story,content,elaborate,2,1,"Add more detail, keeping every fact grounded in the source material.",32,31,1,0,0.96875,0.96875
./cnn/stories/e2c03b6485be15913dd0829b548c92cc75ff5b7c.story,content,elaborate,2,2,"Add more detail, keeping every fact grounded in the source material.",32,31,1,0,0.96875,0.96875
./cnn/stories/e2c03b6485be15913dd0829b548c92cc75ff5b7c.story,content,elaborate,2,3,"Add more detail, keeping every fact grounded in the source material.",33,32,1,0,0.9696969696969697,0.9696969696969697
./cnn/stories/e2c03b6485be15913dd0829b548c92cc75ff5b7c.story,content,shorten,0,1,Make wording more concise.,20,20,0,0,1.0,1.0
./cnn/stories/e2c03b6485be15913dd0829b548c92cc75ff5b7c.story,content,shorten,0,2,Make wording more concise.,22,21,1,0,0.9545454545454546,0.9545454545454546
./cnn/stories/e2c03b6485be15913dd0829b548c92cc75ff5b7c.story,content,shorten,0,3,Make wording more concise.,20,19,1,0,0.95,0.95
./cnn/stories/e2c03b6485be15913dd0829b548c92cc75ff5b7c.story,content,shorten,1,1,Rephrase for clarity and conciseness.,22,22,0,0,1.0,1.0
./cnn/stories/e2c03b6485be15913dd0829b548c92cc75ff5b7c.story,content,shorten,1,2,Rephrase for clarity and conciseness.,23,23,0,0,1.0,1.0
./cnn/stories/e2c03b6485be15913dd0829b548c92cc75ff5b7c.story,content,shorten,1,3,Rephrase for clarity and conciseness.,20,20,0,0,1.0,1.0
./cnn/stories/e2c03b6485be15913dd0829b548c92cc75ff5b7c.story,content,shorten,2,1,"Improve accuracy, clarity, and conciseness of language.",19,19,0,0,1.0,1.0
./cnn/stories/e2c03b6485be15913dd0829b548c92cc75ff5b7c.story,content,shorten,2,2,"Improve accuracy, clarity, and conciseness of language.",17,17,0,0,1.0,1.0
./cnn/stories/e2c03b6485be15913dd0829b548c92cc75ff5b7c.story,content,shorten,2,3,"Improve accuracy, clarity, and conciseness of language.",17,17,0,0,1.0,1.0
./cnn/stories/e2c03b6485be15913dd0829b548c92cc75ff5b7c.story,style,formality,0,1,Make the text more formal.,30,30,0,0,1.0,1.0
./cnn/stories/e2c03b6485be15913dd0829b548c92cc75ff5b7c.story,style,formality,0,2,Make the text more formal.,36,36,0,0,1.0,1.0
./cnn/stories/e2c03b6485be15913dd0829b548c92cc75ff5b7c.story,style,formality,0,3,Make the text more formal.,30,30,0,0,1.0,1.0
./cnn/stories/e2c03b6485be15913dd0829b548c92cc75ff5b7c.story,style,formality,1,1,Rephrase it to be more formal.,28,28,0,0,1.0,1.0
./cnn/stories/e2c03b6485be15913dd0829b548c92cc75ff5b7c.story,style,formality,1,2,Rephrase it to be more formal.,35,32,3,0,0.9142857142857143,0.9142857142857143
./cnn/stories/e2c03b6485be15913dd0829b548c92cc75ff5b7c.story,style,formality,1,3,Rephrase it to be more formal.,31,31,0,0,1.0,1.0
./cnn/stories/e2c03b6485be15913dd0829b548c92cc75ff5b7c.story,style,formality,2,1,"Too conversational, rephrase it to be more formal.",28,27,1,0,0.9642857142857143,0.9642857142857143
./cnn/stories/e2c03b6485be15913dd0829b548c92cc75ff5b7c.story,style,formality,2,2,"Too conversational, rephrase it to be more formal.",30,30,0,0,1.0,1.0
./cnn/stories/e2c03b6485be15913dd0829b548c92cc75ff5b7c.story,style,formality,2,3,"Too conversational, rephrase it to be more formal.",27,27,0,0,1.0,1.0
./cnn/stories/e2c03b6485be15913dd0829b548c92cc75ff5b7c.story,style,paraphrase,0,1,Paraphrase this.,23,23,0,0,1.0,1.0
./cnn/stories/e2c03b6485be15913dd0829b548c92cc75ff5b7c.story,style,paraphrase,0,2,Paraphrase this.,22,22,0,0,1.0,1.0
./cnn/stories/e2c03b6485be15913dd0829b548c92cc75ff5b7c.story,style,paraphrase,0,3,Paraphrase this.,26,25,1,0,0.9615384615384616,0.9615384615384616
./cnn/stories/e2c03b6485be15913dd0829b548c92cc75ff5b7c.story,style,paraphrase,1,1,Reword this text.,27,27,0,0,1.0,1.0
./cnn/stories/e2c03b6485be15913dd0829b548c92cc75ff5b7c.story,style,paraphrase,1,2,Reword this text.,29,29,0,0,1.0,1.0
./cnn/stories/e2c03b6485be15913dd0829b548c92cc75ff5b7c.story,style,paraphrase,1,3,Reword this text.,29,29,0,0,1.0,1.0
./cnn/stories/e2c03b6485be15913dd0829b548c92cc75ff5b7c.story,style,paraphrase,2,1,Use different wording.,26,26,0,0,1.0,1.0
./cnn/stories/e2c03b6485be15913dd0829b548c92cc75ff5b7c.story,style,paraphrase,2,2,Use different wording.,30,30,0,0,1.0,1.0
./cnn/stories/e2c03b6485be15913dd0829b548c92cc75ff5b7c.story,style,paraphrase,2,3,Use different wording.,27,27,0,0,1.0,1.0
./cnn/stories/e33770be4a9171047560f037832fd8cccdd079ee.story,content,elaborate,0,1,"Elaborate on the content, adding relevant details while staying faithful to the source text.",58,58,0,0,1.0,1.0
./cnn/stories/e33770be4a9171047560f037832fd8cccdd079ee.story,content,elaborate,0,2,"Elaborate on the content, adding relevant details while staying faithful to the source text.",70,68,2,0,0.9714285714285714,0.9714285714285714
./cnn/stories/e33770be4a9171047560f037832fd8cccdd079ee.story,content,elaborate,0,3,"Elaborate on the content, adding relevant details while staying faithful to the source text.",71,70,1,0,0.9859154929577465,0.9859154929577465
./cnn/stories/e33770be4a9171047560f037832fd8cccdd079ee.story,content,elaborate,1,1,"Expand the text with more context, without introducing information that is not supported by the original.",46,46,0,0,1.0,1.0
./cnn/stories/e33770be4a9171047560f037832fd8cccdd079ee.story,content,elaborate,1,2,"Expand the text with more context, without introducing information that is not supported by the original.",51,51,0,0,1.0,1.0
./cnn/stories/e33770be4a9171047560f037832fd8cccdd079ee.story,content,elaborate,1,3,"Expand the text with more context, without introducing information that is not supported by the original.",42,42,0,0,1.0,1.0
./cnn/stories/e33770be4a9171047560f037832fd8cccdd079ee.story,content,elaborate,2,1,"Add more detail, keeping every fact grounded in the source material.",56,56,0,0,1.0,1.0
./cnn/stories/e33770be4a9171047560f037832fd8cccdd079ee.story,content,elaborate,2,2,"Add more detail, keeping every fact grounded in the source material.",60,60,0,0,1.0,1.0
./cnn/stories/e33770be4a9171047560f037832fd8cccdd079ee.story,content,elaborate,2,3,"Add more detail, keeping every fact grounded in the source material.",55,55,0,0,1.0,1.0
./cnn/stories/e33770be4a9171047560f037832fd8cccdd079ee.story,content,shorten,0,1,Make wording more concise.,34,34,0,0,1.0,1.0
./cnn/stories/e33770be4a9171047560f037832fd8cccdd079ee.story,content,shorten,0,2,Make wording more concise.,36,36,0,0,1.0,1.0
./cnn/stories/e33770be4a9171047560f037832fd8cccdd079ee.story,content,shorten,0,3,Make wording more concise.,31,31,0,0,1.0,1.0
./cnn/stories/e33770be4a9171047560f037832fd8cccdd079ee.story,content,shorten,1,1,Rephrase for clarity and conciseness.,34,34,0,0,1.0,1.0
./cnn/stories/e33770be4a9171047560f037832fd8cccdd079ee.story,content,shorten,1,2,Rephrase for clarity and conciseness.,32,31,1,0,0.96875,0.96875
./cnn/stories/e33770be4a9171047560f037832fd8cccdd079ee.story,content,shorten,1,3,Rephrase for clarity and conciseness.,34,34,0,0,1.0,1.0
./cnn/stories/e33770be4a9171047560f037832fd8cccdd079ee.story,content,shorten,2,1,"Improve accuracy, clarity, and conciseness of language.",49,46,3,0,0.9387755102040817,0.9387755102040817
./cnn/stories/e33770be4a9171047560f037832fd8cccdd079ee.story,content,shorten,2,2,"Improve accuracy, clarity, and conciseness of language.",34,34,0,0,1.0,1.0
./cnn/stories/e33770be4a9171047560f037832fd8cccdd079ee.story,content,shorten,2,3,"Improve accuracy, clarity, and conciseness of language.",35,35,0,0,1.0,1.0
./cnn/stories/e33770be4a9171047560f037832fd8cccdd079ee.story,style,formality,0,1,Make the text more formal.,58,53,5,0,0.9137931034482759,0.9137931034482759
./cnn/stories/e33770be4a9171047560f037832fd8cccdd079ee.story,style,formality,0,2,Make the text more formal.,61,57,4,0,0.9344262295081968,0.9344262295081968
./cnn/stories/e33770be4a9171047560f037832fd8cccdd079ee.story,style,formality,0,3,Make the text more formal.,59,54,5,0,0.9152542372881356,0.9152542372881356
./cnn/stories/e33770be4a9171047560f037832fd8cccdd079ee.story,style,formality,1,1,Rephrase it to be more formal.,48,48,0,0,1.0,1.0
./cnn/stories/e33770be4a9171047560f037832fd8cccdd079ee.story,style,formality,1,2,Rephrase it to be more formal.,52,51,1,0,0.9807692307692307,0.9807692307692307
./cnn/stories/e33770be4a9171047560f037832fd8cccdd079ee.story,style,formality,1,3,Rephrase it to be more formal.,61,61,0,0,1.0,1.0
./cnn/stories/e33770be4a9171047560f037832fd8cccdd079ee.story,style,formality,2,1,"Too conversational, rephrase it to be more formal.",52,52,0,0,1.0,1.0
./cnn/stories/e33770be4a9171047560f037832fd8cccdd079ee.story,style,formality,2,2,"Too conversational, rephrase it to be more formal.",47,47,0,0,1.0,1.0
./cnn/stories/e33770be4a9171047560f037832fd8cccdd079ee.story,style,formality,2,3,"Too conversational, rephrase it to be more formal.",53,53,0,0,1.0,1.0
./cnn/stories/e33770be4a9171047560f037832fd8cccdd079ee.story,style,paraphrase,0,1,Paraphrase this.,49,49,0,0,1.0,1.0
./cnn/stories/e33770be4a9171047560f037832fd8cccdd079ee.story,style,paraphrase,0,2,Paraphrase this.,53,53,0,0,1.0,1.0
./cnn/stories/e33770be4a9171047560f037832fd8cccdd079ee.story,style,paraphrase,0,3,Paraphrase this.,59,59,0,0,1.0,1.0
./cnn/stories/e33770be4a9171047560f037832fd8cccdd079ee.story,style,paraphrase,1,1,Reword this text.,33,30,3,0,0.9090909090909091,0.9090909090909091
./cnn/stories/e33770be4a9171047560f037832fd8cccdd079ee.story,style,paraphrase,1,2,Reword this text.,35,35,0,0,1.0,1.0
./cnn/stories/e33770be4a9171047560f037832fd8cccdd079ee.story,style,paraphrase,1,3,Reword this text.,31,28,3,0,0.9032258064516129,0.9032258064516129
./cnn/stories/e33770be4a9171047560f037832fd8cccdd079ee.story,style,paraphrase,2,1,Use different wording.,77,77,0,0,1.0,1.0
./cnn/stories/e33770be4a9171047560f037832fd8cccdd079ee.story,style,paraphrase,2,2,Use different wording.,45,45,0,0,1.0,1.0
./cnn/stories/e33770be4a9171047560f037832fd8cccdd079ee.story,style,paraphrase,2,3,Use different wording.,52,50,2,0,0.9615384615384616,0.9615384615384616
./cnn/stories/e57030df902c8e2413762b34c13ce023057759ff.story,content,elaborate,0,1,"Elaborate on the content, adding relevant details while staying faithful to the source text.",38,36,2,0,0.9473684210526315,0.9473684210526315
./cnn/stories/e57030df902c8e2413762b34c13ce023057759ff.story,content,elaborate,0,2,"Elaborate on the content, adding relevant details while staying faithful to the source text.",36,33,3,0,0.9166666666666666,0.9166666666666666
./cnn/stories/e57030df902c8e2413762b34c13ce023057759ff.story,content,elaborate,0,3,"Elaborate on the content, adding relevant details while staying faithful to the source text.",38,37,1,0,0.9736842105263158,0.9736842105263158
./cnn/stories/e57030df902c8e2413762b34c13ce023057759ff.story,content,elaborate,1,1,"Expand the text with more context, without introducing information that is not supported by the original.",32,32,0,0,1.0,1.0
./cnn/stories/e57030df902c8e2413762b34c13ce023057759ff.story,content,elaborate,1,2,"Expand the text with more context, without introducing information that is not supported by the original.",29,28,1,0,0.9655172413793104,0.9655172413793104
./cnn/stories/e57030df902c8e2413762b34c13ce023057759ff.story,content,elaborate,1,3,"Expand the text with more context, without introducing information that is not supported by the original.",26,26,0,0,1.0,1.0
./cnn/stories/e57030df902c8e2413762b34c13ce023057759ff.story,content,elaborate,2,1,"Add more detail, keeping every fact grounded in the source material.",27,27,0,0,1.0,1.0
./cnn/stories/e57030df902c8e2413762b34c13ce023057759ff.story,content,elaborate,2,2,"Add more detail, keeping every fact grounded in the source material.",29,28,1,0,0.9655172413793104,0.9655172413793104
./cnn/stories/e57030df902c8e2413762b34c13ce023057759ff.story,content,elaborate,2,3,"Add more detail, keeping every fact grounded in the source material.",29,28,1,0,0.9655172413793104,0.9655172413793104
./cnn/stories/e57030df902c8e2413762b34c13ce023057759ff.story,content,shorten,0,1,Make wording more concise.,17,17,0,0,1.0,1.0
./cnn/stories/e57030df902c8e2413762b34c13ce023057759ff.story,content,shorten,0,2,Make wording more concise.,14,14,0,0,1.0,1.0
./cnn/stories/e57030df902c8e2413762b34c13ce023057759ff.story,content,shorten,0,3,Make wording more concise.,14,14,0,0,1.0,1.0
./cnn/stories/e57030df902c8e2413762b34c13ce023057759ff.story,content,shorten,1,1,Rephrase for clarity and conciseness.,15,14,1,0,0.9333333333333333,0.9333333333333333
./cnn/stories/e57030df902c8e2413762b34c13ce023057759ff.story,content,shorten,1,2,Rephrase for clarity and conciseness.,17,16,1,0,0.9411764705882353,0.9411764705882353
./cnn/stories/e57030df902c8e2413762b34c13ce023057759ff.story,content,shorten,1,3,Rephrase for clarity and conciseness.,13,13,0,0,1.0,1.0
./cnn/stories/e57030df902c8e2413762b34c13ce023057759ff.story,content,shorten,2,1,"Improve accuracy, clarity, and conciseness of language.",24,24,0,0,1.0,1.0
./cnn/stories/e57030df902c8e2413762b34c13ce023057759ff.story,content,shorten,2,2,"Improve accuracy, clarity, and conciseness of language.",20,20,0,0,1.0,1.0
./cnn/stories/e57030df902c8e2413762b34c13ce023057759ff.story,content,shorten,2,3,"Improve accuracy, clarity, and conciseness of language.",24,24,0,0,1.0,1.0
./cnn/stories/e57030df902c8e2413762b34c13ce023057759ff.story,style,formality,0,1,Make the text more formal.,35,35,0,0,1.0,1.0
./cnn/stories/e57030df902c8e2413762b34c13ce023057759ff.story,style,formality,0,2,Make the text more formal.,40,40,0,0,1.0,1.0
./cnn/stories/e57030df902c8e2413762b34c13ce023057759ff.story,style,formality,0,3,Make the text more formal.,35,35,0,0,1.0,1.0
./cnn/stories/e57030df902c8e2413762b34c13ce023057759ff.story,style,formality,1,1,Rephrase it to be more formal.,31,31,0,0,1.0,1.0
./cnn/stories/e57030df902c8e2413762b34c13ce023057759ff.story,style,formality,1,2,Rephrase it to be more formal.,30,30,0,0,1.0,1.0
./cnn/stories/e57030df902c8e2413762b34c13ce023057759ff.story,style,formality,1,3,Rephrase it to be more formal.,26,26,0,0,1.0,1.0
./cnn/stories/e57030df902c8e2413762b34c13ce023057759ff.story,style,formality,2,1,"Too conversational, rephrase it to be more formal.",25,25,0,0,1.0,1.0
./cnn/stories/e57030df902c8e2413762b34c13ce023057759ff.story,style,formality,2,2,"Too conversational, rephrase it to be more formal.",26,26,0,0,1.0,1.0
./cnn/stories/e57030df902c8e2413762b34c13ce023057759ff.story,style,formality,2,3,"Too conversational, rephrase it to be more formal.",25,25,0,0,1.0,1.0
./cnn/stories/e57030df902c8e2413762b34c13ce023057759ff.story,style,paraphrase,0,1,Paraphrase this.,20,20,0,0,1.0,1.0
./cnn/stories/e57030df902c8e2413762b34c13ce023057759ff.story,style,paraphrase,0,2,Paraphrase this.,23,23,0,0,1.0,1.0
./cnn/stories/e57030df902c8e2413762b34c13ce023057759ff.story,style,paraphrase,0,3,Paraphrase this.,23,23,0,0,1.0,1.0
./cnn/stories/e57030df902c8e2413762b34c13ce023057759ff.story,style,paraphrase,1,1,Reword this text.,24,24,0,0,1.0,1.0
./cnn/stories/e57030df902c8e2413762b34c13ce023057759ff.story,style,paraphrase,1,2,Reword this text.,24,24,0,0,1.0,1.0
./cnn/stories/e57030df902c8e2413762b34c13ce023057759ff.story,style,paraphrase,1,3,Reword this text.,25,25,0,0,1.0,1.0
./cnn/stories/e57030df902c8e2413762b34c13ce023057759ff.story,style,paraphrase,2,1,Use different wording.,23,22,1,0,0.9565217391304348,0.9565217391304348
./cnn/stories/e57030df902c8e2413762b34c13ce023057759ff.story,style,paraphrase,2,2,Use different wording.,25,22,3,0,0.88,0.88
./cnn/stories/e57030df902c8e2413762b34c13ce023057759ff.story,style,paraphrase,2,3,Use different wording.,26,24,2,0,0.9230769230769231,0.9230769230769231
./cnn/stories/e6e18ab37963a8c075a503055061a3ca6745abdc.story,content,elaborate,0,1,"Elaborate on the content, adding relevant details while staying faithful to the source text.",56,54,2,0,0.9642857142857143,0.9642857142857143
./cnn/stories/e6e18ab37963a8c075a503055061a3ca6745abdc.story,content,elaborate,0,2,"Elaborate on the content, adding relevant details while staying faithful to the source text.",55,52,3,0,0.9454545454545454,0.9454545454545454
./cnn/stories/e6e18ab37963a8c075a503055061a3ca6745abdc.story,content,elaborate,0,3,"Elaborate on the content, adding relevant details while staying faithful to the source text.",56,53,3,0,0.9464285714285714,0.9464285714285714
./cnn/stories/e6e18ab37963a8c075a503055061a3ca6745abdc.story,content,elaborate,1,1,"Expand the text with more context, without introducing information that is not supported by the original.",39,35,4,0,0.8974358974358975,0.8974358974358975
./cnn/stories/e6e18ab37963a8c075a503055061a3ca6745abdc.story,content,elaborate,1,2,"Expand the text with more context, without introducing information that is not supported by the original.",33,33,0,0,1.0,1.0
./cnn/stories/e6e18ab37963a8c075a503055061a3ca6745abdc.story,content,elaborate,1,3,"Expand the text with more context, without introducing information that is not supported by the original.",45,43,2,0,0.9555555555555556,0.9555555555555556
./cnn/stories/e6e18ab37963a8c075a503055061a3ca6745abdc.story,content,elaborate,2,1,"Add more detail, keeping every fact grounded in the source material.",40,39,1,0,0.975,0.975
./cnn/stories/e6e18ab37963a8c075a503055061a3ca6745abdc.story,content,elaborate,2,2,"Add more detail, keeping every fact grounded in the source material.",44,44,0,0,1.0,1.0
./cnn/stories/e6e18ab37963a8c075a503055061a3ca6745abdc.story,content,elaborate,2,3,"Add more detail, keeping every fact grounded in the source material.",52,50,2,0,0.9615384615384616,0.9615384615384616
./cnn/stories/e6e18ab37963a8c075a503055061a3ca6745abdc.story,content,shorten,0,1,Make wording more concise.,34,33,1,0,0.9705882352941176,0.9705882352941176
./cnn/stories/e6e18ab37963a8c075a503055061a3ca6745abdc.story,content,shorten,0,2,Make wording more concise.,27,26,1,0,0.9629629629629629,0.9629629629629629
./cnn/stories/e6e18ab37963a8c075a503055061a3ca6745abdc.story,content,shorten,0,3,Make wording more concise.,29,27,2,0,0.9310344827586207,0.9310344827586207
./cnn/stories/e6e18ab37963a8c075a503055061a3ca6745abdc.story,content,shorten,1,1,Rephrase for clarity and conciseness.,37,36,1,0,0.972972972972973,0.972972972972973
./cnn/stories/e6e18ab37963a8c075a503055061a3ca6745abdc.story,content,shorten,1,2,Rephrase for clarity and conciseness.,30,28,2,0,0.9333333333333333,0.9333333333333333
./cnn/stories/e6e18ab37963a8c075a503055061a3ca6745abdc.story,content,shorten,1,3,Rephrase for clarity and conciseness.,24,24,0,0,1.0,1.0
./cnn/stories/e6e18ab37963a8c075a503055061a3ca6745abdc.story,content,shorten,2,1,"Improve accuracy, clarity, and conciseness of language.",40,39,1,0,0.975,0.975
./cnn/stories/e6e18ab37963a8c075a503055061a3ca6745abdc.story,content,shorten,2,2,"Improve accuracy, clarity, and conciseness of language.",40,39,1,0,0.975,0.975
./cnn/stories/e6e18ab37963a8c075a503055061a3ca6745abdc.story,content,shorten,2,3,"Improve accuracy, clarity, and conciseness of language.",31,31,0,0,1.0,1.0
./cnn/stories/e6e18ab37963a8c075a503055061a3ca6745abdc.story,style,formality,0,1,Make the text more formal.,48,44,4,0,0.9166666666666666,0.9166666666666666
./cnn/stories/e6e18ab37963a8c075a503055061a3ca6745abdc.story,style,formality,0,2,Make the text more formal.,53,50,3,0,0.9433962264150944,0.9433962264150944
./cnn/stories/e6e18ab37963a8c075a503055061a3ca6745abdc.story,style,formality,0,3,Make the text more formal.,51,49,2,0,0.9607843137254902,0.9607843137254902
./cnn/stories/e6e18ab37963a8c075a503055061a3ca6745abdc.story,style,formality,1,1,Rephrase it to be more formal.,56,55,1,0,0.9821428571428571,0.9821428571428571
./cnn/stories/e6e18ab37963a8c075a503055061a3ca6745abdc.story,style,formality,1,2,Rephrase it to be more formal.,51,48,3,0,0.9411764705882353,0.9411764705882353
./cnn/stories/e6e18ab37963a8c075a503055061a3ca6745abdc.story,style,formality,1,3,Rephrase it to be more formal.,51,49,2,0,0.9607843137254902,0.9607843137254902
./cnn/stories/e6e18ab37963a8c075a503055061a3ca6745abdc.story,style,formality,2,1,"Too conversational, rephrase it to be more formal.",48,48,0,0,1.0,1.0
./cnn/stories/e6e18ab37963a8c075a503055061a3ca6745abdc.story,style,formality,2,2,"Too conversational, rephrase it to be more formal.",54,54,0,0,1.0,1.0
./cnn/stories/e6e18ab37963a8c075a503055061a3ca6745abdc.story,style,formality,2,3,"Too conversational, rephrase it to be more formal.",52,51,1,0,0.9807692307692307,0.9807692307692307
./cnn/stories/e6e18ab37963a8c075a503055061a3ca6745abdc.story,style,paraphrase,0,1,Paraphrase this.,37,37,0,0,1.0,1.0
./cnn/stories/e6e18ab37963a8c075a503055061a3ca6745abdc.story,style,paraphrase,0,2,Paraphrase this.,35,34,1,0,0.9714285714285714,0.9714285714285714
./cnn/stories/e6e18ab37963a8c075a503055061a3ca6745abdc.story,style,paraphrase,0,3,Paraphrase this.,31,31,0,0,1.0,1.0
./cnn/stories/e6e18ab37963a8c075a503055061a3ca6745abdc.story,style,paraphrase,1,1,Reword this text.,33,33,0,0,1.0,1.0
./cnn/stories/e6e18ab37963a8c075a503055061a3ca6745abdc.story,style,paraphrase,1,2,Reword this text.,33,33,0,0,1.0,1.0
./cnn/stories/e6e18ab37963a8c075a503055061a3ca6745abdc.story,style,paraphrase,1,3,Reword this text.,34,33,1,0,0.9705882352941176,0.9705882352941176
./cnn/stories/e6e18ab37963a8c075a503055061a3ca6745abdc.story,style,paraphrase,2,1,Use different wording.,58,57,1,0,0.9827586206896551,0.9827586206896551
./cnn/stories/e6e18ab37963a8c075a503055061a3ca6745abdc.story,style,paraphrase,2,2,Use different wording.,40,40,0,0,1.0,1.0
./cnn/stories/e6e18ab37963a8c075a503055061a3ca6745abdc.story,style,paraphrase,2,3,Use different wording.,42,42,0,0,1.0,1.0
./cnn/stories/e72908e7399b7b7482f8d199ec838b46ea7775cb.story,content,elaborate,0,1,"Elaborate on the content, adding relevant details while staying faithful to the source text.",36,36,0,0,1.0,1.0
./cnn/stories/e72908e7399b7b7482f8d199ec838b46ea7775cb.story,content,elaborate,0,2,"Elaborate on the content, adding relevant details while staying faithful to the source text.",40,40,0,0,1.0,1.0
./cnn/stories/e72908e7399b7b7482f8d199ec838b46ea7775cb.story,content,elaborate,0,3,"Elaborate on the content, adding relevant details while staying faithful to the source text.",36,36,0,0,1.0,1.0
./cnn/stories/e72908e7399b7b7482f8d199ec838b46ea7775cb.story,content,elaborate,1,1,"Expand the text with more context, without introducing information that is not supported by the original.",34,34,0,0,1.0,1.0
./cnn/stories/e72908e7399b7b7482f8d199ec838b46ea7775cb.story,content,elaborate,1,2,"Expand the text with more context, without introducing information that is not supported by the original.",68,68,0,0,1.0,1.0
./cnn/stories/e72908e7399b7b7482f8d199ec838b46ea7775cb.story,content,elaborate,1,3,"Expand the text with more context, without introducing information that is not supported by the original.",46,45,1,0,0.9782608695652174,0.9782608695652174
./cnn/stories/e72908e7399b7b7482f8d199ec838b46ea7775cb.story,content,elaborate,2,1,"Add more detail, keeping every fact grounded in the source material.",34,34,0,0,1.0,1.0
./cnn/stories/e72908e7399b7b7482f8d199ec838b46ea7775cb.story,content,elaborate,2,2,"Add more detail, keeping every fact grounded in the source material.",40,39,1,0,0.975,0.975
./cnn/stories/e72908e7399b7b7482f8d199ec838b46ea7775cb.story,content,elaborate,2,3,"Add more detail, keeping every fact grounded in the source material.",52,52,0,0,1.0,1.0
./cnn/stories/e72908e7399b7b7482f8d199ec838b46ea7775cb.story,content,shorten,0,1,Make wording more concise.,26,26,0,0,1.0,1.0
./cnn/stories/e72908e7399b7b7482f8d199ec838b46ea7775cb.story,content,shorten,0,2,Make wording more concise.,19,19,0,0,1.0,1.0
./cnn/stories/e72908e7399b7b7482f8d199ec838b46ea7775cb.story,content,shorten,0,3,Make wording more concise.,17,16,1,0,0.9411764705882353,0.9411764705882353
./cnn/stories/e72908e7399b7b7482f8d199ec838b46ea7775cb.story,content,shorten,1,1,Rephrase for clarity and conciseness.,28,28,0,0,1.0,1.0
./cnn/stories/e72908e7399b7b7482f8d199ec838b46ea7775cb.story,content,shorten,1,2,Rephrase for clarity and conciseness.,28,28,0,0,1.0,1.0
./cnn/stories/e72908e7399b7b7482f8d199ec838b46ea7775cb.story,content,shorten,1,3,Rephrase for clarity and conciseness.,27,27,0,0,1.0,1.0
./cnn/stories/e72908e7399b7b7482f8d199ec838b46ea7775cb.story,content,shorten,2,1,"Improve accuracy, clarity, and conciseness of language.",38,38,0,0,1.0,1.0
./cnn/stories/e72908e7399b7b7482f8d199ec838b46ea7775cb.story,content,shorten,2,2,"Improve accuracy, clarity, and conciseness of language.",25,25,0,0,1.0,1.0
./cnn/stories/e72908e7399b7b7482f8d199ec838b46ea7775cb.story,content,shorten,2,3,"Improve accuracy, clarity, and conciseness of language.",31,30,1,0,0.967741935483871,0.967741935483871
./cnn/stories/e72908e7399b7b7482f8d199ec838b46ea7775cb.story,style,formality,0,1,Make the text more formal.,47,46,1,0,0.9787234042553191,0.9787234042553191
./cnn/stories/e72908e7399b7b7482f8d199ec838b46ea7775cb.story,style,formality,0,2,Make the text more formal.,36,35,1,0,0.9722222222222222,0.9722222222222222
./cnn/stories/e72908e7399b7b7482f8d199ec838b46ea7775cb.story,style,formality,0,3,Make the text more formal.,38,37,1,0,0.9736842105263158,0.9736842105263158
./cnn/stories/e72908e7399b7b7482f8d199ec838b46ea7775cb.story,style,formality,1,1,Rephrase it to be more formal.,29,29,0,0,1.0,1.0
./cnn/stories/e72908e7399b7b7482f8d199ec838b46ea7775cb.story,style,formality,1,2,Rephrase it to be more formal.,23,23,0,0,1.0,1.0
./cnn/stories/e72908e7399b7b7482f8d199ec838b46ea7775cb.story,style,formality,1,3,Rephrase it to be more formal.,24,24,0,0,1.0,1.0
./cnn/stories/e72908e7399b7b7482f8d199ec838b46ea7775cb.story,style,formality,2,1,"Too conversational, rephrase it to be more formal.",33,33,0,0,1.0,1.0
./cnn/stories/e72908e7399b7b7482f8d199ec838b46ea7775cb.story,style,formality,2,2,"Too conversational, rephrase it to be more formal.",31,30,1,0,0.967741935483871,0.967741935483871
./cnn/stories/e72908e7399b7b7482f8d199ec838b46ea7775cb.story,style,formality,2,3,"Too conversational, rephrase it to be more formal.",35,34,1,0,0.9714285714285714,0.9714285714285714
./cnn/stories/e72908e7399b7b7482f8d199ec838b46ea7775cb.story,style,paraphrase,0,1,Paraphrase this.,40,40,0,0,1.0,1.0
./cnn/stories/e72908e7399b7b7482f8d199ec838b46ea7775cb.story,style,paraphrase,0,2,Paraphrase this.,35,35,0,0,1.0,1.0
./cnn/stories/e72908e7399b7b7482f8d199ec838b46ea7775cb.story,style,paraphrase,0,3,Paraphrase this.,51,50,1,0,0.9803921568627451,0.9803921568627451
./cnn/stories/e72908e7399b7b7482f8d199ec838b46ea7775cb.story,style,paraphrase,1,1,Reword this text.,35,35,0,0,1.0,1.0
./cnn/stories/e72908e7399b7b7482f8d199ec838b46ea7775cb.story,style,paraphrase,1,2,Reword this text.,38,38,0,0,1.0,1.0
./cnn/stories/e72908e7399b7b7482f8d199ec838b46ea7775cb.story,style,paraphrase,1,3,Reword this text.,35,35,0,0,1.0,1.0
./cnn/stories/e72908e7399b7b7482f8d199ec838b46ea7775cb.story,style,paraphrase,2,1,Use different wording.,26,25,1,0,0.9615384615384616,0.9615384615384616
./cnn/stories/e72908e7399b7b7482f8d199ec838b46ea7775cb.story,style,paraphrase,2,2,Use different wording.,29,29,0,0,1.0,1.0
./cnn/stories/e72908e7399b7b7482f8d199ec838b46ea7775cb.story,style,paraphrase,2,3,Use different wording.,24,24,0,0,1.0,1.0
./cnn/stories/e7d4bf0fb8682a2b28a2b3071b20fe05aaac3a7c.story,content,elaborate,0,1,"Elaborate on the content, adding relevant details while staying faithful to the source text.",37,36,1,0,0.972972972972973,0.972972972972973
./cnn/stories/e7d4bf0fb8682a2b28a2b3071b20fe05aaac3a7c.story,content,elaborate,0,2,"Elaborate on the content, adding relevant details while staying faithful to the source text.",45,45,0,0,1.0,1.0
./cnn/stories/e7d4bf0fb8682a2b28a2b3071b20fe05aaac3a7c.story,content,elaborate,0,3,"Elaborate on the content, adding relevant details while staying faithful to the source text.",51,49,2,0,0.9607843137254902,0.9607843137254902
./cnn/stories/e7d4bf0fb8682a2b28a2b3071b20fe05aaac3a7c.story,content,elaborate,1,1,"Expand the text with more context, without introducing information that is not supported by the original.",41,41,0,0,1.0,1.0
./cnn/stories/e7d4bf0fb8682a2b28a2b3071b20fe05aaac3a7c.story,content,elaborate,1,2,"Expand the text with more context, without introducing information that is not supported by the original.",32,30,2,0,0.9375,0.9375
./cnn/stories/e7d4bf0fb8682a2b28a2b3071b20fe05aaac3a7c.story,content,elaborate,1,3,"Expand the text with more context, without introducing information that is not supported by the original.",31,30,1,0,0.967741935483871,0.967741935483871
./cnn/stories/e7d4bf0fb8682a2b28a2b3071b20fe05aaac3a7c.story,content,elaborate,2,1,"Add more detail, keeping every fact grounded in the source material.",50,48,2,0,0.96,0.96
./cnn/stories/e7d4bf0fb8682a2b28a2b3071b20fe05aaac3a7c.story,content,elaborate,2,2,"Add more detail, keeping every fact grounded in the source material.",54,53,1,0,0.9814814814814815,0.9814814814814815
./cnn/stories/e7d4bf0fb8682a2b28a2b3071b20fe05aaac3a7c.story,content,elaborate,2,3,"Add more detail, keeping every fact grounded in the source material.",65,64,1,0,0.9846153846153847,0.9846153846153847
./cnn/stories/e7d4bf0fb8682a2b28a2b3071b20fe05aaac3a7c.story,content,shorten,0,1,Make wording more concise.,25,25,0,0,1.0,1.0
./cnn/stories/e7d4bf0fb8682a2b28a2b3071b20fe05aaac3a7c.story,content,shorten,0,2,Make wording more concise.,18,18,0,0,1.0,1.0
./cnn/stories/e7d4bf0fb8682a2b28a2b3071b20fe05aaac3a7c.story,content,shorten,0,3,Make wording more concise.,17,17,0,0,1.0,1.0
./cnn/stories/e7d4bf0fb8682a2b28a2b3071b20fe05aaac3a7c.story,content,shorten,1,1,Rephrase for clarity and conciseness.,25,25,0,0,1.0,1.0
./cnn/stories/e7d4bf0fb8682a2b28a2b3071b20fe05aaac3a7c.story,content,shorten,1,2,Rephrase for clarity and conciseness.,23,23,0,0,1.0,1.0
./cnn/stories/e7d4bf0fb8682a2b28a2b3071b20fe05aaac3a7c.story,content,shorten,1,3,Rephrase for clarity and conciseness.,28,28,0,0,1.0,1.0
./cnn/stories/e7d4bf0fb8682a2b28a2b3071b20fe05aaac3a7c.story,content,shorten,2,1,"Improve accuracy, clarity, and conciseness of language.",26,25,1,0,0.9615384615384616,0.9615384615384616
./cnn/stories/e7d4bf0fb8682a2b28a2b3071b20fe05aaac3a7c.story,content,shorten,2,2,"Improve accuracy, clarity, and conciseness of language.",29,28,1,0,0.9655172413793104,0.9655172413793104
./cnn/stories/e7d4bf0fb8682a2b28a2b3071b20fe05aaac3a7c.story,content,shorten,2,3,"Improve accuracy, clarity, and conciseness of language.",29,28,1,0,0.9655172413793104,0.9655172413793104
./cnn/stories/e7d4bf0fb8682a2b28a2b3071b20fe05aaac3a7c.story,style,formality,0,1,Make the text more formal.,50,48,2,0,0.96,0.96
./cnn/stories/e7d4bf0fb8682a2b28a2b3071b20fe05aaac3a7c.story,style,formality,0,2,Make the text more formal.,41,39,2,0,0.9512195121951219,0.9512195121951219
./cnn/stories/e7d4bf0fb8682a2b28a2b3071b20fe05aaac3a7c.story,style,formality,0,3,Make the text more formal.,43,41,2,0,0.9534883720930233,0.9534883720930233
./cnn/stories/e7d4bf0fb8682a2b28a2b3071b20fe05aaac3a7c.story,style,formality,1,1,Rephrase it to be more formal.,50,50,0,0,1.0,1.0
./cnn/stories/e7d4bf0fb8682a2b28a2b3071b20fe05aaac3a7c.story,style,formality,1,2,Rephrase it to be more formal.,33,32,1,0,0.9696969696969697,0.9696969696969697
./cnn/stories/e7d4bf0fb8682a2b28a2b3071b20fe05aaac3a7c.story,style,formality,1,3,Rephrase it to be more formal.,34,33,1,0,0.9705882352941176,0.9705882352941176
./cnn/stories/e7d4bf0fb8682a2b28a2b3071b20fe05aaac3a7c.story,style,formality,2,1,"Too conversational, rephrase it to be more formal.",53,49,4,0,0.9245283018867925,0.9245283018867925
./cnn/stories/e7d4bf0fb8682a2b28a2b3071b20fe05aaac3a7c.story,style,formality,2,2,"Too conversational, rephrase it to be more formal.",47,47,0,0,1.0,1.0
./cnn/stories/e7d4bf0fb8682a2b28a2b3071b20fe05aaac3a7c.story,style,formality,2,3,"Too conversational, rephrase it to be more formal.",45,45,0,0,1.0,1.0
./cnn/stories/e7d4bf0fb8682a2b28a2b3071b20fe05aaac3a7c.story,style,paraphrase,0,1,Paraphrase this.,31,31,0,0,1.0,1.0
./cnn/stories/e7d4bf0fb8682a2b28a2b3071b20fe05aaac3a7c.story,style,paraphrase,0,2,Paraphrase this.,29,29,0,0,1.0,1.0
./cnn/stories/e7d4bf0fb8682a2b28a2b3071b20fe05aaac3a7c.story,style,paraphrase,0,3,Paraphrase this.,29,28,1,0,0.9655172413793104,0.9655172413793104
./cnn/stories/e7d4bf0fb8682a2b28a2b3071b20fe05aaac3a7c.story,style,paraphrase,1,1,Reword this text.,54,54,0,0,1.0,1.0
./cnn/stories/e7d4bf0fb8682a2b28a2b3071b20fe05aaac3a7c.story,style,paraphrase,1,2,Reword this text.,49,45,4,0,0.9183673469387755,0.9183673469387755
./cnn/stories/e7d4bf0fb8682a2b28a2b3071b20fe05aaac3a7c.story,style,paraphrase,1,3,Reword this text.,39,39,0,0,1.0,1.0
./cnn/stories/e7d4bf0fb8682a2b28a2b3071b20fe05aaac3a7c.story,style,paraphrase,2,1,Use different wording.,63,61,2,0,0.9682539682539683,0.9682539682539683
./cnn/stories/e7d4bf0fb8682a2b28a2b3071b20fe05aaac3a7c.story,style,paraphrase,2,2,Use different wording.,43,42,1,0,0.9767441860465116,0.9767441860465116
./cnn/stories/e7d4bf0fb8682a2b28a2b3071b20fe05aaac3a7c.story,style,paraphrase,2,3,Use different wording.,45,41,4,0,0.9111111111111111,0.9111111111111111
./cnn/stories/e86db210f7eadc6e4ee876bfdbe2b7920284ad83.story,content,elaborate,0,1,"Elaborate on the content, adding relevant details while staying faithful to the source text.",66,61,5,0,0.9242424242424242,0.9242424242424242
./cnn/stories/e86db210f7eadc6e4ee876bfdbe2b7920284ad83.story,content,elaborate,0,2,"Elaborate on the content, adding relevant details while staying faithful to the source text.",60,58,2,0,0.9666666666666667,0.9666666666666667
./cnn/stories/e86db210f7eadc6e4ee876bfdbe2b7920284ad83.story,content,elaborate,0,3,"Elaborate on the content, adding relevant details while staying faithful to the source text.",70,68,2,0,0.9714285714285714,0.9714285714285714
./cnn/stories/e86db210f7eadc6e4ee876bfdbe2b7920284ad83.story,content,elaborate,1,1,"Expand the text with more context, without introducing information that is not supported by the original.",56,54,2,0,0.9642857142857143,0.9642857142857143
./cnn/stories/e86db210f7eadc6e4ee876bfdbe2b7920284ad83.story,content,elaborate,1,2,"Expand the text with more context, without introducing information that is not supported by the original.",34,33,1,0,0.9705882352941176,0.9705882352941176
./cnn/stories/e86db210f7eadc6e4ee876bfdbe2b7920284ad83.story,content,elaborate,1,3,"Expand the text with more context, without introducing information that is not supported by the original.",44,42,2,0,0.9545454545454546,0.9545454545454546
./cnn/stories/e86db210f7eadc6e4ee876bfdbe2b7920284ad83.story,content,elaborate,2,1,"Add more detail, keeping every fact grounded in the source material.",76,75,1,0,0.9868421052631579,0.9868421052631579
./cnn/stories/e86db210f7eadc6e4ee876bfdbe2b7920284ad83.story,content,elaborate,2,2,"Add more detail, keeping every fact grounded in the source material.",65,64,1,0,0.9846153846153847,0.9846153846153847
./cnn/stories/e86db210f7eadc6e4ee876bfdbe2b7920284ad83.story,content,elaborate,2,3,"Add more detail, keeping every fact grounded in the source material.",66,62,4,0,0.9393939393939394,0.9393939393939394
./cnn/stories/e86db210f7eadc6e4ee876bfdbe2b7920284ad83.story,content,shorten,0,1,Make wording more concise.,37,37,0,0,1.0,1.0
./cnn/stories/e86db210f7eadc6e4ee876bfdbe2b7920284ad83.story,content,shorten,0,2,Make wording more concise.,21,17,4,0,0.8095238095238095,0.8095238095238095
./cnn/stories/e86db210f7eadc6e4ee876bfdbe2b7920284ad83.story,content,shorten,0,3,Make wording more concise.,18,16,2,0,0.8888888888888888,0.8888888888888888
./cnn/stories/e86db210f7eadc6e4ee876bfdbe2b7920284ad83.story,content,shorten,1,1,Rephrase for clarity and conciseness.,22,22,0,0,1.0,1.0
./cnn/stories/e86db210f7eadc6e4ee876bfdbe2b7920284ad83.story,content,shorten,1,2,Rephrase for clarity and conciseness.,27,27,0,0,1.0,1.0
./cnn/stories/e86db210f7eadc6e4ee876bfdbe2b7920284ad83.story,content,shorten,1,3,Rephrase for clarity and conciseness.,22,21,1,0,0.9545454545454546,0.9545454545454546
./cnn/stories/e86db210f7eadc6e4ee876bfdbe2b7920284ad83.story,content,shorten,2,1,"Improve accuracy, clarity, and conciseness of language.",51,50,1,0,0.9803921568627451,0.9803921568627451
./cnn/stories/e86db210f7eadc6e4ee876bfdbe2b7920284ad83.story,content,shorten,2,2,"Improve accuracy, clarity, and conciseness of language.",46,46,0,0,1.0,1.0
./cnn/stories/e86db210f7eadc6e4ee876bfdbe2b7920284ad83.story,content,shorten,2,3,"Improve accuracy, clarity, and conciseness of language.",37,36,1,0,0.972972972972973,0.972972972972973
./cnn/stories/e86db210f7eadc6e4ee876bfdbe2b7920284ad83.story,style,formality,0,1,Make the text more formal.,69,67,2,0,0.9710144927536232,0.9710144927536232
./cnn/stories/e86db210f7eadc6e4ee876bfdbe2b7920284ad83.story,style,formality,0,2,Make the text more formal.,60,56,4,0,0.9333333333333333,0.9333333333333333
./cnn/stories/e86db210f7eadc6e4ee876bfdbe2b7920284ad83.story,style,formality,0,3,Make the text more formal.,64,61,3,0,0.953125,0.953125
./cnn/stories/e86db210f7eadc6e4ee876bfdbe2b7920284ad83.story,style,formality,1,1,Rephrase it to be more formal.,71,69,2,0,0.971830985915493,0.971830985915493
./cnn/stories/e86db210f7eadc6e4ee876bfdbe2b7920284ad83.story,style,formality,1,2,Rephrase it to be more formal.,70,69,1,0,0.9857142857142858,0.9857142857142858
./cnn/stories/e86db210f7eadc6e4ee876bfdbe2b7920284ad83.story,style,formality,1,3,Rephrase it to be more formal.,64,63,1,0,0.984375,0.984375
./cnn/stories/e86db210f7eadc6e4ee876bfdbe2b7920284ad83.story,style,formality,2,1,"Too conversational, rephrase it to be more formal.",68,65,3,0,0.9558823529411765,0.9558823529411765
./cnn/stories/e86db210f7eadc6e4ee876bfdbe2b7920284ad83.story,style,formality,2,2,"Too conversational, rephrase it to be more formal.",65,61,4,0,0.9384615384615385,0.9384615384615385
./cnn/stories/e86db210f7eadc6e4ee876bfdbe2b7920284ad83.story,style,formality,2,3,"Too conversational, rephrase it to be more formal.",57,53,4,0,0.9298245614035088,0.9298245614035088
./cnn/stories/e86db210f7eadc6e4ee876bfdbe2b7920284ad83.story,style,paraphrase,0,1,Paraphrase this.,33,33,0,0,1.0,1.0
./cnn/stories/e86db210f7eadc6e4ee876bfdbe2b7920284ad83.story,style,paraphrase,0,2,Paraphrase this.,40,39,1,0,0.975,0.975
./cnn/stories/e86db210f7eadc6e4ee876bfdbe2b7920284ad83.story,style,paraphrase,0,3,Paraphrase this.,38,35,3,0,0.9210526315789473,0.9210526315789473
./cnn/stories/e86db210f7eadc6e4ee876bfdbe2b7920284ad83.story,style,paraphrase,1,1,Reword this text.,52,51,1,0,0.9807692307692307,0.9807692307692307
./cnn/stories/e86db210f7eadc6e4ee876bfdbe2b7920284ad83.story,style,paraphrase,1,2,Reword this text.,52,51,1,0,0.9807692307692307,0.9807692307692307
./cnn/stories/e86db210f7eadc6e4ee876bfdbe2b7920284ad83.story,style,paraphrase,1,3,Reword this text.,43,42,1,0,0.9767441860465116,0.9767441860465116
./cnn/stories/e86db210f7eadc6e4ee876bfdbe2b7920284ad83.story,style,paraphrase,2,1,Use different wording.,56,56,0,0,1.0,1.0
./cnn/stories/e86db210f7eadc6e4ee876bfdbe2b7920284ad83.story,style,paraphrase,2,2,Use different wording.,47,44,3,0,0.9361702127659575,0.9361702127659575
./cnn/stories/e86db210f7eadc6e4ee876bfdbe2b7920284ad83.story,style,paraphrase,2,3,Use different wording.,44,44,0,0,1.0,1.0
./cnn/stories/eb36fc1a10215db3b049a6b1de5ca225cda64992.story,content,elaborate,0,1,"Elaborate on the content, adding relevant details while staying faithful to the source text.",53,52,1,0,0.9811320754716981,0.9811320754716981
./cnn/stories/eb36fc1a10215db3b049a6b1de5ca225cda64992.story,content,elaborate,0,2,"Elaborate on the content, adding relevant details while staying faithful to the source text.",76,71,5,0,0.9342105263157895,0.9342105263157895
./cnn/stories/eb36fc1a10215db3b049a6b1de5ca225cda64992.story,content,elaborate,0,3,"Elaborate on the content, adding relevant details while staying faithful to the source text.",78,72,6,0,0.9230769230769231,0.9230769230769231
./cnn/stories/eb36fc1a10215db3b049a6b1de5ca225cda64992.story,content,elaborate,1,1,"Expand the text with more context, without introducing information that is not supported by the original.",53,53,0,0,1.0,1.0
./cnn/stories/eb36fc1a10215db3b049a6b1de5ca225cda64992.story,content,elaborate,1,2,"Expand the text with more context, without introducing information that is not supported by the original.",48,46,2,0,0.9583333333333334,0.9583333333333334
./cnn/stories/eb36fc1a10215db3b049a6b1de5ca225cda64992.story,content,elaborate,1,3,"Expand the text with more context, without introducing information that is not supported by the original.",51,48,3,0,0.9411764705882353,0.9411764705882353
./cnn/stories/eb36fc1a10215db3b049a6b1de5ca225cda64992.story,content,elaborate,2,1,"Add more detail, keeping every fact grounded in the source material.",57,56,1,0,0.9824561403508771,0.9824561403508771
./cnn/stories/eb36fc1a10215db3b049a6b1de5ca225cda64992.story,content,elaborate,2,2,"Add more detail, keeping every fact grounded in the source material.",60,59,1,0,0.9833333333333333,0.9833333333333333
./cnn/stories/eb36fc1a10215db3b049a6b1de5ca225cda64992.story,content,elaborate,2,3,"Add more detail, keeping every fact grounded in the source material.",65,60,5,0,0.9230769230769231,0.9230769230769231
./cnn/stories/eb36fc1a10215db3b049a6b1de5ca225cda64992.story,content,shorten,0,1,Make wording more concise.,24,24,0,0,1.0,1.0
./cnn/stories/eb36fc1a10215db3b049a6b1de5ca225cda64992.story,content,shorten,0,2,Make wording more concise.,22,21,1,0,0.9545454545454546,0.9545454545454546
./cnn/stories/eb36fc1a10215db3b049a6b1de5ca225cda64992.story,content,shorten,0,3,Make wording more concise.,20,20,0,0,1.0,1.0
./cnn/stories/eb36fc1a10215db3b049a6b1de5ca225cda64992.story,content,shorten,1,1,Rephrase for clarity and conciseness.,29,28,1,0,0.9655172413793104,0.9655172413793104
./cnn/stories/eb36fc1a10215db3b049a6b1de5ca225cda64992.story,content,shorten,1,2,Rephrase for clarity and conciseness.,29,28,1,0,0.9655172413793104,0.9655172413793104
./cnn/stories/eb36fc1a10215db3b049a6b1de5ca225cda64992.story,content,shorten,1,3,Rephrase for clarity and conciseness.,27,26,1,0,0.9629629629629629,0.9629629629629629
./cnn/stories/eb36fc1a10215db3b049a6b1de5ca225cda64992.story,content,shorten,2,1,"Improve accuracy, clarity, and conciseness of language.",28,27,1,0,0.9642857142857143,0.9642857142857143
./cnn/stories/eb36fc1a10215db3b049a6b1de5ca225cda64992.story,content,shorten,2,2,"Improve accuracy, clarity, and conciseness of language.",32,30,2,0,0.9375,0.9375
./cnn/stories/eb36fc1a10215db3b049a6b1de5ca225cda64992.story,content,shorten,2,3,"Improve accuracy, clarity, and conciseness of language.",31,29,2,0,0.9354838709677419,0.9354838709677419
./cnn/stories/eb36fc1a10215db3b049a6b1de5ca225cda64992.story,style,formality,0,1,Make the text more formal.,77,75,2,0,0.974025974025974,0.974025974025974
./cnn/stories/eb36fc1a10215db3b049a6b1de5ca225cda64992.story,style,formality,0,2,Make the text more formal.,89,88,1,0,0.9887640449438202,0.9887640449438202
./cnn/stories/eb36fc1a10215db3b049a6b1de5ca225cda64992.story,style,formality,0,3,Make the text more formal.,91,87,4,0,0.9560439560439561,0.9560439560439561
./cnn/stories/eb36fc1a10215db3b049a6b1de5ca225cda64992.story,style,formality,1,1,Rephrase it to be more formal.,62,61,1,0,0.9838709677419355,0.9838709677419355
./cnn/stories/eb36fc1a10215db3b049a6b1de5ca225cda64992.story,style,formality,1,2,Rephrase it to be more formal.,71,70,1,0,0.9859154929577465,0.9859154929577465
./cnn/stories/eb36fc1a10215db3b049a6b1de5ca225cda64992.story,style,formality,1,3,Rephrase it to be more formal.,62,62,0,0,1.0,1.0
./cnn/stories/eb36fc1a10215db3b049a6b1de5ca225cda64992.story,style,formality,2,1,"Too conversational, rephrase it to be more formal.",59,58,1,0,0.9830508474576272,0.9830508474576272
./cnn/stories/eb36fc1a10215db3b049a6b1de5ca225cda64992.story,style,formality,2,2,"Too conversational, rephrase it to be more formal.",81,78,3,0,0.9629629629629629,0.9629629629629629
./cnn/stories/eb36fc1a10215db3b049a6b1de5ca225cda64992.story,style,formality,2,3,"Too conversational, rephrase it to be more formal.",57,55,2,0,0.9649122807017544,0.9649122807017544
./cnn/stories/eb36fc1a10215db3b049a6b1de5ca225cda64992.story,style,paraphrase,0,1,Paraphrase this.,24,24,0,0,1.0,1.0
./cnn/stories/eb36fc1a10215db3b049a6b1de5ca225cda64992.story,style,paraphrase,0,2,Paraphrase this.,28,28,0,0,1.0,1.0
./cnn/stories/eb36fc1a10215db3b049a6b1de5ca225cda64992.story,style,paraphrase,0,3,Paraphrase this.,26,26,0,0,1.0,1.0
./cnn/stories/eb36fc1a10215db3b049a6b1de5ca225cda64992.story,style,paraphrase,1,1,Reword this text.,39,38,1,0,0.9743589743589743,0.9743589743589743
./cnn/stories/eb36fc1a10215db3b049a6b1de5ca225cda64992.story,style,paraphrase,1,2,Reword this text.,41,40,1,0,0.975609756097561,0.975609756097561
./cnn/stories/eb36fc1a10215db3b049a6b1de5ca225cda64992.story,style,paraphrase,1,3,Reword this text.,45,43,2,0,0.9555555555555556,0.9555555555555556
./cnn/stories/eb36fc1a10215db3b049a6b1de5ca225cda64992.story,style,paraphrase,2,1,Use different wording.,61,61,0,0,1.0,1.0
./cnn/stories/eb36fc1a10215db3b049a6b1de5ca225cda64992.story,style,paraphrase,2,2,Use different wording.,48,46,2,0,0.9583333333333334,0.9583333333333334
./cnn/stories/eb36fc1a10215db3b049a6b1de5ca225cda64992.story,style,paraphrase,2,3,Use different wording.,49,46,3,0,0.9387755102040817,0.9387755102040817
./cnn/stories/ecba4bd57a776abcb97795b4e4862daf2836d0c0.story,content,elaborate,0,1,"Elaborate on the content, adding relevant details while staying faithful to the source text.",22,22,0,0,1.0,1.0
./cnn/stories/ecba4bd57a776abcb97795b4e4862daf2836d0c0.story,content,elaborate,0,2,"Elaborate on the content, adding relevant details while staying faithful to the source text.",23,23,0,0,1.0,1.0
./cnn/stories/ecba4bd57a776abcb97795b4e4862daf2836d0c0.story,content,elaborate,0,3,"Elaborate on the content, adding relevant details while staying faithful to the source text.",35,35,0,0,1.0,1.0
./cnn/stories/ecba4bd57a776abcb97795b4e4862daf2836d0c0.story,content,elaborate,1,1,"Expand the text with more context, without introducing information that is not supported by the original.",19,19,0,0,1.0,1.0
./cnn/stories/ecba4bd57a776abcb97795b4e4862daf2836d0c0.story,content,elaborate,1,2,"Expand the text with more context, without introducing information that is not supported by the original.",17,17,0,0,1.0,1.0
./cnn/stories/ecba4bd57a776abcb97795b4e4862daf2836d0c0.story,content,elaborate,1,3,"Expand the text with more context, without introducing information that is not supported by the original.",18,18,0,0,1.0,1.0
./cnn/stories/ecba4bd57a776abcb97795b4e4862daf2836d0c0.story,content,elaborate,2,1,"Add more detail, keeping every fact grounded in the source material.",14,14,0,0,1.0,1.0
./cnn/stories/ecba4bd57a776abcb97795b4e4862daf2836d0c0.story,content,elaborate,2,2,"Add more detail, keeping every fact grounded in the source material.",17,17,0,0,1.0,1.0
./cnn/stories/ecba4bd57a776abcb97795b4e4862daf2836d0c0.story,content,elaborate,2,3,"Add more detail, keeping every fact grounded in the source material.",29,28,1,0,0.9655172413793104,0.9655172413793104
./cnn/stories/ecba4bd57a776abcb97795b4e4862daf2836d0c0.story,content,shorten,0,1,Make wording more concise.,17,17,0,0,1.0,1.0
./cnn/stories/ecba4bd57a776abcb97795b4e4862daf2836d0c0.story,content,shorten,0,2,Make wording more concise.,11,11,0,0,1.0,1.0
./cnn/stories/ecba4bd57a776abcb97795b4e4862daf2836d0c0.story,content,shorten,0,3,Make wording more concise.,9,9,0,0,1.0,0.9
./cnn/stories/ecba4bd57a776abcb97795b4e4862daf2836d0c0.story,content,shorten,1,1,Rephrase for clarity and conciseness.,16,16,0,0,1.0,1.0
./cnn/stories/ecba4bd57a776abcb97795b4e4862daf2836d0c0.story,content,shorten,1,2,Rephrase for clarity and conciseness.,8,8,0,0,1.0,0.8
./cnn/stories/ecba4bd57a776abcb97795b4e4862daf2836d0c0.story,content,shorten,1,3,Rephrase for clarity and conciseness.,11,11,0,0,1.0,1.0
./cnn/stories/ecba4bd57a776abcb97795b4e4862daf2836d0c0.story,content,shorten,2,1,"Improve accuracy, clarity, and conciseness of language.",17,17,0,0,1.0,1.0
./cnn/stories/ecba4bd57a776abcb97795b4e4862daf2836d0c0.story,content,shorten,2,2,"Improve accuracy, clarity, and conciseness of language.",12,12,0,0,1.0,1.0
./cnn/stories/ecba4bd57a776abcb97795b4e4862daf2836d0c0.story,content,shorten,2,3,"Improve accuracy, clarity, and conciseness of language.",6,6,0,0,1.0,0.6
./cnn/stories/ecba4bd57a776abcb97795b4e4862daf2836d0c0.story,style,formality,0,1,Make the text more formal.,19,19,0,0,1.0,1.0
./cnn/stories/ecba4bd57a776abcb97795b4e4862daf2836d0c0.story,style,formality,0,2,Make the text more formal.,19,19,0,0,1.0,1.0
./cnn/stories/ecba4bd57a776abcb97795b4e4862daf2836d0c0.story,style,formality,0,3,Make the text more formal.,20,20,0,0,1.0,1.0
./cnn/stories/ecba4bd57a776abcb97795b4e4862daf2836d0c0.story,style,formality,1,1,Rephrase it to be more formal.,17,17,0,0,1.0,1.0
./cnn/stories/ecba4bd57a776abcb97795b4e4862daf2836d0c0.story,style,formality,1,2,Rephrase it to be more formal.,17,17,0,0,1.0,1.0
./cnn/stories/ecba4bd57a776abcb97795b4e4862daf2836d0c0.story,style,formality,1,3,Rephrase it to be more formal.,16,16,0,0,1.0,1.0
./cnn/stories/ecba4bd57a776abcb97795b4e4862daf2836d0c0.story,style,formality,2,1,"Too conversational, rephrase it to be more formal.",16,16,0,0,1.0,1.0
./cnn/stories/ecba4bd57a776abcb97795b4e4862daf2836d0c0.story,style,formality,2,2,"Too conversational, rephrase it to be more formal.",21,21,0,0,1.0,1.0
./cnn/stories/ecba4bd57a776abcb97795b4e4862daf2836d0c0.story,style,formality,2,3,"Too conversational, rephrase it to be more formal.",19,19,0,0,1.0,1.0
./cnn/stories/ecba4bd57a776abcb97795b4e4862daf2836d0c0.story,style,paraphrase,0,1,Paraphrase this.,14,14,0,0,1.0,1.0
./cnn/stories/ecba4bd57a776abcb97795b4e4862daf2836d0c0.story,style,paraphrase,0,2,Paraphrase this.,14,14,0,0,1.0,1.0
./cnn/stories/ecba4bd57a776abcb97795b4e4862daf2836d0c0.story,style,paraphrase,0,3,Paraphrase this.,15,15,0,0,1.0,1.0
./cnn/stories/ecba4bd57a776abcb97795b4e4862daf2836d0c0.story,style,paraphrase,1,1,Reword this text.,13,13,0,0,1.0,1.0
./cnn/stories/ecba4bd57a776abcb97795b4e4862daf2836d0c0.story,style,paraphrase,1,2,Reword this text.,14,14,0,0,1.0,1.0
./cnn/stories/ecba4bd57a776abcb97795b4e4862daf2836d0c0.story,style,paraphrase,1,3,Reword this text.,14,14,0,0,1.0,1.0
./cnn/stories/ecba4bd57a776abcb97795b4e4862daf2836d0c0.story,style,paraphrase,2,1,Use different wording.,15,15,0,0,1.0,1.0
./cnn/stories/ecba4bd57a776abcb97795b4e4862daf2836d0c0.story,style,paraphrase,2,2,Use different wording.,19,19,0,0,1.0,1.0
./cnn/stories/ecba4bd57a776abcb97795b4e4862daf2836d0c0.story,style,paraphrase,2,3,Use different wording.,18,17,1,0,0.9444444444444444,0.9444444444444444
./cnn/stories/ed723854f13a94904622009218cb2baa11efd6a7.story,content,elaborate,0,1,"Elaborate on the content, adding relevant details while staying faithful to the source text.",29,29,0,0,1.0,1.0
./cnn/stories/ed723854f13a94904622009218cb2baa11efd6a7.story,content,elaborate,0,2,"Elaborate on the content, adding relevant details while staying faithful to the source text.",35,35,0,0,1.0,1.0
./cnn/stories/ed723854f13a94904622009218cb2baa11efd6a7.story,content,elaborate,0,3,"Elaborate on the content, adding relevant details while staying faithful to the source text.",38,37,1,0,0.9736842105263158,0.9736842105263158
./cnn/stories/ed723854f13a94904622009218cb2baa11efd6a7.story,content,elaborate,1,1,"Expand the text with more context, without introducing information that is not supported by the original.",33,33,0,0,1.0,1.0
./cnn/stories/ed723854f13a94904622009218cb2baa11efd6a7.story,content,elaborate,1,2,"Expand the text with more context, without introducing information that is not supported by the original.",34,34,0,0,1.0,1.0
./cnn/stories/ed723854f13a94904622009218cb2baa11efd6a7.story,content,elaborate,1,3,"Expand the text with more context, without introducing information that is not supported by the original.",34,34,0,0,1.0,1.0
./cnn/stories/ed723854f13a94904622009218cb2baa11efd6a7.story,content,elaborate,2,1,"Add more detail, keeping every fact grounded in the source material.",30,30,0,0,1.0,1.0
./cnn/stories/ed723854f13a94904622009218cb2baa11efd6a7.story,content,elaborate,2,2,"Add more detail, keeping every fact grounded in the source material.",35,35,0,0,1.0,1.0
./cnn/stories/ed723854f13a94904622009218cb2baa11efd6a7.story,content,elaborate,2,3,"Add more detail, keeping every fact grounded in the source material.",35,34,1,0,0.9714285714285714,0.9714285714285714
./cnn/stories/ed723854f13a94904622009218cb2baa11efd6a7.story,content,shorten,0,1,Make wording more concise.,27,27,0,0,1.0,1.0
./cnn/stories/ed723854f13a94904622009218cb2baa11efd6a7.story,content,shorten,0,2,Make wording more concise.,28,28,0,0,1.0,1.0
./cnn/stories/ed723854f13a94904622009218cb2baa11efd6a7.story,content,shorten,0,3,Make wording more concise.,24,24,0,0,1.0,1.0
./cnn/stories/ed723854f13a94904622009218cb2baa11efd6a7.story,content,shorten,1,1,Rephrase for clarity and conciseness.,25,25,0,0,1.0,1.0
./cnn/stories/ed723854f13a94904622009218cb2baa11efd6a7.story,content,shorten,1,2,Rephrase for clarity and conciseness.,30,30,0,0,1.0,1.0
./cnn/stories/ed723854f13a94904622009218cb2baa11efd6a7.story,content,shorten,1,3,Rephrase for clarity and conciseness.,24,24,0,0,1.0,1.0
./cnn/stories/ed723854f13a94904622009218cb2baa11efd6a7.story,content,shorten,2,1,"Improve accuracy, clarity, and conciseness of language.",26,26,0,0,1.0,1.0
./cnn/stories/ed723854f13a94904622009218cb2baa11efd6a7.story,content,shorten,2,2,"Improve accuracy, clarity, and conciseness of language.",28,28,0,0,1.0,1.0
./cnn/stories/ed723854f13a94904622009218cb2baa11efd6a7.story,content,shorten,2,3,"Improve accuracy, clarity, and conciseness of language.",23,23,0,0,1.0,1.0
./cnn/stories/ed723854f13a94904622009218cb2baa11efd6a7.story,style,formality,0,1,Make the text more formal.,42,42,0,0,1.0,1.0
./cnn/stories/ed723854f13a94904622009218cb2baa11efd6a7.story,style,formality,0,2,Make the text more formal.,30,30,0,0,1.0,1.0
./cnn/stories/ed723854f13a94904622009218cb2baa11efd6a7.story,style,formality,0,3,Make the text more formal.,35,35,0,0,1.0,1.0
./cnn/stories/ed723854f13a94904622009218cb2baa11efd6a7.story,style,formality,1,1,Rephrase it to be more formal.,26,26,0,0,1.0,1.0
./cnn/stories/ed723854f13a94904622009218cb2baa11efd6a7.story,style,formality,1,2,Rephrase it to be more formal.,26,26,0,0,1.0,1.0
./cnn/stories/ed723854f13a94904622009218cb2baa11efd6a7.story,style,formality,1,3,Rephrase it to be more formal.,28,28,0,0,1.0,1.0
./cnn/stories/ed723854f13a94904622009218cb2baa11efd6a7.story,style,formality,2,1,"Too conversational, rephrase it to be more formal.",22,22,0,0,1.0,1.0
./cnn/stories/ed723854f13a94904622009218cb2baa11efd6a7.story,style,formality,2,2,"Too conversational, rephrase it to be more formal.",28,28,0,0,1.0,1.0
./cnn/stories/ed723854f13a94904622009218cb2baa11efd6a7.story,style,formality,2,3,"Too conversational, rephrase it to be more formal.",32,32,0,0,1.0,1.0
./cnn/stories/ed723854f13a94904622009218cb2baa11efd6a7.story,style,paraphrase,0,1,Paraphrase this.,27,26,1,0,0.9629629629629629,0.9629629629629629
./cnn/stories/ed723854f13a94904622009218cb2baa11efd6a7.story,style,paraphrase,0,2,Paraphrase this.,21,21,0,0,1.0,1.0
./cnn/stories/ed723854f13a94904622009218cb2baa11efd6a7.story,style,paraphrase,0,3,Paraphrase this.,22,21,1,0,0.9545454545454546,0.9545454545454546
./cnn/stories/ed723854f13a94904622009218cb2baa11efd6a7.story,style,paraphrase,1,1,Reword this text.,22,22,0,0,1.0,1.0
./cnn/stories/ed723854f13a94904622009218cb2baa11efd6a7.story,style,paraphrase,1,2,Reword this text.,27,27,0,0,1.0,1.0
./cnn/stories/ed723854f13a94904622009218cb2baa11efd6a7.story,style,paraphrase,1,3,Reword this text.,26,26,0,0,1.0,1.0
./cnn/stories/ed723854f13a94904622009218cb2baa11efd6a7.story,style,paraphrase,2,1,Use different wording.,25,25,0,0,1.0,1.0
./cnn/stories/ed723854f13a94904622009218cb2baa11efd6a7.story,style,paraphrase,2,2,Use different wording.,25,24,1,0,0.96,0.96
./cnn/stories/ed723854f13a94904622009218cb2baa11efd6a7.story,style,paraphrase,2,3,Use different wording.,32,31,1,0,0.96875,0.96875
./cnn/stories/f05838711d8ba0643a6cdc6fc9858a3e6381515c.story,content,elaborate,0,1,"Elaborate on the content, adding relevant details while staying faithful to the source text.",82,81,1,0,0.9878048780487805,0.9878048780487805
./cnn/stories/f05838711d8ba0643a6cdc6fc9858a3e6381515c.story,content,elaborate,0,2,"Elaborate on the content, adding relevant details while staying faithful to the source text.",95,95,0,0,1.0,1.0
./cnn/stories/f05838711d8ba0643a6cdc6fc9858a3e6381515c.story,content,elaborate,0,3,"Elaborate on the content, adding relevant details while staying faithful to the source text.",102,99,3,0,0.9705882352941176,0.9705882352941176
./cnn/stories/f05838711d8ba0643a6cdc6fc9858a3e6381515c.story,content,elaborate,1,1,"Expand the text with more context, without introducing information that is not supported by the original.",50,50,0,0,1.0,1.0
./cnn/stories/f05838711d8ba0643a6cdc6fc9858a3e6381515c.story,content,elaborate,1,2,"Expand the text with more context, without introducing information that is not supported by the original.",59,58,1,0,0.9830508474576272,0.9830508474576272
./cnn/stories/f05838711d8ba0643a6cdc6fc9858a3e6381515c.story,content,elaborate,1,3,"Expand the text with more context, without introducing information that is not supported by the original.",53,52,1,0,0.9811320754716981,0.9811320754716981
./cnn/stories/f05838711d8ba0643a6cdc6fc9858a3e6381515c.story,content,elaborate,2,1,"Add more detail, keeping every fact grounded in the source material.",59,59,0,0,1.0,1.0
./cnn/stories/f05838711d8ba0643a6cdc6fc9858a3e6381515c.story,content,elaborate,2,2,"Add more detail, keeping every fact grounded in the source material.",64,63,1,0,0.984375,0.984375
./cnn/stories/f05838711d8ba0643a6cdc6fc9858a3e6381515c.story,content,elaborate,2,3,"Add more detail, keeping every fact grounded in the source material.",61,58,3,0,0.9508196721311475,0.9508196721311475
./cnn/stories/f05838711d8ba0643a6cdc6fc9858a3e6381515c.story,content,shorten,0,1,Make wording more concise.,14,14,0,0,1.0,1.0
./cnn/stories/f05838711d8ba0643a6cdc6fc9858a3e6381515c.story,content,shorten,0,2,Make wording more concise.,11,11,0,0,1.0,1.0
./cnn/stories/f05838711d8ba0643a6cdc6fc9858a3e6381515c.story,content,shorten,0,3,Make wording more concise.,12,12,0,0,1.0,1.0
./cnn/stories/f05838711d8ba0643a6cdc6fc9858a3e6381515c.story,content,shorten,1,1,Rephrase for clarity and conciseness.,22,22,0,0,1.0,1.0
./cnn/stories/f05838711d8ba0643a6cdc6fc9858a3e6381515c.story,content,shorten,1,2,Rephrase for clarity and conciseness.,15,15,0,0,1.0,1.0
./cnn/stories/f05838711d8ba0643a6cdc6fc9858a3e6381515c.story,content,shorten,1,3,Rephrase for clarity and conciseness.,15,15,0,0,1.0,1.0
./cnn/stories/f05838711d8ba0643a6cdc6fc9858a3e6381515c.story,content,shorten,2,1,"Improve accuracy, clarity, and conciseness of language.",22,22,0,0,1.0,1.0
./cnn/stories/f05838711d8ba0643a6cdc6fc9858a3e6381515c.story,content,shorten,2,2,"Improve accuracy, clarity, and conciseness of language.",24,23,1,0,0.9583333333333334,0.9583333333333334
./cnn/stories/f05838711d8ba0643a6cdc6fc9858a3e6381515c.story,content,shorten,2,3,"Improve accuracy, clarity, and conciseness of language.",23,22,1,0,0.9565217391304348,0.9565217391304348
./cnn/stories/f05838711d8ba0643a6cdc6fc9858a3e6381515c.story,style,formality,0,1,Make the text more formal.,71,69,2,0,0.971830985915493,0.971830985915493
./cnn/stories/f05838711d8ba0643a6cdc6fc9858a3e6381515c.story,style,formality,0,2,Make the text more formal.,70,68,2,0,0.9714285714285714,0.9714285714285714
./cnn/stories/f05838711d8ba0643a6cdc6fc9858a3e6381515c.story,style,formality,0,3,Make the text more formal.,70,65,5,0,0.9285714285714286,0.9285714285714286
./cnn/stories/f05838711d8ba0643a6cdc6fc9858a3e6381515c.story,style,formality,1,1,Rephrase it to be more formal.,63,61,2,0,0.9682539682539683,0.9682539682539683
./cnn/stories/f05838711d8ba0643a6cdc6fc9858a3e6381515c.story,style,formality,1,2,Rephrase it to be more formal.,62,60,2,0,0.967741935483871,0.967741935483871
./cnn/stories/f05838711d8ba0643a6cdc6fc9858a3e6381515c.story,style,formality,1,3,Rephrase it to be more formal.,63,59,4,0,0.9365079365079365,0.9365079365079365
./cnn/stories/f05838711d8ba0643a6cdc6fc9858a3e6381515c.story,style,formality,2,1,"Too conversational, rephrase it to be more formal.",62,61,1,0,0.9838709677419355,0.9838709677419355
./cnn/stories/f05838711d8ba0643a6cdc6fc9858a3e6381515c.story,style,formality,2,2,"Too conversational, rephrase it to be more formal.",68,67,1,0,0.9852941176470589,0.9852941176470589
./cnn/stories/f05838711d8ba0643a6cdc6fc9858a3e6381515c.story,style,formality,2,3,"Too conversational, rephrase it to be more formal.",62,61,1,0,0.9838709677419355,0.9838709677419355
./cnn/stories/f05838711d8ba0643a6cdc6fc9858a3e6381515c.story,style,paraphrase,0,1,Paraphrase this.,36,35,1,0,0.9722222222222222,0.9722222222222222
./cnn/stories/f05838711d8ba0643a6cdc6fc9858a3e6381515c.story,style,paraphrase,0,2,Paraphrase this.,35,34,1,0,0.9714285714285714,0.9714285714285714
./cnn/stories/f05838711d8ba0643a6cdc6fc9858a3e6381515c.story,style,paraphrase,0,3,Paraphrase this.,39,38,1,0,0.9743589743589743,0.9743589743589743
./cnn/stories/f05838711d8ba0643a6cdc6fc9858a3e6381515c.story,style,paraphrase,1,1,Reword this text.,42,42,0,0,1.0,1.0
./cnn/stories/f05838711d8ba0643a6cdc6fc9858a3e6381515c.story,style,paraphrase,1,2,Reword this text.,40,37,3,0,0.925,0.925
./cnn/stories/f05838711d8ba0643a6cdc6fc9858a3e6381515c.story,style,paraphrase,1,3,Reword this text.,37,37,0,0,1.0,1.0
./cnn/stories/f05838711d8ba0643a6cdc6fc9858a3e6381515c.story,style,paraphrase,2,1,Use different wording.,50,50,0,0,1.0,1.0
./cnn/stories/f05838711d8ba0643a6cdc6fc9858a3e6381515c.story,style,paraphrase,2,2,Use different wording.,44,43,1,0,0.9772727272727273,0.9772727272727273
./cnn/stories/f05838711d8ba0643a6cdc6fc9858a3e6381515c.story,style,paraphrase,2,3,Use different wording.,47,45,2,0,0.9574468085106383,0.9574468085106383
./cnn/stories/f1bde9d7a588ec3d4a19b0d6fedad09c7fe6fb5c.story,content,elaborate,0,1,"Elaborate on the content, adding relevant details while staying faithful to the source text.",43,43,0,0,1.0,1.0
./cnn/stories/f1bde9d7a588ec3d4a19b0d6fedad09c7fe6fb5c.story,content,elaborate,0,2,"Elaborate on the content, adding relevant details while staying faithful to the source text.",54,52,2,0,0.9629629629629629,0.9629629629629629
./cnn/stories/f1bde9d7a588ec3d4a19b0d6fedad09c7fe6fb5c.story,content,elaborate,0,3,"Elaborate on the content, adding relevant details while staying faithful to the source text.",50,48,2,0,0.96,0.96
./cnn/stories/f1bde9d7a588ec3d4a19b0d6fedad09c7fe6fb5c.story,content,elaborate,1,1,"Expand the text with more context, without introducing information that is not supported by the original.",41,40,1,0,0.975609756097561,0.975609756097561
./cnn/stories/f1bde9d7a588ec3d4a19b0d6fedad09c7fe6fb5c.story,content,elaborate,1,2,"Expand the text with more context, without introducing information that is not supported by the original.",50,49,1,0,0.98,0.98
./cnn/stories/f1bde9d7a588ec3d4a19b0d6fedad09c7fe6fb5c.story,content,elaborate,1,3,"Expand the text with more context, without introducing information that is not supported by the original.",41,39,2,0,0.9512195121951219,0.9512195121951219
./cnn/stories/f1bde9d7a588ec3d4a19b0d6fedad09c7fe6fb5c.story,content,elaborate,2,1,"Add more detail, keeping every fact grounded in the source material.",53,53,0,0,1.0,1.0
./cnn/stories/f1bde9d7a588ec3d4a19b0d6fedad09c7fe6fb5c.story,content,elaborate,2,2,"Add more detail, keeping every fact grounded in the source material.",43,43,0,0,1.0,1.0
./cnn/stories/f1bde9d7a588ec3d4a19b0d6fedad09c7fe6fb5c.story,content,elaborate,2,3,"Add more detail, keeping every fact grounded in the source material.",48,47,1,0,0.9791666666666666,0.9791666666666666
./cnn/stories/f1bde9d7a588ec3d4a19b0d6fedad09c7fe6fb5c.story,content,shorten,0,1,Make wording more concise.,31,30,1,0,0.967741935483871,0.967741935483871
./cnn/stories/f1bde9d7a588ec3d4a19b0d6fedad09c7fe6fb5c.story,content,shorten,0,2,Make wording more concise.,32,32,0,0,1.0,1.0
./cnn/stories/f1bde9d7a588ec3d4a19b0d6fedad09c7fe6fb5c.story,content,shorten,0,3,Make wording more concise.,31,31,0,0,1.0,1.0
./cnn/stories/f1bde9d7a588ec3d4a19b0d6fedad09c7fe6fb5c.story,content,shorten,1,1,Rephrase for clarity and conciseness.,22,20,2,0,0.9090909090909091,0.9090909090909091
./cnn/stories/f1bde9d7a588ec3d4a19b0d6fedad09c7fe6fb5c.story,content,shorten,1,2,Rephrase for clarity and conciseness.,20,20,0,0,1.0,1.0
./cnn/stories/f1bde9d7a588ec3d4a19b0d6fedad09c7fe6fb5c.story,content,shorten,1,3,Rephrase for clarity and conciseness.,18,18,0,0,1.0,1.0
./cnn/stories/f1bde9d7a588ec3d4a19b0d6fedad09c7fe6fb5c.story,content,shorten,2,1,"Improve accuracy, clarity, and conciseness of language.",32,31,1,0,0.96875,0.96875
./cnn/stories/f1bde9d7a588ec3d4a19b0d6fedad09c7fe6fb5c.story,content,shorten,2,2,"Improve accuracy, clarity, and conciseness of language.",26,26,0,0,1.0,1.0
./cnn/stories/f1bde9d7a588ec3d4a19b0d6fedad09c7fe6fb5c.story,content,shorten,2,3,"Improve accuracy, clarity, and conciseness of language.",26,25,1,0,0.9615384615384616,0.9615384615384616
./cnn/stories/f1bde9d7a588ec3d4a19b0d6fedad09c7fe6fb5c.story,style,formality,0,1,Make the text more formal.,64,63,1,0,0.984375,0.984375
./cnn/stories/f1bde9d7a588ec3d4a19b0d6fedad09c7fe6fb5c.story,style,formality,0,2,Make the text more formal.,53,53,0,0,1.0,1.0
./cnn/stories/f1bde9d7a588ec3d4a19b0d6fedad09c7fe6fb5c.story,style,formality,0,3,Make the text more formal.,45,43,2,0,0.9555555555555556,0.9555555555555556
./cnn/stories/f1bde9d7a588ec3d4a19b0d6fedad09c7fe6fb5c.story,style,formality,1,1,Rephrase it to be more formal.,56,56,0,0,1.0,1.0
./cnn/stories/f1bde9d7a588ec3d4a19b0d6fedad09c7fe6fb5c.story,style,formality,1,2,Rephrase it to be more formal.,48,48,0,0,1.0,1.0
./cnn/stories/f1bde9d7a588ec3d4a19b0d6fedad09c7fe6fb5c.story,style,formality,1,3,Rephrase it to be more formal.,44,43,1,0,0.9772727272727273,0.9772727272727273
./cnn/stories/f1bde9d7a588ec3d4a19b0d6fedad09c7fe6fb5c.story,style,formality,2,1,"Too conversational, rephrase it to be more formal.",57,56,1,0,0.9824561403508771,0.9824561403508771
./cnn/stories/f1bde9d7a588ec3d4a19b0d6fedad09c7fe6fb5c.story,style,formality,2,2,"Too conversational, rephrase it to be more formal.",44,43,1,0,0.9772727272727273,0.9772727272727273
./cnn/stories/f1bde9d7a588ec3d4a19b0d6fedad09c7fe6fb5c.story,style,formality,2,3,"Too conversational, rephrase it to be more formal.",46,45,1,0,0.9782608695652174,0.9782608695652174
./cnn/stories/f1bde9d7a588ec3d4a19b0d6fedad09c7fe6fb5c.story,style,paraphrase,0,1,Paraphrase this.,41,41,0,0,1.0,1.0
./cnn/stories/f1bde9d7a588ec3d4a19b0d6fedad09c7fe6fb5c.story,style,paraphrase,0,2,Paraphrase this.,43,41,2,0,0.9534883720930233,0.9534883720930233
./cnn/stories/f1bde9d7a588ec3d4a19b0d6fedad09c7fe6fb5c.story,style,paraphrase,0,3,Paraphrase this.,41,36,5,0,0.8780487804878049,0.8780487804878049
./cnn/stories/f1bde9d7a588ec3d4a19b0d6fedad09c7fe6fb5c.story,style,paraphrase,1,1,Reword this text.,54,54,0,0,1.0,1.0
./cnn/stories/f1bde9d7a588ec3d4a19b0d6fedad09c7fe6fb5c.story,style,paraphrase,1,2,Reword this text.,48,47,1,0,0.9791666666666666,0.9791666666666666
./cnn/stories/f1bde9d7a588ec3d4a19b0d6fedad09c7fe6fb5c.story,style,paraphrase,1,3,Reword this text.,51,48,3,0,0.9411764705882353,0.9411764705882353
./cnn/stories/f1bde9d7a588ec3d4a19b0d6fedad09c7fe6fb5c.story,style,paraphrase,2,1,Use different wording.,43,42,1,0,0.9767441860465116,0.9767441860465116
./cnn/stories/f1bde9d7a588ec3d4a19b0d6fedad09c7fe6fb5c.story,style,paraphrase,2,2,Use different wording.,36,35,1,0,0.9722222222222222,0.9722222222222222
./cnn/stories/f1bde9d7a588ec3d4a19b0d6fedad09c7fe6fb5c.story,style,paraphrase,2,3,Use different wording.,39,36,3,0,0.9230769230769231,0.9230769230769231
./cnn/stories/f1ed66fecd9f0bfd0d8aa3d0f1f32a86674f4589.story,content,elaborate,0,1,"Elaborate on the content, adding relevant details while staying faithful to the source text.",20,20,0,0,1.0,1.0
./cnn/stories/f1ed66fecd9f0bfd0d8aa3d0f1f32a86674f4589.story,content,elaborate,0,2,"Elaborate on the content, adding relevant details while staying faithful to the source text.",26,26,0,0,1.0,1.0
./cnn/stories/f1ed66fecd9f0bfd0d8aa3d0f1f32a86674f4589.story,content,elaborate,0,3,"Elaborate on the content, adding relevant details while staying faithful to the source text.",36,36,0,0,1.0,1.0
./cnn/stories/f1ed66fecd9f0bfd0d8aa3d0f1f32a86674f4589.story,content,elaborate,1,1,"Expand the text with more context, without introducing information that is not supported by the original.",21,21,0,0,1.0,1.0
./cnn/stories/f1ed66fecd9f0bfd0d8aa3d0f1f32a86674f4589.story,content,elaborate,1,2,"Expand the text with more context, without introducing information that is not supported by the original.",21,21,0,0,1.0,1.0
./cnn/stories/f1ed66fecd9f0bfd0d8aa3d0f1f32a86674f4589.story,content,elaborate,1,3,"Expand the text with more context, without introducing information that is not supported by the original.",15,15,0,0,1.0,1.0
./cnn/stories/f1ed66fecd9f0bfd0d8aa3d0f1f32a86674f4589.story,content,elaborate,2,1,"Add more detail, keeping every fact grounded in the source material.",23,22,1,0,0.9565217391304348,0.9565217391304348
./cnn/stories/f1ed66fecd9f0bfd0d8aa3d0f1f32a86674f4589.story,content,elaborate,2,2,"Add more detail, keeping every fact grounded in the source material.",28,28,0,0,1.0,1.0
./cnn/stories/f1ed66fecd9f0bfd0d8aa3d0f1f32a86674f4589.story,content,elaborate,2,3,"Add more detail, keeping every fact grounded in the source material.",28,27,1,0,0.9642857142857143,0.9642857142857143
./cnn/stories/f1ed66fecd9f0bfd0d8aa3d0f1f32a86674f4589.story,content,shorten,0,1,Make wording more concise.,12,12,0,0,1.0,1.0
./cnn/stories/f1ed66fecd9f0bfd0d8aa3d0f1f32a86674f4589.story,content,shorten,0,2,Make wording more concise.,8,8,0,0,1.0,0.8
./cnn/stories/f1ed66fecd9f0bfd0d8aa3d0f1f32a86674f4589.story,content,shorten,0,3,Make wording more concise.,10,10,0,0,1.0,1.0
./cnn/stories/f1ed66fecd9f0bfd0d8aa3d0f1f32a86674f4589.story,content,shorten,1,1,Rephrase for clarity and conciseness.,14,14,0,0,1.0,1.0
./cnn/stories/f1ed66fecd9f0bfd0d8aa3d0f1f32a86674f4589.story,content,shorten,1,2,Rephrase for clarity and conciseness.,12,12,0,0,1.0,1.0
./cnn/stories/f1ed66fecd9f0bfd0d8aa3d0f1f32a86674f4589.story,content,shorten,1,3,Rephrase for clarity and conciseness.,11,11,0,0,1.0,1.0
./cnn/stories/f1ed66fecd9f0bfd0d8aa3d0f1f32a86674f4589.story,content,shorten,2,1,"Improve accuracy, clarity, and conciseness of language.",19,19,0,0,1.0,1.0
./cnn/stories/f1ed66fecd9f0bfd0d8aa3d0f1f32a86674f4589.story,content,shorten,2,2,"Improve accuracy, clarity, and conciseness of language.",20,20,0,0,1.0,1.0
./cnn/stories/f1ed66fecd9f0bfd0d8aa3d0f1f32a86674f4589.story,content,shorten,2,3,"Improve accuracy, clarity, and conciseness of language.",18,18,0,0,1.0,1.0
./cnn/stories/f1ed66fecd9f0bfd0d8aa3d0f1f32a86674f4589.story,style,formality,0,1,Make the text more formal.,27,27,0,0,1.0,1.0
./cnn/stories/f1ed66fecd9f0bfd0d8aa3d0f1f32a86674f4589.story,style,formality,0,2,Make the text more formal.,30,30,0,0,1.0,1.0
./cnn/stories/f1ed66fecd9f0bfd0d8aa3d0f1f32a86674f4589.story,style,formality,0,3,Make the text more formal.,29,29,0,0,1.0,1.0
./cnn/stories/f1ed66fecd9f0bfd0d8aa3d0f1f32a86674f4589.story,style,formality,1,1,Rephrase it to be more formal.,25,25,0,0,1.0,1.0
./cnn/stories/f1ed66fecd9f0bfd0d8aa3d0f1f32a86674f4589.story,style,formality,1,2,Rephrase it to be more formal.,22,22,0,0,1.0,1.0
./cnn/stories/f1ed66fecd9f0bfd0d8aa3d0f1f32a86674f4589.story,style,formality,1,3,Rephrase it to be more formal.,25,24,1,0,0.96,0.96
./cnn/stories/f1ed66fecd9f0bfd0d8aa3d0f1f32a86674f4589.story,style,formality,2,1,"Too conversational, rephrase it to be more formal.",30,29,1,0,0.9666666666666667,0.9666666666666667
./cnn/stories/f1ed66fecd9f0bfd0d8aa3d0f1f32a86674f4589.story,style,formality,2,2,"Too conversational, rephrase it to be more formal.",35,35,0,0,1.0,1.0
./cnn/stories/f1ed66fecd9f0bfd0d8aa3d0f1f32a86674f4589.story,style,formality,2,3,"Too conversational, rephrase it to be more formal.",29,29,0,0,1.0,1.0
./cnn/stories/f1ed66fecd9f0bfd0d8aa3d0f1f32a86674f4589.story,style,paraphrase,0,1,Paraphrase this.,18,18,0,0,1.0,1.0
./cnn/stories/f1ed66fecd9f0bfd0d8aa3d0f1f32a86674f4589.story,style,paraphrase,0,2,Paraphrase this.,19,19,0,0,1.0,1.0
./cnn/stories/f1ed66fecd9f0bfd0d8aa3d0f1f32a86674f4589.story,style,paraphrase,0,3,Paraphrase this.,17,17,0,0,1.0,1.0
./cnn/stories/f1ed66fecd9f0bfd0d8aa3d0f1f32a86674f4589.story,style,paraphrase,1,1,Reword this text.,15,15,0,0,1.0,1.0
./cnn/stories/f1ed66fecd9f0bfd0d8aa3d0f1f32a86674f4589.story,style,paraphrase,1,2,Reword this text.,18,18,0,0,1.0,1.0
./cnn/stories/f1ed66fecd9f0bfd0d8aa3d0f1f32a86674f4589.story,style,paraphrase,1,3,Reword this text.,15,15,0,0,1.0,1.0
./cnn/stories/f1ed66fecd9f0bfd0d8aa3d0f1f32a86674f4589.story,style,paraphrase,2,1,Use different wording.,19,18,1,0,0.9473684210526315,0.9473684210526315
./cnn/stories/f1ed66fecd9f0bfd0d8aa3d0f1f32a86674f4589.story,style,paraphrase,2,2,Use different wording.,28,28,0,0,1.0,1.0
./cnn/stories/f1ed66fecd9f0bfd0d8aa3d0f1f32a86674f4589.story,style,paraphrase,2,3,Use different wording.,23,21,2,0,0.9130434782608695,0.9130434782608695
./cnn/stories/f3f934ef7f19642d44da7678c06a859f103363b1.story,content,elaborate,0,1,"Elaborate on the content, adding relevant details while staying faithful to the source text.",35,34,1,0,0.9714285714285714,0.9714285714285714
./cnn/stories/f3f934ef7f19642d44da7678c06a859f103363b1.story,content,elaborate,0,2,"Elaborate on the content, adding relevant details while staying faithful to the source text.",37,34,3,0,0.918918918918919,0.918918918918919
./cnn/stories/f3f934ef7f19642d44da7678c06a859f103363b1.story,content,elaborate,0,3,"Elaborate on the content, adding relevant details while staying faithful to the source text.",42,40,2,0,0.9523809523809523,0.9523809523809523
./cnn/stories/f3f934ef7f19642d44da7678c06a859f103363b1.story,content,elaborate,1,1,"Expand the text with more context, without introducing information that is not supported by the original.",40,39,1,0,0.975,0.975
./cnn/stories/f3f934ef7f19642d44da7678c06a859f103363b1.story,content,elaborate,1,2,"Expand the text with more context, without introducing information that is not supported by the original.",35,35,0,0,1.0,1.0
./cnn/stories/f3f934ef7f19642d44da7678c06a859f103363b1.story,content,elaborate,1,3,"Expand the text with more context, without introducing information that is not supported by the original.",34,32,2,0,0.9411764705882353,0.9411764705882353
./cnn/stories/f3f934ef7f19642d44da7678c06a859f103363b1.story,content,elaborate,2,1,"Add more detail, keeping every fact grounded in the source material.",47,45,2,0,0.9574468085106383,0.9574468085106383
./cnn/stories/f3f934ef7f19642d44da7678c06a859f103363b1.story,content,elaborate,2,2,"Add more detail, keeping every fact grounded in the source material.",56,55,1,0,0.9821428571428571,0.9821428571428571
./cnn/stories/f3f934ef7f19642d44da7678c06a859f103363b1.story,content,elaborate,2,3,"Add more detail, keeping every fact grounded in the source material.",56,54,2,0,0.9642857142857143,0.9642857142857143
./cnn/stories/f3f934ef7f19642d44da7678c06a859f103363b1.story,content,shorten,0,1,Make wording more concise.,18,18,0,0,1.0,1.0
./cnn/stories/f3f934ef7f19642d44da7678c06a859f103363b1.story,content,shorten,0,2,Make wording more concise.,12,12,0,0,1.0,1.0
./cnn/stories/f3f934ef7f19642d44da7678c06a859f103363b1.story,content,shorten,0,3,Make wording more concise.,13,12,1,0,0.9230769230769231,0.9230769230769231
./cnn/stories/f3f934ef7f19642d44da7678c06a859f103363b1.story,content,shorten,1,1,Rephrase for clarity and conciseness.,21,21,0,0,1.0,1.0
./cnn/stories/f3f934ef7f19642d44da7678c06a859f103363b1.story,content,shorten,1,2,Rephrase for clarity and conciseness.,19,19,0,0,1.0,1.0
./cnn/stories/f3f934ef7f19642d44da7678c06a859f103363b1.story,content,shorten,1,3,Rephrase for clarity and conciseness.,15,15,0,0,1.0,1.0
./cnn/stories/f3f934ef7f19642d44da7678c06a859f103363b1.story,content,shorten,2,1,"Improve accuracy, clarity, and conciseness of language.",40,37,3,0,0.925,0.925
./cnn/stories/f3f934ef7f19642d44da7678c06a859f103363b1.story,content,shorten,2,2,"Improve accuracy, clarity, and conciseness of language.",37,33,4,0,0.8918918918918919,0.8918918918918919
./cnn/stories/f3f934ef7f19642d44da7678c06a859f103363b1.story,content,shorten,2,3,"Improve accuracy, clarity, and conciseness of language.",31,31,0,0,1.0,1.0
./cnn/stories/f3f934ef7f19642d44da7678c06a859f103363b1.story,style,formality,0,1,Make the text more formal.,48,46,2,0,0.9583333333333334,0.9583333333333334
./cnn/stories/f3f934ef7f19642d44da7678c06a859f103363b1.story,style,formality,0,2,Make the text more formal.,41,40,1,0,0.975609756097561,0.975609756097561
./cnn/stories/f3f934ef7f19642d44da7678c06a859f103363b1.story,style,formality,0,3,Make the text more formal.,37,35,2,0,0.9459459459459459,0.9459459459459459
./cnn/stories/f3f934ef7f19642d44da7678c06a859f103363b1.story,style,formality,1,1,Rephrase it to be more formal.,37,37,0,0,1.0,1.0
./cnn/stories/f3f934ef7f19642d44da7678c06a859f103363b1.story,style,formality,1,2,Rephrase it to be more formal.,31,31,0,0,1.0,1.0
./cnn/stories/f3f934ef7f19642d44da7678c06a859f103363b1.story,style,formality,1,3,Rephrase it to be more formal.,38,38,0,0,1.0,1.0
./cnn/stories/f3f934ef7f19642d44da7678c06a859f103363b1.story,style,formality,2,1,"Too conversational, rephrase it to be more formal.",34,33,1,0,0.9705882352941176,0.9705882352941176
./cnn/stories/f3f934ef7f19642d44da7678c06a859f103363b1.story,style,formality,2,2,"Too conversational, rephrase it to be more formal.",36,35,1,0,0.9722222222222222,0.9722222222222222
./cnn/stories/f3f934ef7f19642d44da7678c06a859f103363b1.story,style,formality,2,3,"Too conversational, rephrase it to be more formal.",39,35,4,0,0.8974358974358975,0.8974358974358975
./cnn/stories/f3f934ef7f19642d44da7678c06a859f103363b1.story,style,paraphrase,0,1,Paraphrase this.,18,18,0,0,1.0,1.0
./cnn/stories/f3f934ef7f19642d44da7678c06a859f103363b1.story,style,paraphrase,0,2,Paraphrase this.,20,20,0,0,1.0,1.0
./cnn/stories/f3f934ef7f19642d44da7678c06a859f103363b1.story,style,paraphrase,0,3,Paraphrase this.,24,24,0,0,1.0,1.0
./cnn/stories/f3f934ef7f19642d44da7678c06a859f103363b1.story,style,paraphrase,1,1,Reword this text.,32,31,1,0,0.96875,0.96875
./cnn/stories/f3f934ef7f19642d44da7678c06a859f103363b1.story,style,paraphrase,1,2,Reword this text.,30,30,0,0,1.0,1.0
./cnn/stories/f3f934ef7f19642d44da7678c06a859f103363b1.story,style,paraphrase,1,3,Reword this text.,27,26,1,0,0.9629629629629629,0.9629629629629629
./cnn/stories/f3f934ef7f19642d44da7678c06a859f103363b1.story,style,paraphrase,2,1,Use different wording.,39,37,2,0,0.9487179487179487,0.9487179487179487
./cnn/stories/f3f934ef7f19642d44da7678c06a859f103363b1.story,style,paraphrase,2,2,Use different wording.,44,42,2,0,0.9545454545454546,0.9545454545454546
./cnn/stories/f3f934ef7f19642d44da7678c06a859f103363b1.story,style,paraphrase,2,3,Use different wording.,42,42,0,0,1.0,1.0
./cnn/stories/f5c70593825da66a07c3ddffdefe09b7321a1371.story,content,elaborate,0,1,"Elaborate on the content, adding relevant details while staying faithful to the source text.",19,19,0,0,1.0,1.0
./cnn/stories/f5c70593825da66a07c3ddffdefe09b7321a1371.story,content,elaborate,0,2,"Elaborate on the content, adding relevant details while staying faithful to the source text.",26,26,0,0,1.0,1.0
./cnn/stories/f5c70593825da66a07c3ddffdefe09b7321a1371.story,content,elaborate,0,3,"Elaborate on the content, adding relevant details while staying faithful to the source text.",31,30,1,0,0.967741935483871,0.967741935483871
./cnn/stories/f5c70593825da66a07c3ddffdefe09b7321a1371.story,content,elaborate,1,1,"Expand the text with more context, without introducing information that is not supported by the original.",23,23,0,0,1.0,1.0
./cnn/stories/f5c70593825da66a07c3ddffdefe09b7321a1371.story,content,elaborate,1,2,"Expand the text with more context, without introducing information that is not supported by the original.",26,26,0,0,1.0,1.0
./cnn/stories/f5c70593825da66a07c3ddffdefe09b7321a1371.story,content,elaborate,1,3,"Expand the text with more context, without introducing information that is not supported by the original.",33,33,0,0,1.0,1.0
./cnn/stories/f5c70593825da66a07c3ddffdefe09b7321a1371.story,content,elaborate,2,1,"Add more detail, keeping every fact grounded in the source material.",17,17,0,0,1.0,1.0
./cnn/stories/f5c70593825da66a07c3ddffdefe09b7321a1371.story,content,elaborate,2,2,"Add more detail, keeping every fact grounded in the source material.",19,19,0,0,1.0,1.0
./cnn/stories/f5c70593825da66a07c3ddffdefe09b7321a1371.story,content,elaborate,2,3,"Add more detail, keeping every fact grounded in the source material.",22,22,0,0,1.0,1.0
./cnn/stories/f5c70593825da66a07c3ddffdefe09b7321a1371.story,content,shorten,0,1,Make wording more concise.,15,15,0,0,1.0,1.0
./cnn/stories/f5c70593825da66a07c3ddffdefe09b7321a1371.story,content,shorten,0,2,Make wording more concise.,14,14,0,0,1.0,1.0
./cnn/stories/f5c70593825da66a07c3ddffdefe09b7321a1371.story,content,shorten,0,3,Make wording more concise.,14,14,0,0,1.0,1.0
./cnn/stories/f5c70593825da66a07c3ddffdefe09b7321a1371.story,content,shorten,1,1,Rephrase for clarity and conciseness.,18,17,1,0,0.9444444444444444,0.9444444444444444
./cnn/stories/f5c70593825da66a07c3ddffdefe09b7321a1371.story,content,shorten,1,2,Rephrase for clarity and conciseness.,17,17,0,0,1.0,1.0
./cnn/stories/f5c70593825da66a07c3ddffdefe09b7321a1371.story,content,shorten,1,3,Rephrase for clarity and conciseness.,16,16,0,0,1.0,1.0
./cnn/stories/f5c70593825da66a07c3ddffdefe09b7321a1371.story,content,shorten,2,1,"Improve accuracy, clarity, and conciseness of language.",23,23,0,0,1.0,1.0
./cnn/stories/f5c70593825da66a07c3ddffdefe09b7321a1371.story,content,shorten,2,2,"Improve accuracy, clarity, and conciseness of language.",17,17,0,0,1.0,1.0
./cnn/stories/f5c70593825da66a07c3ddffdefe09b7321a1371.story,content,shorten,2,3,"Improve accuracy, clarity, and conciseness of language.",26,26,0,0,1.0,1.0
./cnn/stories/f5c70593825da66a07c3ddffdefe09b7321a1371.story,style,formality,0,1,Make the text more formal.,28,28,0,0,1.0,1.0
./cnn/stories/f5c70593825da66a07c3ddffdefe09b7321a1371.story,style,formality,0,2,Make the text more formal.,29,29,0,0,1.0,1.0
./cnn/stories/f5c70593825da66a07c3ddffdefe09b7321a1371.story,style,formality,0,3,Make the text more formal.,26,26,0,0,1.0,1.0
./cnn/stories/f5c70593825da66a07c3ddffdefe09b7321a1371.story,style,formality,1,1,Rephrase it to be more formal.,32,30,2,0,0.9375,0.9375
./cnn/stories/f5c70593825da66a07c3ddffdefe09b7321a1371.story,style,formality,1,2,Rephrase it to be more formal.,24,24,0,0,1.0,1.0
./cnn/stories/f5c70593825da66a07c3ddffdefe09b7321a1371.story,style,formality,1,3,Rephrase it to be more formal.,24,24,0,0,1.0,1.0
./cnn/stories/f5c70593825da66a07c3ddffdefe09b7321a1371.story,style,formality,2,1,"Too conversational, rephrase it to be more formal.",23,23,0,0,1.0,1.0
./cnn/stories/f5c70593825da66a07c3ddffdefe09b7321a1371.story,style,formality,2,2,"Too conversational, rephrase it to be more formal.",17,17,0,0,1.0,1.0
./cnn/stories/f5c70593825da66a07c3ddffdefe09b7321a1371.story,style,formality,2,3,"Too conversational, rephrase it to be more formal.",19,19,0,0,1.0,1.0
./cnn/stories/f5c70593825da66a07c3ddffdefe09b7321a1371.story,style,paraphrase,0,1,Paraphrase this.,18,18,0,0,1.0,1.0
./cnn/stories/f5c70593825da66a07c3ddffdefe09b7321a1371.story,style,paraphrase,0,2,Paraphrase this.,17,17,0,0,1.0,1.0
./cnn/stories/f5c70593825da66a07c3ddffdefe09b7321a1371.story,style,paraphrase,0,3,Paraphrase this.,21,21,0,0,1.0,1.0
./cnn/stories/f5c70593825da66a07c3ddffdefe09b7321a1371.story,style,paraphrase,1,1,Reword this text.,14,14,0,0,1.0,1.0
./cnn/stories/f5c70593825da66a07c3ddffdefe09b7321a1371.story,style,paraphrase,1,2,Reword this text.,19,19,0,0,1.0,1.0
./cnn/stories/f5c70593825da66a07c3ddffdefe09b7321a1371.story,style,paraphrase,1,3,Reword this text.,18,18,0,0,1.0,1.0
./cnn/stories/f5c70593825da66a07c3ddffdefe09b7321a1371.story,style,paraphrase,2,1,Use different wording.,26,26,0,0,1.0,1.0
./cnn/stories/f5c70593825da66a07c3ddffdefe09b7321a1371.story,style,paraphrase,2,2,Use different wording.,25,25,0,0,1.0,1.0
./cnn/stories/f5c70593825da66a07c3ddffdefe09b7321a1371.story,style,paraphrase,2,3,Use different wording.,21,21,0,0,1.0,1.0
./cnn/stories/fd32589b6eec37be799b1e103b1cd01d7969ce0f.story,content,elaborate,0,1,"Elaborate on the content, adding relevant details while staying faithful to the source text.",39,38,1,0,0.9743589743589743,0.9743589743589743
./cnn/stories/fd32589b6eec37be799b1e103b1cd01d7969ce0f.story,content,elaborate,0,2,"Elaborate on the content, adding relevant details while staying faithful to the source text.",53,49,4,0,0.9245283018867925,0.9245283018867925
./cnn/stories/fd32589b6eec37be799b1e103b1cd01d7969ce0f.story,content,elaborate,0,3,"Elaborate on the content, adding relevant details while staying faithful to the source text.",51,48,3,0,0.9411764705882353,0.9411764705882353
./cnn/stories/fd32589b6eec37be799b1e103b1cd01d7969ce0f.story,content,elaborate,1,1,"Expand the text with more context, without introducing information that is not supported by the original.",35,32,3,0,0.9142857142857143,0.9142857142857143
./cnn/stories/fd32589b6eec37be799b1e103b1cd01d7969ce0f.story,content,elaborate,1,2,"Expand the text with more context, without introducing information that is not supported by the original.",37,33,4,0,0.8918918918918919,0.8918918918918919
./cnn/stories/fd32589b6eec37be799b1e103b1cd01d7969ce0f.story,content,elaborate,1,3,"Expand the text with more context, without introducing information that is not supported by the original.",36,34,2,0,0.9444444444444444,0.9444444444444444
./cnn/stories/fd32589b6eec37be799b1e103b1cd01d7969ce0f.story,content,elaborate,2,1,"Add more detail, keeping every fact grounded in the source material.",36,35,1,0,0.9722222222222222,0.9722222222222222
./cnn/stories/fd32589b6eec37be799b1e103b1cd01d7969ce0f.story,content,elaborate,2,2,"Add more detail, keeping every fact grounded in the source material.",41,39,2,0,0.9512195121951219,0.9512195121951219
./cnn/stories/fd32589b6eec37be799b1e103b1cd01d7969ce0f.story,content,elaborate,2,3,"Add more detail, keeping every fact grounded in the source material.",46,43,3,0,0.9347826086956522,0.9347826086956522
./cnn/stories/fd32589b6eec37be799b1e103b1cd01d7969ce0f.story,content,shorten,0,1,Make wording more concise.,21,20,1,0,0.9523809523809523,0.9523809523809523
./cnn/stories/fd32589b6eec37be799b1e103b1cd01d7969ce0f.story,content,shorten,0,2,Make wording more concise.,23,20,3,0,0.8695652173913043,0.8695652173913043
./cnn/stories/fd32589b6eec37be799b1e103b1cd01d7969ce0f.story,content,shorten,0,3,Make wording more concise.,21,18,3,0,0.8571428571428571,0.8571428571428571
./cnn/stories/fd32589b6eec37be799b1e103b1cd01d7969ce0f.story,content,shorten,1,1,Rephrase for clarity and conciseness.,24,24,0,0,1.0,1.0
./cnn/stories/fd32589b6eec37be799b1e103b1cd01d7969ce0f.story,content,shorten,1,2,Rephrase for clarity and conciseness.,26,24,2,0,0.9230769230769231,0.9230769230769231
./cnn/stories/fd32589b6eec37be799b1e103b1cd01d7969ce0f.story,content,shorten,1,3,Rephrase for clarity and conciseness.,22,20,2,0,0.9090909090909091,0.9090909090909091
./cnn/stories/fd32589b6eec37be799b1e103b1cd01d7969ce0f.story,content,shorten,2,1,"Improve accuracy, clarity, and conciseness of language.",23,21,2,0,0.9130434782608695,0.9130434782608695
./cnn/stories/fd32589b6eec37be799b1e103b1cd01d7969ce0f.story,content,shorten,2,2,"Improve accuracy, clarity, and conciseness of language.",21,18,3,0,0.8571428571428571,0.8571428571428571
./cnn/stories/fd32589b6eec37be799b1e103b1cd01d7969ce0f.story,content,shorten,2,3,"Improve accuracy, clarity, and conciseness of language.",21,19,2,0,0.9047619047619048,0.9047619047619048
./cnn/stories/fd32589b6eec37be799b1e103b1cd01d7969ce0f.story,style,formality,0,1,Make the text more formal.,33,31,2,0,0.9393939393939394,0.9393939393939394
./cnn/stories/fd32589b6eec37be799b1e103b1cd01d7969ce0f.story,style,formality,0,2,Make the text more formal.,32,30,2,0,0.9375,0.9375
./cnn/stories/fd32589b6eec37be799b1e103b1cd01d7969ce0f.story,style,formality,0,3,Make the text more formal.,35,32,3,0,0.9142857142857143,0.9142857142857143
./cnn/stories/fd32589b6eec37be799b1e103b1cd01d7969ce0f.story,style,formality,1,1,Rephrase it to be more formal.,35,34,1,0,0.9714285714285714,0.9714285714285714
./cnn/stories/fd32589b6eec37be799b1e103b1cd01d7969ce0f.story,style,formality,1,2,Rephrase it to be more formal.,35,33,2,0,0.9428571428571428,0.9428571428571428
./cnn/stories/fd32589b6eec37be799b1e103b1cd01d7969ce0f.story,style,formality,1,3,Rephrase it to be more formal.,39,36,3,0,0.9230769230769231,0.9230769230769231
./cnn/stories/fd32589b6eec37be799b1e103b1cd01d7969ce0f.story,style,formality,2,1,"Too conversational, rephrase it to be more formal.",36,35,1,0,0.9722222222222222,0.9722222222222222
./cnn/stories/fd32589b6eec37be799b1e103b1cd01d7969ce0f.story,style,formality,2,2,"Too conversational, rephrase it to be more formal.",34,31,3,0,0.9117647058823529,0.9117647058823529
./cnn/stories/fd32589b6eec37be799b1e103b1cd01d7969ce0f.story,style,formality,2,3,"Too conversational, rephrase it to be more formal.",40,36,4,0,0.9,0.9
./cnn/stories/fd32589b6eec37be799b1e103b1cd01d7969ce0f.story,style,paraphrase,0,1,Paraphrase this.,24,22,2,0,0.9166666666666666,0.9166666666666666
./cnn/stories/fd32589b6eec37be799b1e103b1cd01d7969ce0f.story,style,paraphrase,0,2,Paraphrase this.,27,25,2,0,0.9259259259259259,0.9259259259259259
./cnn/stories/fd32589b6eec37be799b1e103b1cd01d7969ce0f.story,style,paraphrase,0,3,Paraphrase this.,27,26,1,0,0.9629629629629629,0.9629629629629629
./cnn/stories/fd32589b6eec37be799b1e103b1cd01d7969ce0f.story,style,paraphrase,1,1,Reword this text.,25,24,1,0,0.96,0.96
./cnn/stories/fd32589b6eec37be799b1e103b1cd01d7969ce0f.story,style,paraphrase,1,2,Reword this text.,31,29,2,0,0.9354838709677419,0.9354838709677419
./cnn/stories/fd32589b6eec37be799b1e103b1cd01d7969ce0f.story,style,paraphrase,1,3,Reword this text.,28,26,2,0,0.9285714285714286,0.9285714285714286
./cnn/stories/fd32589b6eec37be799b1e103b1cd01d7969ce0f.story,style,paraphrase,2,1,Use different wording.,29,29,0,0,1.0,1.0
./cnn/stories/fd32589b6eec37be799b1e103b1cd01d7969ce0f.story,style,paraphrase,2,2,Use different wording.,33,31,2,0,0.9393939393939394,0.9393939393939394
./cnn/stories/fd32589b6eec37be799b1e103b1cd01d7969ce0f.story,style,paraphrase,2,3,Use different wording.,29,29,0,0,1.0,1.0
