qid,group,instruction_type,run,step,bleurt_baseline,bleurt_consecutive,bleurt_answer
./cnn/stories/d9ea64de844086c1430636ce80cd2849e3fb25e7.story,style,formality,0,1,0.6314597129821777,0.6314597129821777,0.08292081952095032
./cnn/stories/d9ea64de844086c1430636ce80cd2849e3fb25e7.story,style,formality,0,2,0.5850777626037598,0.7363830208778381,0.1143377497792244
./cnn/stories/d9ea64de844086c1430636ce80cd2849e3fb25e7.story,style,formality,0,3,0.5773827433586121,0.7714583277702332,0.09156153351068497
./cnn/stories/d9ea64de844086c1430636ce80cd2849e3fb25e7.story,style,formality,1,1,0.6356580853462219,0.6356580853462219,0.08292081952095032
./cnn/stories/d9ea64de844086c1430636ce80cd2849e3fb25e7.story,style,formality,1,2,0.573582112789154,0.7307782173156738,0.35967928171157837
./cnn/stories/d9ea64de844086c1430636ce80cd2849e3fb25e7.story,style,formality,1,3,0.5625050067901611,0.7912023663520813,0.3305622935295105
./cnn/stories/d9ea64de844086c1430636ce80cd2849e3fb25e7.story,style,formality,2,1,0.6563219428062439,0.6563219428062439,0.2652101516723633
./cnn/stories/d9ea64de844086c1430636ce80cd2849e3fb25e7.story,style,formality,2,2,0.5575771927833557,0.8068658709526062,0.3147675395011902
./cnn/stories/d9ea64de844086c1430636ce80cd2849e3fb25e7.story,style,formality,2,3,0.5119436383247375,0.8194725513458252,0.2985154390335083
./cnn/stories/d9ea64de844086c1430636ce80cd2849e3fb25e7.story,style,paraphrase,0,1,0.5014678835868835,0.5014678835868835,0.28099963068962097
./cnn/stories/d9ea64de844086c1430636ce80cd2849e3fb25e7.story,style,paraphrase,0,2,0.49722105264663696,0.7467764019966125,0.23131266236305237
./cnn/stories/d9ea64de844086c1430636ce80cd2849e3fb25e7.story,style,paraphrase,0,3,0.4777517318725586,0.7690144181251526,0.26417437195777893
./cnn/stories/d9ea64de844086c1430636ce80cd2849e3fb25e7.story,style,paraphrase,1,1,0.5699948668479919,0.5699948668479919,0.16456995904445648
./cnn/stories/d9ea64de844086c1430636ce80cd2849e3fb25e7.story,style,paraphrase,1,2,0.5077112317085266,0.7045459747314453,0.2285902053117752
./cnn/stories/d9ea64de844086c1430636ce80cd2849e3fb25e7.story,style,paraphrase,1,3,0.4908275008201599,0.7158130407333374,0.25046128034591675
./cnn/stories/d9ea64de844086c1430636ce80cd2849e3fb25e7.story,style,paraphrase,2,1,0.6411954760551453,0.6411954760551453,0.15102198719978333
./cnn/stories/d9ea64de844086c1430636ce80cd2849e3fb25e7.story,style,paraphrase,2,2,0.6623767018318176,0.7227853536605835,0.15972402691841125
./cnn/stories/d9ea64de844086c1430636ce80cd2849e3fb25e7.story,style,paraphrase,2,3,0.5889740586280823,0.7375447154045105,0.31091874837875366
./cnn/stories/d9ea64de844086c1430636ce80cd2849e3fb25e7.story,content,shorten,0,1,0.5524809956550598,0.5524809956550598,0.15828195214271545
./cnn/stories/d9ea64de844086c1430636ce80cd2849e3fb25e7.story,content,shorten,0,2,0.43411386013031006,0.6694400906562805,0.28319495916366577
./cnn/stories/d9ea64de844086c1430636ce80cd2849e3fb25e7.story,content,shorten,0,3,0.45101892948150635,0.732562243938446,0.2605442702770233
./cnn/stories/d9ea64de844086c1430636ce80cd2849e3fb25e7.story,content,shorten,1,1,0.4837692379951477,0.4837692379951477,0.30758383870124817
./cnn/stories/d9ea64de844086c1430636ce80cd2849e3fb25e7.story,content,shorten,1,2,0.4574395418167114,0.7288345694541931,0.28934013843536377
./cnn/stories/d9ea64de844086c1430636ce80cd2849e3fb25e7.story,content,shorten,1,3,0.4413820505142212,0.7454312443733215,0.30050331354141235
./cnn/stories/d9ea64de844086c1430636ce80cd2849e3fb25e7.story,content,shorten,2,1,0.5544349551200867,0.5544349551200867,0.2548133134841919
./cnn/stories/d9ea64de844086c1430636ce80cd2849e3fb25e7.story,content,shorten,2,2,0.5417436957359314,0.711719274520874,0.35635197162628174
./cnn/stories/d9ea64de844086c1430636ce80cd2849e3fb25e7.story,content,shorten,2,3,0.41533440351486206,0.7733083367347717,0.3873143196105957
./cnn/stories/d9ea64de844086c1430636ce80cd2849e3fb25e7.story,content,elaborate,0,1,0.5426313281059265,0.5426313281059265,0.13934817910194397
./cnn/stories/d9ea64de844086c1430636ce80cd2849e3fb25e7.story,content,elaborate,0,2,0.3774917423725128,0.6139580011367798,0.5456278920173645
./cnn/stories/d9ea64de844086c1430636ce80cd2849e3fb25e7.story,content,elaborate,0,3,0.39954909682273865,0.607886791229248,0.5029158592224121
./cnn/stories/d9ea64de844086c1430636ce80cd2849e3fb25e7.story,content,elaborate,1,1,0.5067123174667358,0.5067123174667358,0.16889820992946625
./cnn/stories/d9ea64de844086c1430636ce80cd2849e3fb25e7.story,content,elaborate,1,2,0.4544033408164978,0.6180413961410522,0.36065351963043213
./cnn/stories/d9ea64de844086c1430636ce80cd2849e3fb25e7.story,content,elaborate,1,3,0.4163356423377991,0.5878883004188538,0.40834230184555054
./cnn/stories/d9ea64de844086c1430636ce80cd2849e3fb25e7.story,content,elaborate,2,1,0.5817569494247437,0.5817569494247437,0.29377710819244385
./cnn/stories/d9ea64de844086c1430636ce80cd2849e3fb25e7.story,content,elaborate,2,2,0.49326157569885254,0.6676657199859619,0.3310927152633667
./cnn/stories/d9ea64de844086c1430636ce80cd2849e3fb25e7.story,content,elaborate,2,3,0.4363638162612915,0.6336444020271301,0.5197117328643799
./cnn/stories/bc8f85297fa51310468d8f3990e0f4bb07176ce8.story,style,formality,0,1,0.6250376105308533,0.6250376105308533,0.4034122824668884
./cnn/stories/bc8f85297fa51310468d8f3990e0f4bb07176ce8.story,style,formality,0,2,0.576030433177948,0.6698659062385559,1.0232188701629639
./cnn/stories/bc8f85297fa51310468d8f3990e0f4bb07176ce8.story,style,formality,0,3,0.5396625399589539,0.7144551277160645,0.4034122824668884
./cnn/stories/bc8f85297fa51310468d8f3990e0f4bb07176ce8.story,style,formality,1,1,0.6235039830207825,0.6235039830207825,0.4034122824668884
./cnn/stories/bc8f85297fa51310468d8f3990e0f4bb07176ce8.story,style,formality,1,2,0.5804842710494995,0.6749083399772644,0.4034122824668884
./cnn/stories/bc8f85297fa51310468d8f3990e0f4bb07176ce8.story,style,formality,1,3,0.5944821238517761,0.7265765070915222,0.4034122824668884
./cnn/stories/bc8f85297fa51310468d8f3990e0f4bb07176ce8.story,style,formality,2,1,0.579531729221344,0.579531729221344,0.4034122824668884
./cnn/stories/bc8f85297fa51310468d8f3990e0f4bb07176ce8.story,style,formality,2,2,0.5597303509712219,0.7463768720626831,1.0232188701629639
./cnn/stories/bc8f85297fa51310468d8f3990e0f4bb07176ce8.story,style,formality,2,3,0.5570193529129028,0.7107866406440735,1.0232188701629639
./cnn/stories/bc8f85297fa51310468d8f3990e0f4bb07176ce8.story,style,paraphrase,0,1,0.5922364592552185,0.5922364592552185,0.4034122824668884
./cnn/stories/bc8f85297fa51310468d8f3990e0f4bb07176ce8.story,style,paraphrase,0,2,0.5321219563484192,0.5502899885177612,0.4034122824668884
./cnn/stories/bc8f85297fa51310468d8f3990e0f4bb07176ce8.story,style,paraphrase,0,3,0.530229926109314,0.6678442358970642,1.0232188701629639
./cnn/stories/bc8f85297fa51310468d8f3990e0f4bb07176ce8.story,style,paraphrase,1,1,0.621871292591095,0.621871292591095,1.0232188701629639
./cnn/stories/bc8f85297fa51310468d8f3990e0f4bb07176ce8.story,style,paraphrase,1,2,0.5550475120544434,0.6684769988059998,0.4034122824668884
./cnn/stories/bc8f85297fa51310468d8f3990e0f4bb07176ce8.story,style,paraphrase,1,3,0.5462160110473633,0.6014559268951416,0.4034122824668884
./cnn/stories/bc8f85297fa51310468d8f3990e0f4bb07176ce8.story,style,paraphrase,2,1,0.5337117314338684,0.5337117314338684,0.4034122824668884
./cnn/stories/bc8f85297fa51310468d8f3990e0f4bb07176ce8.story,style,paraphrase,2,2,0.5193188190460205,0.557077169418335,0.4034122824668884
./cnn/stories/bc8f85297fa51310468d8f3990e0f4bb07176ce8.story,style,paraphrase,2,3,0.517493724822998,0.5783103108406067,1.0232188701629639
./cnn/stories/bc8f85297fa51310468d8f3990e0f4bb07176ce8.story,content,shorten,0,1,0.3733949661254883,0.3733949661254883,0.6972343325614929
./cnn/stories/bc8f85297fa51310468d8f3990e0f4bb07176ce8.story,content,shorten,0,2,0.42715001106262207,0.764150083065033,0.6972343325614929
./cnn/stories/bc8f85297fa51310468d8f3990e0f4bb07176ce8.story,content,shorten,0,3,0.3698996901512146,0.7804352641105652,0.6972343325614929
./cnn/stories/bc8f85297fa51310468d8f3990e0f4bb07176ce8.story,content,shorten,1,1,0.5056354999542236,0.5056354999542236,0.6972343325614929
./cnn/stories/bc8f85297fa51310468d8f3990e0f4bb07176ce8.story,content,shorten,1,2,0.46500706672668457,0.6643082499504089,1.0232188701629639
./cnn/stories/bc8f85297fa51310468d8f3990e0f4bb07176ce8.story,content,shorten,1,3,0.45083731412887573,0.6835904717445374,1.0232188701629639
./cnn/stories/bc8f85297fa51310468d8f3990e0f4bb07176ce8.story,content,shorten,2,1,0.4516425132751465,0.4516425132751465,1.0232188701629639
./cnn/stories/bc8f85297fa51310468d8f3990e0f4bb07176ce8.story,content,shorten,2,2,0.38636088371276855,0.6397561430931091,1.0232188701629639
./cnn/stories/bc8f85297fa51310468d8f3990e0f4bb07176ce8.story,content,shorten,2,3,0.3672069311141968,0.6646220088005066,0.4034122824668884
./cnn/stories/bc8f85297fa51310468d8f3990e0f4bb07176ce8.story,content,elaborate,0,1,0.5657172203063965,0.5657172203063965,1.0232188701629639
./cnn/stories/bc8f85297fa51310468d8f3990e0f4bb07176ce8.story,content,elaborate,0,2,0.5345705151557922,0.5982666015625,1.0232188701629639
./cnn/stories/bc8f85297fa51310468d8f3990e0f4bb07176ce8.story,content,elaborate,0,3,0.4728069305419922,0.6240582466125488,1.0232188701629639
./cnn/stories/bc8f85297fa51310468d8f3990e0f4bb07176ce8.story,content,elaborate,1,1,0.5937973260879517,0.5937973260879517,1.0232188701629639
./cnn/stories/bc8f85297fa51310468d8f3990e0f4bb07176ce8.story,content,elaborate,1,2,0.5750846862792969,0.6894018650054932,1.0232188701629639
./cnn/stories/bc8f85297fa51310468d8f3990e0f4bb07176ce8.story,content,elaborate,1,3,0.5536256432533264,0.7043610215187073,1.0232188701629639
./cnn/stories/bc8f85297fa51310468d8f3990e0f4bb07176ce8.story,content,elaborate,2,1,0.5186029672622681,0.5186029672622681,1.0232188701629639
./cnn/stories/bc8f85297fa51310468d8f3990e0f4bb07176ce8.story,content,elaborate,2,2,0.5718125700950623,0.638973593711853,1.0232188701629639
./cnn/stories/bc8f85297fa51310468d8f3990e0f4bb07176ce8.story,content,elaborate,2,3,0.5269238948822021,0.6815491318702698,1.0232188701629639
./cnn/stories/bebd46ad5d9b194bf2462b3903c94c0600d946c8.story,style,formality,0,1,0.5633151531219482,0.5633151531219482,0.9552639722824097
./cnn/stories/bebd46ad5d9b194bf2462b3903c94c0600d946c8.story,style,formality,0,2,0.517767071723938,0.6786893606185913,0.9552639722824097
./cnn/stories/bebd46ad5d9b194bf2462b3903c94c0600d946c8.story,style,formality,0,3,0.5339240431785583,0.740100085735321,0.9552639722824097
./cnn/stories/bebd46ad5d9b194bf2462b3903c94c0600d946c8.story,style,formality,1,1,0.5878205895423889,0.5878205895423889,0.9552639722824097
./cnn/stories/bebd46ad5d9b194bf2462b3903c94c0600d946c8.story,style,formality,1,2,0.576815664768219,0.7439426779747009,0.9552639722824097
./cnn/stories/bebd46ad5d9b194bf2462b3903c94c0600d946c8.story,style,formality,1,3,0.5592885613441467,0.7186329960823059,0.9100587964057922
./cnn/stories/bebd46ad5d9b194bf2462b3903c94c0600d946c8.story,style,formality,2,1,0.531998336315155,0.531998336315155,0.9552639722824097
./cnn/stories/bebd46ad5d9b194bf2462b3903c94c0600d946c8.story,style,formality,2,2,0.48476719856262207,0.7201256155967712,0.9552639722824097
./cnn/stories/bebd46ad5d9b194bf2462b3903c94c0600d946c8.story,style,formality,2,3,0.5077866315841675,0.7483233213424683,0.9552639722824097
./cnn/stories/bebd46ad5d9b194bf2462b3903c94c0600d946c8.story,style,paraphrase,0,1,0.5087615847587585,0.5087615847587585,0.9552639722824097
./cnn/stories/bebd46ad5d9b194bf2462b3903c94c0600d946c8.story,style,paraphrase,0,2,0.47012168169021606,0.6381580829620361,0.9552639722824097
./cnn/stories/bebd46ad5d9b194bf2462b3903c94c0600d946c8.story,style,paraphrase,0,3,0.45388197898864746,0.6997548937797546,0.9866662621498108
./cnn/stories/bebd46ad5d9b194bf2462b3903c94c0600d946c8.story,style,paraphrase,1,1,0.5019025802612305,0.5019025802612305,0.9552639722824097
./cnn/stories/bebd46ad5d9b194bf2462b3903c94c0600d946c8.story,style,paraphrase,1,2,0.4984058141708374,0.676122784614563,0.9866662621498108
./cnn/stories/bebd46ad5d9b194bf2462b3903c94c0600d946c8.story,style,paraphrase,1,3,0.4245625138282776,0.5878612399101257,0.9866662621498108
./cnn/stories/bebd46ad5d9b194bf2462b3903c94c0600d946c8.story,style,paraphrase,2,1,0.5473896265029907,0.5473896265029907,0.9552639722824097
./cnn/stories/bebd46ad5d9b194bf2462b3903c94c0600d946c8.story,style,paraphrase,2,2,0.4889730215072632,0.6564017534255981,0.9552639722824097
./cnn/stories/bebd46ad5d9b194bf2462b3903c94c0600d946c8.story,style,paraphrase,2,3,0.48192864656448364,0.6669020056724548,0.9552639722824097
./cnn/stories/bebd46ad5d9b194bf2462b3903c94c0600d946c8.story,content,shorten,0,1,0.4384572505950928,0.4384572505950928,0.9552639722824097
./cnn/stories/bebd46ad5d9b194bf2462b3903c94c0600d946c8.story,content,shorten,0,2,0.37648242712020874,0.7368407845497131,0.9552639722824097
./cnn/stories/bebd46ad5d9b194bf2462b3903c94c0600d946c8.story,content,shorten,0,3,0.38194528222084045,0.7870959043502808,0.9552639722824097
./cnn/stories/bebd46ad5d9b194bf2462b3903c94c0600d946c8.story,content,shorten,1,1,0.31782209873199463,0.31782209873199463,0.9552639722824097
./cnn/stories/bebd46ad5d9b194bf2462b3903c94c0600d946c8.story,content,shorten,1,2,0.43427062034606934,0.7319483160972595,0.9552639722824097
./cnn/stories/bebd46ad5d9b194bf2462b3903c94c0600d946c8.story,content,shorten,1,3,0.38539189100265503,0.7813630104064941,0.9552639722824097
./cnn/stories/bebd46ad5d9b194bf2462b3903c94c0600d946c8.story,content,shorten,2,1,0.35413819551467896,0.35413819551467896,0.9866662621498108
./cnn/stories/bebd46ad5d9b194bf2462b3903c94c0600d946c8.story,content,shorten,2,2,0.3235071897506714,0.6678910851478577,0.9866662621498108
./cnn/stories/bebd46ad5d9b194bf2462b3903c94c0600d946c8.story,content,shorten,2,3,0.34417372941970825,0.6267942786216736,0.9866662621498108
./cnn/stories/bebd46ad5d9b194bf2462b3903c94c0600d946c8.story,content,elaborate,0,1,0.566452145576477,0.566452145576477,0.9552639722824097
./cnn/stories/bebd46ad5d9b194bf2462b3903c94c0600d946c8.story,content,elaborate,0,2,0.5133630037307739,0.6433719396591187,0.9552639722824097
./cnn/stories/bebd46ad5d9b194bf2462b3903c94c0600d946c8.story,content,elaborate,0,3,0.4898254871368408,0.6818860173225403,0.9552639722824097
./cnn/stories/bebd46ad5d9b194bf2462b3903c94c0600d946c8.story,content,elaborate,1,1,0.573656439781189,0.573656439781189,0.9552639722824097
./cnn/stories/bebd46ad5d9b194bf2462b3903c94c0600d946c8.story,content,elaborate,1,2,0.4903067946434021,0.5196589231491089,0.9552639722824097
./cnn/stories/bebd46ad5d9b194bf2462b3903c94c0600d946c8.story,content,elaborate,1,3,0.41205161809921265,0.6508145928382874,0.9552639722824097
./cnn/stories/bebd46ad5d9b194bf2462b3903c94c0600d946c8.story,content,elaborate,2,1,0.492925763130188,0.492925763130188,0.9552639722824097
./cnn/stories/bebd46ad5d9b194bf2462b3903c94c0600d946c8.story,content,elaborate,2,2,0.4627978205680847,0.6540570855140686,0.9552639722824097
./cnn/stories/bebd46ad5d9b194bf2462b3903c94c0600d946c8.story,content,elaborate,2,3,0.4373241066932678,0.598460853099823,0.9552639722824097
./cnn/stories/d32e102f11e8daf4797d61d5af0256b1e3ae1dce.story,style,formality,0,1,0.4564945697784424,0.4564945697784424,0.6088393330574036
./cnn/stories/d32e102f11e8daf4797d61d5af0256b1e3ae1dce.story,style,formality,0,2,0.424202561378479,0.7288385629653931,0.6088393330574036
./cnn/stories/d32e102f11e8daf4797d61d5af0256b1e3ae1dce.story,style,formality,0,3,0.4100459814071655,0.7690353989601135,0.014115527272224426
./cnn/stories/d32e102f11e8daf4797d61d5af0256b1e3ae1dce.story,style,formality,1,1,0.5318178534507751,0.5318178534507751,0.6088393330574036
./cnn/stories/d32e102f11e8daf4797d61d5af0256b1e3ae1dce.story,style,formality,1,2,0.5100654363632202,0.6715996265411377,0.6088393330574036
./cnn/stories/d32e102f11e8daf4797d61d5af0256b1e3ae1dce.story,style,formality,1,3,0.37928277254104614,0.5833632946014404,0.6088393330574036
./cnn/stories/d32e102f11e8daf4797d61d5af0256b1e3ae1dce.story,style,formality,2,1,0.5106410384178162,0.5106410384178162,0.6088393330574036
./cnn/stories/d32e102f11e8daf4797d61d5af0256b1e3ae1dce.story,style,formality,2,2,0.40768831968307495,0.6852136254310608,0.014115527272224426
./cnn/stories/d32e102f11e8daf4797d61d5af0256b1e3ae1dce.story,style,formality,2,3,0.4313209652900696,0.6165453791618347,0.014115527272224426
./cnn/stories/d32e102f11e8daf4797d61d5af0256b1e3ae1dce.story,style,paraphrase,0,1,0.4181479215621948,0.4181479215621948,0.6088393330574036
./cnn/stories/d32e102f11e8daf4797d61d5af0256b1e3ae1dce.story,style,paraphrase,0,2,0.4172227382659912,0.7218184471130371,0.014115527272224426
./cnn/stories/d32e102f11e8daf4797d61d5af0256b1e3ae1dce.story,style,paraphrase,0,3,0.40224969387054443,0.6964624524116516,0.014115527272224426
./cnn/stories/d32e102f11e8daf4797d61d5af0256b1e3ae1dce.story,style,paraphrase,1,1,0.42900222539901733,0.42900222539901733,0.6088393330574036
./cnn/stories/d32e102f11e8daf4797d61d5af0256b1e3ae1dce.story,style,paraphrase,1,2,0.3968621492385864,0.5918213725090027,0.014115527272224426
./cnn/stories/d32e102f11e8daf4797d61d5af0256b1e3ae1dce.story,style,paraphrase,1,3,0.35931089520454407,0.6539071798324585,0.014115527272224426
./cnn/stories/d32e102f11e8daf4797d61d5af0256b1e3ae1dce.story,style,paraphrase,2,1,0.44896626472473145,0.44896626472473145,0.6088393330574036
./cnn/stories/d32e102f11e8daf4797d61d5af0256b1e3ae1dce.story,style,paraphrase,2,2,0.40374869108200073,0.5394933223724365,0.6088393330574036
./cnn/stories/d32e102f11e8daf4797d61d5af0256b1e3ae1dce.story,style,paraphrase,2,3,0.37150901556015015,0.6079291701316833,0.6088393330574036
./cnn/stories/d32e102f11e8daf4797d61d5af0256b1e3ae1dce.story,content,shorten,0,1,0.35133740305900574,0.35133740305900574,0.6088393330574036
./cnn/stories/d32e102f11e8daf4797d61d5af0256b1e3ae1dce.story,content,shorten,0,2,0.33043307065963745,0.7238001227378845,0.42057132720947266
./cnn/stories/d32e102f11e8daf4797d61d5af0256b1e3ae1dce.story,content,shorten,0,3,0.3620297908782959,0.6324101686477661,0.014115527272224426
./cnn/stories/d32e102f11e8daf4797d61d5af0256b1e3ae1dce.story,content,shorten,1,1,0.40084177255630493,0.40084177255630493,0.6088393330574036
./cnn/stories/d32e102f11e8daf4797d61d5af0256b1e3ae1dce.story,content,shorten,1,2,0.4130347967147827,0.7744450569152832,0.6088393330574036
./cnn/stories/d32e102f11e8daf4797d61d5af0256b1e3ae1dce.story,content,shorten,1,3,0.3250250220298767,0.7693561911582947,0.17722377181053162
./cnn/stories/d32e102f11e8daf4797d61d5af0256b1e3ae1dce.story,content,shorten,2,1,0.3923201262950897,0.3923201262950897,0.2372642457485199
./cnn/stories/d32e102f11e8daf4797d61d5af0256b1e3ae1dce.story,content,shorten,2,2,0.38029420375823975,0.5514606237411499,0.6088393330574036
./cnn/stories/d32e102f11e8daf4797d61d5af0256b1e3ae1dce.story,content,shorten,2,3,0.37451106309890747,0.7723332643508911,0.014115527272224426
./cnn/stories/d32e102f11e8daf4797d61d5af0256b1e3ae1dce.story,content,elaborate,0,1,0.3271496295928955,0.3271496295928955,0.014115527272224426
./cnn/stories/d32e102f11e8daf4797d61d5af0256b1e3ae1dce.story,content,elaborate,0,2,0.32718414068222046,0.6039168834686279,-0.016476675868034363
./cnn/stories/d32e102f11e8daf4797d61d5af0256b1e3ae1dce.story,content,elaborate,0,3,0.31808480620384216,0.6593404412269592,-0.004783228039741516
./cnn/stories/d32e102f11e8daf4797d61d5af0256b1e3ae1dce.story,content,elaborate,1,1,0.3466390371322632,0.3466390371322632,0.014115527272224426
./cnn/stories/d32e102f11e8daf4797d61d5af0256b1e3ae1dce.story,content,elaborate,1,2,0.2914416790008545,0.5446884036064148,0.6088393330574036
./cnn/stories/d32e102f11e8daf4797d61d5af0256b1e3ae1dce.story,content,elaborate,1,3,0.28739768266677856,0.6632719039916992,0.6088393330574036
./cnn/stories/d32e102f11e8daf4797d61d5af0256b1e3ae1dce.story,content,elaborate,2,1,0.36374855041503906,0.36374855041503906,0.014115527272224426
./cnn/stories/d32e102f11e8daf4797d61d5af0256b1e3ae1dce.story,content,elaborate,2,2,0.34370625019073486,0.7100046277046204,0.014115527272224426
./cnn/stories/d32e102f11e8daf4797d61d5af0256b1e3ae1dce.story,content,elaborate,2,3,0.36013516783714294,0.5775308609008789,0.014115527272224426
./cnn/stories/6796fd980df9880d76a6a5c73a2438124da56a45.story,style,formality,0,1,0.3137549161911011,0.3137549161911011,0.12446310371160507
./cnn/stories/6796fd980df9880d76a6a5c73a2438124da56a45.story,style,formality,0,2,0.3221932649612427,0.6087470650672913,0.11953361332416534
./cnn/stories/6796fd980df9880d76a6a5c73a2438124da56a45.story,style,formality,0,3,0.34367746114730835,0.7001752853393555,0.13284797966480255
./cnn/stories/6796fd980df9880d76a6a5c73a2438124da56a45.story,style,formality,1,1,0.43160325288772583,0.43160325288772583,0.0487273633480072
./cnn/stories/6796fd980df9880d76a6a5c73a2438124da56a45.story,style,formality,1,2,0.39213496446609497,0.5896624326705933,
./cnn/stories/6796fd980df9880d76a6a5c73a2438124da56a45.story,style,formality,1,3,0.3865496516227722,0.6550312638282776,0.17565366625785828
./cnn/stories/6796fd980df9880d76a6a5c73a2438124da56a45.story,style,formality,2,1,0.467018723487854,0.467018723487854,0.8557354211807251
./cnn/stories/6796fd980df9880d76a6a5c73a2438124da56a45.story,style,formality,2,2,0.4415056109428406,0.6786953210830688,0.6133062243461609
./cnn/stories/6796fd980df9880d76a6a5c73a2438124da56a45.story,style,formality,2,3,0.4259706735610962,0.6646257042884827,0.6133062243461609
./cnn/stories/6796fd980df9880d76a6a5c73a2438124da56a45.story,style,paraphrase,0,1,0.4337502121925354,0.4337502121925354,
./cnn/stories/6796fd980df9880d76a6a5c73a2438124da56a45.story,style,paraphrase,0,2,0.46891605854034424,0.6703514456748962,
./cnn/stories/6796fd980df9880d76a6a5c73a2438124da56a45.story,style,paraphrase,0,3,0.4364868402481079,0.7118090987205505,
./cnn/stories/6796fd980df9880d76a6a5c73a2438124da56a45.story,style,paraphrase,1,1,0.30566728115081787,0.30566728115081787,0.11579030752182007
./cnn/stories/6796fd980df9880d76a6a5c73a2438124da56a45.story,style,paraphrase,1,2,0.3618696928024292,0.5579144954681396,
./cnn/stories/6796fd980df9880d76a6a5c73a2438124da56a45.story,style,paraphrase,1,3,0.4132840633392334,0.7148910164833069,
./cnn/stories/6796fd980df9880d76a6a5c73a2438124da56a45.story,style,paraphrase,2,1,0.39895930886268616,0.39895930886268616,0.11953361332416534
./cnn/stories/6796fd980df9880d76a6a5c73a2438124da56a45.story,style,paraphrase,2,2,0.3270551562309265,0.5891469717025757,0.11953361332416534
./cnn/stories/6796fd980df9880d76a6a5c73a2438124da56a45.story,style,paraphrase,2,3,0.32176774740219116,0.6448129415512085,0.11953361332416534
./cnn/stories/6796fd980df9880d76a6a5c73a2438124da56a45.story,content,shorten,0,1,0.4573863744735718,0.4573863744735718,0.11618149280548096
./cnn/stories/6796fd980df9880d76a6a5c73a2438124da56a45.story,content,shorten,0,2,0.38485413789749146,0.6891639828681946,0.1084526926279068
./cnn/stories/6796fd980df9880d76a6a5c73a2438124da56a45.story,content,shorten,0,3,0.32672178745269775,0.7847476601600647,0.1084526926279068
./cnn/stories/6796fd980df9880d76a6a5c73a2438124da56a45.story,content,shorten,1,1,0.3899767994880676,0.3899767994880676,0.11618149280548096
./cnn/stories/6796fd980df9880d76a6a5c73a2438124da56a45.story,content,shorten,1,2,0.37661290168762207,0.6144633889198303,0.14138078689575195
./cnn/stories/6796fd980df9880d76a6a5c73a2438124da56a45.story,content,shorten,1,3,0.3202599883079529,0.7645493149757385,0.12598221004009247
./cnn/stories/6796fd980df9880d76a6a5c73a2438124da56a45.story,content,shorten,2,1,0.3905310034751892,0.3905310034751892,0.1161639392375946
./cnn/stories/6796fd980df9880d76a6a5c73a2438124da56a45.story,content,shorten,2,2,0.42030417919158936,0.6462087035179138,0.12861594557762146
./cnn/stories/6796fd980df9880d76a6a5c73a2438124da56a45.story,content,shorten,2,3,0.4294208884239197,0.676834762096405,0.12598221004009247
./cnn/stories/6796fd980df9880d76a6a5c73a2438124da56a45.story,content,elaborate,0,1,0.37193986773490906,0.37193986773490906,
./cnn/stories/6796fd980df9880d76a6a5c73a2438124da56a45.story,content,elaborate,0,2,0.37669530510902405,0.6304565668106079,0.2447255551815033
./cnn/stories/6796fd980df9880d76a6a5c73a2438124da56a45.story,content,elaborate,0,3,0.3699197769165039,0.6440867185592651,0.11579030752182007
./cnn/stories/6796fd980df9880d76a6a5c73a2438124da56a45.story,content,elaborate,1,1,0.375327467918396,0.375327467918396,0.11579030752182007
./cnn/stories/6796fd980df9880d76a6a5c73a2438124da56a45.story,content,elaborate,1,2,0.30894678831100464,0.5732024312019348,0.11953361332416534
./cnn/stories/6796fd980df9880d76a6a5c73a2438124da56a45.story,content,elaborate,1,3,0.2634231448173523,0.5816084742546082,0.11579030752182007
./cnn/stories/6796fd980df9880d76a6a5c73a2438124da56a45.story,content,elaborate,2,1,0.35434144735336304,0.35434144735336304,0.11618149280548096
./cnn/stories/6796fd980df9880d76a6a5c73a2438124da56a45.story,content,elaborate,2,2,0.3627637028694153,0.5939940810203552,0.11579030752182007
./cnn/stories/6796fd980df9880d76a6a5c73a2438124da56a45.story,content,elaborate,2,3,0.3424517512321472,0.6992679834365845,0.11579030752182007
./cnn/stories/0a6c7cbe5aa6c6de9c9e6ab14adc105da4937e9d.story,style,formality,0,1,0.43749111890792847,0.43749111890792847,0.401456356048584
./cnn/stories/0a6c7cbe5aa6c6de9c9e6ab14adc105da4937e9d.story,style,formality,0,2,0.44007331132888794,0.7195797562599182,0.8141696453094482
./cnn/stories/0a6c7cbe5aa6c6de9c9e6ab14adc105da4937e9d.story,style,formality,0,3,0.4417652487754822,0.7532325983047485,0.16153261065483093
./cnn/stories/0a6c7cbe5aa6c6de9c9e6ab14adc105da4937e9d.story,style,formality,1,1,0.4860275387763977,0.4860275387763977,0.401456356048584
./cnn/stories/0a6c7cbe5aa6c6de9c9e6ab14adc105da4937e9d.story,style,formality,1,2,0.4716797471046448,0.7073835730552673,0.16153261065483093
./cnn/stories/0a6c7cbe5aa6c6de9c9e6ab14adc105da4937e9d.story,style,formality,1,3,0.46209269762039185,0.7897536158561707,0.8141696453094482
./cnn/stories/0a6c7cbe5aa6c6de9c9e6ab14adc105da4937e9d.story,style,formality,2,1,0.4561545252799988,0.4561545252799988,0.401456356048584
./cnn/stories/0a6c7cbe5aa6c6de9c9e6ab14adc105da4937e9d.story,style,formality,2,2,0.4184368848800659,0.6702221632003784,0.16153261065483093
./cnn/stories/0a6c7cbe5aa6c6de9c9e6ab14adc105da4937e9d.story,style,formality,2,3,0.4313972592353821,0.7777988314628601,0.09330500662326813
./cnn/stories/0a6c7cbe5aa6c6de9c9e6ab14adc105da4937e9d.story,style,paraphrase,0,1,0.4438515901565552,0.4438515901565552,0.485232949256897
./cnn/stories/0a6c7cbe5aa6c6de9c9e6ab14adc105da4937e9d.story,style,paraphrase,0,2,0.3557277321815491,0.49902433156967163,0.16153261065483093
./cnn/stories/0a6c7cbe5aa6c6de9c9e6ab14adc105da4937e9d.story,style,paraphrase,0,3,0.3965139389038086,0.6573717594146729,0.16153261065483093
./cnn/stories/0a6c7cbe5aa6c6de9c9e6ab14adc105da4937e9d.story,style,paraphrase,1,1,0.4926457405090332,0.4926457405090332,0.8141696453094482
./cnn/stories/0a6c7cbe5aa6c6de9c9e6ab14adc105da4937e9d.story,style,paraphrase,1,2,0.4229062795639038,0.5930243134498596,0.485232949256897
./cnn/stories/0a6c7cbe5aa6c6de9c9e6ab14adc105da4937e9d.story,style,paraphrase,1,3,0.4029191732406616,0.6784092783927917,0.8141696453094482
./cnn/stories/0a6c7cbe5aa6c6de9c9e6ab14adc105da4937e9d.story,style,paraphrase,2,1,0.4794226288795471,0.4794226288795471,0.8141696453094482
./cnn/stories/0a6c7cbe5aa6c6de9c9e6ab14adc105da4937e9d.story,style,paraphrase,2,2,0.46004778146743774,0.6823006868362427,0.16153261065483093
./cnn/stories/0a6c7cbe5aa6c6de9c9e6ab14adc105da4937e9d.story,style,paraphrase,2,3,0.4182989001274109,0.6772293448448181,0.16153261065483093
./cnn/stories/0a6c7cbe5aa6c6de9c9e6ab14adc105da4937e9d.story,content,shorten,0,1,0.40938037633895874,0.40938037633895874,0.16153261065483093
./cnn/stories/0a6c7cbe5aa6c6de9c9e6ab14adc105da4937e9d.story,content,shorten,0,2,0.35544198751449585,0.736896812915802,0.8141696453094482
./cnn/stories/0a6c7cbe5aa6c6de9c9e6ab14adc105da4937e9d.story,content,shorten,0,3,0.3781014680862427,0.5880613327026367,0.8141696453094482
./cnn/stories/0a6c7cbe5aa6c6de9c9e6ab14adc105da4937e9d.story,content,shorten,1,1,0.32020998001098633,0.32020998001098633,0.485232949256897
./cnn/stories/0a6c7cbe5aa6c6de9c9e6ab14adc105da4937e9d.story,content,shorten,1,2,0.39119940996170044,0.6709083318710327,0.485232949256897
./cnn/stories/0a6c7cbe5aa6c6de9c9e6ab14adc105da4937e9d.story,content,shorten,1,3,0.35109713673591614,0.778698742389679,0.485232949256897
./cnn/stories/0a6c7cbe5aa6c6de9c9e6ab14adc105da4937e9d.story,content,shorten,2,1,0.4680701494216919,0.4680701494216919,0.8141696453094482
./cnn/stories/0a6c7cbe5aa6c6de9c9e6ab14adc105da4937e9d.story,content,shorten,2,2,0.35413438081741333,0.6707523465156555,0.8141696453094482
./cnn/stories/0a6c7cbe5aa6c6de9c9e6ab14adc105da4937e9d.story,content,shorten,2,3,0.3985368609428406,0.8263152241706848,0.8141696453094482
./cnn/stories/0a6c7cbe5aa6c6de9c9e6ab14adc105da4937e9d.story,content,elaborate,0,1,0.38384097814559937,0.38384097814559937,0.8141696453094482
./cnn/stories/0a6c7cbe5aa6c6de9c9e6ab14adc105da4937e9d.story,content,elaborate,0,2,0.3858466148376465,0.6412611603736877,0.485232949256897
./cnn/stories/0a6c7cbe5aa6c6de9c9e6ab14adc105da4937e9d.story,content,elaborate,0,3,0.3935089707374573,0.5784356594085693,0.8141696453094482
./cnn/stories/0a6c7cbe5aa6c6de9c9e6ab14adc105da4937e9d.story,content,elaborate,1,1,0.49091988801956177,0.49091988801956177,0.485232949256897
./cnn/stories/0a6c7cbe5aa6c6de9c9e6ab14adc105da4937e9d.story,content,elaborate,1,2,0.47034770250320435,0.644905149936676,0.16153261065483093
./cnn/stories/0a6c7cbe5aa6c6de9c9e6ab14adc105da4937e9d.story,content,elaborate,1,3,0.40442955493927,0.579734206199646,0.8141696453094482
./cnn/stories/0a6c7cbe5aa6c6de9c9e6ab14adc105da4937e9d.story,content,elaborate,2,1,0.4709615111351013,0.4709615111351013,0.485232949256897
./cnn/stories/0a6c7cbe5aa6c6de9c9e6ab14adc105da4937e9d.story,content,elaborate,2,2,0.3469327688217163,0.5224538445472717,0.4020712375640869
./cnn/stories/0a6c7cbe5aa6c6de9c9e6ab14adc105da4937e9d.story,content,elaborate,2,3,0.4673271179199219,0.7564047574996948,0.485232949256897
./cnn/stories/cc420f3c4c9b3d1385f1e8a3d4049a67a518d3eb.story,style,formality,0,1,0.7289775013923645,0.7289775013923645,0.9700867533683777
./cnn/stories/cc420f3c4c9b3d1385f1e8a3d4049a67a518d3eb.story,style,formality,0,2,0.7057536840438843,0.7831702828407288,0.9799895882606506
./cnn/stories/cc420f3c4c9b3d1385f1e8a3d4049a67a518d3eb.story,style,formality,0,3,0.6915547251701355,0.8237678408622742,0.9799895882606506
./cnn/stories/cc420f3c4c9b3d1385f1e8a3d4049a67a518d3eb.story,style,formality,1,1,0.7304238677024841,0.7304238677024841,0.9799895882606506
./cnn/stories/cc420f3c4c9b3d1385f1e8a3d4049a67a518d3eb.story,style,formality,1,2,0.6761993169784546,0.7426490187644958,0.9799895882606506
./cnn/stories/cc420f3c4c9b3d1385f1e8a3d4049a67a518d3eb.story,style,formality,1,3,0.6629067063331604,0.8398869037628174,0.9799895882606506
./cnn/stories/cc420f3c4c9b3d1385f1e8a3d4049a67a518d3eb.story,style,formality,2,1,0.6907394528388977,0.6907394528388977,0.9799895882606506
./cnn/stories/cc420f3c4c9b3d1385f1e8a3d4049a67a518d3eb.story,style,formality,2,2,0.6689589619636536,0.7703738808631897,0.9799895882606506
./cnn/stories/cc420f3c4c9b3d1385f1e8a3d4049a67a518d3eb.story,style,formality,2,3,0.6666437983512878,0.8032017350196838,0.9799895882606506
./cnn/stories/cc420f3c4c9b3d1385f1e8a3d4049a67a518d3eb.story,style,paraphrase,0,1,0.623733639717102,0.623733639717102,0.9700867533683777
./cnn/stories/cc420f3c4c9b3d1385f1e8a3d4049a67a518d3eb.story,style,paraphrase,0,2,0.5897802710533142,0.7259021401405334,0.9463041424751282
./cnn/stories/cc420f3c4c9b3d1385f1e8a3d4049a67a518d3eb.story,style,paraphrase,0,3,0.6108730435371399,0.7390971779823303,0.9799895882606506
./cnn/stories/cc420f3c4c9b3d1385f1e8a3d4049a67a518d3eb.story,style,paraphrase,1,1,0.7063800096511841,0.7063800096511841,0.9799895882606506
./cnn/stories/cc420f3c4c9b3d1385f1e8a3d4049a67a518d3eb.story,style,paraphrase,1,2,0.669622004032135,0.7588123679161072,0.9463041424751282
./cnn/stories/cc420f3c4c9b3d1385f1e8a3d4049a67a518d3eb.story,style,paraphrase,1,3,0.6592709422111511,0.7559544444084167,0.9799895882606506
./cnn/stories/cc420f3c4c9b3d1385f1e8a3d4049a67a518d3eb.story,style,paraphrase,2,1,0.686305582523346,0.686305582523346,0.9700867533683777
./cnn/stories/cc420f3c4c9b3d1385f1e8a3d4049a67a518d3eb.story,style,paraphrase,2,2,0.6690039038658142,0.6960740685462952,0.9799895882606506
./cnn/stories/cc420f3c4c9b3d1385f1e8a3d4049a67a518d3eb.story,style,paraphrase,2,3,0.5906460881233215,0.6648402810096741,0.9463041424751282
./cnn/stories/cc420f3c4c9b3d1385f1e8a3d4049a67a518d3eb.story,content,shorten,0,1,0.6315507888793945,0.6315507888793945,0.9700867533683777
./cnn/stories/cc420f3c4c9b3d1385f1e8a3d4049a67a518d3eb.story,content,shorten,0,2,0.5747154355049133,0.7362572550773621,0.9799895882606506
./cnn/stories/cc420f3c4c9b3d1385f1e8a3d4049a67a518d3eb.story,content,shorten,0,3,0.5624971985816956,0.8530067801475525,0.794547975063324
./cnn/stories/cc420f3c4c9b3d1385f1e8a3d4049a67a518d3eb.story,content,shorten,1,1,0.6108691692352295,0.6108691692352295,0.9700867533683777
./cnn/stories/cc420f3c4c9b3d1385f1e8a3d4049a67a518d3eb.story,content,shorten,1,2,0.5664119720458984,0.7222791910171509,0.9799895882606506
./cnn/stories/cc420f3c4c9b3d1385f1e8a3d4049a67a518d3eb.story,content,shorten,1,3,0.5500658750534058,0.7537347674369812,0.9799895882606506
./cnn/stories/cc420f3c4c9b3d1385f1e8a3d4049a67a518d3eb.story,content,shorten,2,1,0.6412678360939026,0.6412678360939026,0.9799895882606506
./cnn/stories/cc420f3c4c9b3d1385f1e8a3d4049a67a518d3eb.story,content,shorten,2,2,0.5725231170654297,0.7615437507629395,0.9799895882606506
./cnn/stories/cc420f3c4c9b3d1385f1e8a3d4049a67a518d3eb.story,content,shorten,2,3,0.5613649487495422,0.7877018451690674,0.9700867533683777
./cnn/stories/cc420f3c4c9b3d1385f1e8a3d4049a67a518d3eb.story,content,elaborate,0,1,0.6924111247062683,0.6924111247062683,0.9799895882606506
./cnn/stories/cc420f3c4c9b3d1385f1e8a3d4049a67a518d3eb.story,content,elaborate,0,2,0.6102908849716187,0.6876935362815857,0.9799895882606506
./cnn/stories/cc420f3c4c9b3d1385f1e8a3d4049a67a518d3eb.story,content,elaborate,0,3,0.6019583344459534,0.7381817698478699,0.9799895882606506
./cnn/stories/cc420f3c4c9b3d1385f1e8a3d4049a67a518d3eb.story,content,elaborate,1,1,0.6878847479820251,0.6878847479820251,0.9799895882606506
./cnn/stories/cc420f3c4c9b3d1385f1e8a3d4049a67a518d3eb.story,content,elaborate,1,2,0.6235029697418213,0.6887192726135254,0.9799895882606506
./cnn/stories/cc420f3c4c9b3d1385f1e8a3d4049a67a518d3eb.story,content,elaborate,1,3,0.6205411553382874,0.7733388543128967,0.9799895882606506
./cnn/stories/cc420f3c4c9b3d1385f1e8a3d4049a67a518d3eb.story,content,elaborate,2,1,0.7226493954658508,0.7226493954658508,0.9799895882606506
./cnn/stories/cc420f3c4c9b3d1385f1e8a3d4049a67a518d3eb.story,content,elaborate,2,2,0.6936487555503845,0.7412034273147583,0.9799895882606506
./cnn/stories/cc420f3c4c9b3d1385f1e8a3d4049a67a518d3eb.story,content,elaborate,2,3,0.6527847647666931,0.7817056775093079,0.9799895882606506
./cnn/stories/00aee24828cbceb3857579c59c9a85f381e358a5.story,style,formality,0,1,0.509015679359436,0.509015679359436,0.6346666812896729
./cnn/stories/00aee24828cbceb3857579c59c9a85f381e358a5.story,style,formality,0,2,0.4895138144493103,0.73715740442276,0.6346666812896729
./cnn/stories/00aee24828cbceb3857579c59c9a85f381e358a5.story,style,formality,0,3,0.4766995906829834,0.7762386202812195,0.6346666812896729
./cnn/stories/00aee24828cbceb3857579c59c9a85f381e358a5.story,style,formality,1,1,0.509783923625946,0.509783923625946,0.6318424940109253
./cnn/stories/00aee24828cbceb3857579c59c9a85f381e358a5.story,style,formality,1,2,0.49235010147094727,0.7420177459716797,0.6375588774681091
./cnn/stories/00aee24828cbceb3857579c59c9a85f381e358a5.story,style,formality,1,3,0.46118658781051636,0.7048826217651367,0.6298040747642517
./cnn/stories/00aee24828cbceb3857579c59c9a85f381e358a5.story,style,formality,2,1,0.37896478176116943,0.37896478176116943,0.6346666812896729
./cnn/stories/00aee24828cbceb3857579c59c9a85f381e358a5.story,style,formality,2,2,0.3822339177131653,0.6830994486808777,0.6386299729347229
./cnn/stories/00aee24828cbceb3857579c59c9a85f381e358a5.story,style,formality,2,3,0.40715092420578003,0.7431783080101013,0.6000939011573792
./cnn/stories/00aee24828cbceb3857579c59c9a85f381e358a5.story,style,paraphrase,0,1,0.3335038125514984,0.3335038125514984,0.14633256196975708
./cnn/stories/00aee24828cbceb3857579c59c9a85f381e358a5.story,style,paraphrase,0,2,0.39651674032211304,0.7875159382820129,0.15583816170692444
./cnn/stories/00aee24828cbceb3857579c59c9a85f381e358a5.story,style,paraphrase,0,3,0.37143635749816895,0.7380977272987366,0.14633256196975708
./cnn/stories/00aee24828cbceb3857579c59c9a85f381e358a5.story,style,paraphrase,1,1,0.45650362968444824,0.45650362968444824,0.14633256196975708
./cnn/stories/00aee24828cbceb3857579c59c9a85f381e358a5.story,style,paraphrase,1,2,0.4055912494659424,0.6078060269355774,0.7017898559570312
./cnn/stories/00aee24828cbceb3857579c59c9a85f381e358a5.story,style,paraphrase,1,3,0.4486789107322693,0.7418598532676697,0.6413799524307251
./cnn/stories/00aee24828cbceb3857579c59c9a85f381e358a5.story,style,paraphrase,2,1,0.48499900102615356,0.48499900102615356,0.637431800365448
./cnn/stories/00aee24828cbceb3857579c59c9a85f381e358a5.story,style,paraphrase,2,2,0.4026452302932739,0.545968234539032,0.4500916004180908
./cnn/stories/00aee24828cbceb3857579c59c9a85f381e358a5.story,style,paraphrase,2,3,0.4182807207107544,0.6887580156326294,0.17025984823703766
./cnn/stories/00aee24828cbceb3857579c59c9a85f381e358a5.story,content,shorten,0,1,0.39504313468933105,0.39504313468933105,0.14633256196975708
./cnn/stories/00aee24828cbceb3857579c59c9a85f381e358a5.story,content,shorten,0,2,0.37185725569725037,0.768891453742981,0.14633256196975708
./cnn/stories/00aee24828cbceb3857579c59c9a85f381e358a5.story,content,shorten,0,3,0.3845865726470947,0.7693398594856262,0.14633256196975708
./cnn/stories/00aee24828cbceb3857579c59c9a85f381e358a5.story,content,shorten,1,1,0.37804535031318665,0.37804535031318665,0.14633256196975708
./cnn/stories/00aee24828cbceb3857579c59c9a85f381e358a5.story,content,shorten,1,2,0.23915109038352966,0.7186987996101379,0.14633256196975708
./cnn/stories/00aee24828cbceb3857579c59c9a85f381e358a5.story,content,shorten,1,3,0.3036477267742157,0.7607422471046448,0.14633256196975708
./cnn/stories/00aee24828cbceb3857579c59c9a85f381e358a5.story,content,shorten,2,1,0.39986592531204224,0.39986592531204224,0.6636613011360168
./cnn/stories/00aee24828cbceb3857579c59c9a85f381e358a5.story,content,shorten,2,2,0.44224441051483154,0.5875783562660217,0.6582769155502319
./cnn/stories/00aee24828cbceb3857579c59c9a85f381e358a5.story,content,shorten,2,3,0.4497982859611511,0.7819642424583435,0.6413799524307251
./cnn/stories/00aee24828cbceb3857579c59c9a85f381e358a5.story,content,elaborate,0,1,0.41775286197662354,0.41775286197662354,0.47357112169265747
./cnn/stories/00aee24828cbceb3857579c59c9a85f381e358a5.story,content,elaborate,0,2,0.3873780369758606,0.618061363697052,0.40641629695892334
./cnn/stories/00aee24828cbceb3857579c59c9a85f381e358a5.story,content,elaborate,0,3,0.3889186978340149,0.6645033955574036,0.3992862105369568
./cnn/stories/00aee24828cbceb3857579c59c9a85f381e358a5.story,content,elaborate,1,1,0.48009389638900757,0.48009389638900757,0.351804256439209
./cnn/stories/00aee24828cbceb3857579c59c9a85f381e358a5.story,content,elaborate,1,2,0.47713059186935425,0.7073931694030762,0.6419503092765808
./cnn/stories/00aee24828cbceb3857579c59c9a85f381e358a5.story,content,elaborate,1,3,0.3966330289840698,0.5530890226364136,0.14633256196975708
./cnn/stories/00aee24828cbceb3857579c59c9a85f381e358a5.story,content,elaborate,2,1,0.4515138864517212,0.4515138864517212,0.7072339653968811
./cnn/stories/00aee24828cbceb3857579c59c9a85f381e358a5.story,content,elaborate,2,2,0.37468641996383667,0.6405634880065918,0.635400116443634
./cnn/stories/00aee24828cbceb3857579c59c9a85f381e358a5.story,content,elaborate,2,3,0.3674180805683136,0.6935897469520569,0.6272838115692139
./cnn/stories/1b5174e9a4a2c77cb677d87ebcc8a3098ddc608a.story,style,formality,0,1,0.5129662156105042,0.5129662156105042,0.9639028906822205
./cnn/stories/1b5174e9a4a2c77cb677d87ebcc8a3098ddc608a.story,style,formality,0,2,0.4731009006500244,0.6119780540466309,0.9639028906822205
./cnn/stories/1b5174e9a4a2c77cb677d87ebcc8a3098ddc608a.story,style,formality,0,3,0.47441786527633667,0.6981480121612549,0.9639028906822205
./cnn/stories/1b5174e9a4a2c77cb677d87ebcc8a3098ddc608a.story,style,formality,1,1,0.5860133767127991,0.5860133767127991,0.9639028906822205
./cnn/stories/1b5174e9a4a2c77cb677d87ebcc8a3098ddc608a.story,style,formality,1,2,0.5497501492500305,0.6674569249153137,0.9639028906822205
./cnn/stories/1b5174e9a4a2c77cb677d87ebcc8a3098ddc608a.story,style,formality,1,3,0.5242493748664856,0.6641879677772522,0.9639028906822205
./cnn/stories/1b5174e9a4a2c77cb677d87ebcc8a3098ddc608a.story,style,formality,2,1,0.4935886263847351,0.4935886263847351,0.9639028906822205
./cnn/stories/1b5174e9a4a2c77cb677d87ebcc8a3098ddc608a.story,style,formality,2,2,0.4838154911994934,0.646937906742096,0.9639028906822205
./cnn/stories/1b5174e9a4a2c77cb677d87ebcc8a3098ddc608a.story,style,formality,2,3,0.47173625230789185,0.7657787799835205,0.9639028906822205
./cnn/stories/1b5174e9a4a2c77cb677d87ebcc8a3098ddc608a.story,style,paraphrase,0,1,0.49388885498046875,0.49388885498046875,0.9639028906822205
./cnn/stories/1b5174e9a4a2c77cb677d87ebcc8a3098ddc608a.story,style,paraphrase,0,2,0.42231762409210205,0.6611344218254089,0.9639028906822205
./cnn/stories/1b5174e9a4a2c77cb677d87ebcc8a3098ddc608a.story,style,paraphrase,0,3,0.45490121841430664,0.6976950168609619,0.9639028906822205
./cnn/stories/1b5174e9a4a2c77cb677d87ebcc8a3098ddc608a.story,style,paraphrase,1,1,0.5201526880264282,0.5201526880264282,0.9639028906822205
./cnn/stories/1b5174e9a4a2c77cb677d87ebcc8a3098ddc608a.story,style,paraphrase,1,2,0.40236902236938477,0.6066455841064453,0.9639028906822205
./cnn/stories/1b5174e9a4a2c77cb677d87ebcc8a3098ddc608a.story,style,paraphrase,1,3,0.4809836149215698,0.7118194103240967,0.9639028906822205
./cnn/stories/1b5174e9a4a2c77cb677d87ebcc8a3098ddc608a.story,style,paraphrase,2,1,0.554250180721283,0.554250180721283,0.9639028906822205
./cnn/stories/1b5174e9a4a2c77cb677d87ebcc8a3098ddc608a.story,style,paraphrase,2,2,0.44788116216659546,0.6590511798858643,0.9639028906822205
./cnn/stories/1b5174e9a4a2c77cb677d87ebcc8a3098ddc608a.story,style,paraphrase,2,3,0.4424397945404053,0.5116620659828186,0.09059115499258041
./cnn/stories/1b5174e9a4a2c77cb677d87ebcc8a3098ddc608a.story,content,shorten,0,1,0.46441513299942017,0.46441513299942017,0.9639028906822205
./cnn/stories/1b5174e9a4a2c77cb677d87ebcc8a3098ddc608a.story,content,shorten,0,2,0.4891764521598816,0.6827704310417175,0.9639028906822205
./cnn/stories/1b5174e9a4a2c77cb677d87ebcc8a3098ddc608a.story,content,shorten,0,3,0.4133896827697754,0.7009891867637634,0.9639028906822205
./cnn/stories/1b5174e9a4a2c77cb677d87ebcc8a3098ddc608a.story,content,shorten,1,1,0.4725247025489807,0.4725247025489807,0.9639028906822205
./cnn/stories/1b5174e9a4a2c77cb677d87ebcc8a3098ddc608a.story,content,shorten,1,2,0.4742799997329712,0.6753513216972351,0.9639028906822205
./cnn/stories/1b5174e9a4a2c77cb677d87ebcc8a3098ddc608a.story,content,shorten,1,3,0.4377772808074951,0.7158534526824951,0.9639028906822205
./cnn/stories/1b5174e9a4a2c77cb677d87ebcc8a3098ddc608a.story,content,shorten,2,1,0.48632878065109253,0.48632878065109253,0.9639028906822205
./cnn/stories/1b5174e9a4a2c77cb677d87ebcc8a3098ddc608a.story,content,shorten,2,2,0.47832566499710083,0.7066085338592529,0.9639028906822205
./cnn/stories/1b5174e9a4a2c77cb677d87ebcc8a3098ddc608a.story,content,shorten,2,3,0.3352765440940857,0.7574136853218079,0.9639028906822205
./cnn/stories/1b5174e9a4a2c77cb677d87ebcc8a3098ddc608a.story,content,elaborate,0,1,0.510399580001831,0.510399580001831,0.9639028906822205
./cnn/stories/1b5174e9a4a2c77cb677d87ebcc8a3098ddc608a.story,content,elaborate,0,2,0.5002473592758179,0.6637089848518372,0.9639028906822205
./cnn/stories/1b5174e9a4a2c77cb677d87ebcc8a3098ddc608a.story,content,elaborate,0,3,0.4707774519920349,0.6978192925453186,0.9639028906822205
./cnn/stories/1b5174e9a4a2c77cb677d87ebcc8a3098ddc608a.story,content,elaborate,1,1,0.4898179769515991,0.4898179769515991,0.9639028906822205
./cnn/stories/1b5174e9a4a2c77cb677d87ebcc8a3098ddc608a.story,content,elaborate,1,2,0.4736024737358093,0.5822690725326538,0.9639028906822205
./cnn/stories/1b5174e9a4a2c77cb677d87ebcc8a3098ddc608a.story,content,elaborate,1,3,0.43957245349884033,0.6060909628868103,0.9639028906822205
./cnn/stories/1b5174e9a4a2c77cb677d87ebcc8a3098ddc608a.story,content,elaborate,2,1,0.6220812201499939,0.6220812201499939,0.9639028906822205
./cnn/stories/1b5174e9a4a2c77cb677d87ebcc8a3098ddc608a.story,content,elaborate,2,2,0.605058491230011,0.5899175405502319,0.9639028906822205
./cnn/stories/1b5174e9a4a2c77cb677d87ebcc8a3098ddc608a.story,content,elaborate,2,3,0.4885028004646301,0.546612560749054,0.9639028906822205
./cnn/stories/54f311116af60e9ea641f9754e1dc7f61e5e1bc2.story,style,formality,0,1,0.5138697028160095,0.5138697028160095,0.8030510544776917
./cnn/stories/54f311116af60e9ea641f9754e1dc7f61e5e1bc2.story,style,formality,0,2,0.49845218658447266,0.6858103275299072,0.32403630018234253
./cnn/stories/54f311116af60e9ea641f9754e1dc7f61e5e1bc2.story,style,formality,0,3,0.48383456468582153,0.7674935460090637,0.32403630018234253
./cnn/stories/54f311116af60e9ea641f9754e1dc7f61e5e1bc2.story,style,formality,1,1,0.3633340895175934,0.3633340895175934,0.2653408646583557
./cnn/stories/54f311116af60e9ea641f9754e1dc7f61e5e1bc2.story,style,formality,1,2,0.38377612829208374,0.754645824432373,0.2653408646583557
./cnn/stories/54f311116af60e9ea641f9754e1dc7f61e5e1bc2.story,style,formality,1,3,0.3661302328109741,0.7496326565742493,0.2653408646583557
./cnn/stories/54f311116af60e9ea641f9754e1dc7f61e5e1bc2.story,style,formality,2,1,0.47011393308639526,0.47011393308639526,0.14920829236507416
./cnn/stories/54f311116af60e9ea641f9754e1dc7f61e5e1bc2.story,style,formality,2,2,0.4383598566055298,0.7126708626747131,0.2653408646583557
./cnn/stories/54f311116af60e9ea641f9754e1dc7f61e5e1bc2.story,style,formality,2,3,0.44709348678588867,0.6984331011772156,0.2653408646583557
./cnn/stories/54f311116af60e9ea641f9754e1dc7f61e5e1bc2.story,style,paraphrase,0,1,0.3298177123069763,0.3298177123069763,0.5875024795532227
./cnn/stories/54f311116af60e9ea641f9754e1dc7f61e5e1bc2.story,style,paraphrase,0,2,0.36457937955856323,0.651279091835022,0.3286086320877075
./cnn/stories/54f311116af60e9ea641f9754e1dc7f61e5e1bc2.story,style,paraphrase,0,3,0.3583994507789612,0.6901959776878357,0.14920829236507416
./cnn/stories/54f311116af60e9ea641f9754e1dc7f61e5e1bc2.story,style,paraphrase,1,1,0.4565190076828003,0.4565190076828003,0.5875024795532227
./cnn/stories/54f311116af60e9ea641f9754e1dc7f61e5e1bc2.story,style,paraphrase,1,2,0.42348164319992065,0.7022070288658142,0.14920829236507416
./cnn/stories/54f311116af60e9ea641f9754e1dc7f61e5e1bc2.story,style,paraphrase,1,3,0.4531078338623047,0.7282089591026306,0.2653408646583557
./cnn/stories/54f311116af60e9ea641f9754e1dc7f61e5e1bc2.story,style,paraphrase,2,1,0.3927149772644043,0.3927149772644043,0.5875024795532227
./cnn/stories/54f311116af60e9ea641f9754e1dc7f61e5e1bc2.story,style,paraphrase,2,2,0.3894912004470825,0.6312210559844971,0.32403630018234253
./cnn/stories/54f311116af60e9ea641f9754e1dc7f61e5e1bc2.story,style,paraphrase,2,3,0.3713953495025635,0.6543246507644653,0.2653408646583557
./cnn/stories/54f311116af60e9ea641f9754e1dc7f61e5e1bc2.story,content,shorten,0,1,0.3935611844062805,0.3935611844062805,0.2653408646583557
./cnn/stories/54f311116af60e9ea641f9754e1dc7f61e5e1bc2.story,content,shorten,0,2,0.4225621223449707,0.7348809838294983,0.14920829236507416
./cnn/stories/54f311116af60e9ea641f9754e1dc7f61e5e1bc2.story,content,shorten,0,3,0.3807465434074402,0.816916286945343,0.14920829236507416
./cnn/stories/54f311116af60e9ea641f9754e1dc7f61e5e1bc2.story,content,shorten,1,1,0.38004153966903687,0.38004153966903687,0.14920829236507416
./cnn/stories/54f311116af60e9ea641f9754e1dc7f61e5e1bc2.story,content,shorten,1,2,0.3972417116165161,0.6801846623420715,0.14920829236507416
./cnn/stories/54f311116af60e9ea641f9754e1dc7f61e5e1bc2.story,content,shorten,1,3,0.33389008045196533,0.7845601439476013,0.14920829236507416
./cnn/stories/54f311116af60e9ea641f9754e1dc7f61e5e1bc2.story,content,shorten,2,1,0.3852606415748596,0.3852606415748596,0.2653408646583557
./cnn/stories/54f311116af60e9ea641f9754e1dc7f61e5e1bc2.story,content,shorten,2,2,0.33116471767425537,0.6252349019050598,0.2653408646583557
./cnn/stories/54f311116af60e9ea641f9754e1dc7f61e5e1bc2.story,content,shorten,2,3,0.3566344976425171,0.7142938375473022,0.5875024795532227
./cnn/stories/54f311116af60e9ea641f9754e1dc7f61e5e1bc2.story,content,elaborate,0,1,0.4511135220527649,0.4511135220527649,0.14920829236507416
./cnn/stories/54f311116af60e9ea641f9754e1dc7f61e5e1bc2.story,content,elaborate,0,2,0.4528353810310364,0.6136229038238525,0.5442103147506714
./cnn/stories/54f311116af60e9ea641f9754e1dc7f61e5e1bc2.story,content,elaborate,0,3,0.4635087847709656,0.6069802641868591,0.14920829236507416
./cnn/stories/54f311116af60e9ea641f9754e1dc7f61e5e1bc2.story,content,elaborate,1,1,0.4509546160697937,0.4509546160697937,0.2653408646583557
./cnn/stories/54f311116af60e9ea641f9754e1dc7f61e5e1bc2.story,content,elaborate,1,2,0.48883819580078125,0.6631532311439514,0.2653408646583557
./cnn/stories/54f311116af60e9ea641f9754e1dc7f61e5e1bc2.story,content,elaborate,1,3,0.40891754627227783,0.5868920683860779,0.11194853484630585
./cnn/stories/54f311116af60e9ea641f9754e1dc7f61e5e1bc2.story,content,elaborate,2,1,0.3490217924118042,0.3490217924118042,0.2653408646583557
./cnn/stories/54f311116af60e9ea641f9754e1dc7f61e5e1bc2.story,content,elaborate,2,2,0.4218108057975769,0.6357344388961792,0.5875024795532227
./cnn/stories/54f311116af60e9ea641f9754e1dc7f61e5e1bc2.story,content,elaborate,2,3,0.35862845182418823,0.6904032826423645,0.2653408646583557
./cnn/stories/f1ed66fecd9f0bfd0d8aa3d0f1f32a86674f4589.story,style,formality,0,1,0.6126801371574402,0.6126801371574402,0.5603712201118469
./cnn/stories/f1ed66fecd9f0bfd0d8aa3d0f1f32a86674f4589.story,style,formality,0,2,0.4834504723548889,0.6949582099914551,0.6533606052398682
./cnn/stories/f1ed66fecd9f0bfd0d8aa3d0f1f32a86674f4589.story,style,formality,0,3,0.5708073973655701,0.7669004797935486,0.6533606052398682
./cnn/stories/f1ed66fecd9f0bfd0d8aa3d0f1f32a86674f4589.story,style,formality,1,1,0.5269414186477661,0.5269414186477661,0.5603712201118469
./cnn/stories/f1ed66fecd9f0bfd0d8aa3d0f1f32a86674f4589.story,style,formality,1,2,0.5109661817550659,0.6751659512519836,0.14275752007961273
./cnn/stories/f1ed66fecd9f0bfd0d8aa3d0f1f32a86674f4589.story,style,formality,1,3,0.4549943804740906,0.7433159947395325,0.12735515832901
./cnn/stories/f1ed66fecd9f0bfd0d8aa3d0f1f32a86674f4589.story,style,formality,2,1,0.537361204624176,0.537361204624176,0.5603712201118469
./cnn/stories/f1ed66fecd9f0bfd0d8aa3d0f1f32a86674f4589.story,style,formality,2,2,0.5310708284378052,0.6634538173675537,0.6533606052398682
./cnn/stories/f1ed66fecd9f0bfd0d8aa3d0f1f32a86674f4589.story,style,formality,2,3,0.5219617486000061,0.7054837942123413,0.6533606052398682
./cnn/stories/f1ed66fecd9f0bfd0d8aa3d0f1f32a86674f4589.story,style,paraphrase,0,1,0.46757972240448,0.46757972240448,0.709733784198761
./cnn/stories/f1ed66fecd9f0bfd0d8aa3d0f1f32a86674f4589.story,style,paraphrase,0,2,0.45341968536376953,0.7225091457366943,0.2860619127750397
./cnn/stories/f1ed66fecd9f0bfd0d8aa3d0f1f32a86674f4589.story,style,paraphrase,0,3,0.47653841972351074,0.773114800453186,0.03758285939693451
./cnn/stories/f1ed66fecd9f0bfd0d8aa3d0f1f32a86674f4589.story,style,paraphrase,1,1,0.490814208984375,0.490814208984375,0.03758285939693451
./cnn/stories/f1ed66fecd9f0bfd0d8aa3d0f1f32a86674f4589.story,style,paraphrase,1,2,0.4364088177680969,0.7533491253852844,0.03758285939693451
./cnn/stories/f1ed66fecd9f0bfd0d8aa3d0f1f32a86674f4589.story,style,paraphrase,1,3,0.46455007791519165,0.7839686274528503,0.03758285939693451
./cnn/stories/f1ed66fecd9f0bfd0d8aa3d0f1f32a86674f4589.story,style,paraphrase,2,1,0.45001834630966187,0.45001834630966187,0.03758285939693451
./cnn/stories/f1ed66fecd9f0bfd0d8aa3d0f1f32a86674f4589.story,style,paraphrase,2,2,0.3978239893913269,0.7120599150657654,0.1469317376613617
./cnn/stories/f1ed66fecd9f0bfd0d8aa3d0f1f32a86674f4589.story,style,paraphrase,2,3,0.46478205919265747,0.745471179485321,0.3583955764770508
./cnn/stories/f1ed66fecd9f0bfd0d8aa3d0f1f32a86674f4589.story,content,shorten,0,1,0.5080875754356384,0.5080875754356384,0.5984872579574585
./cnn/stories/f1ed66fecd9f0bfd0d8aa3d0f1f32a86674f4589.story,content,shorten,0,2,0.49685168266296387,0.7059164643287659,0.15019293129444122
./cnn/stories/f1ed66fecd9f0bfd0d8aa3d0f1f32a86674f4589.story,content,shorten,0,3,0.4977005124092102,0.8839624524116516,
./cnn/stories/f1ed66fecd9f0bfd0d8aa3d0f1f32a86674f4589.story,content,shorten,1,1,0.5125484466552734,0.5125484466552734,0.03758285939693451
./cnn/stories/f1ed66fecd9f0bfd0d8aa3d0f1f32a86674f4589.story,content,shorten,1,2,0.4950428605079651,0.7508509159088135,
./cnn/stories/f1ed66fecd9f0bfd0d8aa3d0f1f32a86674f4589.story,content,shorten,1,3,0.4911918640136719,0.7392496466636658,
./cnn/stories/f1ed66fecd9f0bfd0d8aa3d0f1f32a86674f4589.story,content,shorten,2,1,0.4746263027191162,0.4746263027191162,0.5984872579574585
./cnn/stories/f1ed66fecd9f0bfd0d8aa3d0f1f32a86674f4589.story,content,shorten,2,2,0.42806577682495117,0.8006279468536377,0.5984872579574585
./cnn/stories/f1ed66fecd9f0bfd0d8aa3d0f1f32a86674f4589.story,content,shorten,2,3,0.42656928300857544,0.8274792432785034,0.18184277415275574
./cnn/stories/f1ed66fecd9f0bfd0d8aa3d0f1f32a86674f4589.story,content,elaborate,0,1,0.4664466977119446,0.4664466977119446,0.5603712201118469
./cnn/stories/f1ed66fecd9f0bfd0d8aa3d0f1f32a86674f4589.story,content,elaborate,0,2,0.39541512727737427,0.6912597417831421,0.5603712201118469
./cnn/stories/f1ed66fecd9f0bfd0d8aa3d0f1f32a86674f4589.story,content,elaborate,0,3,0.3926994204521179,0.6522793173789978,0.5603712201118469
./cnn/stories/f1ed66fecd9f0bfd0d8aa3d0f1f32a86674f4589.story,content,elaborate,1,1,0.42766231298446655,0.42766231298446655,0.5603712201118469
./cnn/stories/f1ed66fecd9f0bfd0d8aa3d0f1f32a86674f4589.story,content,elaborate,1,2,0.40431421995162964,0.7047888040542603,0.5603712201118469
./cnn/stories/f1ed66fecd9f0bfd0d8aa3d0f1f32a86674f4589.story,content,elaborate,1,3,0.44372761249542236,0.7557544708251953,0.5603712201118469
./cnn/stories/f1ed66fecd9f0bfd0d8aa3d0f1f32a86674f4589.story,content,elaborate,2,1,0.43354564905166626,0.43354564905166626,0.5603712201118469
./cnn/stories/f1ed66fecd9f0bfd0d8aa3d0f1f32a86674f4589.story,content,elaborate,2,2,0.4514692425727844,0.685524046421051,0.5603712201118469
./cnn/stories/f1ed66fecd9f0bfd0d8aa3d0f1f32a86674f4589.story,content,elaborate,2,3,0.3881768584251404,0.635528028011322,0.7016682028770447
./cnn/stories/5c400c2b78a6b358c8f4ae01bd698b267cd6d1d5.story,style,formality,0,1,0.44629043340682983,0.44629043340682983,0.3256121277809143
./cnn/stories/5c400c2b78a6b358c8f4ae01bd698b267cd6d1d5.story,style,formality,0,2,0.4362671971321106,0.7220696806907654,0.10863038897514343
./cnn/stories/5c400c2b78a6b358c8f4ae01bd698b267cd6d1d5.story,style,formality,0,3,0.43076521158218384,0.6975608468055725,0.10863038897514343
./cnn/stories/5c400c2b78a6b358c8f4ae01bd698b267cd6d1d5.story,style,formality,1,1,0.44140660762786865,0.44140660762786865,0.10731279104948044
./cnn/stories/5c400c2b78a6b358c8f4ae01bd698b267cd6d1d5.story,style,formality,1,2,0.42264288663864136,0.6446600556373596,0.11992888152599335
./cnn/stories/5c400c2b78a6b358c8f4ae01bd698b267cd6d1d5.story,style,formality,1,3,0.4387127757072449,0.7118040919303894,0.11992888152599335
./cnn/stories/5c400c2b78a6b358c8f4ae01bd698b267cd6d1d5.story,style,formality,2,1,0.4707837700843811,0.4707837700843811,0.3256121277809143
./cnn/stories/5c400c2b78a6b358c8f4ae01bd698b267cd6d1d5.story,style,formality,2,2,0.40783143043518066,0.5344615578651428,0.02404765784740448
./cnn/stories/5c400c2b78a6b358c8f4ae01bd698b267cd6d1d5.story,style,formality,2,3,0.39658123254776,0.6804794669151306,0.07202738523483276
./cnn/stories/5c400c2b78a6b358c8f4ae01bd698b267cd6d1d5.story,style,paraphrase,0,1,0.3909701704978943,0.3909701704978943,0.10515861213207245
./cnn/stories/5c400c2b78a6b358c8f4ae01bd698b267cd6d1d5.story,style,paraphrase,0,2,0.39056557416915894,0.7075676321983337,0.09031365811824799
./cnn/stories/5c400c2b78a6b358c8f4ae01bd698b267cd6d1d5.story,style,paraphrase,0,3,0.3953377604484558,0.7605529427528381,0.013667717576026917
./cnn/stories/5c400c2b78a6b358c8f4ae01bd698b267cd6d1d5.story,style,paraphrase,1,1,0.37096041440963745,0.37096041440963745,0.0014332234859466553
./cnn/stories/5c400c2b78a6b358c8f4ae01bd698b267cd6d1d5.story,style,paraphrase,1,2,0.3854014575481415,0.7853274941444397,-0.013982072472572327
./cnn/stories/5c400c2b78a6b358c8f4ae01bd698b267cd6d1d5.story,style,paraphrase,1,3,0.3938705325126648,0.7299060821533203,-0.005633339285850525
./cnn/stories/5c400c2b78a6b358c8f4ae01bd698b267cd6d1d5.story,style,paraphrase,2,1,0.46069151163101196,0.46069151163101196,0.16600337624549866
./cnn/stories/5c400c2b78a6b358c8f4ae01bd698b267cd6d1d5.story,style,paraphrase,2,2,0.3959473967552185,0.5536502003669739,-0.01931557059288025
./cnn/stories/5c400c2b78a6b358c8f4ae01bd698b267cd6d1d5.story,style,paraphrase,2,3,0.4349749684333801,0.671966016292572,0.00953422486782074
./cnn/stories/5c400c2b78a6b358c8f4ae01bd698b267cd6d1d5.story,content,shorten,0,1,0.414031982421875,0.414031982421875,0.021886825561523438
./cnn/stories/5c400c2b78a6b358c8f4ae01bd698b267cd6d1d5.story,content,shorten,0,2,0.3942641019821167,0.7227762341499329,0.04966653138399124
./cnn/stories/5c400c2b78a6b358c8f4ae01bd698b267cd6d1d5.story,content,shorten,0,3,0.3894508481025696,0.7927693128585815,0.012303337454795837
./cnn/stories/5c400c2b78a6b358c8f4ae01bd698b267cd6d1d5.story,content,shorten,1,1,0.4043019413948059,0.4043019413948059,0.0376976877450943
./cnn/stories/5c400c2b78a6b358c8f4ae01bd698b267cd6d1d5.story,content,shorten,1,2,0.3893870711326599,0.7666919827461243,0.08332531899213791
./cnn/stories/5c400c2b78a6b358c8f4ae01bd698b267cd6d1d5.story,content,shorten,1,3,0.3981202244758606,0.7815187573432922,4.766881465911865e-05
./cnn/stories/5c400c2b78a6b358c8f4ae01bd698b267cd6d1d5.story,content,shorten,2,1,0.4150107502937317,0.4150107502937317,0.0738358199596405
./cnn/stories/5c400c2b78a6b358c8f4ae01bd698b267cd6d1d5.story,content,shorten,2,2,0.41369616985321045,0.662509560585022,0.11074861884117126
./cnn/stories/5c400c2b78a6b358c8f4ae01bd698b267cd6d1d5.story,content,shorten,2,3,0.39028578996658325,0.7369319796562195,0.04719163477420807
./cnn/stories/5c400c2b78a6b358c8f4ae01bd698b267cd6d1d5.story,content,elaborate,0,1,0.41472166776657104,0.41472166776657104,0.14957526326179504
./cnn/stories/5c400c2b78a6b358c8f4ae01bd698b267cd6d1d5.story,content,elaborate,0,2,0.43114185333251953,0.6638831496238708,0.18629992008209229
./cnn/stories/5c400c2b78a6b358c8f4ae01bd698b267cd6d1d5.story,content,elaborate,0,3,0.41124480962753296,0.5364365577697754,0.1235140934586525
./cnn/stories/5c400c2b78a6b358c8f4ae01bd698b267cd6d1d5.story,content,elaborate,1,1,0.4215157628059387,0.4215157628059387,0.40746545791625977
./cnn/stories/5c400c2b78a6b358c8f4ae01bd698b267cd6d1d5.story,content,elaborate,1,2,0.4066866636276245,0.6192491054534912,0.2559233605861664
./cnn/stories/5c400c2b78a6b358c8f4ae01bd698b267cd6d1d5.story,content,elaborate,1,3,0.4208546280860901,0.6463333964347839,0.4078170657157898
./cnn/stories/5c400c2b78a6b358c8f4ae01bd698b267cd6d1d5.story,content,elaborate,2,1,0.4227667450904846,0.4227667450904846,0.21857048571109772
./cnn/stories/5c400c2b78a6b358c8f4ae01bd698b267cd6d1d5.story,content,elaborate,2,2,0.377266526222229,0.5476890206336975,0.21857048571109772
./cnn/stories/5c400c2b78a6b358c8f4ae01bd698b267cd6d1d5.story,content,elaborate,2,3,0.3775421977043152,0.5857840776443481,0.21857048571109772
./cnn/stories/4c5a0bb92951788598f436857beb5adaab9fbf33.story,style,formality,0,1,0.5638267993927002,0.5638267993927002,0.4076857566833496
./cnn/stories/4c5a0bb92951788598f436857beb5adaab9fbf33.story,style,formality,0,2,0.5320015549659729,0.7598193287849426,0.5743047595024109
./cnn/stories/4c5a0bb92951788598f436857beb5adaab9fbf33.story,style,formality,0,3,0.5063477754592896,0.7757065892219543,0.254017174243927
./cnn/stories/4c5a0bb92951788598f436857beb5adaab9fbf33.story,style,formality,1,1,0.6064919829368591,0.6064919829368591,0.10268606245517731
./cnn/stories/4c5a0bb92951788598f436857beb5adaab9fbf33.story,style,formality,1,2,0.604876697063446,0.7729184031486511,0.10268606245517731
./cnn/stories/4c5a0bb92951788598f436857beb5adaab9fbf33.story,style,formality,1,3,0.6122162342071533,0.7386035323143005,
./cnn/stories/4c5a0bb92951788598f436857beb5adaab9fbf33.story,style,formality,2,1,0.5782186985015869,0.5782186985015869,0.5743047595024109
./cnn/stories/4c5a0bb92951788598f436857beb5adaab9fbf33.story,style,formality,2,2,0.5542787909507751,0.7653908729553223,0.5754477381706238
./cnn/stories/4c5a0bb92951788598f436857beb5adaab9fbf33.story,style,formality,2,3,0.5211387872695923,0.7986058592796326,0.5074591636657715
./cnn/stories/4c5a0bb92951788598f436857beb5adaab9fbf33.story,style,paraphrase,0,1,0.4206247925758362,0.4206247925758362,0.6958346366882324
./cnn/stories/4c5a0bb92951788598f436857beb5adaab9fbf33.story,style,paraphrase,0,2,0.41533493995666504,0.6070309281349182,0.6224135160446167
./cnn/stories/4c5a0bb92951788598f436857beb5adaab9fbf33.story,style,paraphrase,0,3,0.4450547695159912,0.6679549217224121,0.40201884508132935
./cnn/stories/4c5a0bb92951788598f436857beb5adaab9fbf33.story,style,paraphrase,1,1,0.49791419506073,0.49791419506073,0.5631493330001831
./cnn/stories/4c5a0bb92951788598f436857beb5adaab9fbf33.story,style,paraphrase,1,2,0.47477877140045166,0.6769599914550781,0.45348060131073
./cnn/stories/4c5a0bb92951788598f436857beb5adaab9fbf33.story,style,paraphrase,1,3,0.4785960912704468,0.7472972273826599,0.5631493330001831
./cnn/stories/4c5a0bb92951788598f436857beb5adaab9fbf33.story,style,paraphrase,2,1,0.5896953344345093,0.5896953344345093,0.6383123993873596
./cnn/stories/4c5a0bb92951788598f436857beb5adaab9fbf33.story,style,paraphrase,2,2,0.5089477896690369,0.6499388813972473,0.6599870324134827
./cnn/stories/4c5a0bb92951788598f436857beb5adaab9fbf33.story,style,paraphrase,2,3,0.5111345052719116,0.7251288294792175,0.6242035627365112
./cnn/stories/4c5a0bb92951788598f436857beb5adaab9fbf33.story,content,shorten,0,1,0.3178885579109192,0.3178885579109192,0.3457573652267456
./cnn/stories/4c5a0bb92951788598f436857beb5adaab9fbf33.story,content,shorten,0,2,0.2855629026889801,0.6596264243125916,
./cnn/stories/4c5a0bb92951788598f436857beb5adaab9fbf33.story,content,shorten,0,3,0.2996988892555237,0.7386650443077087,0.49133503437042236
./cnn/stories/4c5a0bb92951788598f436857beb5adaab9fbf33.story,content,shorten,1,1,0.40665847063064575,0.40665847063064575,0.0229843407869339
./cnn/stories/4c5a0bb92951788598f436857beb5adaab9fbf33.story,content,shorten,1,2,0.3404645323753357,0.6824953556060791,0.03800463676452637
./cnn/stories/4c5a0bb92951788598f436857beb5adaab9fbf33.story,content,shorten,1,3,0.2886463701725006,0.8107532858848572,0.20771965384483337
./cnn/stories/4c5a0bb92951788598f436857beb5adaab9fbf33.story,content,shorten,2,1,0.32721900939941406,0.32721900939941406,0.5631493330001831
./cnn/stories/4c5a0bb92951788598f436857beb5adaab9fbf33.story,content,shorten,2,2,0.28722137212753296,0.7508313059806824,0.5631493330001831
./cnn/stories/4c5a0bb92951788598f436857beb5adaab9fbf33.story,content,shorten,2,3,0.2660723328590393,0.7884469628334045,0.5631493330001831
./cnn/stories/4c5a0bb92951788598f436857beb5adaab9fbf33.story,content,elaborate,0,1,0.48685139417648315,0.48685139417648315,0.21935173869132996
./cnn/stories/4c5a0bb92951788598f436857beb5adaab9fbf33.story,content,elaborate,0,2,0.4724772572517395,0.6514276266098022,0.29817718267440796
./cnn/stories/4c5a0bb92951788598f436857beb5adaab9fbf33.story,content,elaborate,0,3,0.446150541305542,0.6360366940498352,0.26226305961608887
./cnn/stories/4c5a0bb92951788598f436857beb5adaab9fbf33.story,content,elaborate,1,1,0.43915748596191406,0.43915748596191406,0.2971877455711365
./cnn/stories/4c5a0bb92951788598f436857beb5adaab9fbf33.story,content,elaborate,1,2,0.4407613277435303,0.5162862539291382,0.30937644839286804
./cnn/stories/4c5a0bb92951788598f436857beb5adaab9fbf33.story,content,elaborate,1,3,0.4154946208000183,0.6985559463500977,0.2190612256526947
./cnn/stories/4c5a0bb92951788598f436857beb5adaab9fbf33.story,content,elaborate,2,1,0.5365265011787415,0.5365265011787415,0.1278568059206009
./cnn/stories/4c5a0bb92951788598f436857beb5adaab9fbf33.story,content,elaborate,2,2,0.5085833668708801,0.7089657187461853,0.2686077356338501
./cnn/stories/4c5a0bb92951788598f436857beb5adaab9fbf33.story,content,elaborate,2,3,0.4616737365722656,0.5364444255828857,0.4646299481391907
./cnn/stories/731322a6d79538eb67585b609325364b3f0914bb.story,style,formality,0,1,0.5356569886207581,0.5356569886207581,0.8651828169822693
./cnn/stories/731322a6d79538eb67585b609325364b3f0914bb.story,style,formality,0,2,0.5181689262390137,0.7528857588768005,0.8651828169822693
./cnn/stories/731322a6d79538eb67585b609325364b3f0914bb.story,style,formality,0,3,0.49135321378707886,0.80306476354599,0.8651828169822693
./cnn/stories/731322a6d79538eb67585b609325364b3f0914bb.story,style,formality,1,1,0.6341637372970581,0.6341637372970581,0.8651828169822693
./cnn/stories/731322a6d79538eb67585b609325364b3f0914bb.story,style,formality,1,2,0.5780611038208008,0.6861294507980347,0.8651828169822693
./cnn/stories/731322a6d79538eb67585b609325364b3f0914bb.story,style,formality,1,3,0.5090292692184448,0.7137529253959656,0.8651828169822693
./cnn/stories/731322a6d79538eb67585b609325364b3f0914bb.story,style,formality,2,1,0.5727586150169373,0.5727586150169373,0.8651828169822693
./cnn/stories/731322a6d79538eb67585b609325364b3f0914bb.story,style,formality,2,2,0.540183961391449,0.6859696507453918,0.6357301473617554
./cnn/stories/731322a6d79538eb67585b609325364b3f0914bb.story,style,formality,2,3,0.5399896502494812,0.7503626942634583,0.5526099801063538
./cnn/stories/731322a6d79538eb67585b609325364b3f0914bb.story,style,paraphrase,0,1,0.48031163215637207,0.48031163215637207,0.603481113910675
./cnn/stories/731322a6d79538eb67585b609325364b3f0914bb.story,style,paraphrase,0,2,0.5120338201522827,0.7081210017204285,0.6467689871788025
./cnn/stories/731322a6d79538eb67585b609325364b3f0914bb.story,style,paraphrase,0,3,0.5200700759887695,0.7634835839271545,0.8651828169822693
./cnn/stories/731322a6d79538eb67585b609325364b3f0914bb.story,style,paraphrase,1,1,0.486311674118042,0.486311674118042,0.8651828169822693
./cnn/stories/731322a6d79538eb67585b609325364b3f0914bb.story,style,paraphrase,1,2,0.5983087420463562,0.7450076341629028,0.6467689871788025
./cnn/stories/731322a6d79538eb67585b609325364b3f0914bb.story,style,paraphrase,1,3,0.5679655075073242,0.7635302543640137,0.8651828169822693
./cnn/stories/731322a6d79538eb67585b609325364b3f0914bb.story,style,paraphrase,2,1,0.5729296207427979,0.5729296207427979,0.8651828169822693
./cnn/stories/731322a6d79538eb67585b609325364b3f0914bb.story,style,paraphrase,2,2,0.546517014503479,0.7186072468757629,0.8651828169822693
./cnn/stories/731322a6d79538eb67585b609325364b3f0914bb.story,style,paraphrase,2,3,0.5211936235427856,0.7527186274528503,0.558856189250946
./cnn/stories/731322a6d79538eb67585b609325364b3f0914bb.story,content,shorten,0,1,0.45277392864227295,0.45277392864227295,0.1725643426179886
./cnn/stories/731322a6d79538eb67585b609325364b3f0914bb.story,content,shorten,0,2,0.416154682636261,0.7159188985824585,0.11275902390480042
./cnn/stories/731322a6d79538eb67585b609325364b3f0914bb.story,content,shorten,0,3,0.41565006971359253,0.8525526523590088,0.11275902390480042
./cnn/stories/731322a6d79538eb67585b609325364b3f0914bb.story,content,shorten,1,1,0.46593523025512695,0.46593523025512695,0.13793720304965973
./cnn/stories/731322a6d79538eb67585b609325364b3f0914bb.story,content,shorten,1,2,0.4246680736541748,0.6723529696464539,0.2177995890378952
./cnn/stories/731322a6d79538eb67585b609325364b3f0914bb.story,content,shorten,1,3,0.42890745401382446,0.739127516746521,0.13793720304965973
./cnn/stories/731322a6d79538eb67585b609325364b3f0914bb.story,content,shorten,2,1,0.6161376237869263,0.6161376237869263,0.6357301473617554
./cnn/stories/731322a6d79538eb67585b609325364b3f0914bb.story,content,shorten,2,2,0.4858229160308838,0.6750902533531189,0.3079548478126526
./cnn/stories/731322a6d79538eb67585b609325364b3f0914bb.story,content,shorten,2,3,0.47799789905548096,0.7818753719329834,0.2177995890378952
./cnn/stories/731322a6d79538eb67585b609325364b3f0914bb.story,content,elaborate,0,1,0.5051064491271973,0.5051064491271973,0.6273317337036133
./cnn/stories/731322a6d79538eb67585b609325364b3f0914bb.story,content,elaborate,0,2,0.44313353300094604,0.7178328633308411,0.6273317337036133
./cnn/stories/731322a6d79538eb67585b609325364b3f0914bb.story,content,elaborate,0,3,0.41210389137268066,0.7332485914230347,0.8651828169822693
./cnn/stories/731322a6d79538eb67585b609325364b3f0914bb.story,content,elaborate,1,1,0.5027616024017334,0.5027616024017334,0.8651828169822693
./cnn/stories/731322a6d79538eb67585b609325364b3f0914bb.story,content,elaborate,1,2,0.4409382939338684,0.7219225168228149,0.1670111119747162
./cnn/stories/731322a6d79538eb67585b609325364b3f0914bb.story,content,elaborate,1,3,0.42691975831985474,0.6954984664916992,0.557303249835968
./cnn/stories/731322a6d79538eb67585b609325364b3f0914bb.story,content,elaborate,2,1,0.5201021432876587,0.5201021432876587,0.280720055103302
./cnn/stories/731322a6d79538eb67585b609325364b3f0914bb.story,content,elaborate,2,2,0.4442030191421509,0.6719498634338379,0.280720055103302
./cnn/stories/731322a6d79538eb67585b609325364b3f0914bb.story,content,elaborate,2,3,0.38048285245895386,0.7213808298110962,0.29717952013015747
./cnn/stories/6f24dcd85a39f94d7bce582703f0743964d7a132.story,style,formality,0,1,0.6662927269935608,0.6662927269935608,0.3583604693412781
./cnn/stories/6f24dcd85a39f94d7bce582703f0743964d7a132.story,style,formality,0,2,0.5484151840209961,0.7240154147148132,0.4359560012817383
./cnn/stories/6f24dcd85a39f94d7bce582703f0743964d7a132.story,style,formality,0,3,0.5831859707832336,0.8045127987861633,0.281011700630188
./cnn/stories/6f24dcd85a39f94d7bce582703f0743964d7a132.story,style,formality,1,1,0.6747503280639648,0.6747503280639648,0.37499845027923584
./cnn/stories/6f24dcd85a39f94d7bce582703f0743964d7a132.story,style,formality,1,2,0.5971567034721375,0.7573899626731873,0.3742097020149231
./cnn/stories/6f24dcd85a39f94d7bce582703f0743964d7a132.story,style,formality,1,3,0.5840109586715698,0.7917696237564087,0.362179696559906
./cnn/stories/6f24dcd85a39f94d7bce582703f0743964d7a132.story,style,formality,2,1,0.6660669445991516,0.6660669445991516,0.33793145418167114
./cnn/stories/6f24dcd85a39f94d7bce582703f0743964d7a132.story,style,formality,2,2,0.5985510349273682,0.6941093802452087,0.4061824083328247
./cnn/stories/6f24dcd85a39f94d7bce582703f0743964d7a132.story,style,formality,2,3,0.5329009294509888,0.7892228960990906,0.44663006067276
./cnn/stories/6f24dcd85a39f94d7bce582703f0743964d7a132.story,style,paraphrase,0,1,0.6424713134765625,0.6424713134765625,0.3027011752128601
./cnn/stories/6f24dcd85a39f94d7bce582703f0743964d7a132.story,style,paraphrase,0,2,0.5947269201278687,0.7335914969444275,0.4352874159812927
./cnn/stories/6f24dcd85a39f94d7bce582703f0743964d7a132.story,style,paraphrase,0,3,0.579237699508667,0.6988083124160767,0.3422709107398987
./cnn/stories/6f24dcd85a39f94d7bce582703f0743964d7a132.story,style,paraphrase,1,1,0.7032949924468994,0.7032949924468994,0.49859297275543213
./cnn/stories/6f24dcd85a39f94d7bce582703f0743964d7a132.story,style,paraphrase,1,2,0.6355515122413635,0.74992436170578,0.33472299575805664
./cnn/stories/6f24dcd85a39f94d7bce582703f0743964d7a132.story,style,paraphrase,1,3,0.5338296890258789,0.7117531299591064,0.32480812072753906
./cnn/stories/6f24dcd85a39f94d7bce582703f0743964d7a132.story,style,paraphrase,2,1,0.6069115996360779,0.6069115996360779,0.38471704721450806
./cnn/stories/6f24dcd85a39f94d7bce582703f0743964d7a132.story,style,paraphrase,2,2,0.6201962232589722,0.7502852082252502,0.4572170376777649
./cnn/stories/6f24dcd85a39f94d7bce582703f0743964d7a132.story,style,paraphrase,2,3,0.46936166286468506,0.6712556481361389,0.4844955801963806
./cnn/stories/6f24dcd85a39f94d7bce582703f0743964d7a132.story,content,shorten,0,1,0.6093811988830566,0.6093811988830566,0.45086586475372314
./cnn/stories/6f24dcd85a39f94d7bce582703f0743964d7a132.story,content,shorten,0,2,0.5565983057022095,0.7210694551467896,0.5576053261756897
./cnn/stories/6f24dcd85a39f94d7bce582703f0743964d7a132.story,content,shorten,0,3,0.49812257289886475,0.6673182845115662,0.2707971930503845
./cnn/stories/6f24dcd85a39f94d7bce582703f0743964d7a132.story,content,shorten,1,1,0.5738469362258911,0.5738469362258911,0.6340304613113403
./cnn/stories/6f24dcd85a39f94d7bce582703f0743964d7a132.story,content,shorten,1,2,0.557178258895874,0.7066814303398132,0.5231136679649353
./cnn/stories/6f24dcd85a39f94d7bce582703f0743964d7a132.story,content,shorten,1,3,0.5002040863037109,0.7440804839134216,0.5421467423439026
./cnn/stories/6f24dcd85a39f94d7bce582703f0743964d7a132.story,content,shorten,2,1,0.597000002861023,0.597000002861023,0.48240363597869873
./cnn/stories/6f24dcd85a39f94d7bce582703f0743964d7a132.story,content,shorten,2,2,0.5171835422515869,0.7642782330513,0.34658104181289673
./cnn/stories/6f24dcd85a39f94d7bce582703f0743964d7a132.story,content,shorten,2,3,0.5446973443031311,0.7295874953269958,0.4852575659751892
./cnn/stories/6f24dcd85a39f94d7bce582703f0743964d7a132.story,content,elaborate,0,1,0.49626094102859497,0.49626094102859497,0.28844040632247925
./cnn/stories/6f24dcd85a39f94d7bce582703f0743964d7a132.story,content,elaborate,0,2,0.4466632008552551,0.6460563540458679,0.3080458641052246
./cnn/stories/6f24dcd85a39f94d7bce582703f0743964d7a132.story,content,elaborate,0,3,0.43226689100265503,0.6848104000091553,0.3373783230781555
./cnn/stories/6f24dcd85a39f94d7bce582703f0743964d7a132.story,content,elaborate,1,1,0.49273204803466797,0.49273204803466797,0.4194490313529968
./cnn/stories/6f24dcd85a39f94d7bce582703f0743964d7a132.story,content,elaborate,1,2,0.42737090587615967,0.5892480611801147,0.42387574911117554
./cnn/stories/6f24dcd85a39f94d7bce582703f0743964d7a132.story,content,elaborate,1,3,0.4334971308708191,0.678771436214447,0.4268565773963928
./cnn/stories/6f24dcd85a39f94d7bce582703f0743964d7a132.story,content,elaborate,2,1,0.4753013849258423,0.4753013849258423,0.32411321997642517
./cnn/stories/6f24dcd85a39f94d7bce582703f0743964d7a132.story,content,elaborate,2,2,0.4143245816230774,0.6471216678619385,0.3050982356071472
./cnn/stories/6f24dcd85a39f94d7bce582703f0743964d7a132.story,content,elaborate,2,3,0.39765989780426025,0.592240035533905,0.3535887598991394
./cnn/stories/4b964621a4d0a48bfb273badbade7f6dcb066365.story,style,formality,0,1,0.31889432668685913,0.31889432668685913,0.11173824965953827
./cnn/stories/4b964621a4d0a48bfb273badbade7f6dcb066365.story,style,formality,0,2,0.3542706072330475,0.7753653526306152,0.26293033361434937
./cnn/stories/4b964621a4d0a48bfb273badbade7f6dcb066365.story,style,formality,0,3,0.3273659944534302,0.785020649433136,0.2690020203590393
./cnn/stories/4b964621a4d0a48bfb273badbade7f6dcb066365.story,style,formality,1,1,0.5648091435432434,0.5648091435432434,0.41194599866867065
./cnn/stories/4b964621a4d0a48bfb273badbade7f6dcb066365.story,style,formality,1,2,0.4830862283706665,0.6864506602287292,0.41194599866867065
./cnn/stories/4b964621a4d0a48bfb273badbade7f6dcb066365.story,style,formality,1,3,0.511434018611908,0.7614924311637878,0.41194599866867065
./cnn/stories/4b964621a4d0a48bfb273badbade7f6dcb066365.story,style,formality,2,1,0.34156104922294617,0.34156104922294617,0.11173824965953827
./cnn/stories/4b964621a4d0a48bfb273badbade7f6dcb066365.story,style,formality,2,2,0.343697190284729,0.6965159773826599,0.11173824965953827
./cnn/stories/4b964621a4d0a48bfb273badbade7f6dcb066365.story,style,formality,2,3,0.3281136155128479,0.6793754696846008,0.11173824965953827
./cnn/stories/4b964621a4d0a48bfb273badbade7f6dcb066365.story,style,paraphrase,0,1,0.36245179176330566,0.36245179176330566,0.02677018940448761
./cnn/stories/4b964621a4d0a48bfb273badbade7f6dcb066365.story,style,paraphrase,0,2,0.3906674385070801,0.5446218252182007,0.11173824965953827
./cnn/stories/4b964621a4d0a48bfb273badbade7f6dcb066365.story,style,paraphrase,0,3,0.37965115904808044,0.6571325659751892,0.1239161491394043
./cnn/stories/4b964621a4d0a48bfb273badbade7f6dcb066365.story,style,paraphrase,1,1,0.3395071029663086,0.3395071029663086,0.11173824965953827
./cnn/stories/4b964621a4d0a48bfb273badbade7f6dcb066365.story,style,paraphrase,1,2,0.36138105392456055,0.651454746723175,-0.0025099068880081177
./cnn/stories/4b964621a4d0a48bfb273badbade7f6dcb066365.story,style,paraphrase,1,3,0.36462610960006714,0.7624312043190002,-0.0001521855592727661
./cnn/stories/4b964621a4d0a48bfb273badbade7f6dcb066365.story,style,paraphrase,2,1,0.5335679650306702,0.5335679650306702,0.15601691603660583
./cnn/stories/4b964621a4d0a48bfb273badbade7f6dcb066365.story,style,paraphrase,2,2,0.40297746658325195,0.44059932231903076,0.11173824965953827
./cnn/stories/4b964621a4d0a48bfb273badbade7f6dcb066365.story,style,paraphrase,2,3,0.36907488107681274,0.6629745364189148,0.11173824965953827
./cnn/stories/4b964621a4d0a48bfb273badbade7f6dcb066365.story,content,shorten,0,1,0.34902793169021606,0.34902793169021606,
./cnn/stories/4b964621a4d0a48bfb273badbade7f6dcb066365.story,content,shorten,0,2,0.3815736770629883,0.7282754182815552,0.030496299266815186
./cnn/stories/4b964621a4d0a48bfb273badbade7f6dcb066365.story,content,shorten,0,3,0.28092658519744873,0.7577049136161804,0.15601691603660583
./cnn/stories/4b964621a4d0a48bfb273badbade7f6dcb066365.story,content,shorten,1,1,0.42827850580215454,0.42827850580215454,0.15601691603660583
./cnn/stories/4b964621a4d0a48bfb273badbade7f6dcb066365.story,content,shorten,1,2,0.3783090114593506,0.7017883658409119,0.03923274576663971
./cnn/stories/4b964621a4d0a48bfb273badbade7f6dcb066365.story,content,shorten,1,3,0.3660390377044678,0.772571325302124,0.06099154055118561
./cnn/stories/4b964621a4d0a48bfb273badbade7f6dcb066365.story,content,shorten,2,1,0.339080810546875,0.339080810546875,0.11173824965953827
./cnn/stories/4b964621a4d0a48bfb273badbade7f6dcb066365.story,content,shorten,2,2,0.34949153661727905,0.5945202112197876,0.11241922527551651
./cnn/stories/4b964621a4d0a48bfb273badbade7f6dcb066365.story,content,shorten,2,3,0.36088621616363525,0.7375168800354004,0.11241922527551651
./cnn/stories/4b964621a4d0a48bfb273badbade7f6dcb066365.story,content,elaborate,0,1,0.2751017212867737,0.2751017212867737,0.2107459008693695
./cnn/stories/4b964621a4d0a48bfb273badbade7f6dcb066365.story,content,elaborate,0,2,0.34147900342941284,0.5949385166168213,0.15356194972991943
./cnn/stories/4b964621a4d0a48bfb273badbade7f6dcb066365.story,content,elaborate,0,3,0.30628281831741333,0.7235293388366699,0.2107459008693695
./cnn/stories/4b964621a4d0a48bfb273badbade7f6dcb066365.story,content,elaborate,1,1,0.34125399589538574,0.34125399589538574,0.2107459008693695
./cnn/stories/4b964621a4d0a48bfb273badbade7f6dcb066365.story,content,elaborate,1,2,0.36797505617141724,0.5740365982055664,0.23624250292778015
./cnn/stories/4b964621a4d0a48bfb273badbade7f6dcb066365.story,content,elaborate,1,3,0.2879869341850281,0.5693032145500183,0.17533797025680542
./cnn/stories/4b964621a4d0a48bfb273badbade7f6dcb066365.story,content,elaborate,2,1,0.3439396023750305,0.3439396023750305,0.11173824965953827
./cnn/stories/4b964621a4d0a48bfb273badbade7f6dcb066365.story,content,elaborate,2,2,0.3311912417411804,0.608790934085846,0.11838002502918243
./cnn/stories/4b964621a4d0a48bfb273badbade7f6dcb066365.story,content,elaborate,2,3,0.3089587092399597,0.6629248857498169,0.11173824965953827
./cnn/stories/778258d1fc8480c83d5bb33ab649c368a074c537.story,style,formality,0,1,0.42846596240997314,0.42846596240997314,0.6951798796653748
./cnn/stories/778258d1fc8480c83d5bb33ab649c368a074c537.story,style,formality,0,2,0.5488688945770264,0.6974437832832336,0.712918221950531
./cnn/stories/778258d1fc8480c83d5bb33ab649c368a074c537.story,style,formality,0,3,0.4869000315666199,0.5600407123565674,0.6951798796653748
./cnn/stories/778258d1fc8480c83d5bb33ab649c368a074c537.story,style,formality,1,1,0.5902723073959351,0.5902723073959351,0.712918221950531
./cnn/stories/778258d1fc8480c83d5bb33ab649c368a074c537.story,style,formality,1,2,0.5024129152297974,0.7135353684425354,0.245670884847641
./cnn/stories/778258d1fc8480c83d5bb33ab649c368a074c537.story,style,formality,1,3,0.5320567488670349,0.7447896599769592,0.02845686674118042
./cnn/stories/778258d1fc8480c83d5bb33ab649c368a074c537.story,style,formality,2,1,0.43010586500167847,0.43010586500167847,0.3346911668777466
./cnn/stories/778258d1fc8480c83d5bb33ab649c368a074c537.story,style,formality,2,2,0.4124577045440674,0.663503110408783,0.245670884847641
./cnn/stories/778258d1fc8480c83d5bb33ab649c368a074c537.story,style,formality,2,3,0.4314678907394409,0.7890532612800598,0.245670884847641
./cnn/stories/778258d1fc8480c83d5bb33ab649c368a074c537.story,style,paraphrase,0,1,0.41945743560791016,0.41945743560791016,0.29165416955947876
./cnn/stories/778258d1fc8480c83d5bb33ab649c368a074c537.story,style,paraphrase,0,2,0.4271009564399719,0.6903467774391174,0.29165416955947876
./cnn/stories/778258d1fc8480c83d5bb33ab649c368a074c537.story,style,paraphrase,0,3,0.4418826699256897,0.6999934911727905,0.29165416955947876
./cnn/stories/778258d1fc8480c83d5bb33ab649c368a074c537.story,style,paraphrase,1,1,0.4615321755409241,0.4615321755409241,0.5684530735015869
./cnn/stories/778258d1fc8480c83d5bb33ab649c368a074c537.story,style,paraphrase,1,2,0.4817500710487366,0.7149486541748047,0.3153395652770996
./cnn/stories/778258d1fc8480c83d5bb33ab649c368a074c537.story,style,paraphrase,1,3,0.3543100655078888,0.7359577417373657,0.3153395652770996
./cnn/stories/778258d1fc8480c83d5bb33ab649c368a074c537.story,style,paraphrase,2,1,0.41921931505203247,0.41921931505203247,0.29165416955947876
./cnn/stories/778258d1fc8480c83d5bb33ab649c368a074c537.story,style,paraphrase,2,2,0.4938960075378418,0.6588262915611267,0.29165416955947876
./cnn/stories/778258d1fc8480c83d5bb33ab649c368a074c537.story,style,paraphrase,2,3,0.41782712936401367,0.5166683793067932,0.29165416955947876
./cnn/stories/778258d1fc8480c83d5bb33ab649c368a074c537.story,content,shorten,0,1,0.42387062311172485,0.42387062311172485,0.29165416955947876
./cnn/stories/778258d1fc8480c83d5bb33ab649c368a074c537.story,content,shorten,0,2,0.44113481044769287,0.7322139739990234,0.3153395652770996
./cnn/stories/778258d1fc8480c83d5bb33ab649c368a074c537.story,content,shorten,0,3,0.45923882722854614,0.8178893327713013,0.29165416955947876
./cnn/stories/778258d1fc8480c83d5bb33ab649c368a074c537.story,content,shorten,1,1,0.44772571325302124,0.44772571325302124,0.29165416955947876
./cnn/stories/778258d1fc8480c83d5bb33ab649c368a074c537.story,content,shorten,1,2,0.46753990650177,0.7648006081581116,0.712918221950531
./cnn/stories/778258d1fc8480c83d5bb33ab649c368a074c537.story,content,shorten,1,3,0.45267921686172485,0.7287244200706482,0.712918221950531
./cnn/stories/778258d1fc8480c83d5bb33ab649c368a074c537.story,content,shorten,2,1,0.41337817907333374,0.41337817907333374,0.29165416955947876
./cnn/stories/778258d1fc8480c83d5bb33ab649c368a074c537.story,content,shorten,2,2,0.3369249105453491,0.655484139919281,0.29165416955947876
./cnn/stories/778258d1fc8480c83d5bb33ab649c368a074c537.story,content,shorten,2,3,0.44989073276519775,0.7512544989585876,0.29165416955947876
./cnn/stories/778258d1fc8480c83d5bb33ab649c368a074c537.story,content,elaborate,0,1,0.522379994392395,0.522379994392395,0.712918221950531
./cnn/stories/778258d1fc8480c83d5bb33ab649c368a074c537.story,content,elaborate,0,2,0.456371545791626,0.6738771796226501,0.06260313093662262
./cnn/stories/778258d1fc8480c83d5bb33ab649c368a074c537.story,content,elaborate,0,3,0.4494391083717346,0.6347962021827698,0.29165416955947876
./cnn/stories/778258d1fc8480c83d5bb33ab649c368a074c537.story,content,elaborate,1,1,0.4192045331001282,0.4192045331001282,0.29165416955947876
./cnn/stories/778258d1fc8480c83d5bb33ab649c368a074c537.story,content,elaborate,1,2,0.3616574704647064,0.691196858882904,0.3346911668777466
./cnn/stories/778258d1fc8480c83d5bb33ab649c368a074c537.story,content,elaborate,1,3,0.38996362686157227,0.677527666091919,0.3346911668777466
./cnn/stories/778258d1fc8480c83d5bb33ab649c368a074c537.story,content,elaborate,2,1,0.4808412194252014,0.4808412194252014,0.3346911668777466
./cnn/stories/778258d1fc8480c83d5bb33ab649c368a074c537.story,content,elaborate,2,2,0.4528430700302124,0.5871083736419678,0.29165416955947876
./cnn/stories/778258d1fc8480c83d5bb33ab649c368a074c537.story,content,elaborate,2,3,0.4385468363761902,0.5759381651878357,0.29165416955947876
./cnn/stories/706f47285f49967837e1220cf87c3cb9e9e525ee.story,style,formality,0,1,0.37892335653305054,0.37892335653305054,0.0989910215139389
./cnn/stories/706f47285f49967837e1220cf87c3cb9e9e525ee.story,style,formality,0,2,0.33480656147003174,0.623024582862854,0.0989910215139389
./cnn/stories/706f47285f49967837e1220cf87c3cb9e9e525ee.story,style,formality,0,3,0.35733461380004883,0.7295687794685364,0.0989910215139389
./cnn/stories/706f47285f49967837e1220cf87c3cb9e9e525ee.story,style,formality,1,1,0.373752236366272,0.373752236366272,0.0989910215139389
./cnn/stories/706f47285f49967837e1220cf87c3cb9e9e525ee.story,style,formality,1,2,0.3861713409423828,0.6831629872322083,0.0989910215139389
./cnn/stories/706f47285f49967837e1220cf87c3cb9e9e525ee.story,style,formality,1,3,0.37593692541122437,0.603008508682251,0.0989910215139389
./cnn/stories/706f47285f49967837e1220cf87c3cb9e9e525ee.story,style,formality,2,1,0.39033275842666626,0.39033275842666626,0.0989910215139389
./cnn/stories/706f47285f49967837e1220cf87c3cb9e9e525ee.story,style,formality,2,2,0.3908824622631073,0.728127658367157,0.0989910215139389
./cnn/stories/706f47285f49967837e1220cf87c3cb9e9e525ee.story,style,formality,2,3,0.3470969796180725,0.6729233264923096,0.0989910215139389
./cnn/stories/706f47285f49967837e1220cf87c3cb9e9e525ee.story,style,paraphrase,0,1,0.37795770168304443,0.37795770168304443,-0.009805962443351746
./cnn/stories/706f47285f49967837e1220cf87c3cb9e9e525ee.story,style,paraphrase,0,2,0.37671804428100586,0.5824192762374878,-0.009805962443351746
./cnn/stories/706f47285f49967837e1220cf87c3cb9e9e525ee.story,style,paraphrase,0,3,0.3579277992248535,0.762442409992218,0.08357078582048416
./cnn/stories/706f47285f49967837e1220cf87c3cb9e9e525ee.story,style,paraphrase,1,1,0.33286184072494507,0.33286184072494507,0.007877439260482788
./cnn/stories/706f47285f49967837e1220cf87c3cb9e9e525ee.story,style,paraphrase,1,2,0.3317360281944275,0.6511335968971252,0.0989910215139389
./cnn/stories/706f47285f49967837e1220cf87c3cb9e9e525ee.story,style,paraphrase,1,3,0.3054977059364319,0.6523608565330505,0.007877439260482788
./cnn/stories/706f47285f49967837e1220cf87c3cb9e9e525ee.story,style,paraphrase,2,1,0.3931010365486145,0.3931010365486145,0.08357078582048416
./cnn/stories/706f47285f49967837e1220cf87c3cb9e9e525ee.story,style,paraphrase,2,2,0.3453073501586914,0.6841412782669067,0.08357078582048416
./cnn/stories/706f47285f49967837e1220cf87c3cb9e9e525ee.story,style,paraphrase,2,3,0.355724573135376,0.7062061429023743,0.08357078582048416
./cnn/stories/706f47285f49967837e1220cf87c3cb9e9e525ee.story,content,shorten,0,1,0.40297627449035645,0.40297627449035645,-0.009805962443351746
./cnn/stories/706f47285f49967837e1220cf87c3cb9e9e525ee.story,content,shorten,0,2,0.3470281958580017,0.6638277173042297,0.007877439260482788
./cnn/stories/706f47285f49967837e1220cf87c3cb9e9e525ee.story,content,shorten,0,3,0.3031661808490753,0.6631746888160706,0.007877439260482788
./cnn/stories/706f47285f49967837e1220cf87c3cb9e9e525ee.story,content,shorten,1,1,0.35195720195770264,0.35195720195770264,0.27637121081352234
./cnn/stories/706f47285f49967837e1220cf87c3cb9e9e525ee.story,content,shorten,1,2,0.33917054533958435,0.7409141659736633,0.007877439260482788
./cnn/stories/706f47285f49967837e1220cf87c3cb9e9e525ee.story,content,shorten,1,3,0.3554172217845917,0.7878338098526001,0.007877439260482788
./cnn/stories/706f47285f49967837e1220cf87c3cb9e9e525ee.story,content,shorten,2,1,0.3833833932876587,0.3833833932876587,0.0989910215139389
./cnn/stories/706f47285f49967837e1220cf87c3cb9e9e525ee.story,content,shorten,2,2,0.3941061496734619,0.8066409826278687,0.0989910215139389
./cnn/stories/706f47285f49967837e1220cf87c3cb9e9e525ee.story,content,shorten,2,3,0.3488163352012634,0.7810809016227722,0.0989910215139389
./cnn/stories/706f47285f49967837e1220cf87c3cb9e9e525ee.story,content,elaborate,0,1,0.3584754765033722,0.3584754765033722,0.0989910215139389
./cnn/stories/706f47285f49967837e1220cf87c3cb9e9e525ee.story,content,elaborate,0,2,0.3423675298690796,0.6303451657295227,0.0989910215139389
./cnn/stories/706f47285f49967837e1220cf87c3cb9e9e525ee.story,content,elaborate,0,3,0.29646405577659607,0.6745063066482544,0.0989910215139389
./cnn/stories/706f47285f49967837e1220cf87c3cb9e9e525ee.story,content,elaborate,1,1,0.37743353843688965,0.37743353843688965,0.08357078582048416
./cnn/stories/706f47285f49967837e1220cf87c3cb9e9e525ee.story,content,elaborate,1,2,0.3585551977157593,0.6095607280731201,0.08357078582048416
./cnn/stories/706f47285f49967837e1220cf87c3cb9e9e525ee.story,content,elaborate,1,3,0.35422372817993164,0.632357120513916,0.05172131955623627
./cnn/stories/706f47285f49967837e1220cf87c3cb9e9e525ee.story,content,elaborate,2,1,0.3753572702407837,0.3753572702407837,0.0989910215139389
./cnn/stories/706f47285f49967837e1220cf87c3cb9e9e525ee.story,content,elaborate,2,2,0.35555529594421387,0.698061466217041,0.0989910215139389
./cnn/stories/706f47285f49967837e1220cf87c3cb9e9e525ee.story,content,elaborate,2,3,0.342664897441864,0.7302890419960022,0.0989910215139389
./cnn/stories/87c41a0c17143a88ea8234f102c100868fe86e58.story,style,formality,0,1,0.6485887765884399,0.6485887765884399,0.7970120310783386
./cnn/stories/87c41a0c17143a88ea8234f102c100868fe86e58.story,style,formality,0,2,0.6114591360092163,0.7314305305480957,0.7679873108863831
./cnn/stories/87c41a0c17143a88ea8234f102c100868fe86e58.story,style,formality,0,3,0.6063147783279419,0.782774806022644,0.7323735952377319
./cnn/stories/87c41a0c17143a88ea8234f102c100868fe86e58.story,style,formality,1,1,0.5786260366439819,0.5786260366439819,0.7635226845741272
./cnn/stories/87c41a0c17143a88ea8234f102c100868fe86e58.story,style,formality,1,2,0.48798924684524536,0.752730667591095,0.7393824458122253
./cnn/stories/87c41a0c17143a88ea8234f102c100868fe86e58.story,style,formality,1,3,0.5638129711151123,0.7433912754058838,0.6955838799476624
./cnn/stories/87c41a0c17143a88ea8234f102c100868fe86e58.story,style,formality,2,1,0.5542502999305725,0.5542502999305725,0.7878961563110352
./cnn/stories/87c41a0c17143a88ea8234f102c100868fe86e58.story,style,formality,2,2,0.4076439142227173,0.7704806923866272,0.7134849429130554
./cnn/stories/87c41a0c17143a88ea8234f102c100868fe86e58.story,style,formality,2,3,0.5184944272041321,0.8040490746498108,0.7073027491569519
./cnn/stories/87c41a0c17143a88ea8234f102c100868fe86e58.story,style,paraphrase,0,1,0.48781388998031616,0.48781388998031616,0.6112433075904846
./cnn/stories/87c41a0c17143a88ea8234f102c100868fe86e58.story,style,paraphrase,0,2,0.4058612585067749,0.5976046919822693,0.6129114627838135
./cnn/stories/87c41a0c17143a88ea8234f102c100868fe86e58.story,style,paraphrase,0,3,0.43433982133865356,0.7482674717903137,0.6659091114997864
./cnn/stories/87c41a0c17143a88ea8234f102c100868fe86e58.story,style,paraphrase,1,1,0.4541704058647156,0.4541704058647156,0.6776944994926453
./cnn/stories/87c41a0c17143a88ea8234f102c100868fe86e58.story,style,paraphrase,1,2,0.5368887186050415,0.6670570969581604,0.652811586856842
./cnn/stories/87c41a0c17143a88ea8234f102c100868fe86e58.story,style,paraphrase,1,3,0.5145822763442993,0.733634889125824,0.5975029468536377
./cnn/stories/87c41a0c17143a88ea8234f102c100868fe86e58.story,style,paraphrase,2,1,0.45608633756637573,0.45608633756637573,0.7484433054924011
./cnn/stories/87c41a0c17143a88ea8234f102c100868fe86e58.story,style,paraphrase,2,2,0.42369550466537476,0.6509633660316467,0.6202824115753174
./cnn/stories/87c41a0c17143a88ea8234f102c100868fe86e58.story,style,paraphrase,2,3,0.4300324320793152,0.6200340986251831,0.6545698046684265
./cnn/stories/87c41a0c17143a88ea8234f102c100868fe86e58.story,content,shorten,0,1,0.5033419728279114,0.5033419728279114,0.45009809732437134
./cnn/stories/87c41a0c17143a88ea8234f102c100868fe86e58.story,content,shorten,0,2,0.4170684814453125,0.7091005444526672,0.24761447310447693
./cnn/stories/87c41a0c17143a88ea8234f102c100868fe86e58.story,content,shorten,0,3,0.39093995094299316,0.7570191621780396,0.24761447310447693
./cnn/stories/87c41a0c17143a88ea8234f102c100868fe86e58.story,content,shorten,1,1,0.43270134925842285,0.43270134925842285,0.5220956802368164
./cnn/stories/87c41a0c17143a88ea8234f102c100868fe86e58.story,content,shorten,1,2,0.3893445134162903,0.7064653038978577,0.454758882522583
./cnn/stories/87c41a0c17143a88ea8234f102c100868fe86e58.story,content,shorten,1,3,0.35802289843559265,0.7317314147949219,0.25881534814834595
./cnn/stories/87c41a0c17143a88ea8234f102c100868fe86e58.story,content,shorten,2,1,0.48877960443496704,0.48877960443496704,0.723029375076294
./cnn/stories/87c41a0c17143a88ea8234f102c100868fe86e58.story,content,shorten,2,2,0.4400911331176758,0.6845448017120361,0.6049168109893799
./cnn/stories/87c41a0c17143a88ea8234f102c100868fe86e58.story,content,shorten,2,3,0.4358503222465515,0.7749724984169006,0.6435311436653137
./cnn/stories/87c41a0c17143a88ea8234f102c100868fe86e58.story,content,elaborate,0,1,0.3631344437599182,0.3631344437599182,0.8602349162101746
./cnn/stories/87c41a0c17143a88ea8234f102c100868fe86e58.story,content,elaborate,0,2,0.3975549340248108,0.6161746382713318,0.7002246975898743
./cnn/stories/87c41a0c17143a88ea8234f102c100868fe86e58.story,content,elaborate,0,3,0.3842814564704895,0.742946445941925,0.7372528314590454
./cnn/stories/87c41a0c17143a88ea8234f102c100868fe86e58.story,content,elaborate,1,1,0.669038712978363,0.669038712978363,0.6639742255210876
./cnn/stories/87c41a0c17143a88ea8234f102c100868fe86e58.story,content,elaborate,1,2,0.5491800904273987,0.6279569268226624,0.6799702048301697
./cnn/stories/87c41a0c17143a88ea8234f102c100868fe86e58.story,content,elaborate,1,3,0.505070149898529,0.6808876991271973,0.2780165672302246
./cnn/stories/87c41a0c17143a88ea8234f102c100868fe86e58.story,content,elaborate,2,1,0.5473195314407349,0.5473195314407349,0.40645265579223633
./cnn/stories/87c41a0c17143a88ea8234f102c100868fe86e58.story,content,elaborate,2,2,0.5164653062820435,0.7838883399963379,0.29941239953041077
./cnn/stories/87c41a0c17143a88ea8234f102c100868fe86e58.story,content,elaborate,2,3,0.4556218385696411,0.7518016695976257,0.24129875004291534
./cnn/stories/3447caeafb093d967917149ac86e9ee558b018e3.story,style,formality,0,1,0.4531146287918091,0.4531146287918091,0.10878120362758636
./cnn/stories/3447caeafb093d967917149ac86e9ee558b018e3.story,style,formality,0,2,0.4322839379310608,0.6608504056930542,0.3142090439796448
./cnn/stories/3447caeafb093d967917149ac86e9ee558b018e3.story,style,formality,0,3,0.41833460330963135,0.7507259845733643,0.06284880638122559
./cnn/stories/3447caeafb093d967917149ac86e9ee558b018e3.story,style,formality,1,1,0.5906314253807068,0.5906314253807068,0.09441353380680084
./cnn/stories/3447caeafb093d967917149ac86e9ee558b018e3.story,style,formality,1,2,0.4387351870536804,0.5499200224876404,0.11586971580982208
./cnn/stories/3447caeafb093d967917149ac86e9ee558b018e3.story,style,formality,1,3,0.39883291721343994,0.7595064043998718,0.06425786018371582
./cnn/stories/3447caeafb093d967917149ac86e9ee558b018e3.story,style,formality,2,1,0.3954607844352722,0.3954607844352722,0.07585624605417252
./cnn/stories/3447caeafb093d967917149ac86e9ee558b018e3.story,style,formality,2,2,0.39831486344337463,0.6965914368629456,0.10682177543640137
./cnn/stories/3447caeafb093d967917149ac86e9ee558b018e3.story,style,formality,2,3,0.40693163871765137,0.7271482348442078,0.07944585382938385
./cnn/stories/3447caeafb093d967917149ac86e9ee558b018e3.story,style,paraphrase,0,1,0.3704162836074829,0.3704162836074829,0.23207345604896545
./cnn/stories/3447caeafb093d967917149ac86e9ee558b018e3.story,style,paraphrase,0,2,0.3091251254081726,0.6980568766593933,0.1839050054550171
./cnn/stories/3447caeafb093d967917149ac86e9ee558b018e3.story,style,paraphrase,0,3,0.34162718057632446,0.7257851958274841,0.10976894944906235
./cnn/stories/3447caeafb093d967917149ac86e9ee558b018e3.story,style,paraphrase,1,1,0.40731483697891235,0.40731483697891235,0.08981265872716904
./cnn/stories/3447caeafb093d967917149ac86e9ee558b018e3.story,style,paraphrase,1,2,0.39239686727523804,0.7313648462295532,0.18332278728485107
./cnn/stories/3447caeafb093d967917149ac86e9ee558b018e3.story,style,paraphrase,1,3,0.336370587348938,0.6955417394638062,0.10266988724470139
./cnn/stories/3447caeafb093d967917149ac86e9ee558b018e3.story,style,paraphrase,2,1,0.32826298475265503,0.32826298475265503,0.1921602338552475
./cnn/stories/3447caeafb093d967917149ac86e9ee558b018e3.story,style,paraphrase,2,2,0.3278707265853882,0.6837431192398071,0.2244682013988495
./cnn/stories/3447caeafb093d967917149ac86e9ee558b018e3.story,style,paraphrase,2,3,0.3239920139312744,0.6989173889160156,0.14581213891506195
./cnn/stories/3447caeafb093d967917149ac86e9ee558b018e3.story,content,shorten,0,1,0.33920830488204956,0.33920830488204956,0.07945351302623749
./cnn/stories/3447caeafb093d967917149ac86e9ee558b018e3.story,content,shorten,0,2,0.42860472202301025,0.7646821141242981,0.07945351302623749
./cnn/stories/3447caeafb093d967917149ac86e9ee558b018e3.story,content,shorten,0,3,0.37964582443237305,0.798137366771698,0.08527102321386337
./cnn/stories/3447caeafb093d967917149ac86e9ee558b018e3.story,content,shorten,1,1,0.45550215244293213,0.45550215244293213,0.16045188903808594
./cnn/stories/3447caeafb093d967917149ac86e9ee558b018e3.story,content,shorten,1,2,0.3453907370567322,0.7484320998191833,0.18725821375846863
./cnn/stories/3447caeafb093d967917149ac86e9ee558b018e3.story,content,shorten,1,3,0.37216314673423767,0.7925748229026794,0.04182752966880798
./cnn/stories/3447caeafb093d967917149ac86e9ee558b018e3.story,content,shorten,2,1,0.3757913410663605,0.3757913410663605,0.17081332206726074
./cnn/stories/3447caeafb093d967917149ac86e9ee558b018e3.story,content,shorten,2,2,0.30215442180633545,0.5885405540466309,0.21292245388031006
./cnn/stories/3447caeafb093d967917149ac86e9ee558b018e3.story,content,shorten,2,3,0.27059197425842285,0.7588483691215515,0.1386783868074417
./cnn/stories/3447caeafb093d967917149ac86e9ee558b018e3.story,content,elaborate,0,1,0.41205060482025146,0.41205060482025146,0.2914586365222931
./cnn/stories/3447caeafb093d967917149ac86e9ee558b018e3.story,content,elaborate,0,2,0.4081392288208008,0.6327688694000244,0.34659695625305176
./cnn/stories/3447caeafb093d967917149ac86e9ee558b018e3.story,content,elaborate,0,3,0.36893293261528015,0.640988826751709,0.1674424707889557
./cnn/stories/3447caeafb093d967917149ac86e9ee558b018e3.story,content,elaborate,1,1,0.39428138732910156,0.39428138732910156,0.2063804566860199
./cnn/stories/3447caeafb093d967917149ac86e9ee558b018e3.story,content,elaborate,1,2,0.367689847946167,0.6964064836502075,0.2172842174768448
./cnn/stories/3447caeafb093d967917149ac86e9ee558b018e3.story,content,elaborate,1,3,0.36701226234436035,0.6799361109733582,0.25140154361724854
./cnn/stories/3447caeafb093d967917149ac86e9ee558b018e3.story,content,elaborate,2,1,0.4128808379173279,0.4128808379173279,0.22857055068016052
./cnn/stories/3447caeafb093d967917149ac86e9ee558b018e3.story,content,elaborate,2,2,0.3546685576438904,0.6305766701698303,0.250186562538147
./cnn/stories/3447caeafb093d967917149ac86e9ee558b018e3.story,content,elaborate,2,3,0.41295164823532104,0.7050624489784241,0.4201502203941345
./cnn/stories/512e80a87a428d2ee0ff32b00c98c1f4abdac48f.story,style,formality,0,1,0.5646804571151733,0.5646804571151733,0.30622535943984985
./cnn/stories/512e80a87a428d2ee0ff32b00c98c1f4abdac48f.story,style,formality,0,2,0.5526979565620422,0.6171587705612183,0.30622535943984985
./cnn/stories/512e80a87a428d2ee0ff32b00c98c1f4abdac48f.story,style,formality,0,3,0.5509225726127625,0.7964293360710144,0.30622535943984985
./cnn/stories/512e80a87a428d2ee0ff32b00c98c1f4abdac48f.story,style,formality,1,1,0.5064683556556702,0.5064683556556702,0.7168947458267212
./cnn/stories/512e80a87a428d2ee0ff32b00c98c1f4abdac48f.story,style,formality,1,2,0.44280654191970825,0.7177737355232239,0.30622535943984985
./cnn/stories/512e80a87a428d2ee0ff32b00c98c1f4abdac48f.story,style,formality,1,3,0.4527894854545593,0.5937411189079285,0.2119486778974533
./cnn/stories/512e80a87a428d2ee0ff32b00c98c1f4abdac48f.story,style,formality,2,1,0.45870208740234375,0.45870208740234375,0.2759808599948883
./cnn/stories/512e80a87a428d2ee0ff32b00c98c1f4abdac48f.story,style,formality,2,2,0.4499874711036682,0.7269580364227295,0.23004408180713654
./cnn/stories/512e80a87a428d2ee0ff32b00c98c1f4abdac48f.story,style,formality,2,3,0.4213314652442932,0.7636153697967529,0.09664592146873474
./cnn/stories/512e80a87a428d2ee0ff32b00c98c1f4abdac48f.story,style,paraphrase,0,1,0.3818280100822449,0.3818280100822449,0.23004408180713654
./cnn/stories/512e80a87a428d2ee0ff32b00c98c1f4abdac48f.story,style,paraphrase,0,2,0.3469858765602112,0.6577304005622864,0.2626257538795471
./cnn/stories/512e80a87a428d2ee0ff32b00c98c1f4abdac48f.story,style,paraphrase,0,3,0.29776087403297424,0.5016040205955505,0.25513696670532227
./cnn/stories/512e80a87a428d2ee0ff32b00c98c1f4abdac48f.story,style,paraphrase,1,1,0.5246042609214783,0.5246042609214783,-0.008483916521072388
./cnn/stories/512e80a87a428d2ee0ff32b00c98c1f4abdac48f.story,style,paraphrase,1,2,0.5134660601615906,0.7009475827217102,0.10803448408842087
./cnn/stories/512e80a87a428d2ee0ff32b00c98c1f4abdac48f.story,style,paraphrase,1,3,0.5027315616607666,0.7592017650604248,0.24327914416790009
./cnn/stories/512e80a87a428d2ee0ff32b00c98c1f4abdac48f.story,style,paraphrase,2,1,0.4405026435852051,0.4405026435852051,0.30622535943984985
./cnn/stories/512e80a87a428d2ee0ff32b00c98c1f4abdac48f.story,style,paraphrase,2,2,0.43922191858291626,0.6723271012306213,0.30622535943984985
./cnn/stories/512e80a87a428d2ee0ff32b00c98c1f4abdac48f.story,style,paraphrase,2,3,0.4047738313674927,0.7152354717254639,0.30622535943984985
./cnn/stories/512e80a87a428d2ee0ff32b00c98c1f4abdac48f.story,content,shorten,0,1,0.39463740587234497,0.39463740587234497,0.26747122406959534
./cnn/stories/512e80a87a428d2ee0ff32b00c98c1f4abdac48f.story,content,shorten,0,2,0.3416142165660858,0.7397528290748596,0.23004408180713654
./cnn/stories/512e80a87a428d2ee0ff32b00c98c1f4abdac48f.story,content,shorten,0,3,0.34721213579177856,0.8164728283882141,0.27452191710472107
./cnn/stories/512e80a87a428d2ee0ff32b00c98c1f4abdac48f.story,content,shorten,1,1,0.3630964756011963,0.3630964756011963,0.23004408180713654
./cnn/stories/512e80a87a428d2ee0ff32b00c98c1f4abdac48f.story,content,shorten,1,2,0.31220492720603943,0.772242546081543,0.24304120242595673
./cnn/stories/512e80a87a428d2ee0ff32b00c98c1f4abdac48f.story,content,shorten,1,3,0.3341069221496582,0.8066235184669495,0.24304120242595673
./cnn/stories/512e80a87a428d2ee0ff32b00c98c1f4abdac48f.story,content,shorten,2,1,0.490736722946167,0.490736722946167,0.7168947458267212
./cnn/stories/512e80a87a428d2ee0ff32b00c98c1f4abdac48f.story,content,shorten,2,2,0.3846442699432373,0.519511342048645,0.09664592146873474
./cnn/stories/512e80a87a428d2ee0ff32b00c98c1f4abdac48f.story,content,shorten,2,3,0.299150288105011,0.6357599496841431,0.19731181859970093
./cnn/stories/512e80a87a428d2ee0ff32b00c98c1f4abdac48f.story,content,elaborate,0,1,0.38221848011016846,0.38221848011016846,0.23004408180713654
./cnn/stories/512e80a87a428d2ee0ff32b00c98c1f4abdac48f.story,content,elaborate,0,2,0.37622886896133423,0.6171470880508423,0.23004408180713654
./cnn/stories/512e80a87a428d2ee0ff32b00c98c1f4abdac48f.story,content,elaborate,0,3,0.31913089752197266,0.5286217927932739,0.23004408180713654
./cnn/stories/512e80a87a428d2ee0ff32b00c98c1f4abdac48f.story,content,elaborate,1,1,0.5233292579650879,0.5233292579650879,0.07622870802879333
./cnn/stories/512e80a87a428d2ee0ff32b00c98c1f4abdac48f.story,content,elaborate,1,2,0.35854119062423706,0.5890031456947327,0.23004408180713654
./cnn/stories/512e80a87a428d2ee0ff32b00c98c1f4abdac48f.story,content,elaborate,1,3,0.3600431978702545,0.598220705986023,0.21083354949951172
./cnn/stories/512e80a87a428d2ee0ff32b00c98c1f4abdac48f.story,content,elaborate,2,1,0.4803650379180908,0.4803650379180908,0.30622535943984985
./cnn/stories/512e80a87a428d2ee0ff32b00c98c1f4abdac48f.story,content,elaborate,2,2,0.4711241126060486,0.666653037071228,0.7168947458267212
./cnn/stories/512e80a87a428d2ee0ff32b00c98c1f4abdac48f.story,content,elaborate,2,3,0.42569291591644287,0.6836661100387573,0.7168947458267212
./cnn/stories/73cb3690e5352c1c47c96ee1b2086692c4915a7c.story,style,formality,0,1,0.5795093178749084,0.5795093178749084,0.7513003945350647
./cnn/stories/73cb3690e5352c1c47c96ee1b2086692c4915a7c.story,style,formality,0,2,0.5531216263771057,0.7207809090614319,0.39509618282318115
./cnn/stories/73cb3690e5352c1c47c96ee1b2086692c4915a7c.story,style,formality,0,3,0.5262202620506287,0.5893148183822632,0.39509618282318115
./cnn/stories/73cb3690e5352c1c47c96ee1b2086692c4915a7c.story,style,formality,1,1,0.504530668258667,0.504530668258667,0.1906943917274475
./cnn/stories/73cb3690e5352c1c47c96ee1b2086692c4915a7c.story,style,formality,1,2,0.4642578959465027,0.6901174187660217,0.39509618282318115
./cnn/stories/73cb3690e5352c1c47c96ee1b2086692c4915a7c.story,style,formality,1,3,0.49377548694610596,0.7371605038642883,0.39509618282318115
./cnn/stories/73cb3690e5352c1c47c96ee1b2086692c4915a7c.story,style,formality,2,1,0.5836756825447083,0.5836756825447083,0.39509618282318115
./cnn/stories/73cb3690e5352c1c47c96ee1b2086692c4915a7c.story,style,formality,2,2,0.5200867056846619,0.6229793429374695,0.39509618282318115
./cnn/stories/73cb3690e5352c1c47c96ee1b2086692c4915a7c.story,style,formality,2,3,0.5092660188674927,0.7141938209533691,0.1906943917274475
./cnn/stories/73cb3690e5352c1c47c96ee1b2086692c4915a7c.story,style,paraphrase,0,1,0.40683966875076294,0.40683966875076294,0.39509618282318115
./cnn/stories/73cb3690e5352c1c47c96ee1b2086692c4915a7c.story,style,paraphrase,0,2,0.3314797282218933,0.7380088567733765,0.39509618282318115
./cnn/stories/73cb3690e5352c1c47c96ee1b2086692c4915a7c.story,style,paraphrase,0,3,0.3997959494590759,0.7658427357673645,0.39509618282318115
./cnn/stories/73cb3690e5352c1c47c96ee1b2086692c4915a7c.story,style,paraphrase,1,1,0.48949962854385376,0.48949962854385376,0.7513003945350647
./cnn/stories/73cb3690e5352c1c47c96ee1b2086692c4915a7c.story,style,paraphrase,1,2,0.4542601704597473,0.752647876739502,0.7513003945350647
./cnn/stories/73cb3690e5352c1c47c96ee1b2086692c4915a7c.story,style,paraphrase,1,3,0.35296377539634705,0.7368773818016052,0.7513003945350647
./cnn/stories/73cb3690e5352c1c47c96ee1b2086692c4915a7c.story,style,paraphrase,2,1,0.4701179265975952,0.4701179265975952,0.7513003945350647
./cnn/stories/73cb3690e5352c1c47c96ee1b2086692c4915a7c.story,style,paraphrase,2,2,0.3880894184112549,0.585458517074585,0.7513003945350647
./cnn/stories/73cb3690e5352c1c47c96ee1b2086692c4915a7c.story,style,paraphrase,2,3,0.3927112817764282,0.5290123224258423,0.1906943917274475
./cnn/stories/73cb3690e5352c1c47c96ee1b2086692c4915a7c.story,content,shorten,0,1,0.3715938925743103,0.3715938925743103,0.39509618282318115
./cnn/stories/73cb3690e5352c1c47c96ee1b2086692c4915a7c.story,content,shorten,0,2,0.39067649841308594,0.7789183855056763,0.39509618282318115
./cnn/stories/73cb3690e5352c1c47c96ee1b2086692c4915a7c.story,content,shorten,0,3,0.3892199993133545,0.7789010405540466,0.39509618282318115
./cnn/stories/73cb3690e5352c1c47c96ee1b2086692c4915a7c.story,content,shorten,1,1,0.37824589014053345,0.37824589014053345,0.7513003945350647
./cnn/stories/73cb3690e5352c1c47c96ee1b2086692c4915a7c.story,content,shorten,1,2,0.4130256772041321,0.6800773739814758,0.7513003945350647
./cnn/stories/73cb3690e5352c1c47c96ee1b2086692c4915a7c.story,content,shorten,1,3,0.3556968569755554,0.7828919887542725,0.7513003945350647
./cnn/stories/73cb3690e5352c1c47c96ee1b2086692c4915a7c.story,content,shorten,2,1,0.44741159677505493,0.44741159677505493,0.7513003945350647
./cnn/stories/73cb3690e5352c1c47c96ee1b2086692c4915a7c.story,content,shorten,2,2,0.4596773386001587,0.7866783738136292,0.7513003945350647
./cnn/stories/73cb3690e5352c1c47c96ee1b2086692c4915a7c.story,content,shorten,2,3,0.41628211736679077,0.7816810011863708,0.39509618282318115
./cnn/stories/73cb3690e5352c1c47c96ee1b2086692c4915a7c.story,content,elaborate,0,1,0.5274896621704102,0.5274896621704102,0.1906943917274475
./cnn/stories/73cb3690e5352c1c47c96ee1b2086692c4915a7c.story,content,elaborate,0,2,0.49725258350372314,0.6607826352119446,0.39509618282318115
./cnn/stories/73cb3690e5352c1c47c96ee1b2086692c4915a7c.story,content,elaborate,0,3,0.4470767378807068,0.6663385033607483,0.7513003945350647
./cnn/stories/73cb3690e5352c1c47c96ee1b2086692c4915a7c.story,content,elaborate,1,1,0.5325983762741089,0.5325983762741089,0.7513003945350647
./cnn/stories/73cb3690e5352c1c47c96ee1b2086692c4915a7c.story,content,elaborate,1,2,0.4678366184234619,0.6402721405029297,0.39509618282318115
./cnn/stories/73cb3690e5352c1c47c96ee1b2086692c4915a7c.story,content,elaborate,1,3,0.4344246983528137,0.691041886806488,0.39509618282318115
./cnn/stories/73cb3690e5352c1c47c96ee1b2086692c4915a7c.story,content,elaborate,2,1,0.5226755142211914,0.5226755142211914,0.7513003945350647
./cnn/stories/73cb3690e5352c1c47c96ee1b2086692c4915a7c.story,content,elaborate,2,2,0.4757351279258728,0.6002794504165649,0.7513003945350647
./cnn/stories/73cb3690e5352c1c47c96ee1b2086692c4915a7c.story,content,elaborate,2,3,0.41968828439712524,0.6953760385513306,0.7513003945350647
./cnn/stories/86adf9d9437db54b725934d30fea1d9997fd2138.story,style,formality,0,1,0.38245582580566406,0.38245582580566406,0.2713172137737274
./cnn/stories/86adf9d9437db54b725934d30fea1d9997fd2138.story,style,formality,0,2,0.40664994716644287,0.7753332853317261,0.23438867926597595
./cnn/stories/86adf9d9437db54b725934d30fea1d9997fd2138.story,style,formality,0,3,0.37825751304626465,0.7862463593482971,0.23438867926597595
./cnn/stories/86adf9d9437db54b725934d30fea1d9997fd2138.story,style,formality,1,1,0.3418765068054199,0.3418765068054199,0.5230124592781067
./cnn/stories/86adf9d9437db54b725934d30fea1d9997fd2138.story,style,formality,1,2,0.34931111335754395,0.7466070055961609,0.5230124592781067
./cnn/stories/86adf9d9437db54b725934d30fea1d9997fd2138.story,style,formality,1,3,0.3187626004219055,0.770285427570343,0.5230124592781067
./cnn/stories/86adf9d9437db54b725934d30fea1d9997fd2138.story,style,formality,2,1,0.2853723168373108,0.2853723168373108,0.5230124592781067
./cnn/stories/86adf9d9437db54b725934d30fea1d9997fd2138.story,style,formality,2,2,0.3298306465148926,0.6900901794433594,0.5230124592781067
./cnn/stories/86adf9d9437db54b725934d30fea1d9997fd2138.story,style,formality,2,3,0.3371902108192444,0.7025161385536194,0.5230124592781067
./cnn/stories/86adf9d9437db54b725934d30fea1d9997fd2138.story,style,paraphrase,0,1,0.3439359664916992,0.3439359664916992,0.5230124592781067
./cnn/stories/86adf9d9437db54b725934d30fea1d9997fd2138.story,style,paraphrase,0,2,0.3092241883277893,0.5907449126243591,0.5230124592781067
./cnn/stories/86adf9d9437db54b725934d30fea1d9997fd2138.story,style,paraphrase,0,3,0.32554376125335693,0.7226029634475708,0.5230124592781067
./cnn/stories/86adf9d9437db54b725934d30fea1d9997fd2138.story,style,paraphrase,1,1,0.37860608100891113,0.37860608100891113,0.09858410060405731
./cnn/stories/86adf9d9437db54b725934d30fea1d9997fd2138.story,style,paraphrase,1,2,0.3314058780670166,0.6719277501106262,0.2713172137737274
./cnn/stories/86adf9d9437db54b725934d30fea1d9997fd2138.story,style,paraphrase,1,3,0.3729039430618286,0.6943545341491699,0.2596365213394165
./cnn/stories/86adf9d9437db54b725934d30fea1d9997fd2138.story,style,paraphrase,2,1,0.3117956221103668,0.3117956221103668,0.5230124592781067
./cnn/stories/86adf9d9437db54b725934d30fea1d9997fd2138.story,style,paraphrase,2,2,0.350378155708313,0.7066498398780823,0.3074932098388672
./cnn/stories/86adf9d9437db54b725934d30fea1d9997fd2138.story,style,paraphrase,2,3,0.29458385705947876,0.6365846991539001,0.3074932098388672
./cnn/stories/86adf9d9437db54b725934d30fea1d9997fd2138.story,content,shorten,0,1,0.30393368005752563,0.30393368005752563,0.5230124592781067
./cnn/stories/86adf9d9437db54b725934d30fea1d9997fd2138.story,content,shorten,0,2,0.32201331853866577,0.6754706501960754,0.24626730382442474
./cnn/stories/86adf9d9437db54b725934d30fea1d9997fd2138.story,content,shorten,0,3,0.3012956976890564,0.7152120471000671,0.04032929986715317
./cnn/stories/86adf9d9437db54b725934d30fea1d9997fd2138.story,content,shorten,1,1,0.36983877420425415,0.36983877420425415,0.5230124592781067
./cnn/stories/86adf9d9437db54b725934d30fea1d9997fd2138.story,content,shorten,1,2,0.3393494486808777,0.660626232624054,0.5230124592781067
./cnn/stories/86adf9d9437db54b725934d30fea1d9997fd2138.story,content,shorten,1,3,0.3484668731689453,0.767429769039154,0.5230124592781067
./cnn/stories/86adf9d9437db54b725934d30fea1d9997fd2138.story,content,shorten,2,1,0.3545346260070801,0.3545346260070801,0.2678333520889282
./cnn/stories/86adf9d9437db54b725934d30fea1d9997fd2138.story,content,shorten,2,2,0.34119147062301636,0.777259349822998,0.2678333520889282
./cnn/stories/86adf9d9437db54b725934d30fea1d9997fd2138.story,content,shorten,2,3,0.2552087903022766,0.7736765742301941,0.07856061309576035
./cnn/stories/86adf9d9437db54b725934d30fea1d9997fd2138.story,content,elaborate,0,1,0.34082555770874023,0.34082555770874023,0.5230124592781067
./cnn/stories/86adf9d9437db54b725934d30fea1d9997fd2138.story,content,elaborate,0,2,0.3296099305152893,0.6206645369529724,0.5230124592781067
./cnn/stories/86adf9d9437db54b725934d30fea1d9997fd2138.story,content,elaborate,0,3,0.3338255286216736,0.6632492542266846,0.5230124592781067
./cnn/stories/86adf9d9437db54b725934d30fea1d9997fd2138.story,content,elaborate,1,1,0.39220356941223145,0.39220356941223145,0.5230124592781067
./cnn/stories/86adf9d9437db54b725934d30fea1d9997fd2138.story,content,elaborate,1,2,0.3601107597351074,0.6727383136749268,0.5230124592781067
./cnn/stories/86adf9d9437db54b725934d30fea1d9997fd2138.story,content,elaborate,1,3,0.2896554172039032,0.6916433572769165,0.2511489987373352
./cnn/stories/86adf9d9437db54b725934d30fea1d9997fd2138.story,content,elaborate,2,1,0.48035162687301636,0.48035162687301636,0.5230124592781067
./cnn/stories/86adf9d9437db54b725934d30fea1d9997fd2138.story,content,elaborate,2,2,0.3723869323730469,0.6598160862922668,0.5230124592781067
./cnn/stories/86adf9d9437db54b725934d30fea1d9997fd2138.story,content,elaborate,2,3,0.27913564443588257,0.6444621086120605,0.5230124592781067
./cnn/stories/97ed47519371db40473f71f77a52a7beb5f0a7ef.story,style,formality,0,1,0.4371454119682312,0.4371454119682312,0.11626064777374268
./cnn/stories/97ed47519371db40473f71f77a52a7beb5f0a7ef.story,style,formality,0,2,0.3770068883895874,0.4834837317466736,0.07625305652618408
./cnn/stories/97ed47519371db40473f71f77a52a7beb5f0a7ef.story,style,formality,0,3,0.4341166019439697,0.7205119729042053,0.0264756977558136
./cnn/stories/97ed47519371db40473f71f77a52a7beb5f0a7ef.story,style,formality,1,1,0.3971843123435974,0.3971843123435974,0.36358678340911865
./cnn/stories/97ed47519371db40473f71f77a52a7beb5f0a7ef.story,style,formality,1,2,0.3878069519996643,0.682506263256073,
./cnn/stories/97ed47519371db40473f71f77a52a7beb5f0a7ef.story,style,formality,1,3,0.40126103162765503,0.7509334087371826,
./cnn/stories/97ed47519371db40473f71f77a52a7beb5f0a7ef.story,style,formality,2,1,0.45494699478149414,0.45494699478149414,0.07006445527076721
./cnn/stories/97ed47519371db40473f71f77a52a7beb5f0a7ef.story,style,formality,2,2,0.45900779962539673,0.8001853227615356,
./cnn/stories/97ed47519371db40473f71f77a52a7beb5f0a7ef.story,style,formality,2,3,0.43012112379074097,0.7909610867500305,0.22998923063278198
./cnn/stories/97ed47519371db40473f71f77a52a7beb5f0a7ef.story,style,paraphrase,0,1,0.4284701347351074,0.4284701347351074,
./cnn/stories/97ed47519371db40473f71f77a52a7beb5f0a7ef.story,style,paraphrase,0,2,0.4041792154312134,0.6139096021652222,0.3945881724357605
./cnn/stories/97ed47519371db40473f71f77a52a7beb5f0a7ef.story,style,paraphrase,0,3,0.42031556367874146,0.6338866353034973,
./cnn/stories/97ed47519371db40473f71f77a52a7beb5f0a7ef.story,style,paraphrase,1,1,0.43513715267181396,0.43513715267181396,0.13766376674175262
./cnn/stories/97ed47519371db40473f71f77a52a7beb5f0a7ef.story,style,paraphrase,1,2,0.4294348955154419,0.5263583064079285,0.1547923982143402
./cnn/stories/97ed47519371db40473f71f77a52a7beb5f0a7ef.story,style,paraphrase,1,3,0.450097918510437,0.6468604803085327,0.342072069644928
./cnn/stories/97ed47519371db40473f71f77a52a7beb5f0a7ef.story,style,paraphrase,2,1,0.4372715353965759,0.4372715353965759,0.08762173354625702
./cnn/stories/97ed47519371db40473f71f77a52a7beb5f0a7ef.story,style,paraphrase,2,2,0.4427186846733093,0.5903962254524231,0.16468706727027893
./cnn/stories/97ed47519371db40473f71f77a52a7beb5f0a7ef.story,style,paraphrase,2,3,0.4364814758300781,0.632388174533844,
./cnn/stories/97ed47519371db40473f71f77a52a7beb5f0a7ef.story,content,shorten,0,1,0.4027861952781677,0.4027861952781677,
./cnn/stories/97ed47519371db40473f71f77a52a7beb5f0a7ef.story,content,shorten,0,2,0.36780959367752075,0.7508401870727539,0.09676000475883484
./cnn/stories/97ed47519371db40473f71f77a52a7beb5f0a7ef.story,content,shorten,0,3,0.3667551279067993,0.7542564272880554,0.08509279787540436
./cnn/stories/97ed47519371db40473f71f77a52a7beb5f0a7ef.story,content,shorten,1,1,0.35997945070266724,0.35997945070266724,0.16741466522216797
./cnn/stories/97ed47519371db40473f71f77a52a7beb5f0a7ef.story,content,shorten,1,2,0.4171448349952698,0.6522376537322998,0.027982845902442932
./cnn/stories/97ed47519371db40473f71f77a52a7beb5f0a7ef.story,content,shorten,1,3,0.40294086933135986,0.7371241450309753,0.03777392953634262
./cnn/stories/97ed47519371db40473f71f77a52a7beb5f0a7ef.story,content,shorten,2,1,0.4207654595375061,0.4207654595375061,0.33495116233825684
./cnn/stories/97ed47519371db40473f71f77a52a7beb5f0a7ef.story,content,shorten,2,2,0.36572158336639404,0.6559217572212219,
./cnn/stories/97ed47519371db40473f71f77a52a7beb5f0a7ef.story,content,shorten,2,3,0.4030441641807556,0.6955074667930603,
./cnn/stories/97ed47519371db40473f71f77a52a7beb5f0a7ef.story,content,elaborate,0,1,0.44595569372177124,0.44595569372177124,0.008965283632278442
./cnn/stories/97ed47519371db40473f71f77a52a7beb5f0a7ef.story,content,elaborate,0,2,0.4490516185760498,0.6549966335296631,0.030072510242462158
./cnn/stories/97ed47519371db40473f71f77a52a7beb5f0a7ef.story,content,elaborate,0,3,0.42933619022369385,0.6766751408576965,0.2353898286819458
./cnn/stories/97ed47519371db40473f71f77a52a7beb5f0a7ef.story,content,elaborate,1,1,0.4415886402130127,0.4415886402130127,0.07337826490402222
./cnn/stories/97ed47519371db40473f71f77a52a7beb5f0a7ef.story,content,elaborate,1,2,0.37254786491394043,0.5209998488426208,0.03233969956636429
./cnn/stories/97ed47519371db40473f71f77a52a7beb5f0a7ef.story,content,elaborate,1,3,0.42781174182891846,0.6152783036231995,
./cnn/stories/97ed47519371db40473f71f77a52a7beb5f0a7ef.story,content,elaborate,2,1,0.3701578974723816,0.3701578974723816,0.3945881724357605
./cnn/stories/97ed47519371db40473f71f77a52a7beb5f0a7ef.story,content,elaborate,2,2,0.4057508111000061,0.619465708732605,0.3607217073440552
./cnn/stories/97ed47519371db40473f71f77a52a7beb5f0a7ef.story,content,elaborate,2,3,0.3903704881668091,0.6835440397262573,0.07814404368400574
./cnn/stories/589d86e3c38ce73de86525181be2b9fc95bbddab.story,style,formality,0,1,0.5973930358886719,0.5973930358886719,0.2439379096031189
./cnn/stories/589d86e3c38ce73de86525181be2b9fc95bbddab.story,style,formality,0,2,0.5552683472633362,0.7705232501029968,0.27728986740112305
./cnn/stories/589d86e3c38ce73de86525181be2b9fc95bbddab.story,style,formality,0,3,0.5479130148887634,0.7121736407279968,0.1825750172138214
./cnn/stories/589d86e3c38ce73de86525181be2b9fc95bbddab.story,style,formality,1,1,0.6014232635498047,0.6014232635498047,0.3543289303779602
./cnn/stories/589d86e3c38ce73de86525181be2b9fc95bbddab.story,style,formality,1,2,0.6053263545036316,0.723039984703064,0.29048988223075867
./cnn/stories/589d86e3c38ce73de86525181be2b9fc95bbddab.story,style,formality,1,3,0.5067508220672607,0.7022249102592468,0.09047813713550568
./cnn/stories/589d86e3c38ce73de86525181be2b9fc95bbddab.story,style,formality,2,1,0.5762063264846802,0.5762063264846802,0.26187992095947266
./cnn/stories/589d86e3c38ce73de86525181be2b9fc95bbddab.story,style,formality,2,2,0.5624461770057678,0.6987485289573669,0.2953642010688782
./cnn/stories/589d86e3c38ce73de86525181be2b9fc95bbddab.story,style,formality,2,3,0.5325832962989807,0.7357930541038513,0.3163595199584961
./cnn/stories/589d86e3c38ce73de86525181be2b9fc95bbddab.story,style,paraphrase,0,1,0.4129354953765869,0.4129354953765869,0.28200942277908325
./cnn/stories/589d86e3c38ce73de86525181be2b9fc95bbddab.story,style,paraphrase,0,2,0.42542338371276855,0.7290605902671814,0.05209829658269882
./cnn/stories/589d86e3c38ce73de86525181be2b9fc95bbddab.story,style,paraphrase,0,3,0.37240707874298096,0.6998268961906433,0.28200942277908325
./cnn/stories/589d86e3c38ce73de86525181be2b9fc95bbddab.story,style,paraphrase,1,1,0.45678257942199707,0.45678257942199707,0.05209829658269882
./cnn/stories/589d86e3c38ce73de86525181be2b9fc95bbddab.story,style,paraphrase,1,2,0.35455429553985596,0.6006786823272705,0.029107362031936646
./cnn/stories/589d86e3c38ce73de86525181be2b9fc95bbddab.story,style,paraphrase,1,3,0.36617231369018555,0.7296279668807983,0.044291287660598755
./cnn/stories/589d86e3c38ce73de86525181be2b9fc95bbddab.story,style,paraphrase,2,1,0.5607063174247742,0.5607063174247742,0.04835966229438782
./cnn/stories/589d86e3c38ce73de86525181be2b9fc95bbddab.story,style,paraphrase,2,2,0.42815184593200684,0.5422957539558411,0.14304670691490173
./cnn/stories/589d86e3c38ce73de86525181be2b9fc95bbddab.story,style,paraphrase,2,3,0.43237316608428955,0.6979721784591675,0.11320697516202927
./cnn/stories/589d86e3c38ce73de86525181be2b9fc95bbddab.story,content,shorten,0,1,0.3987991213798523,0.3987991213798523,0.05209829658269882
./cnn/stories/589d86e3c38ce73de86525181be2b9fc95bbddab.story,content,shorten,0,2,0.3534437417984009,0.6288332343101501,-0.012342765927314758
./cnn/stories/589d86e3c38ce73de86525181be2b9fc95bbddab.story,content,shorten,0,3,0.31568455696105957,0.7698634266853333,-0.012342765927314758
./cnn/stories/589d86e3c38ce73de86525181be2b9fc95bbddab.story,content,shorten,1,1,0.31461066007614136,0.31461066007614136,0.015811577439308167
./cnn/stories/589d86e3c38ce73de86525181be2b9fc95bbddab.story,content,shorten,1,2,0.28693681955337524,0.7019876837730408,0.015811577439308167
./cnn/stories/589d86e3c38ce73de86525181be2b9fc95bbddab.story,content,shorten,1,3,0.3572555184364319,0.7904473543167114,0.27717354893684387
./cnn/stories/589d86e3c38ce73de86525181be2b9fc95bbddab.story,content,shorten,2,1,0.4172561764717102,0.4172561764717102,0.029107362031936646
./cnn/stories/589d86e3c38ce73de86525181be2b9fc95bbddab.story,content,shorten,2,2,0.3684591054916382,0.7084457874298096,0.044291287660598755
./cnn/stories/589d86e3c38ce73de86525181be2b9fc95bbddab.story,content,shorten,2,3,0.36558061838150024,0.7902511358261108,0.029107362031936646
./cnn/stories/589d86e3c38ce73de86525181be2b9fc95bbddab.story,content,elaborate,0,1,0.5156266093254089,0.5156266093254089,0.3074004054069519
./cnn/stories/589d86e3c38ce73de86525181be2b9fc95bbddab.story,content,elaborate,0,2,0.4961693286895752,0.6732714772224426,0.27717354893684387
./cnn/stories/589d86e3c38ce73de86525181be2b9fc95bbddab.story,content,elaborate,0,3,0.4461880922317505,0.7541934847831726,0.27717354893684387
./cnn/stories/589d86e3c38ce73de86525181be2b9fc95bbddab.story,content,elaborate,1,1,0.5681164860725403,0.5681164860725403,0.11054620146751404
./cnn/stories/589d86e3c38ce73de86525181be2b9fc95bbddab.story,content,elaborate,1,2,0.5694171786308289,0.6535313725471497,0.15914247930049896
./cnn/stories/589d86e3c38ce73de86525181be2b9fc95bbddab.story,content,elaborate,1,3,0.4604043960571289,0.6162077784538269,0.15914247930049896
./cnn/stories/589d86e3c38ce73de86525181be2b9fc95bbddab.story,content,elaborate,2,1,0.4874492883682251,0.4874492883682251,0.29219675064086914
./cnn/stories/589d86e3c38ce73de86525181be2b9fc95bbddab.story,content,elaborate,2,2,0.3994559645652771,0.5844011306762695,0.05209829658269882
./cnn/stories/589d86e3c38ce73de86525181be2b9fc95bbddab.story,content,elaborate,2,3,0.36677107214927673,0.784430742263794,0.1197153851389885
./cnn/stories/b311d3d123093547a9aefcd48485e07d2d494bec.story,style,formality,0,1,0.4636746644973755,0.4636746644973755,0.21363241970539093
./cnn/stories/b311d3d123093547a9aefcd48485e07d2d494bec.story,style,formality,0,2,0.42260581254959106,0.6813207864761353,0.21363241970539093
./cnn/stories/b311d3d123093547a9aefcd48485e07d2d494bec.story,style,formality,0,3,0.44265735149383545,0.6599140167236328,0.7365084290504456
./cnn/stories/b311d3d123093547a9aefcd48485e07d2d494bec.story,style,formality,1,1,0.4864557981491089,0.4864557981491089,0.21363241970539093
./cnn/stories/b311d3d123093547a9aefcd48485e07d2d494bec.story,style,formality,1,2,0.5003870725631714,0.6964816451072693,0.21363241970539093
./cnn/stories/b311d3d123093547a9aefcd48485e07d2d494bec.story,style,formality,1,3,0.4920862317085266,0.7241864800453186,0.7365084290504456
./cnn/stories/b311d3d123093547a9aefcd48485e07d2d494bec.story,style,formality,2,1,0.4662913680076599,0.4662913680076599,0.7365084290504456
./cnn/stories/b311d3d123093547a9aefcd48485e07d2d494bec.story,style,formality,2,2,0.44688695669174194,0.6891489624977112,0.21363241970539093
./cnn/stories/b311d3d123093547a9aefcd48485e07d2d494bec.story,style,formality,2,3,0.41649121046066284,0.7740940451622009,0.21363241970539093
./cnn/stories/b311d3d123093547a9aefcd48485e07d2d494bec.story,style,paraphrase,0,1,0.3506739139556885,0.3506739139556885,0.7365084290504456
./cnn/stories/b311d3d123093547a9aefcd48485e07d2d494bec.story,style,paraphrase,0,2,0.3414168357849121,0.6770631670951843,0.7365084290504456
./cnn/stories/b311d3d123093547a9aefcd48485e07d2d494bec.story,style,paraphrase,0,3,0.3135364055633545,0.6621049046516418,0.7365084290504456
./cnn/stories/b311d3d123093547a9aefcd48485e07d2d494bec.story,style,paraphrase,1,1,0.4721267819404602,0.4721267819404602,0.21363241970539093
./cnn/stories/b311d3d123093547a9aefcd48485e07d2d494bec.story,style,paraphrase,1,2,0.4299941062927246,0.6022648215293884,0.21363241970539093
./cnn/stories/b311d3d123093547a9aefcd48485e07d2d494bec.story,style,paraphrase,1,3,0.4330875277519226,0.4563617706298828,0.7365084290504456
./cnn/stories/b311d3d123093547a9aefcd48485e07d2d494bec.story,style,paraphrase,2,1,0.4355357885360718,0.4355357885360718,0.050741732120513916
./cnn/stories/b311d3d123093547a9aefcd48485e07d2d494bec.story,style,paraphrase,2,2,0.4492083191871643,0.6610947251319885,0.21363241970539093
./cnn/stories/b311d3d123093547a9aefcd48485e07d2d494bec.story,style,paraphrase,2,3,0.38286882638931274,0.6097545027732849,0.7365084290504456
./cnn/stories/b311d3d123093547a9aefcd48485e07d2d494bec.story,content,shorten,0,1,0.414534330368042,0.414534330368042,0.7365084290504456
./cnn/stories/b311d3d123093547a9aefcd48485e07d2d494bec.story,content,shorten,0,2,0.4250555634498596,0.7812787890434265,0.7365084290504456
./cnn/stories/b311d3d123093547a9aefcd48485e07d2d494bec.story,content,shorten,0,3,0.41165947914123535,0.7626795172691345,0.7365084290504456
./cnn/stories/b311d3d123093547a9aefcd48485e07d2d494bec.story,content,shorten,1,1,0.3799922466278076,0.3799922466278076,0.7365084290504456
./cnn/stories/b311d3d123093547a9aefcd48485e07d2d494bec.story,content,shorten,1,2,0.3744722604751587,0.7101441025733948,0.7365084290504456
./cnn/stories/b311d3d123093547a9aefcd48485e07d2d494bec.story,content,shorten,1,3,0.3724183738231659,0.6894497871398926,0.7365084290504456
./cnn/stories/b311d3d123093547a9aefcd48485e07d2d494bec.story,content,shorten,2,1,0.38916319608688354,0.38916319608688354,0.7365084290504456
./cnn/stories/b311d3d123093547a9aefcd48485e07d2d494bec.story,content,shorten,2,2,0.25096815824508667,0.6480202674865723,0.7365084290504456
./cnn/stories/b311d3d123093547a9aefcd48485e07d2d494bec.story,content,shorten,2,3,0.33838197588920593,0.7382614016532898,0.7365084290504456
./cnn/stories/b311d3d123093547a9aefcd48485e07d2d494bec.story,content,elaborate,0,1,0.43152302503585815,0.43152302503585815,0.21363241970539093
./cnn/stories/b311d3d123093547a9aefcd48485e07d2d494bec.story,content,elaborate,0,2,0.4406989812850952,0.6069340705871582,0.21363241970539093
./cnn/stories/b311d3d123093547a9aefcd48485e07d2d494bec.story,content,elaborate,0,3,0.37213146686553955,0.5241758823394775,0.21363241970539093
./cnn/stories/b311d3d123093547a9aefcd48485e07d2d494bec.story,content,elaborate,1,1,0.4180414080619812,0.4180414080619812,0.7365084290504456
./cnn/stories/b311d3d123093547a9aefcd48485e07d2d494bec.story,content,elaborate,1,2,0.3959934115409851,0.6282823085784912,0.7365084290504456
./cnn/stories/b311d3d123093547a9aefcd48485e07d2d494bec.story,content,elaborate,1,3,0.39361417293548584,0.6882755160331726,0.7365084290504456
./cnn/stories/b311d3d123093547a9aefcd48485e07d2d494bec.story,content,elaborate,2,1,0.4776395559310913,0.4776395559310913,0.7365084290504456
./cnn/stories/b311d3d123093547a9aefcd48485e07d2d494bec.story,content,elaborate,2,2,0.41932427883148193,0.646988570690155,0.7365084290504456
./cnn/stories/b311d3d123093547a9aefcd48485e07d2d494bec.story,content,elaborate,2,3,0.3279634416103363,0.5219060182571411,0.7365084290504456
./cnn/stories/f3f934ef7f19642d44da7678c06a859f103363b1.story,style,formality,0,1,0.45491379499435425,0.45491379499435425,0.7973936796188354
./cnn/stories/f3f934ef7f19642d44da7678c06a859f103363b1.story,style,formality,0,2,0.46156299114227295,0.7027241587638855,0.7973936796188354
./cnn/stories/f3f934ef7f19642d44da7678c06a859f103363b1.story,style,formality,0,3,0.44204890727996826,0.6980728507041931,0.7973936796188354
./cnn/stories/f3f934ef7f19642d44da7678c06a859f103363b1.story,style,formality,1,1,0.48602908849716187,0.48602908849716187,0.7973936796188354
./cnn/stories/f3f934ef7f19642d44da7678c06a859f103363b1.story,style,formality,1,2,0.45164042711257935,0.6566393971443176,0.7973936796188354
./cnn/stories/f3f934ef7f19642d44da7678c06a859f103363b1.story,style,formality,1,3,0.443136990070343,0.6960989236831665,0.7973936796188354
./cnn/stories/f3f934ef7f19642d44da7678c06a859f103363b1.story,style,formality,2,1,0.47714585065841675,0.47714585065841675,0.7973936796188354
./cnn/stories/f3f934ef7f19642d44da7678c06a859f103363b1.story,style,formality,2,2,0.41785746812820435,0.7256073951721191,0.7973936796188354
./cnn/stories/f3f934ef7f19642d44da7678c06a859f103363b1.story,style,formality,2,3,0.37772756814956665,0.7052120566368103,0.7973936796188354
./cnn/stories/f3f934ef7f19642d44da7678c06a859f103363b1.story,style,paraphrase,0,1,0.40028685331344604,0.40028685331344604,0.7973936796188354
./cnn/stories/f3f934ef7f19642d44da7678c06a859f103363b1.story,style,paraphrase,0,2,0.34274011850357056,0.6954649090766907,0.7973936796188354
./cnn/stories/f3f934ef7f19642d44da7678c06a859f103363b1.story,style,paraphrase,0,3,0.404954195022583,0.7292516231536865,0.7973936796188354
./cnn/stories/f3f934ef7f19642d44da7678c06a859f103363b1.story,style,paraphrase,1,1,0.42641836404800415,0.42641836404800415,0.7973936796188354
./cnn/stories/f3f934ef7f19642d44da7678c06a859f103363b1.story,style,paraphrase,1,2,0.4513816833496094,0.7047510743141174,0.7973936796188354
./cnn/stories/f3f934ef7f19642d44da7678c06a859f103363b1.story,style,paraphrase,1,3,0.45026785135269165,0.7750764489173889,0.7973936796188354
./cnn/stories/f3f934ef7f19642d44da7678c06a859f103363b1.story,style,paraphrase,2,1,0.45379912853240967,0.45379912853240967,0.36913979053497314
./cnn/stories/f3f934ef7f19642d44da7678c06a859f103363b1.story,style,paraphrase,2,2,0.4594497084617615,0.6522218585014343,0.7973936796188354
./cnn/stories/f3f934ef7f19642d44da7678c06a859f103363b1.story,style,paraphrase,2,3,0.3942139148712158,0.6655434966087341,0.7973936796188354
./cnn/stories/f3f934ef7f19642d44da7678c06a859f103363b1.story,content,shorten,0,1,0.42100614309310913,0.42100614309310913,0.7973936796188354
./cnn/stories/f3f934ef7f19642d44da7678c06a859f103363b1.story,content,shorten,0,2,0.34658345580101013,0.6921449303627014,0.7973936796188354
./cnn/stories/f3f934ef7f19642d44da7678c06a859f103363b1.story,content,shorten,0,3,0.2921578288078308,0.8670511841773987,0.7973936796188354
./cnn/stories/f3f934ef7f19642d44da7678c06a859f103363b1.story,content,shorten,1,1,0.4299497604370117,0.4299497604370117,0.7973936796188354
./cnn/stories/f3f934ef7f19642d44da7678c06a859f103363b1.story,content,shorten,1,2,0.41523391008377075,0.8020918369293213,0.7973936796188354
./cnn/stories/f3f934ef7f19642d44da7678c06a859f103363b1.story,content,shorten,1,3,0.2934293746948242,0.7948093414306641,0.7973936796188354
./cnn/stories/f3f934ef7f19642d44da7678c06a859f103363b1.story,content,shorten,2,1,0.46005427837371826,0.46005427837371826,0.7973936796188354
./cnn/stories/f3f934ef7f19642d44da7678c06a859f103363b1.story,content,shorten,2,2,0.44112473726272583,0.7720503211021423,0.7973936796188354
./cnn/stories/f3f934ef7f19642d44da7678c06a859f103363b1.story,content,shorten,2,3,0.45430421829223633,0.7179709672927856,0.7973936796188354
./cnn/stories/f3f934ef7f19642d44da7678c06a859f103363b1.story,content,elaborate,0,1,0.436900794506073,0.436900794506073,0.7973936796188354
./cnn/stories/f3f934ef7f19642d44da7678c06a859f103363b1.story,content,elaborate,0,2,0.3901199698448181,0.614188551902771,0.7973936796188354
./cnn/stories/f3f934ef7f19642d44da7678c06a859f103363b1.story,content,elaborate,0,3,0.38140177726745605,0.6264380812644958,0.7973936796188354
./cnn/stories/f3f934ef7f19642d44da7678c06a859f103363b1.story,content,elaborate,1,1,0.4493309259414673,0.4493309259414673,0.7973936796188354
./cnn/stories/f3f934ef7f19642d44da7678c06a859f103363b1.story,content,elaborate,1,2,0.41110408306121826,0.49773842096328735,0.7973936796188354
./cnn/stories/f3f934ef7f19642d44da7678c06a859f103363b1.story,content,elaborate,1,3,0.4009157419204712,0.6816037893295288,0.7973936796188354
./cnn/stories/f3f934ef7f19642d44da7678c06a859f103363b1.story,content,elaborate,2,1,0.41732174158096313,0.41732174158096313,0.7973936796188354
./cnn/stories/f3f934ef7f19642d44da7678c06a859f103363b1.story,content,elaborate,2,2,0.45209813117980957,0.6722093224525452,0.7973936796188354
./cnn/stories/f3f934ef7f19642d44da7678c06a859f103363b1.story,content,elaborate,2,3,0.4526398777961731,0.7266494035720825,0.7973936796188354
./cnn/stories/ade5e1bbb4c4f22a27be5cbee812488ae34673f0.story,style,formality,0,1,0.4453345537185669,0.4453345537185669,0.44035905599594116
./cnn/stories/ade5e1bbb4c4f22a27be5cbee812488ae34673f0.story,style,formality,0,2,0.437095582485199,0.7318275570869446,0.4154493808746338
./cnn/stories/ade5e1bbb4c4f22a27be5cbee812488ae34673f0.story,style,formality,0,3,0.4257407784461975,0.7753022909164429,0.3733599781990051
./cnn/stories/ade5e1bbb4c4f22a27be5cbee812488ae34673f0.story,style,formality,1,1,0.4038867950439453,0.4038867950439453,0.4634125828742981
./cnn/stories/ade5e1bbb4c4f22a27be5cbee812488ae34673f0.story,style,formality,1,2,0.3836052715778351,0.6557800769805908,0.4634125828742981
./cnn/stories/ade5e1bbb4c4f22a27be5cbee812488ae34673f0.story,style,formality,1,3,0.37759092450141907,0.7426159977912903,0.4261130690574646
./cnn/stories/ade5e1bbb4c4f22a27be5cbee812488ae34673f0.story,style,formality,2,1,0.42965465784072876,0.42965465784072876,0.17264331877231598
./cnn/stories/ade5e1bbb4c4f22a27be5cbee812488ae34673f0.story,style,formality,2,2,0.4081026315689087,0.6862531304359436,0.18560005724430084
./cnn/stories/ade5e1bbb4c4f22a27be5cbee812488ae34673f0.story,style,formality,2,3,0.3468896150588989,0.7067153453826904,0.1554754674434662
./cnn/stories/ade5e1bbb4c4f22a27be5cbee812488ae34673f0.story,style,paraphrase,0,1,0.4051629304885864,0.4051629304885864,0.25219815969467163
./cnn/stories/ade5e1bbb4c4f22a27be5cbee812488ae34673f0.story,style,paraphrase,0,2,0.3949456214904785,0.5836349725723267,0.27036020159721375
./cnn/stories/ade5e1bbb4c4f22a27be5cbee812488ae34673f0.story,style,paraphrase,0,3,0.37150320410728455,0.6597752571105957,0.15500855445861816
./cnn/stories/ade5e1bbb4c4f22a27be5cbee812488ae34673f0.story,style,paraphrase,1,1,0.35550546646118164,0.35550546646118164,0.25219815969467163
./cnn/stories/ade5e1bbb4c4f22a27be5cbee812488ae34673f0.story,style,paraphrase,1,2,0.3632882833480835,0.627903163433075,0.24296239018440247
./cnn/stories/ade5e1bbb4c4f22a27be5cbee812488ae34673f0.story,style,paraphrase,1,3,0.32596254348754883,0.6753576397895813,0.25219815969467163
./cnn/stories/ade5e1bbb4c4f22a27be5cbee812488ae34673f0.story,style,paraphrase,2,1,0.3673340678215027,0.3673340678215027,0.7356425523757935
./cnn/stories/ade5e1bbb4c4f22a27be5cbee812488ae34673f0.story,style,paraphrase,2,2,0.3608587980270386,0.667686402797699,0.21388596296310425
./cnn/stories/ade5e1bbb4c4f22a27be5cbee812488ae34673f0.story,style,paraphrase,2,3,0.3666478395462036,0.6430566310882568,0.22594569623470306
./cnn/stories/ade5e1bbb4c4f22a27be5cbee812488ae34673f0.story,content,shorten,0,1,0.35956788063049316,0.35956788063049316,0.38832396268844604
./cnn/stories/ade5e1bbb4c4f22a27be5cbee812488ae34673f0.story,content,shorten,0,2,0.41139185428619385,0.5848509669303894,0.4537091851234436
./cnn/stories/ade5e1bbb4c4f22a27be5cbee812488ae34673f0.story,content,shorten,0,3,0.3636239171028137,0.7145312428474426,0.8718340992927551
./cnn/stories/ade5e1bbb4c4f22a27be5cbee812488ae34673f0.story,content,shorten,1,1,0.3692746162414551,0.3692746162414551,0.14193673431873322
./cnn/stories/ade5e1bbb4c4f22a27be5cbee812488ae34673f0.story,content,shorten,1,2,0.3577241599559784,0.627055287361145,
./cnn/stories/ade5e1bbb4c4f22a27be5cbee812488ae34673f0.story,content,shorten,1,3,0.37312841415405273,0.7076464891433716,
./cnn/stories/ade5e1bbb4c4f22a27be5cbee812488ae34673f0.story,content,shorten,2,1,0.3598383069038391,0.3598383069038391,0.3461582064628601
./cnn/stories/ade5e1bbb4c4f22a27be5cbee812488ae34673f0.story,content,shorten,2,2,0.3574221730232239,0.6909694075584412,0.56577467918396
./cnn/stories/ade5e1bbb4c4f22a27be5cbee812488ae34673f0.story,content,shorten,2,3,0.35125815868377686,0.597568154335022,0.5805591344833374
./cnn/stories/ade5e1bbb4c4f22a27be5cbee812488ae34673f0.story,content,elaborate,0,1,0.4703517556190491,0.4703517556190491,0.25545498728752136
./cnn/stories/ade5e1bbb4c4f22a27be5cbee812488ae34673f0.story,content,elaborate,0,2,0.4324494004249573,0.6435320377349854,0.44035905599594116
./cnn/stories/ade5e1bbb4c4f22a27be5cbee812488ae34673f0.story,content,elaborate,0,3,0.43499302864074707,0.6865478157997131,0.6925579905509949
./cnn/stories/ade5e1bbb4c4f22a27be5cbee812488ae34673f0.story,content,elaborate,1,1,0.45498305559158325,0.45498305559158325,0.5994205474853516
./cnn/stories/ade5e1bbb4c4f22a27be5cbee812488ae34673f0.story,content,elaborate,1,2,0.43877899646759033,0.647881031036377,0.6807070374488831
./cnn/stories/ade5e1bbb4c4f22a27be5cbee812488ae34673f0.story,content,elaborate,1,3,0.4610089659690857,0.657878041267395,0.09049065411090851
./cnn/stories/ade5e1bbb4c4f22a27be5cbee812488ae34673f0.story,content,elaborate,2,1,0.4709343910217285,0.4709343910217285,0.46872037649154663
./cnn/stories/ade5e1bbb4c4f22a27be5cbee812488ae34673f0.story,content,elaborate,2,2,0.47746455669403076,0.701805055141449,0.4532702565193176
./cnn/stories/ade5e1bbb4c4f22a27be5cbee812488ae34673f0.story,content,elaborate,2,3,0.46448713541030884,0.6876662969589233,0.4532702565193176
./cnn/stories/15fa2ce55cc9e864666325840d8799e033b30745.story,style,formality,0,1,0.38272684812545776,0.38272684812545776,0.36803996562957764
./cnn/stories/15fa2ce55cc9e864666325840d8799e033b30745.story,style,formality,0,2,0.4128730893135071,0.7004846334457397,0.2911490797996521
./cnn/stories/15fa2ce55cc9e864666325840d8799e033b30745.story,style,formality,0,3,0.4206700921058655,0.6199950575828552,0.2911490797996521
./cnn/stories/15fa2ce55cc9e864666325840d8799e033b30745.story,style,formality,1,1,0.3803246319293976,0.3803246319293976,0.6877110600471497
./cnn/stories/15fa2ce55cc9e864666325840d8799e033b30745.story,style,formality,1,2,0.3569660186767578,0.6610437631607056,0.6624571681022644
./cnn/stories/15fa2ce55cc9e864666325840d8799e033b30745.story,style,formality,1,3,0.3680175542831421,0.6478613018989563,0.6877110600471497
./cnn/stories/15fa2ce55cc9e864666325840d8799e033b30745.story,style,formality,2,1,0.47593212127685547,0.47593212127685547,0.27434951066970825
./cnn/stories/15fa2ce55cc9e864666325840d8799e033b30745.story,style,formality,2,2,0.42447733879089355,0.6645916104316711,0.21927955746650696
./cnn/stories/15fa2ce55cc9e864666325840d8799e033b30745.story,style,formality,2,3,0.40816646814346313,0.6769426465034485,0.22779297828674316
./cnn/stories/15fa2ce55cc9e864666325840d8799e033b30745.story,style,paraphrase,0,1,0.3946934938430786,0.3946934938430786,
./cnn/stories/15fa2ce55cc9e864666325840d8799e033b30745.story,style,paraphrase,0,2,0.3944684863090515,0.5782750844955444,0.3500410318374634
./cnn/stories/15fa2ce55cc9e864666325840d8799e033b30745.story,style,paraphrase,0,3,0.4034697413444519,0.6222949624061584,0.305619478225708
./cnn/stories/15fa2ce55cc9e864666325840d8799e033b30745.story,style,paraphrase,1,1,0.4080868363380432,0.4080868363380432,0.23370929062366486
./cnn/stories/15fa2ce55cc9e864666325840d8799e033b30745.story,style,paraphrase,1,2,0.38762587308883667,0.4895402193069458,0.3623998165130615
./cnn/stories/15fa2ce55cc9e864666325840d8799e033b30745.story,style,paraphrase,1,3,0.3754010498523712,0.6910894513130188,0.364450067281723
./cnn/stories/15fa2ce55cc9e864666325840d8799e033b30745.story,style,paraphrase,2,1,0.38413387537002563,0.38413387537002563,0.30264103412628174
./cnn/stories/15fa2ce55cc9e864666325840d8799e033b30745.story,style,paraphrase,2,2,0.37367504835128784,0.615220308303833,0.25617364048957825
./cnn/stories/15fa2ce55cc9e864666325840d8799e033b30745.story,style,paraphrase,2,3,0.23628675937652588,0.5587605237960815,0.31164711713790894
./cnn/stories/15fa2ce55cc9e864666325840d8799e033b30745.story,content,shorten,0,1,0.43341219425201416,0.43341219425201416,0.3671848773956299
./cnn/stories/15fa2ce55cc9e864666325840d8799e033b30745.story,content,shorten,0,2,0.33933591842651367,0.6507759690284729,0.014102771878242493
./cnn/stories/15fa2ce55cc9e864666325840d8799e033b30745.story,content,shorten,0,3,0.38044244050979614,0.7648298144340515,0.36306750774383545
./cnn/stories/15fa2ce55cc9e864666325840d8799e033b30745.story,content,shorten,1,1,0.3927087187767029,0.3927087187767029,0.2945605218410492
./cnn/stories/15fa2ce55cc9e864666325840d8799e033b30745.story,content,shorten,1,2,0.3855610489845276,0.670311450958252,0.22419282793998718
./cnn/stories/15fa2ce55cc9e864666325840d8799e033b30745.story,content,shorten,1,3,0.2942097783088684,0.7107033133506775,0.4150511622428894
./cnn/stories/15fa2ce55cc9e864666325840d8799e033b30745.story,content,shorten,2,1,0.4057616591453552,0.4057616591453552,0.28354573249816895
./cnn/stories/15fa2ce55cc9e864666325840d8799e033b30745.story,content,shorten,2,2,0.41349470615386963,0.7285171151161194,0.22426074743270874
./cnn/stories/15fa2ce55cc9e864666325840d8799e033b30745.story,content,shorten,2,3,0.43548738956451416,0.6977623105049133,0.2857317328453064
./cnn/stories/15fa2ce55cc9e864666325840d8799e033b30745.story,content,elaborate,0,1,0.4327608346939087,0.4327608346939087,0.3361014127731323
./cnn/stories/15fa2ce55cc9e864666325840d8799e033b30745.story,content,elaborate,0,2,0.4044737219810486,0.5088680386543274,0.34390395879745483
./cnn/stories/15fa2ce55cc9e864666325840d8799e033b30745.story,content,elaborate,0,3,0.41210508346557617,0.6382196545600891,0.2645534873008728
./cnn/stories/15fa2ce55cc9e864666325840d8799e033b30745.story,content,elaborate,1,1,0.3813931345939636,0.3813931345939636,0.4318888187408447
./cnn/stories/15fa2ce55cc9e864666325840d8799e033b30745.story,content,elaborate,1,2,0.4260846972465515,0.5455119013786316,0.2936343252658844
./cnn/stories/15fa2ce55cc9e864666325840d8799e033b30745.story,content,elaborate,1,3,0.433668315410614,0.6253771781921387,0.4318819046020508
./cnn/stories/15fa2ce55cc9e864666325840d8799e033b30745.story,content,elaborate,2,1,0.3647143840789795,0.3647143840789795,0.20919382572174072
./cnn/stories/15fa2ce55cc9e864666325840d8799e033b30745.story,content,elaborate,2,2,0.3644787669181824,0.6091611385345459,0.29166388511657715
./cnn/stories/15fa2ce55cc9e864666325840d8799e033b30745.story,content,elaborate,2,3,0.36374998092651367,0.5203298330307007,0.34523677825927734
./cnn/stories/fd32589b6eec37be799b1e103b1cd01d7969ce0f.story,style,formality,0,1,0.47577136754989624,0.47577136754989624,0.9608880877494812
./cnn/stories/fd32589b6eec37be799b1e103b1cd01d7969ce0f.story,style,formality,0,2,0.38334423303604126,0.6557244658470154,0.9608880877494812
./cnn/stories/fd32589b6eec37be799b1e103b1cd01d7969ce0f.story,style,formality,0,3,0.3962034583091736,0.6166747808456421,0.9608880877494812
./cnn/stories/fd32589b6eec37be799b1e103b1cd01d7969ce0f.story,style,formality,1,1,0.4209330081939697,0.4209330081939697,0.9608880877494812
./cnn/stories/fd32589b6eec37be799b1e103b1cd01d7969ce0f.story,style,formality,1,2,0.40099793672561646,0.6155620217323303,0.9608880877494812
./cnn/stories/fd32589b6eec37be799b1e103b1cd01d7969ce0f.story,style,formality,1,3,0.3790799379348755,0.6306753158569336,0.9608880877494812
./cnn/stories/fd32589b6eec37be799b1e103b1cd01d7969ce0f.story,style,formality,2,1,0.49755096435546875,0.49755096435546875,0.9608880877494812
./cnn/stories/fd32589b6eec37be799b1e103b1cd01d7969ce0f.story,style,formality,2,2,0.4047083854675293,0.6822245717048645,0.9608880877494812
./cnn/stories/fd32589b6eec37be799b1e103b1cd01d7969ce0f.story,style,formality,2,3,0.4262460470199585,0.7269605994224548,0.9608880877494812
./cnn/stories/fd32589b6eec37be799b1e103b1cd01d7969ce0f.story,style,paraphrase,0,1,0.41851484775543213,0.41851484775543213,0.9608880877494812
./cnn/stories/fd32589b6eec37be799b1e103b1cd01d7969ce0f.story,style,paraphrase,0,2,0.4181438684463501,0.6713231205940247,0.9608880877494812
./cnn/stories/fd32589b6eec37be799b1e103b1cd01d7969ce0f.story,style,paraphrase,0,3,0.4177875518798828,0.711495041847229,0.9608880877494812
./cnn/stories/fd32589b6eec37be799b1e103b1cd01d7969ce0f.story,style,paraphrase,1,1,0.3943667411804199,0.3943667411804199,0.9608880877494812
./cnn/stories/fd32589b6eec37be799b1e103b1cd01d7969ce0f.story,style,paraphrase,1,2,0.36478638648986816,0.694057047367096,0.9608880877494812
./cnn/stories/fd32589b6eec37be799b1e103b1cd01d7969ce0f.story,style,paraphrase,1,3,0.4152187705039978,0.6990370750427246,0.9608880877494812
./cnn/stories/fd32589b6eec37be799b1e103b1cd01d7969ce0f.story,style,paraphrase,2,1,0.43137192726135254,0.43137192726135254,0.9608880877494812
./cnn/stories/fd32589b6eec37be799b1e103b1cd01d7969ce0f.story,style,paraphrase,2,2,0.37465786933898926,0.4985814094543457,0.9608880877494812
./cnn/stories/fd32589b6eec37be799b1e103b1cd01d7969ce0f.story,style,paraphrase,2,3,0.3762776851654053,0.5956625938415527,0.9608880877494812
./cnn/stories/fd32589b6eec37be799b1e103b1cd01d7969ce0f.story,content,shorten,0,1,0.4848199486732483,0.4848199486732483,0.9608880877494812
./cnn/stories/fd32589b6eec37be799b1e103b1cd01d7969ce0f.story,content,shorten,0,2,0.45089155435562134,0.7159853577613831,0.9608880877494812
./cnn/stories/fd32589b6eec37be799b1e103b1cd01d7969ce0f.story,content,shorten,0,3,0.4529871344566345,0.7570762634277344,0.9608880877494812
./cnn/stories/fd32589b6eec37be799b1e103b1cd01d7969ce0f.story,content,shorten,1,1,0.5097578763961792,0.5097578763961792,0.9608880877494812
./cnn/stories/fd32589b6eec37be799b1e103b1cd01d7969ce0f.story,content,shorten,1,2,0.3850751519203186,0.709601640701294,0.9608880877494812
./cnn/stories/fd32589b6eec37be799b1e103b1cd01d7969ce0f.story,content,shorten,1,3,0.48527854681015015,0.7628874182701111,0.9608880877494812
./cnn/stories/fd32589b6eec37be799b1e103b1cd01d7969ce0f.story,content,shorten,2,1,0.499938428401947,0.499938428401947,0.9608880877494812
./cnn/stories/fd32589b6eec37be799b1e103b1cd01d7969ce0f.story,content,shorten,2,2,0.4848896861076355,0.6994026899337769,0.9608880877494812
./cnn/stories/fd32589b6eec37be799b1e103b1cd01d7969ce0f.story,content,shorten,2,3,0.4787023663520813,0.7309779524803162,0.9608880877494812
./cnn/stories/fd32589b6eec37be799b1e103b1cd01d7969ce0f.story,content,elaborate,0,1,0.44796472787857056,0.44796472787857056,0.9608880877494812
./cnn/stories/fd32589b6eec37be799b1e103b1cd01d7969ce0f.story,content,elaborate,0,2,0.4250410795211792,0.5208845138549805,0.9608880877494812
./cnn/stories/fd32589b6eec37be799b1e103b1cd01d7969ce0f.story,content,elaborate,0,3,0.4400146007537842,0.643558919429779,0.9608880877494812
./cnn/stories/fd32589b6eec37be799b1e103b1cd01d7969ce0f.story,content,elaborate,1,1,0.37991249561309814,0.37991249561309814,0.9608880877494812
./cnn/stories/fd32589b6eec37be799b1e103b1cd01d7969ce0f.story,content,elaborate,1,2,0.37360090017318726,0.5597578883171082,0.13212959468364716
./cnn/stories/fd32589b6eec37be799b1e103b1cd01d7969ce0f.story,content,elaborate,1,3,0.3805229663848877,0.5214495658874512,0.1487317979335785
./cnn/stories/fd32589b6eec37be799b1e103b1cd01d7969ce0f.story,content,elaborate,2,1,0.34782180190086365,0.34782180190086365,0.9608880877494812
./cnn/stories/fd32589b6eec37be799b1e103b1cd01d7969ce0f.story,content,elaborate,2,2,0.40440046787261963,0.5368090271949768,0.9608880877494812
./cnn/stories/fd32589b6eec37be799b1e103b1cd01d7969ce0f.story,content,elaborate,2,3,0.4103211760520935,0.5750853419303894,0.9608880877494812
./cnn/stories/00ae31ff5ede1de6cd39eccf36bae935c882527b.story,style,formality,0,1,0.5451891422271729,0.5451891422271729,0.717058539390564
./cnn/stories/00ae31ff5ede1de6cd39eccf36bae935c882527b.story,style,formality,0,2,0.5009576082229614,0.7072753310203552,0.717058539390564
./cnn/stories/00ae31ff5ede1de6cd39eccf36bae935c882527b.story,style,formality,0,3,0.5014418959617615,0.737041175365448,0.717058539390564
./cnn/stories/00ae31ff5ede1de6cd39eccf36bae935c882527b.story,style,formality,1,1,0.5529574751853943,0.5529574751853943,0.7359560132026672
./cnn/stories/00ae31ff5ede1de6cd39eccf36bae935c882527b.story,style,formality,1,2,0.4436105489730835,0.47214585542678833,0.5678119659423828
./cnn/stories/00ae31ff5ede1de6cd39eccf36bae935c882527b.story,style,formality,1,3,0.4235883355140686,0.7443146705627441,0.4915943145751953
./cnn/stories/00ae31ff5ede1de6cd39eccf36bae935c882527b.story,style,formality,2,1,0.5956975221633911,0.5956975221633911,0.7359560132026672
./cnn/stories/00ae31ff5ede1de6cd39eccf36bae935c882527b.story,style,formality,2,2,0.5391361713409424,0.751157820224762,0.717058539390564
./cnn/stories/00ae31ff5ede1de6cd39eccf36bae935c882527b.story,style,formality,2,3,0.5013786554336548,0.7167540192604065,0.717058539390564
./cnn/stories/00ae31ff5ede1de6cd39eccf36bae935c882527b.story,style,paraphrase,0,1,0.5584348440170288,0.5584348440170288,0.717058539390564
./cnn/stories/00ae31ff5ede1de6cd39eccf36bae935c882527b.story,style,paraphrase,0,2,0.4841015338897705,0.632825493812561,0.4391744136810303
./cnn/stories/00ae31ff5ede1de6cd39eccf36bae935c882527b.story,style,paraphrase,0,3,0.4452981948852539,0.7341029644012451,0.7085680365562439
./cnn/stories/00ae31ff5ede1de6cd39eccf36bae935c882527b.story,style,paraphrase,1,1,0.5499985218048096,0.5499985218048096,0.6154536008834839
./cnn/stories/00ae31ff5ede1de6cd39eccf36bae935c882527b.story,style,paraphrase,1,2,0.4932175278663635,0.6681338548660278,0.7359560132026672
./cnn/stories/00ae31ff5ede1de6cd39eccf36bae935c882527b.story,style,paraphrase,1,3,0.48194289207458496,0.7279770970344543,0.6154536008834839
./cnn/stories/00ae31ff5ede1de6cd39eccf36bae935c882527b.story,style,paraphrase,2,1,0.6296042799949646,0.6296042799949646,0.6154536008834839
./cnn/stories/00ae31ff5ede1de6cd39eccf36bae935c882527b.story,style,paraphrase,2,2,0.4383205771446228,0.492059588432312,0.29403936862945557
./cnn/stories/00ae31ff5ede1de6cd39eccf36bae935c882527b.story,style,paraphrase,2,3,0.3400636911392212,0.5458130240440369,-0.0007389336824417114
./cnn/stories/00ae31ff5ede1de6cd39eccf36bae935c882527b.story,content,shorten,0,1,0.4810168147087097,0.4810168147087097,0.7359560132026672
./cnn/stories/00ae31ff5ede1de6cd39eccf36bae935c882527b.story,content,shorten,0,2,0.4993436932563782,0.5712885856628418,0.9804891347885132
./cnn/stories/00ae31ff5ede1de6cd39eccf36bae935c882527b.story,content,shorten,0,3,0.48576897382736206,0.8050472140312195,0.9804891347885132
./cnn/stories/00ae31ff5ede1de6cd39eccf36bae935c882527b.story,content,shorten,1,1,0.4281964898109436,0.4281964898109436,0.2567198872566223
./cnn/stories/00ae31ff5ede1de6cd39eccf36bae935c882527b.story,content,shorten,1,2,0.40439993143081665,0.715772271156311,0.3883264660835266
./cnn/stories/00ae31ff5ede1de6cd39eccf36bae935c882527b.story,content,shorten,1,3,0.3962758183479309,0.7331967949867249,0.2808893918991089
./cnn/stories/00ae31ff5ede1de6cd39eccf36bae935c882527b.story,content,shorten,2,1,0.47402888536453247,0.47402888536453247,0.7359560132026672
./cnn/stories/00ae31ff5ede1de6cd39eccf36bae935c882527b.story,content,shorten,2,2,0.44687139987945557,0.7239473462104797,0.7359560132026672
./cnn/stories/00ae31ff5ede1de6cd39eccf36bae935c882527b.story,content,shorten,2,3,0.4248543977737427,0.7544375061988831,0.7359560132026672
./cnn/stories/00ae31ff5ede1de6cd39eccf36bae935c882527b.story,content,elaborate,0,1,0.5277936458587646,0.5277936458587646,0.6154536008834839
./cnn/stories/00ae31ff5ede1de6cd39eccf36bae935c882527b.story,content,elaborate,0,2,0.46210241317749023,0.5700441002845764,0.5177622437477112
./cnn/stories/00ae31ff5ede1de6cd39eccf36bae935c882527b.story,content,elaborate,0,3,0.3855961561203003,0.524213969707489,0.4851834774017334
./cnn/stories/00ae31ff5ede1de6cd39eccf36bae935c882527b.story,content,elaborate,1,1,0.4535183310508728,0.4535183310508728,0.7359560132026672
./cnn/stories/00ae31ff5ede1de6cd39eccf36bae935c882527b.story,content,elaborate,1,2,0.3526065945625305,0.4744560122489929,0.4512324929237366
./cnn/stories/00ae31ff5ede1de6cd39eccf36bae935c882527b.story,content,elaborate,1,3,0.3833363354206085,0.6188105344772339,0.039865367114543915
./cnn/stories/00ae31ff5ede1de6cd39eccf36bae935c882527b.story,content,elaborate,2,1,0.40370869636535645,0.40370869636535645,0.28208738565444946
./cnn/stories/00ae31ff5ede1de6cd39eccf36bae935c882527b.story,content,elaborate,2,2,0.3890702724456787,0.3392355442047119,0.039865367114543915
./cnn/stories/00ae31ff5ede1de6cd39eccf36bae935c882527b.story,content,elaborate,2,3,0.37094759941101074,0.6976613998413086,0.039865367114543915
./cnn/stories/a175918a73063a9f515ea29e512917497335e817.story,style,formality,0,1,0.5371536612510681,0.5371536612510681,0.1539371907711029
./cnn/stories/a175918a73063a9f515ea29e512917497335e817.story,style,formality,0,2,0.49286019802093506,0.7383179664611816,0.21962332725524902
./cnn/stories/a175918a73063a9f515ea29e512917497335e817.story,style,formality,0,3,0.5095825791358948,0.7261754274368286,0.27686870098114014
./cnn/stories/a175918a73063a9f515ea29e512917497335e817.story,style,formality,1,1,0.46386098861694336,0.46386098861694336,0.22701287269592285
./cnn/stories/a175918a73063a9f515ea29e512917497335e817.story,style,formality,1,2,0.4516379237174988,0.690495491027832,0.2614646255970001
./cnn/stories/a175918a73063a9f515ea29e512917497335e817.story,style,formality,1,3,0.46029233932495117,0.7904974818229675,0.2614646255970001
./cnn/stories/a175918a73063a9f515ea29e512917497335e817.story,style,formality,2,1,0.4783564805984497,0.4783564805984497,0.22701287269592285
./cnn/stories/a175918a73063a9f515ea29e512917497335e817.story,style,formality,2,2,0.46232306957244873,0.6929032802581787,0.22701287269592285
./cnn/stories/a175918a73063a9f515ea29e512917497335e817.story,style,formality,2,3,0.46108686923980713,0.7863706946372986,0.20236924290657043
./cnn/stories/a175918a73063a9f515ea29e512917497335e817.story,style,paraphrase,0,1,0.3883577585220337,0.3883577585220337,0.25099390745162964
./cnn/stories/a175918a73063a9f515ea29e512917497335e817.story,style,paraphrase,0,2,0.39548546075820923,0.7606787085533142,0.18622246384620667
./cnn/stories/a175918a73063a9f515ea29e512917497335e817.story,style,paraphrase,0,3,0.38464242219924927,0.762370228767395,0.14500868320465088
./cnn/stories/a175918a73063a9f515ea29e512917497335e817.story,style,paraphrase,1,1,0.4485093951225281,0.4485093951225281,0.30608195066452026
./cnn/stories/a175918a73063a9f515ea29e512917497335e817.story,style,paraphrase,1,2,0.43472397327423096,0.7120070457458496,0.2522759735584259
./cnn/stories/a175918a73063a9f515ea29e512917497335e817.story,style,paraphrase,1,3,0.45264339447021484,0.766919732093811,0.216069757938385
./cnn/stories/a175918a73063a9f515ea29e512917497335e817.story,style,paraphrase,2,1,0.41109633445739746,0.41109633445739746,0.22997260093688965
./cnn/stories/a175918a73063a9f515ea29e512917497335e817.story,style,paraphrase,2,2,0.41205304861068726,0.6351209878921509,0.0905786082148552
./cnn/stories/a175918a73063a9f515ea29e512917497335e817.story,style,paraphrase,2,3,0.406516969203949,0.6867976784706116,0.16254974901676178
./cnn/stories/a175918a73063a9f515ea29e512917497335e817.story,content,shorten,0,1,0.3945571780204773,0.3945571780204773,0.2522759735584259
./cnn/stories/a175918a73063a9f515ea29e512917497335e817.story,content,shorten,0,2,0.3696804642677307,0.7247239947319031,0.1271664947271347
./cnn/stories/a175918a73063a9f515ea29e512917497335e817.story,content,shorten,0,3,0.30169743299484253,0.7914264798164368,0.34789520502090454
./cnn/stories/a175918a73063a9f515ea29e512917497335e817.story,content,shorten,1,1,0.3755689263343811,0.3755689263343811,0.295127272605896
./cnn/stories/a175918a73063a9f515ea29e512917497335e817.story,content,shorten,1,2,0.3660362958908081,0.7248597145080566,0.2140282839536667
./cnn/stories/a175918a73063a9f515ea29e512917497335e817.story,content,shorten,1,3,0.3292366862297058,0.7709476351737976,0.09466391801834106
./cnn/stories/a175918a73063a9f515ea29e512917497335e817.story,content,shorten,2,1,0.4152919054031372,0.4152919054031372,0.19650128483772278
./cnn/stories/a175918a73063a9f515ea29e512917497335e817.story,content,shorten,2,2,0.3359740972518921,0.7981913685798645,0.15432780981063843
./cnn/stories/a175918a73063a9f515ea29e512917497335e817.story,content,shorten,2,3,0.37980812788009644,0.8251644968986511,0.17351320385932922
./cnn/stories/a175918a73063a9f515ea29e512917497335e817.story,content,elaborate,0,1,0.46860140562057495,0.46860140562057495,0.9615628123283386
./cnn/stories/a175918a73063a9f515ea29e512917497335e817.story,content,elaborate,0,2,0.42504483461380005,0.6397217512130737,0.12600508332252502
./cnn/stories/a175918a73063a9f515ea29e512917497335e817.story,content,elaborate,0,3,0.4377858638763428,0.6591508984565735,0.6591612696647644
./cnn/stories/a175918a73063a9f515ea29e512917497335e817.story,content,elaborate,1,1,0.4531462788581848,0.4531462788581848,0.262162446975708
./cnn/stories/a175918a73063a9f515ea29e512917497335e817.story,content,elaborate,1,2,0.4252440333366394,0.6461428999900818,0.20670779049396515
./cnn/stories/a175918a73063a9f515ea29e512917497335e817.story,content,elaborate,1,3,0.43571341037750244,0.6473348140716553,0.19858896732330322
./cnn/stories/a175918a73063a9f515ea29e512917497335e817.story,content,elaborate,2,1,0.5269260406494141,0.5269260406494141,0.42021644115448
./cnn/stories/a175918a73063a9f515ea29e512917497335e817.story,content,elaborate,2,2,0.500777006149292,0.6863626837730408,0.3259449005126953
./cnn/stories/a175918a73063a9f515ea29e512917497335e817.story,content,elaborate,2,3,0.46663182973861694,0.7609274387359619,0.28389203548431396
./cnn/stories/f05838711d8ba0643a6cdc6fc9858a3e6381515c.story,style,formality,0,1,0.42741549015045166,0.42741549015045166,0.5624696612358093
./cnn/stories/f05838711d8ba0643a6cdc6fc9858a3e6381515c.story,style,formality,0,2,0.40328532457351685,0.6912265419960022,0.5234934091567993
./cnn/stories/f05838711d8ba0643a6cdc6fc9858a3e6381515c.story,style,formality,0,3,0.38288986682891846,0.7649833559989929,0.8229225873947144
./cnn/stories/f05838711d8ba0643a6cdc6fc9858a3e6381515c.story,style,formality,1,1,0.43835294246673584,0.43835294246673584,0.4300411343574524
./cnn/stories/f05838711d8ba0643a6cdc6fc9858a3e6381515c.story,style,formality,1,2,0.42980343103408813,0.7477815747261047,0.4300411343574524
./cnn/stories/f05838711d8ba0643a6cdc6fc9858a3e6381515c.story,style,formality,1,3,0.4085220694541931,0.7671164870262146,0.4300411343574524
./cnn/stories/f05838711d8ba0643a6cdc6fc9858a3e6381515c.story,style,formality,2,1,0.42204421758651733,0.42204421758651733,0.29160141944885254
./cnn/stories/f05838711d8ba0643a6cdc6fc9858a3e6381515c.story,style,formality,2,2,0.33766692876815796,0.6917257308959961,0.29160141944885254
./cnn/stories/f05838711d8ba0643a6cdc6fc9858a3e6381515c.story,style,formality,2,3,0.3861216902732849,0.7444987297058105,0.5676711201667786
./cnn/stories/f05838711d8ba0643a6cdc6fc9858a3e6381515c.story,style,paraphrase,0,1,0.3534722328186035,0.3534722328186035,0.5624696612358093
./cnn/stories/f05838711d8ba0643a6cdc6fc9858a3e6381515c.story,style,paraphrase,0,2,0.3279933035373688,0.6562030911445618,0.4300411343574524
./cnn/stories/f05838711d8ba0643a6cdc6fc9858a3e6381515c.story,style,paraphrase,0,3,0.34540873765945435,0.5972582101821899,0.33704233169555664
./cnn/stories/f05838711d8ba0643a6cdc6fc9858a3e6381515c.story,style,paraphrase,1,1,0.3327701687812805,0.3327701687812805,0.09516800940036774
./cnn/stories/f05838711d8ba0643a6cdc6fc9858a3e6381515c.story,style,paraphrase,1,2,0.2844577431678772,0.6900729537010193,0.04389983415603638
./cnn/stories/f05838711d8ba0643a6cdc6fc9858a3e6381515c.story,style,paraphrase,1,3,0.2673876881599426,0.5687382817268372,0.01143161952495575
./cnn/stories/f05838711d8ba0643a6cdc6fc9858a3e6381515c.story,style,paraphrase,2,1,0.3594186305999756,0.3594186305999756,0.5624696612358093
./cnn/stories/f05838711d8ba0643a6cdc6fc9858a3e6381515c.story,style,paraphrase,2,2,0.3338674306869507,0.708668053150177,0.5624696612358093
./cnn/stories/f05838711d8ba0643a6cdc6fc9858a3e6381515c.story,style,paraphrase,2,3,0.3153287172317505,0.6452648043632507,0.4417217969894409
./cnn/stories/f05838711d8ba0643a6cdc6fc9858a3e6381515c.story,content,shorten,0,1,0.3775675892829895,0.3775675892829895,0.015357732772827148
./cnn/stories/f05838711d8ba0643a6cdc6fc9858a3e6381515c.story,content,shorten,0,2,0.3788553476333618,0.7232561707496643,0.06294448673725128
./cnn/stories/f05838711d8ba0643a6cdc6fc9858a3e6381515c.story,content,shorten,0,3,0.3403986096382141,0.7613953351974487,0.07817898690700531
./cnn/stories/f05838711d8ba0643a6cdc6fc9858a3e6381515c.story,content,shorten,1,1,0.38519716262817383,0.38519716262817383,0.034791603684425354
./cnn/stories/f05838711d8ba0643a6cdc6fc9858a3e6381515c.story,content,shorten,1,2,0.3878343105316162,0.6702995896339417,0.045240528881549835
./cnn/stories/f05838711d8ba0643a6cdc6fc9858a3e6381515c.story,content,shorten,1,3,0.34265458583831787,0.6853619813919067,0.05724796652793884
./cnn/stories/f05838711d8ba0643a6cdc6fc9858a3e6381515c.story,content,shorten,2,1,0.3764805793762207,0.3764805793762207,0.5624696612358093
./cnn/stories/f05838711d8ba0643a6cdc6fc9858a3e6381515c.story,content,shorten,2,2,0.38960373401641846,0.737984836101532,0.5624696612358093
./cnn/stories/f05838711d8ba0643a6cdc6fc9858a3e6381515c.story,content,shorten,2,3,0.4236319661140442,0.7781861424446106,0.4300411343574524
./cnn/stories/f05838711d8ba0643a6cdc6fc9858a3e6381515c.story,content,elaborate,0,1,0.3817542791366577,0.3817542791366577,0.4300411343574524
./cnn/stories/f05838711d8ba0643a6cdc6fc9858a3e6381515c.story,content,elaborate,0,2,0.3793543577194214,0.6650286912918091,0.5624696612358093
./cnn/stories/f05838711d8ba0643a6cdc6fc9858a3e6381515c.story,content,elaborate,0,3,0.3822883367538452,0.6470521688461304,0.5624696612358093
./cnn/stories/f05838711d8ba0643a6cdc6fc9858a3e6381515c.story,content,elaborate,1,1,0.3452382981777191,0.3452382981777191,0.4300411343574524
./cnn/stories/f05838711d8ba0643a6cdc6fc9858a3e6381515c.story,content,elaborate,1,2,0.3557954430580139,0.6069453954696655,0.5624696612358093
./cnn/stories/f05838711d8ba0643a6cdc6fc9858a3e6381515c.story,content,elaborate,1,3,0.3544932007789612,0.6668215990066528,0.5624696612358093
./cnn/stories/f05838711d8ba0643a6cdc6fc9858a3e6381515c.story,content,elaborate,2,1,0.40681397914886475,0.40681397914886475,0.5624696612358093
./cnn/stories/f05838711d8ba0643a6cdc6fc9858a3e6381515c.story,content,elaborate,2,2,0.35330018401145935,0.7174093723297119,0.5624696612358093
./cnn/stories/f05838711d8ba0643a6cdc6fc9858a3e6381515c.story,content,elaborate,2,3,0.34262555837631226,0.67276531457901,0.5624696612358093
./cnn/stories/e33770be4a9171047560f037832fd8cccdd079ee.story,style,formality,0,1,0.5262885689735413,0.5262885689735413,0.4786874055862427
./cnn/stories/e33770be4a9171047560f037832fd8cccdd079ee.story,style,formality,0,2,0.47581857442855835,0.6650187373161316,0.3613671064376831
./cnn/stories/e33770be4a9171047560f037832fd8cccdd079ee.story,style,formality,0,3,0.46451860666275024,0.7247585654258728,0.3164176940917969
./cnn/stories/e33770be4a9171047560f037832fd8cccdd079ee.story,style,formality,1,1,0.531114935874939,0.531114935874939,0.33582746982574463
./cnn/stories/e33770be4a9171047560f037832fd8cccdd079ee.story,style,formality,1,2,0.4684637784957886,0.689998209476471,0.24823462963104248
./cnn/stories/e33770be4a9171047560f037832fd8cccdd079ee.story,style,formality,1,3,0.4629095196723938,0.6832463145256042,0.31075865030288696
./cnn/stories/e33770be4a9171047560f037832fd8cccdd079ee.story,style,formality,2,1,0.4431039094924927,0.4431039094924927,0.2865959405899048
./cnn/stories/e33770be4a9171047560f037832fd8cccdd079ee.story,style,formality,2,2,0.41037124395370483,0.6834924817085266,0.4418928027153015
./cnn/stories/e33770be4a9171047560f037832fd8cccdd079ee.story,style,formality,2,3,0.3957214951515198,0.7643198370933533,0.17119374871253967
./cnn/stories/e33770be4a9171047560f037832fd8cccdd079ee.story,style,paraphrase,0,1,0.4533805251121521,0.4533805251121521,0.42100560665130615
./cnn/stories/e33770be4a9171047560f037832fd8cccdd079ee.story,style,paraphrase,0,2,0.4179233908653259,0.7585689425468445,0.4548187851905823
./cnn/stories/e33770be4a9171047560f037832fd8cccdd079ee.story,style,paraphrase,0,3,0.4127517342567444,0.7154146432876587,0.3119349777698517
./cnn/stories/e33770be4a9171047560f037832fd8cccdd079ee.story,style,paraphrase,1,1,0.4599289298057556,0.4599289298057556,0.31990522146224976
./cnn/stories/e33770be4a9171047560f037832fd8cccdd079ee.story,style,paraphrase,1,2,0.3914331793785095,0.7775302529335022,0.2867221236228943
./cnn/stories/e33770be4a9171047560f037832fd8cccdd079ee.story,style,paraphrase,1,3,0.4134896993637085,0.822318971157074,0.31709128618240356
./cnn/stories/e33770be4a9171047560f037832fd8cccdd079ee.story,style,paraphrase,2,1,0.5255785584449768,0.5255785584449768,0.34533822536468506
./cnn/stories/e33770be4a9171047560f037832fd8cccdd079ee.story,style,paraphrase,2,2,0.5116926431655884,0.6854750514030457,0.3478342890739441
./cnn/stories/e33770be4a9171047560f037832fd8cccdd079ee.story,style,paraphrase,2,3,0.46823424100875854,0.6512244939804077,0.24138137698173523
./cnn/stories/e33770be4a9171047560f037832fd8cccdd079ee.story,content,shorten,0,1,0.38004976511001587,0.38004976511001587,0.37699341773986816
./cnn/stories/e33770be4a9171047560f037832fd8cccdd079ee.story,content,shorten,0,2,0.4460031986236572,0.7348951101303101,0.298689603805542
./cnn/stories/e33770be4a9171047560f037832fd8cccdd079ee.story,content,shorten,0,3,0.4248083829879761,0.8044511079788208,0.4372653365135193
./cnn/stories/e33770be4a9171047560f037832fd8cccdd079ee.story,content,shorten,1,1,0.3575713038444519,0.3575713038444519,0.2547939717769623
./cnn/stories/e33770be4a9171047560f037832fd8cccdd079ee.story,content,shorten,1,2,0.4123101234436035,0.7140425443649292,0.251291424036026
./cnn/stories/e33770be4a9171047560f037832fd8cccdd079ee.story,content,shorten,1,3,0.40516769886016846,0.7970680594444275,0.3397088646888733
./cnn/stories/e33770be4a9171047560f037832fd8cccdd079ee.story,content,shorten,2,1,0.3529851734638214,0.3529851734638214,0.45304304361343384
./cnn/stories/e33770be4a9171047560f037832fd8cccdd079ee.story,content,shorten,2,2,0.3962981104850769,0.6881971955299377,0.44830751419067383
./cnn/stories/e33770be4a9171047560f037832fd8cccdd079ee.story,content,shorten,2,3,0.40562766790390015,0.8183973431587219,0.39834535121917725
./cnn/stories/e33770be4a9171047560f037832fd8cccdd079ee.story,content,elaborate,0,1,0.4077640175819397,0.4077640175819397,0.3835563063621521
./cnn/stories/e33770be4a9171047560f037832fd8cccdd079ee.story,content,elaborate,0,2,0.3799316883087158,0.5399819612503052,0.3897472620010376
./cnn/stories/e33770be4a9171047560f037832fd8cccdd079ee.story,content,elaborate,0,3,0.37741532921791077,0.6331185102462769,0.3959994316101074
./cnn/stories/e33770be4a9171047560f037832fd8cccdd079ee.story,content,elaborate,1,1,0.3936857581138611,0.3936857581138611,0.4400070905685425
./cnn/stories/e33770be4a9171047560f037832fd8cccdd079ee.story,content,elaborate,1,2,0.359293669462204,0.6243895888328552,0.4345170855522156
./cnn/stories/e33770be4a9171047560f037832fd8cccdd079ee.story,content,elaborate,1,3,0.35139644145965576,0.6418989896774292,0.2049959897994995
./cnn/stories/e33770be4a9171047560f037832fd8cccdd079ee.story,content,elaborate,2,1,0.4383801221847534,0.4383801221847534,0.49630028009414673
./cnn/stories/e33770be4a9171047560f037832fd8cccdd079ee.story,content,elaborate,2,2,0.4075690507888794,0.6224749684333801,0.30188703536987305
./cnn/stories/e33770be4a9171047560f037832fd8cccdd079ee.story,content,elaborate,2,3,0.3772469162940979,0.7258954048156738,0.41029947996139526
./cnn/stories/eb36fc1a10215db3b049a6b1de5ca225cda64992.story,style,formality,0,1,0.5329864621162415,0.5329864621162415,0.8761402368545532
./cnn/stories/eb36fc1a10215db3b049a6b1de5ca225cda64992.story,style,formality,0,2,0.4983738660812378,0.7328384518623352,0.8761402368545532
./cnn/stories/eb36fc1a10215db3b049a6b1de5ca225cda64992.story,style,formality,0,3,0.47569602727890015,0.7550950050354004,0.8761402368545532
./cnn/stories/eb36fc1a10215db3b049a6b1de5ca225cda64992.story,style,formality,1,1,0.5066446661949158,0.5066446661949158,0.8761402368545532
./cnn/stories/eb36fc1a10215db3b049a6b1de5ca225cda64992.story,style,formality,1,2,0.4620727300643921,0.7212511301040649,0.8761402368545532
./cnn/stories/eb36fc1a10215db3b049a6b1de5ca225cda64992.story,style,formality,1,3,0.43655329942703247,0.7957780957221985,0.8761402368545532
./cnn/stories/eb36fc1a10215db3b049a6b1de5ca225cda64992.story,style,formality,2,1,0.49337440729141235,0.49337440729141235,0.8761402368545532
./cnn/stories/eb36fc1a10215db3b049a6b1de5ca225cda64992.story,style,formality,2,2,0.4711688756942749,0.7250750660896301,0.8761402368545532
./cnn/stories/eb36fc1a10215db3b049a6b1de5ca225cda64992.story,style,formality,2,3,0.3961371183395386,0.6686833500862122,0.5475720167160034
./cnn/stories/eb36fc1a10215db3b049a6b1de5ca225cda64992.story,style,paraphrase,0,1,0.4535863995552063,0.4535863995552063,0.6986928582191467
./cnn/stories/eb36fc1a10215db3b049a6b1de5ca225cda64992.story,style,paraphrase,0,2,0.42044317722320557,0.6864898800849915,0.8761402368545532
./cnn/stories/eb36fc1a10215db3b049a6b1de5ca225cda64992.story,style,paraphrase,0,3,0.41323351860046387,0.6581223607063293,0.8761402368545532
./cnn/stories/eb36fc1a10215db3b049a6b1de5ca225cda64992.story,style,paraphrase,1,1,0.40206634998321533,0.40206634998321533,0.8761402368545532
./cnn/stories/eb36fc1a10215db3b049a6b1de5ca225cda64992.story,style,paraphrase,1,2,0.3777049779891968,0.6520007848739624,0.8761402368545532
./cnn/stories/eb36fc1a10215db3b049a6b1de5ca225cda64992.story,style,paraphrase,1,3,0.41322237253189087,0.728306233882904,0.8761402368545532
./cnn/stories/eb36fc1a10215db3b049a6b1de5ca225cda64992.story,style,paraphrase,2,1,0.4472053647041321,0.4472053647041321,0.8761402368545532
./cnn/stories/eb36fc1a10215db3b049a6b1de5ca225cda64992.story,style,paraphrase,2,2,0.40105295181274414,0.6700952649116516,0.5475720167160034
./cnn/stories/eb36fc1a10215db3b049a6b1de5ca225cda64992.story,style,paraphrase,2,3,0.41781532764434814,0.6631197929382324,0.8761402368545532
./cnn/stories/eb36fc1a10215db3b049a6b1de5ca225cda64992.story,content,shorten,0,1,0.42058753967285156,0.42058753967285156,0.8761402368545532
./cnn/stories/eb36fc1a10215db3b049a6b1de5ca225cda64992.story,content,shorten,0,2,0.42800265550613403,0.7727604508399963,0.8761402368545532
./cnn/stories/eb36fc1a10215db3b049a6b1de5ca225cda64992.story,content,shorten,0,3,0.42470163106918335,0.8223450779914856,0.8761402368545532
./cnn/stories/eb36fc1a10215db3b049a6b1de5ca225cda64992.story,content,shorten,1,1,0.4117411971092224,0.4117411971092224,0.6986928582191467
./cnn/stories/eb36fc1a10215db3b049a6b1de5ca225cda64992.story,content,shorten,1,2,0.39888930320739746,0.746318519115448,0.8761402368545532
./cnn/stories/eb36fc1a10215db3b049a6b1de5ca225cda64992.story,content,shorten,1,3,0.4073861837387085,0.7744787335395813,0.8761402368545532
./cnn/stories/eb36fc1a10215db3b049a6b1de5ca225cda64992.story,content,shorten,2,1,0.37914347648620605,0.37914347648620605,0.6986928582191467
./cnn/stories/eb36fc1a10215db3b049a6b1de5ca225cda64992.story,content,shorten,2,2,0.37265151739120483,0.7141781449317932,0.8761402368545532
./cnn/stories/eb36fc1a10215db3b049a6b1de5ca225cda64992.story,content,shorten,2,3,0.3683645725250244,0.7217116951942444,0.8761402368545532
./cnn/stories/eb36fc1a10215db3b049a6b1de5ca225cda64992.story,content,elaborate,0,1,0.4590718746185303,0.4590718746185303,0.8761402368545532
./cnn/stories/eb36fc1a10215db3b049a6b1de5ca225cda64992.story,content,elaborate,0,2,0.45167988538742065,0.6959351897239685,0.8761402368545532
./cnn/stories/eb36fc1a10215db3b049a6b1de5ca225cda64992.story,content,elaborate,0,3,0.4611433148384094,0.7087040543556213,0.8761402368545532
./cnn/stories/eb36fc1a10215db3b049a6b1de5ca225cda64992.story,content,elaborate,1,1,0.45029395818710327,0.45029395818710327,0.8761402368545532
./cnn/stories/eb36fc1a10215db3b049a6b1de5ca225cda64992.story,content,elaborate,1,2,0.42125141620635986,0.6266940832138062,0.8761402368545532
./cnn/stories/eb36fc1a10215db3b049a6b1de5ca225cda64992.story,content,elaborate,1,3,0.42356956005096436,0.6611353158950806,0.8761402368545532
./cnn/stories/eb36fc1a10215db3b049a6b1de5ca225cda64992.story,content,elaborate,2,1,0.4410044550895691,0.4410044550895691,0.6986928582191467
./cnn/stories/eb36fc1a10215db3b049a6b1de5ca225cda64992.story,content,elaborate,2,2,0.4089395999908447,0.5627516508102417,0.8761402368545532
./cnn/stories/eb36fc1a10215db3b049a6b1de5ca225cda64992.story,content,elaborate,2,3,0.4564244747161865,0.6880958676338196,0.8761402368545532
./cnn/stories/dd0c91321b10ce166b82bc566994556b334c9f19.story,style,formality,0,1,0.44239574670791626,0.44239574670791626,0.20271402597427368
./cnn/stories/dd0c91321b10ce166b82bc566994556b334c9f19.story,style,formality,0,2,0.4325752854347229,0.7016125321388245,0.569810688495636
./cnn/stories/dd0c91321b10ce166b82bc566994556b334c9f19.story,style,formality,0,3,0.3848486542701721,0.7546591758728027,0.569810688495636
./cnn/stories/dd0c91321b10ce166b82bc566994556b334c9f19.story,style,formality,1,1,0.46715933084487915,0.46715933084487915,0.8622974157333374
./cnn/stories/dd0c91321b10ce166b82bc566994556b334c9f19.story,style,formality,1,2,0.43292099237442017,0.6941739320755005,0.8622974157333374
./cnn/stories/dd0c91321b10ce166b82bc566994556b334c9f19.story,style,formality,1,3,0.4260321259498596,0.7424852252006531,0.8622974157333374
./cnn/stories/dd0c91321b10ce166b82bc566994556b334c9f19.story,style,formality,2,1,0.4630228281021118,0.4630228281021118,0.8622974157333374
./cnn/stories/dd0c91321b10ce166b82bc566994556b334c9f19.story,style,formality,2,2,0.443429172039032,0.7009169459342957,0.8622974157333374
./cnn/stories/dd0c91321b10ce166b82bc566994556b334c9f19.story,style,formality,2,3,0.4230785369873047,0.7611750960350037,0.8622974157333374
./cnn/stories/dd0c91321b10ce166b82bc566994556b334c9f19.story,style,paraphrase,0,1,0.4286712408065796,0.4286712408065796,0.15221986174583435
./cnn/stories/dd0c91321b10ce166b82bc566994556b334c9f19.story,style,paraphrase,0,2,0.3457910418510437,0.6047746539115906,0.02333882451057434
./cnn/stories/dd0c91321b10ce166b82bc566994556b334c9f19.story,style,paraphrase,0,3,0.37887322902679443,0.6889684796333313,0.047565191984176636
./cnn/stories/dd0c91321b10ce166b82bc566994556b334c9f19.story,style,paraphrase,1,1,0.45960533618927,0.45960533618927,0.16664060950279236
./cnn/stories/dd0c91321b10ce166b82bc566994556b334c9f19.story,style,paraphrase,1,2,0.4056301712989807,0.6833083033561707,0.02333882451057434
./cnn/stories/dd0c91321b10ce166b82bc566994556b334c9f19.story,style,paraphrase,1,3,0.4228208065032959,0.7235447764396667,0.37004345655441284
./cnn/stories/dd0c91321b10ce166b82bc566994556b334c9f19.story,style,paraphrase,2,1,0.47281450033187866,0.47281450033187866,0.1810753345489502
./cnn/stories/dd0c91321b10ce166b82bc566994556b334c9f19.story,style,paraphrase,2,2,0.39283496141433716,0.6308248043060303,0.2297595739364624
./cnn/stories/dd0c91321b10ce166b82bc566994556b334c9f19.story,style,paraphrase,2,3,0.41063594818115234,0.5963724255561829,0.1812002956867218
./cnn/stories/dd0c91321b10ce166b82bc566994556b334c9f19.story,content,shorten,0,1,0.3660535216331482,0.3660535216331482,0.12686118483543396
./cnn/stories/dd0c91321b10ce166b82bc566994556b334c9f19.story,content,shorten,0,2,0.3554539680480957,0.7377534508705139,0.36225011944770813
./cnn/stories/dd0c91321b10ce166b82bc566994556b334c9f19.story,content,shorten,0,3,0.35820552706718445,0.7651442885398865,0.38819026947021484
./cnn/stories/dd0c91321b10ce166b82bc566994556b334c9f19.story,content,shorten,1,1,0.3764377236366272,0.3764377236366272,0.19093266129493713
./cnn/stories/dd0c91321b10ce166b82bc566994556b334c9f19.story,content,shorten,1,2,0.36092236638069153,0.685819685459137,0.08790763467550278
./cnn/stories/dd0c91321b10ce166b82bc566994556b334c9f19.story,content,shorten,1,3,0.3123859167098999,0.7420869469642639,0.08790763467550278
./cnn/stories/dd0c91321b10ce166b82bc566994556b334c9f19.story,content,shorten,2,1,0.3559839725494385,0.3559839725494385,0.1409057378768921
./cnn/stories/dd0c91321b10ce166b82bc566994556b334c9f19.story,content,shorten,2,2,0.37701040506362915,0.5928269028663635,0.14039930701255798
./cnn/stories/dd0c91321b10ce166b82bc566994556b334c9f19.story,content,shorten,2,3,0.38410109281539917,0.7382358312606812,0.1303030103445053
./cnn/stories/dd0c91321b10ce166b82bc566994556b334c9f19.story,content,elaborate,0,1,0.42309653759002686,0.42309653759002686,0.19142454862594604
./cnn/stories/dd0c91321b10ce166b82bc566994556b334c9f19.story,content,elaborate,0,2,0.3970465660095215,0.5386713147163391,0.8582962155342102
./cnn/stories/dd0c91321b10ce166b82bc566994556b334c9f19.story,content,elaborate,0,3,0.3954782485961914,0.6794078946113586,0.35531339049339294
./cnn/stories/dd0c91321b10ce166b82bc566994556b334c9f19.story,content,elaborate,1,1,0.4129292964935303,0.4129292964935303,0.02333882451057434
./cnn/stories/dd0c91321b10ce166b82bc566994556b334c9f19.story,content,elaborate,1,2,0.4129663109779358,0.6196116209030151,0.569810688495636
./cnn/stories/dd0c91321b10ce166b82bc566994556b334c9f19.story,content,elaborate,1,3,0.3890509009361267,0.5483823418617249,0.18732087314128876
./cnn/stories/dd0c91321b10ce166b82bc566994556b334c9f19.story,content,elaborate,2,1,0.4045301675796509,0.4045301675796509,0.014314651489257812
./cnn/stories/dd0c91321b10ce166b82bc566994556b334c9f19.story,content,elaborate,2,2,0.42868882417678833,0.6511133313179016,0.09276450425386429
./cnn/stories/dd0c91321b10ce166b82bc566994556b334c9f19.story,content,elaborate,2,3,0.42205095291137695,0.6687465906143188,0.20043036341667175
./cnn/stories/43ba8c49ed06c4732f3c67be1dcce1303c947eed.story,style,formality,0,1,0.35282647609710693,0.35282647609710693,0.001435801386833191
./cnn/stories/43ba8c49ed06c4732f3c67be1dcce1303c947eed.story,style,formality,0,2,0.3476029634475708,0.7401983141899109,0.03149540722370148
./cnn/stories/43ba8c49ed06c4732f3c67be1dcce1303c947eed.story,style,formality,0,3,0.3414366543292999,0.6767542958259583,0.04459056258201599
./cnn/stories/43ba8c49ed06c4732f3c67be1dcce1303c947eed.story,style,formality,1,1,0.329079270362854,0.329079270362854,0.04853900521993637
./cnn/stories/43ba8c49ed06c4732f3c67be1dcce1303c947eed.story,style,formality,1,2,0.3244451880455017,0.6732461452484131,0.08373914659023285
./cnn/stories/43ba8c49ed06c4732f3c67be1dcce1303c947eed.story,style,formality,1,3,0.31968778371810913,0.764663577079773,0.026107266545295715
./cnn/stories/43ba8c49ed06c4732f3c67be1dcce1303c947eed.story,style,formality,2,1,0.30322587490081787,0.30322587490081787,0.053655900061130524
./cnn/stories/43ba8c49ed06c4732f3c67be1dcce1303c947eed.story,style,formality,2,2,0.30146855115890503,0.6785468459129333,0.12237046658992767
./cnn/stories/43ba8c49ed06c4732f3c67be1dcce1303c947eed.story,style,formality,2,3,0.3041499853134155,0.7160413265228271,0.020559951663017273
./cnn/stories/43ba8c49ed06c4732f3c67be1dcce1303c947eed.story,style,paraphrase,0,1,0.3176533579826355,0.3176533579826355,0.12048378586769104
./cnn/stories/43ba8c49ed06c4732f3c67be1dcce1303c947eed.story,style,paraphrase,0,2,0.33160197734832764,0.613111138343811,0.049073174595832825
./cnn/stories/43ba8c49ed06c4732f3c67be1dcce1303c947eed.story,style,paraphrase,0,3,0.2877558767795563,0.583217203617096,0.01683850586414337
./cnn/stories/43ba8c49ed06c4732f3c67be1dcce1303c947eed.story,style,paraphrase,1,1,0.2829939126968384,0.2829939126968384,0.1410352736711502
./cnn/stories/43ba8c49ed06c4732f3c67be1dcce1303c947eed.story,style,paraphrase,1,2,0.3218797445297241,0.691529393196106,0.03096833825111389
./cnn/stories/43ba8c49ed06c4732f3c67be1dcce1303c947eed.story,style,paraphrase,1,3,0.3279606103897095,0.7527546286582947,0.03697429597377777
./cnn/stories/43ba8c49ed06c4732f3c67be1dcce1303c947eed.story,style,paraphrase,2,1,0.35743236541748047,0.35743236541748047,0.3209901452064514
./cnn/stories/43ba8c49ed06c4732f3c67be1dcce1303c947eed.story,style,paraphrase,2,2,0.3379690647125244,0.515107274055481,0.43859803676605225
./cnn/stories/43ba8c49ed06c4732f3c67be1dcce1303c947eed.story,style,paraphrase,2,3,0.3307074308395386,0.6310306787490845,0.5233245491981506
./cnn/stories/43ba8c49ed06c4732f3c67be1dcce1303c947eed.story,content,shorten,0,1,0.30283695459365845,0.30283695459365845,0.7677338719367981
./cnn/stories/43ba8c49ed06c4732f3c67be1dcce1303c947eed.story,content,shorten,0,2,0.2976006269454956,0.7348739504814148,0.7677338719367981
./cnn/stories/43ba8c49ed06c4732f3c67be1dcce1303c947eed.story,content,shorten,0,3,0.30895209312438965,0.8141632676124573,0.784611165523529
./cnn/stories/43ba8c49ed06c4732f3c67be1dcce1303c947eed.story,content,shorten,1,1,0.31338930130004883,0.31338930130004883,-0.013465091586112976
./cnn/stories/43ba8c49ed06c4732f3c67be1dcce1303c947eed.story,content,shorten,1,2,0.24637174606323242,0.7432165145874023,0.03341613709926605
./cnn/stories/43ba8c49ed06c4732f3c67be1dcce1303c947eed.story,content,shorten,1,3,0.28473132848739624,0.8203505277633667,-0.007869824767112732
./cnn/stories/43ba8c49ed06c4732f3c67be1dcce1303c947eed.story,content,shorten,2,1,0.33624643087387085,0.33624643087387085,-0.0027965307235717773
./cnn/stories/43ba8c49ed06c4732f3c67be1dcce1303c947eed.story,content,shorten,2,2,0.3291882276535034,0.6828369498252869,0.16480346024036407
./cnn/stories/43ba8c49ed06c4732f3c67be1dcce1303c947eed.story,content,shorten,2,3,0.286064088344574,0.7961556911468506,0.11717088520526886
./cnn/stories/43ba8c49ed06c4732f3c67be1dcce1303c947eed.story,content,elaborate,0,1,0.3157227039337158,0.3157227039337158,-7.092952728271484e-05
./cnn/stories/43ba8c49ed06c4732f3c67be1dcce1303c947eed.story,content,elaborate,0,2,0.30688244104385376,0.5797012448310852,0.03056550770998001
./cnn/stories/43ba8c49ed06c4732f3c67be1dcce1303c947eed.story,content,elaborate,0,3,0.3080834746360779,0.6715503334999084,0.1325998306274414
./cnn/stories/43ba8c49ed06c4732f3c67be1dcce1303c947eed.story,content,elaborate,1,1,0.27870428562164307,0.27870428562164307,0.03290383517742157
./cnn/stories/43ba8c49ed06c4732f3c67be1dcce1303c947eed.story,content,elaborate,1,2,0.3128456473350525,0.6278361678123474,0.05685495585203171
./cnn/stories/43ba8c49ed06c4732f3c67be1dcce1303c947eed.story,content,elaborate,1,3,0.31161972880363464,0.6416885256767273,0.03433459997177124
./cnn/stories/43ba8c49ed06c4732f3c67be1dcce1303c947eed.story,content,elaborate,2,1,0.3245012164115906,0.3245012164115906,0.04573526233434677
./cnn/stories/43ba8c49ed06c4732f3c67be1dcce1303c947eed.story,content,elaborate,2,2,0.313241183757782,0.6159043312072754,0.2132207453250885
./cnn/stories/43ba8c49ed06c4732f3c67be1dcce1303c947eed.story,content,elaborate,2,3,0.31556591391563416,0.6820203065872192,0.0032151490449905396
./cnn/stories/420019ac8213b5133922d89549961ead6a1a9ec9.story,style,formality,0,1,0.5840005874633789,0.5840005874633789,0.158593088388443
./cnn/stories/420019ac8213b5133922d89549961ead6a1a9ec9.story,style,formality,0,2,0.5155839920043945,0.7719782590866089,0.158593088388443
./cnn/stories/420019ac8213b5133922d89549961ead6a1a9ec9.story,style,formality,0,3,0.44407570362091064,0.6180216670036316,0.03727906942367554
./cnn/stories/420019ac8213b5133922d89549961ead6a1a9ec9.story,style,formality,1,1,0.5388707518577576,0.5388707518577576,0.158593088388443
./cnn/stories/420019ac8213b5133922d89549961ead6a1a9ec9.story,style,formality,1,2,0.4188784956932068,0.5131116509437561,0.158593088388443
./cnn/stories/420019ac8213b5133922d89549961ead6a1a9ec9.story,style,formality,1,3,0.4087789058685303,0.7278483510017395,0.158593088388443
./cnn/stories/420019ac8213b5133922d89549961ead6a1a9ec9.story,style,formality,2,1,0.5315337181091309,0.5315337181091309,0.158593088388443
./cnn/stories/420019ac8213b5133922d89549961ead6a1a9ec9.story,style,formality,2,2,0.5077813863754272,0.7643516063690186,0.158593088388443
./cnn/stories/420019ac8213b5133922d89549961ead6a1a9ec9.story,style,formality,2,3,0.5046002268791199,0.711507260799408,0.158593088388443
./cnn/stories/420019ac8213b5133922d89549961ead6a1a9ec9.story,style,paraphrase,0,1,0.4643862843513489,0.4643862843513489,0.158593088388443
./cnn/stories/420019ac8213b5133922d89549961ead6a1a9ec9.story,style,paraphrase,0,2,0.46933406591415405,0.7690357565879822,0.158593088388443
./cnn/stories/420019ac8213b5133922d89549961ead6a1a9ec9.story,style,paraphrase,0,3,0.4644801616668701,0.780478298664093,0.158593088388443
./cnn/stories/420019ac8213b5133922d89549961ead6a1a9ec9.story,style,paraphrase,1,1,0.47473007440567017,0.47473007440567017,0.158593088388443
./cnn/stories/420019ac8213b5133922d89549961ead6a1a9ec9.story,style,paraphrase,1,2,0.48243850469589233,0.7501301169395447,0.158593088388443
./cnn/stories/420019ac8213b5133922d89549961ead6a1a9ec9.story,style,paraphrase,1,3,0.4685853123664856,0.655534029006958,0.158593088388443
./cnn/stories/420019ac8213b5133922d89549961ead6a1a9ec9.story,style,paraphrase,2,1,0.43441689014434814,0.43441689014434814,0.158593088388443
./cnn/stories/420019ac8213b5133922d89549961ead6a1a9ec9.story,style,paraphrase,2,2,0.4016806483268738,0.6169883608818054,0.03727906942367554
./cnn/stories/420019ac8213b5133922d89549961ead6a1a9ec9.story,style,paraphrase,2,3,0.3868197202682495,0.670296311378479,0.03727906942367554
./cnn/stories/420019ac8213b5133922d89549961ead6a1a9ec9.story,content,shorten,0,1,0.29791271686553955,0.29791271686553955,0.158593088388443
./cnn/stories/420019ac8213b5133922d89549961ead6a1a9ec9.story,content,shorten,0,2,0.3679460883140564,0.7646597027778625,0.158593088388443
./cnn/stories/420019ac8213b5133922d89549961ead6a1a9ec9.story,content,shorten,0,3,0.36794233322143555,0.8878998756408691,0.158593088388443
./cnn/stories/420019ac8213b5133922d89549961ead6a1a9ec9.story,content,shorten,1,1,0.30336517095565796,0.30336517095565796,0.158593088388443
./cnn/stories/420019ac8213b5133922d89549961ead6a1a9ec9.story,content,shorten,1,2,0.3418157696723938,0.7097063660621643,0.03727906942367554
./cnn/stories/420019ac8213b5133922d89549961ead6a1a9ec9.story,content,shorten,1,3,0.32542598247528076,0.830861508846283,0.03727906942367554
./cnn/stories/420019ac8213b5133922d89549961ead6a1a9ec9.story,content,shorten,2,1,0.34160175919532776,0.34160175919532776,0.158593088388443
./cnn/stories/420019ac8213b5133922d89549961ead6a1a9ec9.story,content,shorten,2,2,0.41955095529556274,0.7263442277908325,0.03727906942367554
./cnn/stories/420019ac8213b5133922d89549961ead6a1a9ec9.story,content,shorten,2,3,0.43829506635665894,0.7935826778411865,0.03727906942367554
./cnn/stories/420019ac8213b5133922d89549961ead6a1a9ec9.story,content,elaborate,0,1,0.4651954174041748,0.4651954174041748,0.158593088388443
./cnn/stories/420019ac8213b5133922d89549961ead6a1a9ec9.story,content,elaborate,0,2,0.4197131395339966,0.6574427485466003,0.03727906942367554
./cnn/stories/420019ac8213b5133922d89549961ead6a1a9ec9.story,content,elaborate,0,3,0.4361863136291504,0.6926118731498718,0.03727906942367554
./cnn/stories/420019ac8213b5133922d89549961ead6a1a9ec9.story,content,elaborate,1,1,0.42203038930892944,0.42203038930892944,0.158593088388443
./cnn/stories/420019ac8213b5133922d89549961ead6a1a9ec9.story,content,elaborate,1,2,0.43605947494506836,0.59877610206604,0.158593088388443
./cnn/stories/420019ac8213b5133922d89549961ead6a1a9ec9.story,content,elaborate,1,3,0.44415032863616943,0.7588576674461365,0.158593088388443
./cnn/stories/420019ac8213b5133922d89549961ead6a1a9ec9.story,content,elaborate,2,1,0.39036864042282104,0.39036864042282104,0.03727906942367554
./cnn/stories/420019ac8213b5133922d89549961ead6a1a9ec9.story,content,elaborate,2,2,0.4173969626426697,0.7519659399986267,0.03727906942367554
./cnn/stories/420019ac8213b5133922d89549961ead6a1a9ec9.story,content,elaborate,2,3,0.4026932120323181,0.7761749625205994,0.03727906942367554
./cnn/stories/137c5c29cca8405f8893056d739814ec2afb66bf.story,style,formality,0,1,0.6022160649299622,0.6022160649299622,0.6286059021949768
./cnn/stories/137c5c29cca8405f8893056d739814ec2afb66bf.story,style,formality,0,2,0.4792623519897461,0.6349267363548279,0.7023342251777649
./cnn/stories/137c5c29cca8405f8893056d739814ec2afb66bf.story,style,formality,0,3,0.48388803005218506,0.694911777973175,0.6301651000976562
./cnn/stories/137c5c29cca8405f8893056d739814ec2afb66bf.story,style,formality,1,1,0.5421937108039856,0.5421937108039856,0.25641921162605286
./cnn/stories/137c5c29cca8405f8893056d739814ec2afb66bf.story,style,formality,1,2,0.5907174348831177,0.7115841507911682,0.775365948677063
./cnn/stories/137c5c29cca8405f8893056d739814ec2afb66bf.story,style,formality,1,3,0.5550582408905029,0.75570148229599,0.6493210792541504
./cnn/stories/137c5c29cca8405f8893056d739814ec2afb66bf.story,style,formality,2,1,0.5516614317893982,0.5516614317893982,0.29784196615219116
./cnn/stories/137c5c29cca8405f8893056d739814ec2afb66bf.story,style,formality,2,2,0.5347190499305725,0.789923369884491,0.40366125106811523
./cnn/stories/137c5c29cca8405f8893056d739814ec2afb66bf.story,style,formality,2,3,0.5052785277366638,0.7460177540779114,0.4035624861717224
./cnn/stories/137c5c29cca8405f8893056d739814ec2afb66bf.story,style,paraphrase,0,1,0.48174959421157837,0.48174959421157837,0.6988912224769592
./cnn/stories/137c5c29cca8405f8893056d739814ec2afb66bf.story,style,paraphrase,0,2,0.45661813020706177,0.769290030002594,0.5617830753326416
./cnn/stories/137c5c29cca8405f8893056d739814ec2afb66bf.story,style,paraphrase,0,3,0.41918301582336426,0.7969114184379578,0.5617830753326416
./cnn/stories/137c5c29cca8405f8893056d739814ec2afb66bf.story,style,paraphrase,1,1,0.5166804194450378,0.5166804194450378,0.6988912224769592
./cnn/stories/137c5c29cca8405f8893056d739814ec2afb66bf.story,style,paraphrase,1,2,0.5404758453369141,0.8044228553771973,0.5080748200416565
./cnn/stories/137c5c29cca8405f8893056d739814ec2afb66bf.story,style,paraphrase,1,3,0.5006840229034424,0.8060194849967957,0.5524349808692932
./cnn/stories/137c5c29cca8405f8893056d739814ec2afb66bf.story,style,paraphrase,2,1,0.5091428160667419,0.5091428160667419,0.37257814407348633
./cnn/stories/137c5c29cca8405f8893056d739814ec2afb66bf.story,style,paraphrase,2,2,0.4304545521736145,0.562335729598999,0.555692195892334
./cnn/stories/137c5c29cca8405f8893056d739814ec2afb66bf.story,style,paraphrase,2,3,0.4441359043121338,0.711141049861908,0.4222375154495239
./cnn/stories/137c5c29cca8405f8893056d739814ec2afb66bf.story,content,shorten,0,1,0.5848919153213501,0.5848919153213501,0.4222375154495239
./cnn/stories/137c5c29cca8405f8893056d739814ec2afb66bf.story,content,shorten,0,2,0.5345152616500854,0.7445635199546814,0.5118628740310669
./cnn/stories/137c5c29cca8405f8893056d739814ec2afb66bf.story,content,shorten,0,3,0.5296015739440918,0.8142037987709045,0.5444260835647583
./cnn/stories/137c5c29cca8405f8893056d739814ec2afb66bf.story,content,shorten,1,1,0.5673773884773254,0.5673773884773254,0.5508450269699097
./cnn/stories/137c5c29cca8405f8893056d739814ec2afb66bf.story,content,shorten,1,2,0.4864305853843689,0.6845933794975281,0.5508450269699097
./cnn/stories/137c5c29cca8405f8893056d739814ec2afb66bf.story,content,shorten,1,3,0.4778493046760559,0.7484135031700134,0.6563727259635925
./cnn/stories/137c5c29cca8405f8893056d739814ec2afb66bf.story,content,shorten,2,1,0.5637745261192322,0.5637745261192322,0.3822099566459656
./cnn/stories/137c5c29cca8405f8893056d739814ec2afb66bf.story,content,shorten,2,2,0.531686007976532,0.8269400596618652,0.39157676696777344
./cnn/stories/137c5c29cca8405f8893056d739814ec2afb66bf.story,content,shorten,2,3,0.47953665256500244,0.8321940302848816,0.39091020822525024
./cnn/stories/137c5c29cca8405f8893056d739814ec2afb66bf.story,content,elaborate,0,1,0.46513986587524414,0.46513986587524414,0.41463738679885864
./cnn/stories/137c5c29cca8405f8893056d739814ec2afb66bf.story,content,elaborate,0,2,0.4405530095100403,0.6764301657676697,0.4731525778770447
./cnn/stories/137c5c29cca8405f8893056d739814ec2afb66bf.story,content,elaborate,0,3,0.4076119661331177,0.6629106402397156,0.4259229302406311
./cnn/stories/137c5c29cca8405f8893056d739814ec2afb66bf.story,content,elaborate,1,1,0.5615023970603943,0.5615023970603943,0.4693549871444702
./cnn/stories/137c5c29cca8405f8893056d739814ec2afb66bf.story,content,elaborate,1,2,0.49253374338150024,0.5995082855224609,0.4739483594894409
./cnn/stories/137c5c29cca8405f8893056d739814ec2afb66bf.story,content,elaborate,1,3,0.44749581813812256,0.6587715744972229,0.3281634449958801
./cnn/stories/137c5c29cca8405f8893056d739814ec2afb66bf.story,content,elaborate,2,1,0.5456968545913696,0.5456968545913696,0.48663175106048584
./cnn/stories/137c5c29cca8405f8893056d739814ec2afb66bf.story,content,elaborate,2,2,0.5147913694381714,0.716503381729126,0.49524110555648804
./cnn/stories/137c5c29cca8405f8893056d739814ec2afb66bf.story,content,elaborate,2,3,0.4448617696762085,0.6180081963539124,0.3749770224094391
./cnn/stories/ed723854f13a94904622009218cb2baa11efd6a7.story,style,formality,0,1,0.6139140129089355,0.6139140129089355,
./cnn/stories/ed723854f13a94904622009218cb2baa11efd6a7.story,style,formality,0,2,0.5388387441635132,0.6404060125350952,
./cnn/stories/ed723854f13a94904622009218cb2baa11efd6a7.story,style,formality,0,3,0.5078963041305542,0.6700044870376587,
./cnn/stories/ed723854f13a94904622009218cb2baa11efd6a7.story,style,formality,1,1,0.5324000120162964,0.5324000120162964,0.1980951428413391
./cnn/stories/ed723854f13a94904622009218cb2baa11efd6a7.story,style,formality,1,2,0.5087581872940063,0.7692288160324097,0.1980951428413391
./cnn/stories/ed723854f13a94904622009218cb2baa11efd6a7.story,style,formality,1,3,0.4964436888694763,0.7861726880073547,0.1980951428413391
./cnn/stories/ed723854f13a94904622009218cb2baa11efd6a7.story,style,formality,2,1,0.4975351095199585,0.4975351095199585,0.1980951428413391
./cnn/stories/ed723854f13a94904622009218cb2baa11efd6a7.story,style,formality,2,2,0.49308478832244873,0.7349632382392883,0.1980951428413391
./cnn/stories/ed723854f13a94904622009218cb2baa11efd6a7.story,style,formality,2,3,0.4410528540611267,0.7441486120223999,0.1980951428413391
./cnn/stories/ed723854f13a94904622009218cb2baa11efd6a7.story,style,paraphrase,0,1,0.49663639068603516,0.49663639068603516,0.7196006178855896
./cnn/stories/ed723854f13a94904622009218cb2baa11efd6a7.story,style,paraphrase,0,2,0.4636944532394409,0.7053056955337524,0.0744771882891655
./cnn/stories/ed723854f13a94904622009218cb2baa11efd6a7.story,style,paraphrase,0,3,0.46937990188598633,0.7476746439933777,0.1980951428413391
./cnn/stories/ed723854f13a94904622009218cb2baa11efd6a7.story,style,paraphrase,1,1,0.5259992480278015,0.5259992480278015,0.1980951428413391
./cnn/stories/ed723854f13a94904622009218cb2baa11efd6a7.story,style,paraphrase,1,2,0.4763571619987488,0.7491384148597717,0.1980951428413391
./cnn/stories/ed723854f13a94904622009218cb2baa11efd6a7.story,style,paraphrase,1,3,0.43554818630218506,0.7766457200050354,0.1980951428413391
./cnn/stories/ed723854f13a94904622009218cb2baa11efd6a7.story,style,paraphrase,2,1,0.525072455406189,0.525072455406189,0.1980951428413391
./cnn/stories/ed723854f13a94904622009218cb2baa11efd6a7.story,style,paraphrase,2,2,0.47798097133636475,0.715180516242981,0.12662233412265778
./cnn/stories/ed723854f13a94904622009218cb2baa11efd6a7.story,style,paraphrase,2,3,0.4446919560432434,0.7199248671531677,0.1980951428413391
./cnn/stories/ed723854f13a94904622009218cb2baa11efd6a7.story,content,shorten,0,1,0.474029541015625,0.474029541015625,
./cnn/stories/ed723854f13a94904622009218cb2baa11efd6a7.story,content,shorten,0,2,0.4791228771209717,0.7704702019691467,
./cnn/stories/ed723854f13a94904622009218cb2baa11efd6a7.story,content,shorten,0,3,0.45916980504989624,0.7777600884437561,0.012531623244285583
./cnn/stories/ed723854f13a94904622009218cb2baa11efd6a7.story,content,shorten,1,1,0.38344013690948486,0.38344013690948486,0.05996118485927582
./cnn/stories/ed723854f13a94904622009218cb2baa11efd6a7.story,content,shorten,1,2,0.4117358922958374,0.6976383924484253,
./cnn/stories/ed723854f13a94904622009218cb2baa11efd6a7.story,content,shorten,1,3,0.37874725461006165,0.7153655290603638,
./cnn/stories/ed723854f13a94904622009218cb2baa11efd6a7.story,content,shorten,2,1,0.46036696434020996,0.46036696434020996,0.01364259421825409
./cnn/stories/ed723854f13a94904622009218cb2baa11efd6a7.story,content,shorten,2,2,0.4656120538711548,0.7510259747505188,0.0034568309783935547
./cnn/stories/ed723854f13a94904622009218cb2baa11efd6a7.story,content,shorten,2,3,0.39327824115753174,0.7770246863365173,0.05996118485927582
./cnn/stories/ed723854f13a94904622009218cb2baa11efd6a7.story,content,elaborate,0,1,0.5072836875915527,0.5072836875915527,0.1980951428413391
./cnn/stories/ed723854f13a94904622009218cb2baa11efd6a7.story,content,elaborate,0,2,0.5395458936691284,0.6143295764923096,0.12373635172843933
./cnn/stories/ed723854f13a94904622009218cb2baa11efd6a7.story,content,elaborate,0,3,0.5127729773521423,0.7084198594093323,0.13218823075294495
./cnn/stories/ed723854f13a94904622009218cb2baa11efd6a7.story,content,elaborate,1,1,0.5224501490592957,0.5224501490592957,0.7196006178855896
./cnn/stories/ed723854f13a94904622009218cb2baa11efd6a7.story,content,elaborate,1,2,0.43889951705932617,0.6308332085609436,
./cnn/stories/ed723854f13a94904622009218cb2baa11efd6a7.story,content,elaborate,1,3,0.3724478483200073,0.6363161206245422,
./cnn/stories/ed723854f13a94904622009218cb2baa11efd6a7.story,content,elaborate,2,1,0.5401826500892639,0.5401826500892639,0.025677144527435303
./cnn/stories/ed723854f13a94904622009218cb2baa11efd6a7.story,content,elaborate,2,2,0.4815802574157715,0.5743497610092163,0.3305845856666565
./cnn/stories/ed723854f13a94904622009218cb2baa11efd6a7.story,content,elaborate,2,3,0.45057106018066406,0.7391261458396912,0.01635703444480896
./cnn/stories/25e6c5901ffbaed729fb8a40f1511d9770b38691.story,style,formality,0,1,0.4220741391181946,0.4220741391181946,0.550146222114563
./cnn/stories/25e6c5901ffbaed729fb8a40f1511d9770b38691.story,style,formality,0,2,0.4084587097167969,0.7338165640830994,0.550146222114563
./cnn/stories/25e6c5901ffbaed729fb8a40f1511d9770b38691.story,style,formality,0,3,0.3849788308143616,0.7501080632209778,0.550146222114563
./cnn/stories/25e6c5901ffbaed729fb8a40f1511d9770b38691.story,style,formality,1,1,0.4562253952026367,0.4562253952026367,0.550146222114563
./cnn/stories/25e6c5901ffbaed729fb8a40f1511d9770b38691.story,style,formality,1,2,0.46067357063293457,0.737311601638794,0.550146222114563
./cnn/stories/25e6c5901ffbaed729fb8a40f1511d9770b38691.story,style,formality,1,3,0.435122549533844,0.7450799345970154,0.550146222114563
./cnn/stories/25e6c5901ffbaed729fb8a40f1511d9770b38691.story,style,formality,2,1,0.44556647539138794,0.44556647539138794,0.550146222114563
./cnn/stories/25e6c5901ffbaed729fb8a40f1511d9770b38691.story,style,formality,2,2,0.4257325530052185,0.7361010909080505,0.550146222114563
./cnn/stories/25e6c5901ffbaed729fb8a40f1511d9770b38691.story,style,formality,2,3,0.40703511238098145,0.7964314818382263,0.550146222114563
./cnn/stories/25e6c5901ffbaed729fb8a40f1511d9770b38691.story,style,paraphrase,0,1,0.47338879108428955,0.47338879108428955,0.550146222114563
./cnn/stories/25e6c5901ffbaed729fb8a40f1511d9770b38691.story,style,paraphrase,0,2,0.4530859589576721,0.7697761654853821,0.550146222114563
./cnn/stories/25e6c5901ffbaed729fb8a40f1511d9770b38691.story,style,paraphrase,0,3,0.4358358383178711,0.7608931660652161,0.550146222114563
./cnn/stories/25e6c5901ffbaed729fb8a40f1511d9770b38691.story,style,paraphrase,1,1,0.4377134442329407,0.4377134442329407,0.550146222114563
./cnn/stories/25e6c5901ffbaed729fb8a40f1511d9770b38691.story,style,paraphrase,1,2,0.406119704246521,0.8058866858482361,0.550146222114563
./cnn/stories/25e6c5901ffbaed729fb8a40f1511d9770b38691.story,style,paraphrase,1,3,0.4799377918243408,0.7920600771903992,0.550146222114563
./cnn/stories/25e6c5901ffbaed729fb8a40f1511d9770b38691.story,style,paraphrase,2,1,0.39820635318756104,0.39820635318756104,0.550146222114563
./cnn/stories/25e6c5901ffbaed729fb8a40f1511d9770b38691.story,style,paraphrase,2,2,0.3714257478713989,0.6593924760818481,0.550146222114563
./cnn/stories/25e6c5901ffbaed729fb8a40f1511d9770b38691.story,style,paraphrase,2,3,0.37537938356399536,0.6909318566322327,0.550146222114563
./cnn/stories/25e6c5901ffbaed729fb8a40f1511d9770b38691.story,content,shorten,0,1,0.4402225613594055,0.4402225613594055,0.21560829877853394
./cnn/stories/25e6c5901ffbaed729fb8a40f1511d9770b38691.story,content,shorten,0,2,0.4192153811454773,0.7778434157371521,0.550146222114563
./cnn/stories/25e6c5901ffbaed729fb8a40f1511d9770b38691.story,content,shorten,0,3,0.4273252487182617,0.8452016711235046,0.550146222114563
./cnn/stories/25e6c5901ffbaed729fb8a40f1511d9770b38691.story,content,shorten,1,1,0.42899107933044434,0.42899107933044434,0.550146222114563
./cnn/stories/25e6c5901ffbaed729fb8a40f1511d9770b38691.story,content,shorten,1,2,0.4370313882827759,0.7575251460075378,0.550146222114563
./cnn/stories/25e6c5901ffbaed729fb8a40f1511d9770b38691.story,content,shorten,1,3,0.4310755729675293,0.749700129032135,0.550146222114563
./cnn/stories/25e6c5901ffbaed729fb8a40f1511d9770b38691.story,content,shorten,2,1,0.39942049980163574,0.39942049980163574,0.550146222114563
./cnn/stories/25e6c5901ffbaed729fb8a40f1511d9770b38691.story,content,shorten,2,2,0.39950132369995117,0.7512025237083435,0.550146222114563
./cnn/stories/25e6c5901ffbaed729fb8a40f1511d9770b38691.story,content,shorten,2,3,0.3619968891143799,0.6771816611289978,0.550146222114563
./cnn/stories/25e6c5901ffbaed729fb8a40f1511d9770b38691.story,content,elaborate,0,1,0.3838050365447998,0.3838050365447998,0.21560829877853394
./cnn/stories/25e6c5901ffbaed729fb8a40f1511d9770b38691.story,content,elaborate,0,2,0.36707183718681335,0.6483859419822693,0.21560829877853394
./cnn/stories/25e6c5901ffbaed729fb8a40f1511d9770b38691.story,content,elaborate,0,3,0.3823332190513611,0.6555730700492859,0.21560829877853394
./cnn/stories/25e6c5901ffbaed729fb8a40f1511d9770b38691.story,content,elaborate,1,1,0.4025876522064209,0.4025876522064209,0.21560829877853394
./cnn/stories/25e6c5901ffbaed729fb8a40f1511d9770b38691.story,content,elaborate,1,2,0.37678295373916626,0.7597682476043701,0.27772194147109985
./cnn/stories/25e6c5901ffbaed729fb8a40f1511d9770b38691.story,content,elaborate,1,3,0.38609224557876587,0.6852425932884216,0.27772194147109985
./cnn/stories/25e6c5901ffbaed729fb8a40f1511d9770b38691.story,content,elaborate,2,1,0.39196401834487915,0.39196401834487915,0.3863874673843384
./cnn/stories/25e6c5901ffbaed729fb8a40f1511d9770b38691.story,content,elaborate,2,2,0.4048200845718384,0.6407814621925354,0.27772194147109985
./cnn/stories/25e6c5901ffbaed729fb8a40f1511d9770b38691.story,content,elaborate,2,3,0.38215821981430054,0.7327800989151001,0.27772194147109985
./cnn/stories/03183babd26c3c85d26e125708c90d6df8c77390.story,style,formality,0,1,0.49371153116226196,0.49371153116226196,0.37989601492881775
./cnn/stories/03183babd26c3c85d26e125708c90d6df8c77390.story,style,formality,0,2,0.4389905333518982,0.6978339552879333,0.3437536358833313
./cnn/stories/03183babd26c3c85d26e125708c90d6df8c77390.story,style,formality,0,3,0.391789972782135,0.6648539900779724,0.3437536358833313
./cnn/stories/03183babd26c3c85d26e125708c90d6df8c77390.story,style,formality,1,1,0.39126116037368774,0.39126116037368774,0.025090813636779785
./cnn/stories/03183babd26c3c85d26e125708c90d6df8c77390.story,style,formality,1,2,0.3772932291030884,0.7353315949440002,0.031113170087337494
./cnn/stories/03183babd26c3c85d26e125708c90d6df8c77390.story,style,formality,1,3,0.3748539686203003,0.7443237900733948,0.025090813636779785
./cnn/stories/03183babd26c3c85d26e125708c90d6df8c77390.story,style,formality,2,1,0.40143781900405884,0.40143781900405884,0.37989601492881775
./cnn/stories/03183babd26c3c85d26e125708c90d6df8c77390.story,style,formality,2,2,0.3864741921424866,0.751298725605011,0.44091373682022095
./cnn/stories/03183babd26c3c85d26e125708c90d6df8c77390.story,style,formality,2,3,0.362678587436676,0.735542356967926,0.31307607889175415
./cnn/stories/03183babd26c3c85d26e125708c90d6df8c77390.story,style,paraphrase,0,1,0.4190877079963684,0.4190877079963684,0.7274913191795349
./cnn/stories/03183babd26c3c85d26e125708c90d6df8c77390.story,style,paraphrase,0,2,0.41987472772598267,0.6386829018592834,0.7274913191795349
./cnn/stories/03183babd26c3c85d26e125708c90d6df8c77390.story,style,paraphrase,0,3,0.43720459938049316,0.7015957236289978,0.7274913191795349
./cnn/stories/03183babd26c3c85d26e125708c90d6df8c77390.story,style,paraphrase,1,1,0.49319541454315186,0.49319541454315186,0.7274913191795349
./cnn/stories/03183babd26c3c85d26e125708c90d6df8c77390.story,style,paraphrase,1,2,0.45519739389419556,0.6765340566635132,0.29869377613067627
./cnn/stories/03183babd26c3c85d26e125708c90d6df8c77390.story,style,paraphrase,1,3,0.4213629961013794,0.706375002861023,0.29869377613067627
./cnn/stories/03183babd26c3c85d26e125708c90d6df8c77390.story,style,paraphrase,2,1,0.43140625953674316,0.43140625953674316,0.15775009989738464
./cnn/stories/03183babd26c3c85d26e125708c90d6df8c77390.story,style,paraphrase,2,2,0.42911863327026367,0.6671912670135498,0.29869377613067627
./cnn/stories/03183babd26c3c85d26e125708c90d6df8c77390.story,style,paraphrase,2,3,0.43929874897003174,0.6973258256912231,0.15775009989738464
./cnn/stories/03183babd26c3c85d26e125708c90d6df8c77390.story,content,shorten,0,1,0.4385424852371216,0.4385424852371216,0.42151403427124023
./cnn/stories/03183babd26c3c85d26e125708c90d6df8c77390.story,content,shorten,0,2,0.37287551164627075,0.737862229347229,0.5012559294700623
./cnn/stories/03183babd26c3c85d26e125708c90d6df8c77390.story,content,shorten,0,3,0.41175925731658936,0.7661252617835999,0.5012559294700623
./cnn/stories/03183babd26c3c85d26e125708c90d6df8c77390.story,content,shorten,1,1,0.45294004678726196,0.45294004678726196,0.7274913191795349
./cnn/stories/03183babd26c3c85d26e125708c90d6df8c77390.story,content,shorten,1,2,0.4111691117286682,0.7613620758056641,0.5012559294700623
./cnn/stories/03183babd26c3c85d26e125708c90d6df8c77390.story,content,shorten,1,3,0.3831593096256256,0.7981273531913757,0.5012559294700623
./cnn/stories/03183babd26c3c85d26e125708c90d6df8c77390.story,content,shorten,2,1,0.45394253730773926,0.45394253730773926,0.49821752309799194
./cnn/stories/03183babd26c3c85d26e125708c90d6df8c77390.story,content,shorten,2,2,0.4260881543159485,0.7828905582427979,0.49821752309799194
./cnn/stories/03183babd26c3c85d26e125708c90d6df8c77390.story,content,shorten,2,3,0.4727233052253723,0.7881544232368469,0.7274913191795349
./cnn/stories/03183babd26c3c85d26e125708c90d6df8c77390.story,content,elaborate,0,1,0.4333840608596802,0.4333840608596802,0.7274913191795349
./cnn/stories/03183babd26c3c85d26e125708c90d6df8c77390.story,content,elaborate,0,2,0.323793888092041,0.5097381472587585,0.7274913191795349
./cnn/stories/03183babd26c3c85d26e125708c90d6df8c77390.story,content,elaborate,0,3,0.3248540759086609,0.5003812313079834,0.7274913191795349
./cnn/stories/03183babd26c3c85d26e125708c90d6df8c77390.story,content,elaborate,1,1,0.47352099418640137,0.47352099418640137,0.7274913191795349
./cnn/stories/03183babd26c3c85d26e125708c90d6df8c77390.story,content,elaborate,1,2,0.398100882768631,0.5055179595947266,0.18000254034996033
./cnn/stories/03183babd26c3c85d26e125708c90d6df8c77390.story,content,elaborate,1,3,0.393555223941803,0.6928724050521851,0.7274913191795349
./cnn/stories/03183babd26c3c85d26e125708c90d6df8c77390.story,content,elaborate,2,1,0.5060179233551025,0.5060179233551025,0.38327670097351074
./cnn/stories/03183babd26c3c85d26e125708c90d6df8c77390.story,content,elaborate,2,2,0.449582576751709,0.6942058801651001,0.44091373682022095
./cnn/stories/03183babd26c3c85d26e125708c90d6df8c77390.story,content,elaborate,2,3,0.44383275508880615,0.6773924231529236,0.7274913191795349
./cnn/stories/755c8b39393f5a39bd32253ceda74f2af8186ad0.story,style,formality,0,1,0.5091634392738342,0.5091634392738342,0.41095805168151855
./cnn/stories/755c8b39393f5a39bd32253ceda74f2af8186ad0.story,style,formality,0,2,0.48925137519836426,0.6851463317871094,0.3951878249645233
./cnn/stories/755c8b39393f5a39bd32253ceda74f2af8186ad0.story,style,formality,0,3,0.4888972043991089,0.7269152998924255,0.420676052570343
./cnn/stories/755c8b39393f5a39bd32253ceda74f2af8186ad0.story,style,formality,1,1,0.5366837382316589,0.5366837382316589,0.33458733558654785
./cnn/stories/755c8b39393f5a39bd32253ceda74f2af8186ad0.story,style,formality,1,2,0.5243781805038452,0.7720473408699036,0.36373183131217957
./cnn/stories/755c8b39393f5a39bd32253ceda74f2af8186ad0.story,style,formality,1,3,0.5082525610923767,0.7653658986091614,0.33982181549072266
./cnn/stories/755c8b39393f5a39bd32253ceda74f2af8186ad0.story,style,formality,2,1,0.49168962240219116,0.49168962240219116,0.8587920069694519
./cnn/stories/755c8b39393f5a39bd32253ceda74f2af8186ad0.story,style,formality,2,2,0.46814823150634766,0.753902792930603,0.387656569480896
./cnn/stories/755c8b39393f5a39bd32253ceda74f2af8186ad0.story,style,formality,2,3,0.49785053730010986,0.8297626972198486,0.39096930623054504
./cnn/stories/755c8b39393f5a39bd32253ceda74f2af8186ad0.story,style,paraphrase,0,1,0.44339001178741455,0.44339001178741455,0.32668817043304443
./cnn/stories/755c8b39393f5a39bd32253ceda74f2af8186ad0.story,style,paraphrase,0,2,0.3856041431427002,0.6480462551116943,0.15285363793373108
./cnn/stories/755c8b39393f5a39bd32253ceda74f2af8186ad0.story,style,paraphrase,0,3,0.3915953040122986,0.7536126971244812,0.19123494625091553
./cnn/stories/755c8b39393f5a39bd32253ceda74f2af8186ad0.story,style,paraphrase,1,1,0.4980112314224243,0.4980112314224243,0.3557688891887665
./cnn/stories/755c8b39393f5a39bd32253ceda74f2af8186ad0.story,style,paraphrase,1,2,0.4469526410102844,0.723060131072998,0.9950129389762878
./cnn/stories/755c8b39393f5a39bd32253ceda74f2af8186ad0.story,style,paraphrase,1,3,0.43422991037368774,0.7336134314537048,0.9950129389762878
./cnn/stories/755c8b39393f5a39bd32253ceda74f2af8186ad0.story,style,paraphrase,2,1,0.4722414016723633,0.4722414016723633,0.05732487142086029
./cnn/stories/755c8b39393f5a39bd32253ceda74f2af8186ad0.story,style,paraphrase,2,2,0.4622895121574402,0.6804539561271667,0.2435099333524704
./cnn/stories/755c8b39393f5a39bd32253ceda74f2af8186ad0.story,style,paraphrase,2,3,0.44866615533828735,0.5350055694580078,0.18511438369750977
./cnn/stories/755c8b39393f5a39bd32253ceda74f2af8186ad0.story,content,shorten,0,1,0.3719939589500427,0.3719939589500427,0.057060301303863525
./cnn/stories/755c8b39393f5a39bd32253ceda74f2af8186ad0.story,content,shorten,0,2,0.34577083587646484,0.6099117398262024,0.3876878619194031
./cnn/stories/755c8b39393f5a39bd32253ceda74f2af8186ad0.story,content,shorten,0,3,0.32469552755355835,0.7973496317863464,0.006209477782249451
./cnn/stories/755c8b39393f5a39bd32253ceda74f2af8186ad0.story,content,shorten,1,1,0.4278479814529419,0.4278479814529419,0.24317505955696106
./cnn/stories/755c8b39393f5a39bd32253ceda74f2af8186ad0.story,content,shorten,1,2,0.41014742851257324,0.743241012096405,0.25999873876571655
./cnn/stories/755c8b39393f5a39bd32253ceda74f2af8186ad0.story,content,shorten,1,3,0.3563684821128845,0.8125025033950806,0.23467208445072174
./cnn/stories/755c8b39393f5a39bd32253ceda74f2af8186ad0.story,content,shorten,2,1,0.40469664335250854,0.40469664335250854,0.057060301303863525
./cnn/stories/755c8b39393f5a39bd32253ceda74f2af8186ad0.story,content,shorten,2,2,0.43043965101242065,0.7175282835960388,0.3183020353317261
./cnn/stories/755c8b39393f5a39bd32253ceda74f2af8186ad0.story,content,shorten,2,3,0.40004295110702515,0.7768757343292236,0.14913436770439148
./cnn/stories/755c8b39393f5a39bd32253ceda74f2af8186ad0.story,content,elaborate,0,1,0.4180415868759155,0.4180415868759155,0.019679412245750427
./cnn/stories/755c8b39393f5a39bd32253ceda74f2af8186ad0.story,content,elaborate,0,2,0.3996347486972809,0.6628691554069519,0.45620638132095337
./cnn/stories/755c8b39393f5a39bd32253ceda74f2af8186ad0.story,content,elaborate,0,3,0.41543638706207275,0.6565922498703003,0.2598669230937958
./cnn/stories/755c8b39393f5a39bd32253ceda74f2af8186ad0.story,content,elaborate,1,1,0.4467054009437561,0.4467054009437561,0.057060301303863525
./cnn/stories/755c8b39393f5a39bd32253ceda74f2af8186ad0.story,content,elaborate,1,2,0.44055235385894775,0.6957082152366638,0.019679412245750427
./cnn/stories/755c8b39393f5a39bd32253ceda74f2af8186ad0.story,content,elaborate,1,3,0.41052091121673584,0.7073014378547668,0.019679412245750427
./cnn/stories/755c8b39393f5a39bd32253ceda74f2af8186ad0.story,content,elaborate,2,1,0.45850670337677,0.45850670337677,0.019679412245750427
./cnn/stories/755c8b39393f5a39bd32253ceda74f2af8186ad0.story,content,elaborate,2,2,0.40376657247543335,0.5692756175994873,0.019679412245750427
./cnn/stories/755c8b39393f5a39bd32253ceda74f2af8186ad0.story,content,elaborate,2,3,0.4007238745689392,0.6991441249847412,0.31631553173065186
./cnn/stories/a1c31aa7ad8a494c513ef78063bd9c3834e8fc41.story,style,formality,0,1,0.54072505235672,0.54072505235672,0.7895295023918152
./cnn/stories/a1c31aa7ad8a494c513ef78063bd9c3834e8fc41.story,style,formality,0,2,0.49502331018447876,0.6967170834541321,0.7895295023918152
./cnn/stories/a1c31aa7ad8a494c513ef78063bd9c3834e8fc41.story,style,formality,0,3,0.40694862604141235,0.5664129257202148,0.7895295023918152
./cnn/stories/a1c31aa7ad8a494c513ef78063bd9c3834e8fc41.story,style,formality,1,1,0.5824487209320068,0.5824487209320068,0.7895295023918152
./cnn/stories/a1c31aa7ad8a494c513ef78063bd9c3834e8fc41.story,style,formality,1,2,0.48586392402648926,0.6633785367012024,0.7895295023918152
./cnn/stories/a1c31aa7ad8a494c513ef78063bd9c3834e8fc41.story,style,formality,1,3,0.4786754846572876,0.7398662567138672,0.7895295023918152
./cnn/stories/a1c31aa7ad8a494c513ef78063bd9c3834e8fc41.story,style,formality,2,1,0.5526297688484192,0.5526297688484192,0.7895295023918152
./cnn/stories/a1c31aa7ad8a494c513ef78063bd9c3834e8fc41.story,style,formality,2,2,0.4643200635910034,0.6213626265525818,0.7895295023918152
./cnn/stories/a1c31aa7ad8a494c513ef78063bd9c3834e8fc41.story,style,formality,2,3,0.4285922646522522,0.6884180903434753,0.7895295023918152
./cnn/stories/a1c31aa7ad8a494c513ef78063bd9c3834e8fc41.story,style,paraphrase,0,1,0.5678601264953613,0.5678601264953613,0.7895295023918152
./cnn/stories/a1c31aa7ad8a494c513ef78063bd9c3834e8fc41.story,style,paraphrase,0,2,0.5277963280677795,0.706339418888092,0.7895295023918152
./cnn/stories/a1c31aa7ad8a494c513ef78063bd9c3834e8fc41.story,style,paraphrase,0,3,0.5033020377159119,0.6913197636604309,0.6179027557373047
./cnn/stories/a1c31aa7ad8a494c513ef78063bd9c3834e8fc41.story,style,paraphrase,1,1,0.4937645196914673,0.4937645196914673,0.7895295023918152
./cnn/stories/a1c31aa7ad8a494c513ef78063bd9c3834e8fc41.story,style,paraphrase,1,2,0.5425807237625122,0.6877855658531189,0.7895295023918152
./cnn/stories/a1c31aa7ad8a494c513ef78063bd9c3834e8fc41.story,style,paraphrase,1,3,0.5455386638641357,0.7619091272354126,0.7895295023918152
./cnn/stories/a1c31aa7ad8a494c513ef78063bd9c3834e8fc41.story,style,paraphrase,2,1,0.44549328088760376,0.44549328088760376,0.7895295023918152
./cnn/stories/a1c31aa7ad8a494c513ef78063bd9c3834e8fc41.story,style,paraphrase,2,2,0.562196671962738,0.6902607083320618,0.7895295023918152
./cnn/stories/a1c31aa7ad8a494c513ef78063bd9c3834e8fc41.story,style,paraphrase,2,3,0.5100237727165222,0.6791054606437683,0.7895295023918152
./cnn/stories/a1c31aa7ad8a494c513ef78063bd9c3834e8fc41.story,content,shorten,0,1,0.5355451107025146,0.5355451107025146,0.7895295023918152
./cnn/stories/a1c31aa7ad8a494c513ef78063bd9c3834e8fc41.story,content,shorten,0,2,0.4817197918891907,0.7269036173820496,0.7895295023918152
./cnn/stories/a1c31aa7ad8a494c513ef78063bd9c3834e8fc41.story,content,shorten,0,3,0.47725892066955566,0.8502940535545349,0.7895295023918152
./cnn/stories/a1c31aa7ad8a494c513ef78063bd9c3834e8fc41.story,content,shorten,1,1,0.5490012168884277,0.5490012168884277,0.7895295023918152
./cnn/stories/a1c31aa7ad8a494c513ef78063bd9c3834e8fc41.story,content,shorten,1,2,0.5144646763801575,0.7243055701255798,0.7895295023918152
./cnn/stories/a1c31aa7ad8a494c513ef78063bd9c3834e8fc41.story,content,shorten,1,3,0.48261988162994385,0.7889788150787354,0.7895295023918152
./cnn/stories/a1c31aa7ad8a494c513ef78063bd9c3834e8fc41.story,content,shorten,2,1,0.5528753399848938,0.5528753399848938,0.7895295023918152
./cnn/stories/a1c31aa7ad8a494c513ef78063bd9c3834e8fc41.story,content,shorten,2,2,0.5263281464576721,0.7825244665145874,0.7895295023918152
./cnn/stories/a1c31aa7ad8a494c513ef78063bd9c3834e8fc41.story,content,shorten,2,3,0.5128640532493591,0.7779558300971985,0.7895295023918152
./cnn/stories/a1c31aa7ad8a494c513ef78063bd9c3834e8fc41.story,content,elaborate,0,1,0.5064382553100586,0.5064382553100586,0.7895295023918152
./cnn/stories/a1c31aa7ad8a494c513ef78063bd9c3834e8fc41.story,content,elaborate,0,2,0.4345945715904236,0.6258557438850403,0.7895295023918152
./cnn/stories/a1c31aa7ad8a494c513ef78063bd9c3834e8fc41.story,content,elaborate,0,3,0.44357550144195557,0.5997461080551147,0.7895295023918152
./cnn/stories/a1c31aa7ad8a494c513ef78063bd9c3834e8fc41.story,content,elaborate,1,1,0.5069527626037598,0.5069527626037598,0.7895295023918152
./cnn/stories/a1c31aa7ad8a494c513ef78063bd9c3834e8fc41.story,content,elaborate,1,2,0.5035691857337952,0.6826130747795105,0.7895295023918152
./cnn/stories/a1c31aa7ad8a494c513ef78063bd9c3834e8fc41.story,content,elaborate,1,3,0.5031872987747192,0.7861924171447754,0.7895295023918152
./cnn/stories/a1c31aa7ad8a494c513ef78063bd9c3834e8fc41.story,content,elaborate,2,1,0.5743700265884399,0.5743700265884399,0.7895295023918152
./cnn/stories/a1c31aa7ad8a494c513ef78063bd9c3834e8fc41.story,content,elaborate,2,2,0.5014310479164124,0.7517520189285278,0.7895295023918152
./cnn/stories/a1c31aa7ad8a494c513ef78063bd9c3834e8fc41.story,content,elaborate,2,3,0.5278878211975098,0.8313220143318176,0.7895295023918152
./cnn/stories/5cf8443a13c37fe532b919082c70ec1f3dfdafff.story,style,formality,0,1,0.49200570583343506,0.49200570583343506,0.2364526391029358
./cnn/stories/5cf8443a13c37fe532b919082c70ec1f3dfdafff.story,style,formality,0,2,0.48631054162979126,0.6972838640213013,0.2376399040222168
./cnn/stories/5cf8443a13c37fe532b919082c70ec1f3dfdafff.story,style,formality,0,3,0.5142766237258911,0.740608811378479,0.2364526391029358
./cnn/stories/5cf8443a13c37fe532b919082c70ec1f3dfdafff.story,style,formality,1,1,0.5608322620391846,0.5608322620391846,0.26175057888031006
./cnn/stories/5cf8443a13c37fe532b919082c70ec1f3dfdafff.story,style,formality,1,2,0.5255730748176575,0.6535351276397705,0.24667683243751526
./cnn/stories/5cf8443a13c37fe532b919082c70ec1f3dfdafff.story,style,formality,1,3,0.4788222312927246,0.7692652940750122,0.2727353572845459
./cnn/stories/5cf8443a13c37fe532b919082c70ec1f3dfdafff.story,style,formality,2,1,0.5007777214050293,0.5007777214050293,0.07177484035491943
./cnn/stories/5cf8443a13c37fe532b919082c70ec1f3dfdafff.story,style,formality,2,2,0.44122469425201416,0.5802944898605347,0.1286843717098236
./cnn/stories/5cf8443a13c37fe532b919082c70ec1f3dfdafff.story,style,formality,2,3,0.480432391166687,0.7524412274360657,0.007023662328720093
./cnn/stories/5cf8443a13c37fe532b919082c70ec1f3dfdafff.story,style,paraphrase,0,1,0.47502976655960083,0.47502976655960083,0.13796643912792206
./cnn/stories/5cf8443a13c37fe532b919082c70ec1f3dfdafff.story,style,paraphrase,0,2,0.4619784951210022,0.7059465646743774,0.12895230948925018
./cnn/stories/5cf8443a13c37fe532b919082c70ec1f3dfdafff.story,style,paraphrase,0,3,0.44375717639923096,0.7338665127754211,0.11882270872592926
./cnn/stories/5cf8443a13c37fe532b919082c70ec1f3dfdafff.story,style,paraphrase,1,1,0.4401360750198364,0.4401360750198364,0.8302716016769409
./cnn/stories/5cf8443a13c37fe532b919082c70ec1f3dfdafff.story,style,paraphrase,1,2,0.47011232376098633,0.6449220776557922,0.8302716016769409
./cnn/stories/5cf8443a13c37fe532b919082c70ec1f3dfdafff.story,style,paraphrase,1,3,0.46231502294540405,0.7088468670845032,0.8302716016769409
./cnn/stories/5cf8443a13c37fe532b919082c70ec1f3dfdafff.story,style,paraphrase,2,1,0.41922587156295776,0.41922587156295776,0.06182579696178436
./cnn/stories/5cf8443a13c37fe532b919082c70ec1f3dfdafff.story,style,paraphrase,2,2,0.4173579812049866,0.5999213457107544,0.14189869165420532
./cnn/stories/5cf8443a13c37fe532b919082c70ec1f3dfdafff.story,style,paraphrase,2,3,0.38812971115112305,0.5857189893722534,0.10815706104040146
./cnn/stories/5cf8443a13c37fe532b919082c70ec1f3dfdafff.story,content,shorten,0,1,0.36614179611206055,0.36614179611206055,0.15536263585090637
./cnn/stories/5cf8443a13c37fe532b919082c70ec1f3dfdafff.story,content,shorten,0,2,0.35545963048934937,0.7859359383583069,0.13903364539146423
./cnn/stories/5cf8443a13c37fe532b919082c70ec1f3dfdafff.story,content,shorten,0,3,0.3395557701587677,0.8296639323234558,0.15536263585090637
./cnn/stories/5cf8443a13c37fe532b919082c70ec1f3dfdafff.story,content,shorten,1,1,0.3288348913192749,0.3288348913192749,0.24548742175102234
./cnn/stories/5cf8443a13c37fe532b919082c70ec1f3dfdafff.story,content,shorten,1,2,0.32050180435180664,0.7651578187942505,0.15536263585090637
./cnn/stories/5cf8443a13c37fe532b919082c70ec1f3dfdafff.story,content,shorten,1,3,0.3603760600090027,0.7895064949989319,0.2794380784034729
./cnn/stories/5cf8443a13c37fe532b919082c70ec1f3dfdafff.story,content,shorten,2,1,0.42061054706573486,0.42061054706573486,0.158428356051445
./cnn/stories/5cf8443a13c37fe532b919082c70ec1f3dfdafff.story,content,shorten,2,2,0.4148339033126831,0.5479369759559631,0.158428356051445
./cnn/stories/5cf8443a13c37fe532b919082c70ec1f3dfdafff.story,content,shorten,2,3,0.3888196349143982,0.6545748710632324,0.158428356051445
./cnn/stories/5cf8443a13c37fe532b919082c70ec1f3dfdafff.story,content,elaborate,0,1,0.45191633701324463,0.45191633701324463,0.38430118560791016
./cnn/stories/5cf8443a13c37fe532b919082c70ec1f3dfdafff.story,content,elaborate,0,2,0.4224780201911926,0.5938609838485718,0.020152047276496887
./cnn/stories/5cf8443a13c37fe532b919082c70ec1f3dfdafff.story,content,elaborate,0,3,0.4181176424026489,0.5606346130371094,0.1881738007068634
./cnn/stories/5cf8443a13c37fe532b919082c70ec1f3dfdafff.story,content,elaborate,1,1,0.4510691165924072,0.4510691165924072,0.007023662328720093
./cnn/stories/5cf8443a13c37fe532b919082c70ec1f3dfdafff.story,content,elaborate,1,2,0.4244534969329834,0.6095185279846191,0.12839660048484802
./cnn/stories/5cf8443a13c37fe532b919082c70ec1f3dfdafff.story,content,elaborate,1,3,0.39460045099258423,0.6621926426887512,0.0017079263925552368
./cnn/stories/5cf8443a13c37fe532b919082c70ec1f3dfdafff.story,content,elaborate,2,1,0.3975287675857544,0.3975287675857544,0.048286326229572296
./cnn/stories/5cf8443a13c37fe532b919082c70ec1f3dfdafff.story,content,elaborate,2,2,0.44051259756088257,0.6232967972755432,0.14355121552944183
./cnn/stories/5cf8443a13c37fe532b919082c70ec1f3dfdafff.story,content,elaborate,2,3,0.42203038930892944,0.4521965980529785,
./cnn/stories/e72908e7399b7b7482f8d199ec838b46ea7775cb.story,style,formality,0,1,0.6952940225601196,0.6952940225601196,0.8493654131889343
./cnn/stories/e72908e7399b7b7482f8d199ec838b46ea7775cb.story,style,formality,0,2,0.6543469429016113,0.7391469478607178,0.8493654131889343
./cnn/stories/e72908e7399b7b7482f8d199ec838b46ea7775cb.story,style,formality,0,3,0.6311886310577393,0.732344925403595,0.8493654131889343
./cnn/stories/e72908e7399b7b7482f8d199ec838b46ea7775cb.story,style,formality,1,1,0.5447986125946045,0.5447986125946045,0.8493654131889343
./cnn/stories/e72908e7399b7b7482f8d199ec838b46ea7775cb.story,style,formality,1,2,0.5276684165000916,0.6679092049598694,0.8493654131889343
./cnn/stories/e72908e7399b7b7482f8d199ec838b46ea7775cb.story,style,formality,1,3,0.5325787663459778,0.7401118278503418,0.8493654131889343
./cnn/stories/e72908e7399b7b7482f8d199ec838b46ea7775cb.story,style,formality,2,1,0.5429297089576721,0.5429297089576721,0.8493654131889343
./cnn/stories/e72908e7399b7b7482f8d199ec838b46ea7775cb.story,style,formality,2,2,0.545082688331604,0.6863054633140564,0.8493654131889343
./cnn/stories/e72908e7399b7b7482f8d199ec838b46ea7775cb.story,style,formality,2,3,0.5375568270683289,0.7204411029815674,0.8493654131889343
./cnn/stories/e72908e7399b7b7482f8d199ec838b46ea7775cb.story,style,paraphrase,0,1,0.6116331219673157,0.6116331219673157,1.0406711101531982
./cnn/stories/e72908e7399b7b7482f8d199ec838b46ea7775cb.story,style,paraphrase,0,2,0.5609569549560547,0.6913970112800598,1.0406711101531982
./cnn/stories/e72908e7399b7b7482f8d199ec838b46ea7775cb.story,style,paraphrase,0,3,0.5254942774772644,0.6931577324867249,1.0406711101531982
./cnn/stories/e72908e7399b7b7482f8d199ec838b46ea7775cb.story,style,paraphrase,1,1,0.6002179384231567,0.6002179384231567,1.0406711101531982
./cnn/stories/e72908e7399b7b7482f8d199ec838b46ea7775cb.story,style,paraphrase,1,2,0.5454607009887695,0.6719755530357361,0.623323380947113
./cnn/stories/e72908e7399b7b7482f8d199ec838b46ea7775cb.story,style,paraphrase,1,3,0.5058289766311646,0.721582293510437,0.623323380947113
./cnn/stories/e72908e7399b7b7482f8d199ec838b46ea7775cb.story,style,paraphrase,2,1,0.4772220849990845,0.4772220849990845,1.0406711101531982
./cnn/stories/e72908e7399b7b7482f8d199ec838b46ea7775cb.story,style,paraphrase,2,2,0.48287975788116455,0.6874654293060303,0.623323380947113
./cnn/stories/e72908e7399b7b7482f8d199ec838b46ea7775cb.story,style,paraphrase,2,3,0.48562508821487427,0.722659707069397,1.0406711101531982
./cnn/stories/e72908e7399b7b7482f8d199ec838b46ea7775cb.story,content,shorten,0,1,0.43508732318878174,0.43508732318878174,1.0406711101531982
./cnn/stories/e72908e7399b7b7482f8d199ec838b46ea7775cb.story,content,shorten,0,2,0.41823476552963257,0.6781405806541443,1.0406711101531982
./cnn/stories/e72908e7399b7b7482f8d199ec838b46ea7775cb.story,content,shorten,0,3,0.3608473539352417,0.7273834347724915,1.0406711101531982
./cnn/stories/e72908e7399b7b7482f8d199ec838b46ea7775cb.story,content,shorten,1,1,0.4810505509376526,0.4810505509376526,1.0406711101531982
./cnn/stories/e72908e7399b7b7482f8d199ec838b46ea7775cb.story,content,shorten,1,2,0.4768339991569519,0.6219386458396912,1.0406711101531982
./cnn/stories/e72908e7399b7b7482f8d199ec838b46ea7775cb.story,content,shorten,1,3,0.4429330825805664,0.7256225943565369,1.0406711101531982
./cnn/stories/e72908e7399b7b7482f8d199ec838b46ea7775cb.story,content,shorten,2,1,0.4540013074874878,0.4540013074874878,1.0406711101531982
./cnn/stories/e72908e7399b7b7482f8d199ec838b46ea7775cb.story,content,shorten,2,2,0.4812266230583191,0.6820293068885803,1.0406711101531982
./cnn/stories/e72908e7399b7b7482f8d199ec838b46ea7775cb.story,content,shorten,2,3,0.4802664518356323,0.7621256709098816,0.8493654131889343
./cnn/stories/e72908e7399b7b7482f8d199ec838b46ea7775cb.story,content,elaborate,0,1,0.4823821783065796,0.4823821783065796,1.0406711101531982
./cnn/stories/e72908e7399b7b7482f8d199ec838b46ea7775cb.story,content,elaborate,0,2,0.4398695230484009,0.586230456829071,0.8493654131889343
./cnn/stories/e72908e7399b7b7482f8d199ec838b46ea7775cb.story,content,elaborate,0,3,0.43193715810775757,0.7027662396430969,0.8493654131889343
./cnn/stories/e72908e7399b7b7482f8d199ec838b46ea7775cb.story,content,elaborate,1,1,0.6437095403671265,0.6437095403671265,1.0406711101531982
./cnn/stories/e72908e7399b7b7482f8d199ec838b46ea7775cb.story,content,elaborate,1,2,0.5171773433685303,0.5809757709503174,0.8493654131889343
./cnn/stories/e72908e7399b7b7482f8d199ec838b46ea7775cb.story,content,elaborate,1,3,0.4664902687072754,0.6690648794174194,0.8493654131889343
./cnn/stories/e72908e7399b7b7482f8d199ec838b46ea7775cb.story,content,elaborate,2,1,0.514851987361908,0.514851987361908,0.8493654131889343
./cnn/stories/e72908e7399b7b7482f8d199ec838b46ea7775cb.story,content,elaborate,2,2,0.47743916511535645,0.5593897104263306,0.8493654131889343
./cnn/stories/e72908e7399b7b7482f8d199ec838b46ea7775cb.story,content,elaborate,2,3,0.4119166135787964,0.6667291522026062,0.8493654131889343
./cnn/stories/45fa4464f86599520ace75db52005bda9ee0a49b.story,style,formality,0,1,0.559370756149292,0.559370756149292,0.3680230975151062
./cnn/stories/45fa4464f86599520ace75db52005bda9ee0a49b.story,style,formality,0,2,0.5048308968544006,0.7038144469261169,0.3680230975151062
./cnn/stories/45fa4464f86599520ace75db52005bda9ee0a49b.story,style,formality,0,3,0.5074123740196228,0.7036941647529602,0.3680230975151062
./cnn/stories/45fa4464f86599520ace75db52005bda9ee0a49b.story,style,formality,1,1,0.5391296148300171,0.5391296148300171,0.3680230975151062
./cnn/stories/45fa4464f86599520ace75db52005bda9ee0a49b.story,style,formality,1,2,0.5213249325752258,0.7337036728858948,0.3680230975151062
./cnn/stories/45fa4464f86599520ace75db52005bda9ee0a49b.story,style,formality,1,3,0.5366395115852356,0.8205179572105408,0.3680230975151062
./cnn/stories/45fa4464f86599520ace75db52005bda9ee0a49b.story,style,formality,2,1,0.4240502119064331,0.4240502119064331,0.3680230975151062
./cnn/stories/45fa4464f86599520ace75db52005bda9ee0a49b.story,style,formality,2,2,0.36769041419029236,0.503426730632782,0.3680230975151062
./cnn/stories/45fa4464f86599520ace75db52005bda9ee0a49b.story,style,formality,2,3,0.3504851460456848,0.7088577747344971,0.3680230975151062
./cnn/stories/45fa4464f86599520ace75db52005bda9ee0a49b.story,style,paraphrase,0,1,0.43388521671295166,0.43388521671295166,0.15125194191932678
./cnn/stories/45fa4464f86599520ace75db52005bda9ee0a49b.story,style,paraphrase,0,2,0.4041714072227478,0.5964128971099854,0.15125194191932678
./cnn/stories/45fa4464f86599520ace75db52005bda9ee0a49b.story,style,paraphrase,0,3,0.37834495306015015,0.6188586950302124,0.15125194191932678
./cnn/stories/45fa4464f86599520ace75db52005bda9ee0a49b.story,style,paraphrase,1,1,0.38273894786834717,0.38273894786834717,0.3680230975151062
./cnn/stories/45fa4464f86599520ace75db52005bda9ee0a49b.story,style,paraphrase,1,2,0.3869973421096802,0.6796167492866516,0.3680230975151062
./cnn/stories/45fa4464f86599520ace75db52005bda9ee0a49b.story,style,paraphrase,1,3,0.34456849098205566,0.6637672781944275,0.15125194191932678
./cnn/stories/45fa4464f86599520ace75db52005bda9ee0a49b.story,style,paraphrase,2,1,0.3978237509727478,0.3978237509727478,0.3680230975151062
./cnn/stories/45fa4464f86599520ace75db52005bda9ee0a49b.story,style,paraphrase,2,2,0.38368797302246094,0.6421172618865967,0.3680230975151062
./cnn/stories/45fa4464f86599520ace75db52005bda9ee0a49b.story,style,paraphrase,2,3,0.37031787633895874,0.6221340298652649,0.3680230975151062
./cnn/stories/45fa4464f86599520ace75db52005bda9ee0a49b.story,content,shorten,0,1,0.21400633454322815,0.21400633454322815,0.3680230975151062
./cnn/stories/45fa4464f86599520ace75db52005bda9ee0a49b.story,content,shorten,0,2,0.3558100163936615,0.4903833270072937,0.15125194191932678
./cnn/stories/45fa4464f86599520ace75db52005bda9ee0a49b.story,content,shorten,0,3,0.32541900873184204,0.7678530812263489,0.3680230975151062
./cnn/stories/45fa4464f86599520ace75db52005bda9ee0a49b.story,content,shorten,1,1,0.3952122926712036,0.3952122926712036,0.15125194191932678
./cnn/stories/45fa4464f86599520ace75db52005bda9ee0a49b.story,content,shorten,1,2,0.3869696259498596,0.6628525853157043,0.3680230975151062
./cnn/stories/45fa4464f86599520ace75db52005bda9ee0a49b.story,content,shorten,1,3,0.3956206440925598,0.7579806447029114,0.22707241773605347
./cnn/stories/45fa4464f86599520ace75db52005bda9ee0a49b.story,content,shorten,2,1,0.39151662588119507,0.39151662588119507,0.3680230975151062
./cnn/stories/45fa4464f86599520ace75db52005bda9ee0a49b.story,content,shorten,2,2,0.3575729727745056,0.48240214586257935,0.3680230975151062
./cnn/stories/45fa4464f86599520ace75db52005bda9ee0a49b.story,content,shorten,2,3,0.29740017652511597,0.6647613048553467,0.3680230975151062
./cnn/stories/45fa4464f86599520ace75db52005bda9ee0a49b.story,content,elaborate,0,1,0.39941924810409546,0.39941924810409546,0.3680230975151062
./cnn/stories/45fa4464f86599520ace75db52005bda9ee0a49b.story,content,elaborate,0,2,0.4219890832901001,0.5371901988983154,0.3680230975151062
./cnn/stories/45fa4464f86599520ace75db52005bda9ee0a49b.story,content,elaborate,0,3,0.352094829082489,0.6102606058120728,0.3680230975151062
./cnn/stories/45fa4464f86599520ace75db52005bda9ee0a49b.story,content,elaborate,1,1,0.37687796354293823,0.37687796354293823,0.3680230975151062
./cnn/stories/45fa4464f86599520ace75db52005bda9ee0a49b.story,content,elaborate,1,2,0.345532089471817,0.6669918298721313,0.3680230975151062
./cnn/stories/45fa4464f86599520ace75db52005bda9ee0a49b.story,content,elaborate,1,3,0.36428797245025635,0.638616681098938,0.3680230975151062
./cnn/stories/45fa4464f86599520ace75db52005bda9ee0a49b.story,content,elaborate,2,1,0.4372323155403137,0.4372323155403137,0.3680230975151062
./cnn/stories/45fa4464f86599520ace75db52005bda9ee0a49b.story,content,elaborate,2,2,0.4032105803489685,0.631867527961731,0.3680230975151062
./cnn/stories/45fa4464f86599520ace75db52005bda9ee0a49b.story,content,elaborate,2,3,0.43060827255249023,0.697544276714325,0.3680230975151062
./cnn/stories/31fb5ca210d456eace45d752517b3241560c4091.story,style,formality,0,1,0.6140550374984741,0.6140550374984741,0.45573997497558594
./cnn/stories/31fb5ca210d456eace45d752517b3241560c4091.story,style,formality,0,2,0.5450447797775269,0.68254154920578,0.45573997497558594
./cnn/stories/31fb5ca210d456eace45d752517b3241560c4091.story,style,formality,0,3,0.5657579302787781,0.6992602348327637,0.45573997497558594
./cnn/stories/31fb5ca210d456eace45d752517b3241560c4091.story,style,formality,1,1,0.6198491454124451,0.6198491454124451,0.45573997497558594
./cnn/stories/31fb5ca210d456eace45d752517b3241560c4091.story,style,formality,1,2,0.5225479006767273,0.6586838364601135,0.41715365648269653
./cnn/stories/31fb5ca210d456eace45d752517b3241560c4091.story,style,formality,1,3,0.5098958015441895,0.7222707867622375,0.41715365648269653
./cnn/stories/31fb5ca210d456eace45d752517b3241560c4091.story,style,formality,2,1,0.5104864239692688,0.5104864239692688,0.41715365648269653
./cnn/stories/31fb5ca210d456eace45d752517b3241560c4091.story,style,formality,2,2,0.49360108375549316,0.6583153009414673,0.42890167236328125
./cnn/stories/31fb5ca210d456eace45d752517b3241560c4091.story,style,formality,2,3,0.42844027280807495,0.6996665596961975,0.42890167236328125
./cnn/stories/31fb5ca210d456eace45d752517b3241560c4091.story,style,paraphrase,0,1,0.5620604753494263,0.5620604753494263,0.42890167236328125
./cnn/stories/31fb5ca210d456eace45d752517b3241560c4091.story,style,paraphrase,0,2,0.5342162251472473,0.7365620732307434,0.42890167236328125
./cnn/stories/31fb5ca210d456eace45d752517b3241560c4091.story,style,paraphrase,0,3,0.4927845001220703,0.7268843650817871,0.42890167236328125
./cnn/stories/31fb5ca210d456eace45d752517b3241560c4091.story,style,paraphrase,1,1,0.5639938712120056,0.5639938712120056,0.45573997497558594
./cnn/stories/31fb5ca210d456eace45d752517b3241560c4091.story,style,paraphrase,1,2,0.5316886901855469,0.7151485681533813,0.4344451427459717
./cnn/stories/31fb5ca210d456eace45d752517b3241560c4091.story,style,paraphrase,1,3,0.5249091982841492,0.7507564425468445,0.027653910219669342
./cnn/stories/31fb5ca210d456eace45d752517b3241560c4091.story,style,paraphrase,2,1,0.5061460137367249,0.5061460137367249,0.41715365648269653
./cnn/stories/31fb5ca210d456eace45d752517b3241560c4091.story,style,paraphrase,2,2,0.4876517057418823,0.6327418684959412,0.41715365648269653
./cnn/stories/31fb5ca210d456eace45d752517b3241560c4091.story,style,paraphrase,2,3,0.4919237494468689,0.726004421710968,0.4602184295654297
./cnn/stories/31fb5ca210d456eace45d752517b3241560c4091.story,content,shorten,0,1,0.4975547790527344,0.4975547790527344,0.45573997497558594
./cnn/stories/31fb5ca210d456eace45d752517b3241560c4091.story,content,shorten,0,2,0.46567344665527344,0.65143221616745,0.4287939667701721
./cnn/stories/31fb5ca210d456eace45d752517b3241560c4091.story,content,shorten,0,3,0.4574383497238159,0.8045516014099121,0.45573997497558594
./cnn/stories/31fb5ca210d456eace45d752517b3241560c4091.story,content,shorten,1,1,0.4995881915092468,0.4995881915092468,0.45573997497558594
./cnn/stories/31fb5ca210d456eace45d752517b3241560c4091.story,content,shorten,1,2,0.4729754328727722,0.7167264819145203,0.45573997497558594
./cnn/stories/31fb5ca210d456eace45d752517b3241560c4091.story,content,shorten,1,3,0.46834731101989746,0.7994398474693298,0.42890167236328125
./cnn/stories/31fb5ca210d456eace45d752517b3241560c4091.story,content,shorten,2,1,0.6255829334259033,0.6255829334259033,0.45573997497558594
./cnn/stories/31fb5ca210d456eace45d752517b3241560c4091.story,content,shorten,2,2,0.5353713035583496,0.7125322222709656,0.3774726390838623
./cnn/stories/31fb5ca210d456eace45d752517b3241560c4091.story,content,shorten,2,3,0.5320255756378174,0.7622185945510864,0.012924820184707642
./cnn/stories/31fb5ca210d456eace45d752517b3241560c4091.story,content,elaborate,0,1,0.5390861630439758,0.5390861630439758,0.45573997497558594
./cnn/stories/31fb5ca210d456eace45d752517b3241560c4091.story,content,elaborate,0,2,0.49039226770401,0.5748922824859619,0.45573997497558594
./cnn/stories/31fb5ca210d456eace45d752517b3241560c4091.story,content,elaborate,0,3,0.473199725151062,0.6416745185852051,0.45573997497558594
./cnn/stories/31fb5ca210d456eace45d752517b3241560c4091.story,content,elaborate,1,1,0.5468800067901611,0.5468800067901611,0.42890167236328125
./cnn/stories/31fb5ca210d456eace45d752517b3241560c4091.story,content,elaborate,1,2,0.5095639228820801,0.7452844977378845,0.42890167236328125
./cnn/stories/31fb5ca210d456eace45d752517b3241560c4091.story,content,elaborate,1,3,0.48895370960235596,0.715907633304596,0.2770331799983978
./cnn/stories/31fb5ca210d456eace45d752517b3241560c4091.story,content,elaborate,2,1,0.5048888325691223,0.5048888325691223,0.3594475984573364
./cnn/stories/31fb5ca210d456eace45d752517b3241560c4091.story,content,elaborate,2,2,0.49637603759765625,0.781155526638031,0.41715365648269653
./cnn/stories/31fb5ca210d456eace45d752517b3241560c4091.story,content,elaborate,2,3,0.4665182828903198,0.7242258787155151,0.08486808836460114
./cnn/stories/e86db210f7eadc6e4ee876bfdbe2b7920284ad83.story,style,formality,0,1,0.4840167164802551,0.4840167164802551,0.21102562546730042
./cnn/stories/e86db210f7eadc6e4ee876bfdbe2b7920284ad83.story,style,formality,0,2,0.477048397064209,0.7693638205528259,0.3917107582092285
./cnn/stories/e86db210f7eadc6e4ee876bfdbe2b7920284ad83.story,style,formality,0,3,0.4421720504760742,0.6750519871711731,
./cnn/stories/e86db210f7eadc6e4ee876bfdbe2b7920284ad83.story,style,formality,1,1,0.5024756193161011,0.5024756193161011,0.14176559448242188
./cnn/stories/e86db210f7eadc6e4ee876bfdbe2b7920284ad83.story,style,formality,1,2,0.5173217058181763,0.6857853531837463,0.09127632528543472
./cnn/stories/e86db210f7eadc6e4ee876bfdbe2b7920284ad83.story,style,formality,1,3,0.477169930934906,0.6787565350532532,0.04702170193195343
./cnn/stories/e86db210f7eadc6e4ee876bfdbe2b7920284ad83.story,style,formality,2,1,0.47118812799453735,0.47118812799453735,0.13816535472869873
./cnn/stories/e86db210f7eadc6e4ee876bfdbe2b7920284ad83.story,style,formality,2,2,0.4333881735801697,0.7166833281517029,0.17211581766605377
./cnn/stories/e86db210f7eadc6e4ee876bfdbe2b7920284ad83.story,style,formality,2,3,0.4279388189315796,0.7082930207252502,0.0010993629693984985
./cnn/stories/e86db210f7eadc6e4ee876bfdbe2b7920284ad83.story,style,paraphrase,0,1,0.37545663118362427,0.37545663118362427,0.14401915669441223
./cnn/stories/e86db210f7eadc6e4ee876bfdbe2b7920284ad83.story,style,paraphrase,0,2,0.3758760690689087,0.5717936158180237,0.04702170193195343
./cnn/stories/e86db210f7eadc6e4ee876bfdbe2b7920284ad83.story,style,paraphrase,0,3,0.2716377377510071,0.5967505574226379,0.11339478939771652
./cnn/stories/e86db210f7eadc6e4ee876bfdbe2b7920284ad83.story,style,paraphrase,1,1,0.4752079248428345,0.4752079248428345,0.15183213353157043
./cnn/stories/e86db210f7eadc6e4ee876bfdbe2b7920284ad83.story,style,paraphrase,1,2,0.3648027181625366,0.5499081015586853,0.11113496869802475
./cnn/stories/e86db210f7eadc6e4ee876bfdbe2b7920284ad83.story,style,paraphrase,1,3,0.39586204290390015,0.6526820659637451,0.09127632528543472
./cnn/stories/e86db210f7eadc6e4ee876bfdbe2b7920284ad83.story,style,paraphrase,2,1,0.44932323694229126,0.44932323694229126,0.15564338862895966
./cnn/stories/e86db210f7eadc6e4ee876bfdbe2b7920284ad83.story,style,paraphrase,2,2,0.4446728825569153,0.6236879825592041,0.0010993629693984985
./cnn/stories/e86db210f7eadc6e4ee876bfdbe2b7920284ad83.story,style,paraphrase,2,3,0.4238111972808838,0.5744429230690002,0.09127632528543472
./cnn/stories/e86db210f7eadc6e4ee876bfdbe2b7920284ad83.story,content,shorten,0,1,0.3746853470802307,0.3746853470802307,0.13641172647476196
./cnn/stories/e86db210f7eadc6e4ee876bfdbe2b7920284ad83.story,content,shorten,0,2,0.30316856503486633,0.4595593214035034,0.1405257284641266
./cnn/stories/e86db210f7eadc6e4ee876bfdbe2b7920284ad83.story,content,shorten,0,3,0.2679115831851959,0.7137006521224976,0.11393862217664719
./cnn/stories/e86db210f7eadc6e4ee876bfdbe2b7920284ad83.story,content,shorten,1,1,0.3742523193359375,0.3742523193359375,0.04702170193195343
./cnn/stories/e86db210f7eadc6e4ee876bfdbe2b7920284ad83.story,content,shorten,1,2,0.3143991529941559,0.8041041493415833,0.04702170193195343
./cnn/stories/e86db210f7eadc6e4ee876bfdbe2b7920284ad83.story,content,shorten,1,3,0.3235343098640442,0.6671847701072693,0.09127632528543472
./cnn/stories/e86db210f7eadc6e4ee876bfdbe2b7920284ad83.story,content,shorten,2,1,0.38387346267700195,0.38387346267700195,0.04702170193195343
./cnn/stories/e86db210f7eadc6e4ee876bfdbe2b7920284ad83.story,content,shorten,2,2,0.3512592315673828,0.6783590912818909,0.04702170193195343
./cnn/stories/e86db210f7eadc6e4ee876bfdbe2b7920284ad83.story,content,shorten,2,3,0.3491743206977844,0.5451440811157227,0.04702170193195343
./cnn/stories/e86db210f7eadc6e4ee876bfdbe2b7920284ad83.story,content,elaborate,0,1,0.4155188798904419,0.4155188798904419,
./cnn/stories/e86db210f7eadc6e4ee876bfdbe2b7920284ad83.story,content,elaborate,0,2,0.4112094044685364,0.5883351564407349,0.0010993629693984985
./cnn/stories/e86db210f7eadc6e4ee876bfdbe2b7920284ad83.story,content,elaborate,0,3,0.3982095718383789,0.6103096604347229,0.16232943534851074
./cnn/stories/e86db210f7eadc6e4ee876bfdbe2b7920284ad83.story,content,elaborate,1,1,0.4758923053741455,0.4758923053741455,0.19612841308116913
./cnn/stories/e86db210f7eadc6e4ee876bfdbe2b7920284ad83.story,content,elaborate,1,2,0.4085819721221924,0.6223735213279724,0.43979567289352417
./cnn/stories/e86db210f7eadc6e4ee876bfdbe2b7920284ad83.story,content,elaborate,1,3,0.3688342571258545,0.6066759824752808,0.0010993629693984985
./cnn/stories/e86db210f7eadc6e4ee876bfdbe2b7920284ad83.story,content,elaborate,2,1,0.5502263903617859,0.5502263903617859,0.9147602319717407
./cnn/stories/e86db210f7eadc6e4ee876bfdbe2b7920284ad83.story,content,elaborate,2,2,0.4849865436553955,0.6136575937271118,0.845923125743866
./cnn/stories/e86db210f7eadc6e4ee876bfdbe2b7920284ad83.story,content,elaborate,2,3,0.49610793590545654,0.7172350883483887,0.9885614514350891
./cnn/stories/c8c77e22649bb29d60ea3da21d07d7124149b38d.story,style,formality,0,1,0.5269973278045654,0.5269973278045654,0.5786688327789307
./cnn/stories/c8c77e22649bb29d60ea3da21d07d7124149b38d.story,style,formality,0,2,0.5063090324401855,0.7156736850738525,0.027694515883922577
./cnn/stories/c8c77e22649bb29d60ea3da21d07d7124149b38d.story,style,formality,0,3,0.458168089389801,0.7405222058296204,0.027694515883922577
./cnn/stories/c8c77e22649bb29d60ea3da21d07d7124149b38d.story,style,formality,1,1,0.4937712550163269,0.4937712550163269,0.5786688327789307
./cnn/stories/c8c77e22649bb29d60ea3da21d07d7124149b38d.story,style,formality,1,2,0.3554231822490692,0.5576364398002625,0.027694515883922577
./cnn/stories/c8c77e22649bb29d60ea3da21d07d7124149b38d.story,style,formality,1,3,0.3875861167907715,0.6377885937690735,0.027694515883922577
./cnn/stories/c8c77e22649bb29d60ea3da21d07d7124149b38d.story,style,formality,2,1,0.47964173555374146,0.47964173555374146,0.5786688327789307
./cnn/stories/c8c77e22649bb29d60ea3da21d07d7124149b38d.story,style,formality,2,2,0.48763322830200195,0.7101550698280334,0.027694515883922577
./cnn/stories/c8c77e22649bb29d60ea3da21d07d7124149b38d.story,style,formality,2,3,0.43737173080444336,0.6942496299743652,0.027694515883922577
./cnn/stories/c8c77e22649bb29d60ea3da21d07d7124149b38d.story,style,paraphrase,0,1,0.47778427600860596,0.47778427600860596,0.4892367124557495
./cnn/stories/c8c77e22649bb29d60ea3da21d07d7124149b38d.story,style,paraphrase,0,2,0.47170066833496094,0.7226257920265198,0.03792464733123779
./cnn/stories/c8c77e22649bb29d60ea3da21d07d7124149b38d.story,style,paraphrase,0,3,0.453193724155426,0.7256019711494446,0.03792464733123779
./cnn/stories/c8c77e22649bb29d60ea3da21d07d7124149b38d.story,style,paraphrase,1,1,0.49003082513809204,0.49003082513809204,0.03792464733123779
./cnn/stories/c8c77e22649bb29d60ea3da21d07d7124149b38d.story,style,paraphrase,1,2,0.3964924216270447,0.5456105470657349,0.03792464733123779
./cnn/stories/c8c77e22649bb29d60ea3da21d07d7124149b38d.story,style,paraphrase,1,3,0.3912277817726135,0.589877724647522,0.03792464733123779
./cnn/stories/c8c77e22649bb29d60ea3da21d07d7124149b38d.story,style,paraphrase,2,1,0.4581170678138733,0.4581170678138733,0.5786688327789307
./cnn/stories/c8c77e22649bb29d60ea3da21d07d7124149b38d.story,style,paraphrase,2,2,0.4444791078567505,0.67507004737854,0.027694515883922577
./cnn/stories/c8c77e22649bb29d60ea3da21d07d7124149b38d.story,style,paraphrase,2,3,0.4520299434661865,0.7174767255783081,0.5836698412895203
./cnn/stories/c8c77e22649bb29d60ea3da21d07d7124149b38d.story,content,shorten,0,1,0.45182597637176514,0.45182597637176514,0.4807431101799011
./cnn/stories/c8c77e22649bb29d60ea3da21d07d7124149b38d.story,content,shorten,0,2,0.4042286276817322,0.5526705980300903,0.24365419149398804
./cnn/stories/c8c77e22649bb29d60ea3da21d07d7124149b38d.story,content,shorten,0,3,0.4100537896156311,0.7654778957366943,0.23329859972000122
./cnn/stories/c8c77e22649bb29d60ea3da21d07d7124149b38d.story,content,shorten,1,1,0.28030067682266235,0.28030067682266235,0.4807431101799011
./cnn/stories/c8c77e22649bb29d60ea3da21d07d7124149b38d.story,content,shorten,1,2,0.3608109652996063,0.7077721953392029,0.3673132359981537
./cnn/stories/c8c77e22649bb29d60ea3da21d07d7124149b38d.story,content,shorten,1,3,0.35692131519317627,0.6868748068809509,0.3673132359981537
./cnn/stories/c8c77e22649bb29d60ea3da21d07d7124149b38d.story,content,shorten,2,1,0.4411000609397888,0.4411000609397888,0.4892367124557495
./cnn/stories/c8c77e22649bb29d60ea3da21d07d7124149b38d.story,content,shorten,2,2,0.37143462896347046,0.7051159739494324,0.03792464733123779
./cnn/stories/c8c77e22649bb29d60ea3da21d07d7124149b38d.story,content,shorten,2,3,0.41862887144088745,0.7990294098854065,0.15567359328269958
./cnn/stories/c8c77e22649bb29d60ea3da21d07d7124149b38d.story,content,elaborate,0,1,0.4012655019760132,0.4012655019760132,0.03792464733123779
./cnn/stories/c8c77e22649bb29d60ea3da21d07d7124149b38d.story,content,elaborate,0,2,0.3982484042644501,0.5846756100654602,0.03792464733123779
./cnn/stories/c8c77e22649bb29d60ea3da21d07d7124149b38d.story,content,elaborate,0,3,0.4129260778427124,0.6788930296897888,0.03792464733123779
./cnn/stories/c8c77e22649bb29d60ea3da21d07d7124149b38d.story,content,elaborate,1,1,0.45593589544296265,0.45593589544296265,0.03210655599832535
./cnn/stories/c8c77e22649bb29d60ea3da21d07d7124149b38d.story,content,elaborate,1,2,0.4645841121673584,0.7201752066612244,0.5694003701210022
./cnn/stories/c8c77e22649bb29d60ea3da21d07d7124149b38d.story,content,elaborate,1,3,0.3391055464744568,0.586972713470459,0.5694003701210022
./cnn/stories/c8c77e22649bb29d60ea3da21d07d7124149b38d.story,content,elaborate,2,1,0.4696517586708069,0.4696517586708069,0.5786688327789307
./cnn/stories/c8c77e22649bb29d60ea3da21d07d7124149b38d.story,content,elaborate,2,2,0.4357309937477112,0.672698438167572,0.5786688327789307
./cnn/stories/c8c77e22649bb29d60ea3da21d07d7124149b38d.story,content,elaborate,2,3,0.40701383352279663,0.5753997564315796,0.5786688327789307
./cnn/stories/58f3ec064c17a35ce0eef03a596cdb5851946241.story,style,formality,0,1,0.4425569772720337,0.4425569772720337,0.7394912838935852
./cnn/stories/58f3ec064c17a35ce0eef03a596cdb5851946241.story,style,formality,0,2,0.43333131074905396,0.7135048508644104,0.7394912838935852
./cnn/stories/58f3ec064c17a35ce0eef03a596cdb5851946241.story,style,formality,0,3,0.4216611385345459,0.7628103494644165,0.7394912838935852
./cnn/stories/58f3ec064c17a35ce0eef03a596cdb5851946241.story,style,formality,1,1,0.408089280128479,0.408089280128479,0.7394912838935852
./cnn/stories/58f3ec064c17a35ce0eef03a596cdb5851946241.story,style,formality,1,2,0.37485063076019287,0.7392807602882385,0.7394912838935852
./cnn/stories/58f3ec064c17a35ce0eef03a596cdb5851946241.story,style,formality,1,3,0.36706334352493286,0.7652044892311096,0.7394912838935852
./cnn/stories/58f3ec064c17a35ce0eef03a596cdb5851946241.story,style,formality,2,1,0.3227800726890564,0.3227800726890564,0.7394912838935852
./cnn/stories/58f3ec064c17a35ce0eef03a596cdb5851946241.story,style,formality,2,2,0.33136653900146484,0.6901134848594666,0.7394912838935852
./cnn/stories/58f3ec064c17a35ce0eef03a596cdb5851946241.story,style,formality,2,3,0.3319242000579834,0.7240925431251526,0.7394912838935852
./cnn/stories/58f3ec064c17a35ce0eef03a596cdb5851946241.story,style,paraphrase,0,1,0.3450794816017151,0.3450794816017151,0.7394912838935852
./cnn/stories/58f3ec064c17a35ce0eef03a596cdb5851946241.story,style,paraphrase,0,2,0.27725499868392944,0.5664674639701843,0.06668207049369812
./cnn/stories/58f3ec064c17a35ce0eef03a596cdb5851946241.story,style,paraphrase,0,3,0.3590804934501648,0.7583982348442078,
./cnn/stories/58f3ec064c17a35ce0eef03a596cdb5851946241.story,style,paraphrase,1,1,0.297018826007843,0.297018826007843,0.7394912838935852
./cnn/stories/58f3ec064c17a35ce0eef03a596cdb5851946241.story,style,paraphrase,1,2,0.2835840582847595,0.5792406797409058,0.7394912838935852
./cnn/stories/58f3ec064c17a35ce0eef03a596cdb5851946241.story,style,paraphrase,1,3,0.3234468698501587,0.6081444025039673,0.7394912838935852
./cnn/stories/58f3ec064c17a35ce0eef03a596cdb5851946241.story,style,paraphrase,2,1,0.429654598236084,0.429654598236084,0.22916767001152039
./cnn/stories/58f3ec064c17a35ce0eef03a596cdb5851946241.story,style,paraphrase,2,2,0.36114344000816345,0.5027934312820435,0.6570435166358948
./cnn/stories/58f3ec064c17a35ce0eef03a596cdb5851946241.story,style,paraphrase,2,3,0.3133026957511902,0.6680424809455872,0.7394912838935852
./cnn/stories/58f3ec064c17a35ce0eef03a596cdb5851946241.story,content,shorten,0,1,0.32476571202278137,0.32476571202278137,0.22916767001152039
./cnn/stories/58f3ec064c17a35ce0eef03a596cdb5851946241.story,content,shorten,0,2,0.33595794439315796,0.7498505711555481,0.22916767001152039
./cnn/stories/58f3ec064c17a35ce0eef03a596cdb5851946241.story,content,shorten,0,3,0.31954020261764526,0.7718987464904785,0.22916767001152039
./cnn/stories/58f3ec064c17a35ce0eef03a596cdb5851946241.story,content,shorten,1,1,0.42586207389831543,0.42586207389831543,0.7394912838935852
./cnn/stories/58f3ec064c17a35ce0eef03a596cdb5851946241.story,content,shorten,1,2,0.35248565673828125,0.7168611884117126,0.7394912838935852
./cnn/stories/58f3ec064c17a35ce0eef03a596cdb5851946241.story,content,shorten,1,3,0.3818020224571228,0.7005851864814758,0.7394912838935852
./cnn/stories/58f3ec064c17a35ce0eef03a596cdb5851946241.story,content,shorten,2,1,0.32835322618484497,0.32835322618484497,0.7394912838935852
./cnn/stories/58f3ec064c17a35ce0eef03a596cdb5851946241.story,content,shorten,2,2,0.3084867596626282,0.626145601272583,0.7394912838935852
./cnn/stories/58f3ec064c17a35ce0eef03a596cdb5851946241.story,content,shorten,2,3,0.3093159794807434,0.7577980160713196,0.7394912838935852
./cnn/stories/58f3ec064c17a35ce0eef03a596cdb5851946241.story,content,elaborate,0,1,0.38955020904541016,0.38955020904541016,0.7394912838935852
./cnn/stories/58f3ec064c17a35ce0eef03a596cdb5851946241.story,content,elaborate,0,2,0.3320302367210388,0.6073704361915588,0.5082342028617859
./cnn/stories/58f3ec064c17a35ce0eef03a596cdb5851946241.story,content,elaborate,0,3,0.33067506551742554,0.6065313816070557,0.23592576384544373
./cnn/stories/58f3ec064c17a35ce0eef03a596cdb5851946241.story,content,elaborate,1,1,0.3354228138923645,0.3354228138923645,0.7394912838935852
./cnn/stories/58f3ec064c17a35ce0eef03a596cdb5851946241.story,content,elaborate,1,2,0.32950490713119507,0.5391330718994141,0.7394912838935852
./cnn/stories/58f3ec064c17a35ce0eef03a596cdb5851946241.story,content,elaborate,1,3,0.3602859377861023,0.6151232123374939,0.7394912838935852
./cnn/stories/58f3ec064c17a35ce0eef03a596cdb5851946241.story,content,elaborate,2,1,0.3373068571090698,0.3373068571090698,0.6527696251869202
./cnn/stories/58f3ec064c17a35ce0eef03a596cdb5851946241.story,content,elaborate,2,2,0.3488369882106781,0.7054746747016907,0.22916767001152039
./cnn/stories/58f3ec064c17a35ce0eef03a596cdb5851946241.story,content,elaborate,2,3,0.30657804012298584,0.5596340298652649,0.5055804252624512
./cnn/stories/017df5c4fe1e79eb26957ff6a8b4c1e41cd966ac.story,style,formality,0,1,0.5367185473442078,0.5367185473442078,0.31720036268234253
./cnn/stories/017df5c4fe1e79eb26957ff6a8b4c1e41cd966ac.story,style,formality,0,2,0.4395122528076172,0.6890230178833008,0.341813325881958
./cnn/stories/017df5c4fe1e79eb26957ff6a8b4c1e41cd966ac.story,style,formality,0,3,0.3125022053718567,0.6916037797927856,0.336747407913208
./cnn/stories/017df5c4fe1e79eb26957ff6a8b4c1e41cd966ac.story,style,formality,1,1,0.4227259159088135,0.4227259159088135,0.3991122841835022
./cnn/stories/017df5c4fe1e79eb26957ff6a8b4c1e41cd966ac.story,style,formality,1,2,0.4568744897842407,0.7030327916145325,0.37780267000198364
./cnn/stories/017df5c4fe1e79eb26957ff6a8b4c1e41cd966ac.story,style,formality,1,3,0.36757636070251465,0.6902641654014587,0.2540668845176697
./cnn/stories/017df5c4fe1e79eb26957ff6a8b4c1e41cd966ac.story,style,formality,2,1,0.5212782621383667,0.5212782621383667,0.49312376976013184
./cnn/stories/017df5c4fe1e79eb26957ff6a8b4c1e41cd966ac.story,style,formality,2,2,0.5111615061759949,0.7527873516082764,0.39240753650665283
./cnn/stories/017df5c4fe1e79eb26957ff6a8b4c1e41cd966ac.story,style,formality,2,3,0.5183762907981873,0.7761972546577454,0.42877721786499023
./cnn/stories/017df5c4fe1e79eb26957ff6a8b4c1e41cd966ac.story,style,paraphrase,0,1,0.41430580615997314,0.41430580615997314,0.501058042049408
./cnn/stories/017df5c4fe1e79eb26957ff6a8b4c1e41cd966ac.story,style,paraphrase,0,2,0.4441552758216858,0.7618148922920227,0.3424836993217468
./cnn/stories/017df5c4fe1e79eb26957ff6a8b4c1e41cd966ac.story,style,paraphrase,0,3,0.4367592930793762,0.7644844651222229,0.27034997940063477
./cnn/stories/017df5c4fe1e79eb26957ff6a8b4c1e41cd966ac.story,style,paraphrase,1,1,0.4991227984428406,0.4991227984428406,
./cnn/stories/017df5c4fe1e79eb26957ff6a8b4c1e41cd966ac.story,style,paraphrase,1,2,0.4313961863517761,0.6341812014579773,
./cnn/stories/017df5c4fe1e79eb26957ff6a8b4c1e41cd966ac.story,style,paraphrase,1,3,0.4388197064399719,0.6818109750747681,
./cnn/stories/017df5c4fe1e79eb26957ff6a8b4c1e41cd966ac.story,style,paraphrase,2,1,0.49136656522750854,0.49136656522750854,0.31074196100234985
./cnn/stories/017df5c4fe1e79eb26957ff6a8b4c1e41cd966ac.story,style,paraphrase,2,2,0.43967556953430176,0.553297758102417,0.35978931188583374
./cnn/stories/017df5c4fe1e79eb26957ff6a8b4c1e41cd966ac.story,style,paraphrase,2,3,0.4801991581916809,0.6522567868232727,0.3128144145011902
./cnn/stories/017df5c4fe1e79eb26957ff6a8b4c1e41cd966ac.story,content,shorten,0,1,0.4131348729133606,0.4131348729133606,
./cnn/stories/017df5c4fe1e79eb26957ff6a8b4c1e41cd966ac.story,content,shorten,0,2,0.4279693365097046,0.7374719977378845,
./cnn/stories/017df5c4fe1e79eb26957ff6a8b4c1e41cd966ac.story,content,shorten,0,3,0.36350804567337036,0.629716694355011,
./cnn/stories/017df5c4fe1e79eb26957ff6a8b4c1e41cd966ac.story,content,shorten,1,1,0.4362001419067383,0.4362001419067383,0.42798107862472534
./cnn/stories/017df5c4fe1e79eb26957ff6a8b4c1e41cd966ac.story,content,shorten,1,2,0.3711150884628296,0.7535945773124695,0.007699951529502869
./cnn/stories/017df5c4fe1e79eb26957ff6a8b4c1e41cd966ac.story,content,shorten,1,3,0.4745960831642151,0.7816049456596375,
./cnn/stories/017df5c4fe1e79eb26957ff6a8b4c1e41cd966ac.story,content,shorten,2,1,0.47724056243896484,0.47724056243896484,0.4188898801803589
./cnn/stories/017df5c4fe1e79eb26957ff6a8b4c1e41cd966ac.story,content,shorten,2,2,0.4179007411003113,0.5883165001869202,0.3612949252128601
./cnn/stories/017df5c4fe1e79eb26957ff6a8b4c1e41cd966ac.story,content,shorten,2,3,0.45218420028686523,0.6365369558334351,0.4440053105354309
./cnn/stories/017df5c4fe1e79eb26957ff6a8b4c1e41cd966ac.story,content,elaborate,0,1,0.47356337308883667,0.47356337308883667,0.465293288230896
./cnn/stories/017df5c4fe1e79eb26957ff6a8b4c1e41cd966ac.story,content,elaborate,0,2,0.457550048828125,0.5813887119293213,0.37959206104278564
./cnn/stories/017df5c4fe1e79eb26957ff6a8b4c1e41cd966ac.story,content,elaborate,0,3,0.4733872413635254,0.6839316487312317,0.42052221298217773
./cnn/stories/017df5c4fe1e79eb26957ff6a8b4c1e41cd966ac.story,content,elaborate,1,1,0.5037391185760498,0.5037391185760498,0.4586901068687439
./cnn/stories/017df5c4fe1e79eb26957ff6a8b4c1e41cd966ac.story,content,elaborate,1,2,0.5099043250083923,0.680784285068512,0.3137136399745941
./cnn/stories/017df5c4fe1e79eb26957ff6a8b4c1e41cd966ac.story,content,elaborate,1,3,0.48994195461273193,0.6898010969161987,0.348979115486145
./cnn/stories/017df5c4fe1e79eb26957ff6a8b4c1e41cd966ac.story,content,elaborate,2,1,0.5204499363899231,0.5204499363899231,0.6888715624809265
./cnn/stories/017df5c4fe1e79eb26957ff6a8b4c1e41cd966ac.story,content,elaborate,2,2,0.5189103484153748,0.6314195990562439,0.40621304512023926
./cnn/stories/017df5c4fe1e79eb26957ff6a8b4c1e41cd966ac.story,content,elaborate,2,3,0.5076128840446472,0.7256712913513184,0.36219555139541626
./cnn/stories/1486bf735a2b6259aa2c511985d1235865281f41.story,style,formality,0,1,0.5137183666229248,0.5137183666229248,0.8548148274421692
./cnn/stories/1486bf735a2b6259aa2c511985d1235865281f41.story,style,formality,0,2,0.45716702938079834,0.7291324734687805,0.8548148274421692
./cnn/stories/1486bf735a2b6259aa2c511985d1235865281f41.story,style,formality,0,3,0.4563809037208557,0.7470438480377197,0.8548148274421692
./cnn/stories/1486bf735a2b6259aa2c511985d1235865281f41.story,style,formality,1,1,0.4936022162437439,0.4936022162437439,0.4223654270172119
./cnn/stories/1486bf735a2b6259aa2c511985d1235865281f41.story,style,formality,1,2,0.49288052320480347,0.7395257353782654,0.8548148274421692
./cnn/stories/1486bf735a2b6259aa2c511985d1235865281f41.story,style,formality,1,3,0.48056304454803467,0.7164246439933777,0.8548148274421692
./cnn/stories/1486bf735a2b6259aa2c511985d1235865281f41.story,style,formality,2,1,0.5390556454658508,0.5390556454658508,0.4223654270172119
./cnn/stories/1486bf735a2b6259aa2c511985d1235865281f41.story,style,formality,2,2,0.5025930404663086,0.5767471194267273,0.8548148274421692
./cnn/stories/1486bf735a2b6259aa2c511985d1235865281f41.story,style,formality,2,3,0.4784480333328247,0.677402675151825,0.8548148274421692
./cnn/stories/1486bf735a2b6259aa2c511985d1235865281f41.story,style,paraphrase,0,1,0.41169923543930054,0.41169923543930054,0.8548148274421692
./cnn/stories/1486bf735a2b6259aa2c511985d1235865281f41.story,style,paraphrase,0,2,0.4496033787727356,0.6362118124961853,0.8548148274421692
./cnn/stories/1486bf735a2b6259aa2c511985d1235865281f41.story,style,paraphrase,0,3,0.40111273527145386,0.5204371809959412,0.8548148274421692
./cnn/stories/1486bf735a2b6259aa2c511985d1235865281f41.story,style,paraphrase,1,1,0.4961785674095154,0.4961785674095154,0.8548148274421692
./cnn/stories/1486bf735a2b6259aa2c511985d1235865281f41.story,style,paraphrase,1,2,0.42768585681915283,0.4566371440887451,0.8548148274421692
./cnn/stories/1486bf735a2b6259aa2c511985d1235865281f41.story,style,paraphrase,1,3,0.42910921573638916,0.6985991597175598,0.8548148274421692
./cnn/stories/1486bf735a2b6259aa2c511985d1235865281f41.story,style,paraphrase,2,1,0.48328304290771484,0.48328304290771484,0.8548148274421692
./cnn/stories/1486bf735a2b6259aa2c511985d1235865281f41.story,style,paraphrase,2,2,0.4318164587020874,0.534295916557312,0.8548148274421692
./cnn/stories/1486bf735a2b6259aa2c511985d1235865281f41.story,style,paraphrase,2,3,0.49331825971603394,0.6028087735176086,0.8548148274421692
./cnn/stories/1486bf735a2b6259aa2c511985d1235865281f41.story,content,shorten,0,1,0.456304132938385,0.456304132938385,0.8548148274421692
./cnn/stories/1486bf735a2b6259aa2c511985d1235865281f41.story,content,shorten,0,2,0.3874083161354065,0.5217063426971436,0.8548148274421692
./cnn/stories/1486bf735a2b6259aa2c511985d1235865281f41.story,content,shorten,0,3,0.3869643807411194,0.6712454557418823,0.8548148274421692
./cnn/stories/1486bf735a2b6259aa2c511985d1235865281f41.story,content,shorten,1,1,0.39330244064331055,0.39330244064331055,0.4223654270172119
./cnn/stories/1486bf735a2b6259aa2c511985d1235865281f41.story,content,shorten,1,2,0.3491438031196594,0.6279801726341248,0.4223654270172119
./cnn/stories/1486bf735a2b6259aa2c511985d1235865281f41.story,content,shorten,1,3,0.3941461145877838,0.6855067610740662,0.8548148274421692
./cnn/stories/1486bf735a2b6259aa2c511985d1235865281f41.story,content,shorten,2,1,0.4228447675704956,0.4228447675704956,0.47666943073272705
./cnn/stories/1486bf735a2b6259aa2c511985d1235865281f41.story,content,shorten,2,2,0.35172533988952637,0.6981188058853149,0.3342432379722595
./cnn/stories/1486bf735a2b6259aa2c511985d1235865281f41.story,content,shorten,2,3,0.4016510248184204,0.7847639918327332,0.4745429754257202
./cnn/stories/1486bf735a2b6259aa2c511985d1235865281f41.story,content,elaborate,0,1,0.44997739791870117,0.44997739791870117,0.4223654270172119
./cnn/stories/1486bf735a2b6259aa2c511985d1235865281f41.story,content,elaborate,0,2,0.41154932975769043,0.4853871464729309,0.8548148274421692
./cnn/stories/1486bf735a2b6259aa2c511985d1235865281f41.story,content,elaborate,0,3,0.42697757482528687,0.6279106140136719,0.8548148274421692
./cnn/stories/1486bf735a2b6259aa2c511985d1235865281f41.story,content,elaborate,1,1,0.47111624479293823,0.47111624479293823,0.8548148274421692
./cnn/stories/1486bf735a2b6259aa2c511985d1235865281f41.story,content,elaborate,1,2,0.4234886169433594,0.5147554278373718,0.8548148274421692
./cnn/stories/1486bf735a2b6259aa2c511985d1235865281f41.story,content,elaborate,1,3,0.38104528188705444,0.6084885001182556,0.8548148274421692
./cnn/stories/1486bf735a2b6259aa2c511985d1235865281f41.story,content,elaborate,2,1,0.4279775023460388,0.4279775023460388,0.08196118474006653
./cnn/stories/1486bf735a2b6259aa2c511985d1235865281f41.story,content,elaborate,2,2,0.4247433543205261,0.6313417553901672,0.8548148274421692
./cnn/stories/1486bf735a2b6259aa2c511985d1235865281f41.story,content,elaborate,2,3,0.40560752153396606,0.624359667301178,0.8548148274421692
./cnn/stories/5a1090b00f7f66194f3b088e4d39bd410721a063.story,style,formality,0,1,0.4266815185546875,0.4266815185546875,0.22517377138137817
./cnn/stories/5a1090b00f7f66194f3b088e4d39bd410721a063.story,style,formality,0,2,0.41053515672683716,0.8092749714851379,0.04151871055364609
./cnn/stories/5a1090b00f7f66194f3b088e4d39bd410721a063.story,style,formality,0,3,0.4159161448478699,0.7783570885658264,0.04151871055364609
./cnn/stories/5a1090b00f7f66194f3b088e4d39bd410721a063.story,style,formality,1,1,0.4369911551475525,0.4369911551475525,0.3866955637931824
./cnn/stories/5a1090b00f7f66194f3b088e4d39bd410721a063.story,style,formality,1,2,0.4214690923690796,0.674693763256073,0.2468293309211731
./cnn/stories/5a1090b00f7f66194f3b088e4d39bd410721a063.story,style,formality,1,3,0.4624277949333191,0.7184887528419495,0.2468293309211731
./cnn/stories/5a1090b00f7f66194f3b088e4d39bd410721a063.story,style,formality,2,1,0.4953776001930237,0.4953776001930237,0.22517377138137817
./cnn/stories/5a1090b00f7f66194f3b088e4d39bd410721a063.story,style,formality,2,2,0.4873977303504944,0.7577041983604431,0.21129797399044037
./cnn/stories/5a1090b00f7f66194f3b088e4d39bd410721a063.story,style,formality,2,3,0.4762258529663086,0.8000444173812866,0.21129797399044037
./cnn/stories/5a1090b00f7f66194f3b088e4d39bd410721a063.story,style,paraphrase,0,1,0.3871440887451172,0.3871440887451172,0.21924984455108643
./cnn/stories/5a1090b00f7f66194f3b088e4d39bd410721a063.story,style,paraphrase,0,2,0.3811994791030884,0.7045690417289734,0.2690660059452057
./cnn/stories/5a1090b00f7f66194f3b088e4d39bd410721a063.story,style,paraphrase,0,3,0.369457870721817,0.7430709600448608,0.6571694016456604
./cnn/stories/5a1090b00f7f66194f3b088e4d39bd410721a063.story,style,paraphrase,1,1,0.45244300365448,0.45244300365448,0.22517377138137817
./cnn/stories/5a1090b00f7f66194f3b088e4d39bd410721a063.story,style,paraphrase,1,2,0.40058958530426025,0.6678928732872009,0.6571694016456604
./cnn/stories/5a1090b00f7f66194f3b088e4d39bd410721a063.story,style,paraphrase,1,3,0.42350244522094727,0.7412915825843811,0.6571694016456604
./cnn/stories/5a1090b00f7f66194f3b088e4d39bd410721a063.story,style,paraphrase,2,1,0.371051549911499,0.371051549911499,0.6571694016456604
./cnn/stories/5a1090b00f7f66194f3b088e4d39bd410721a063.story,style,paraphrase,2,2,0.41714489459991455,0.6472938060760498,0.22517377138137817
./cnn/stories/5a1090b00f7f66194f3b088e4d39bd410721a063.story,style,paraphrase,2,3,0.4024123549461365,0.6849132180213928,0.2690660059452057
./cnn/stories/5a1090b00f7f66194f3b088e4d39bd410721a063.story,content,shorten,0,1,0.3598119020462036,0.3598119020462036,0.2164597064256668
./cnn/stories/5a1090b00f7f66194f3b088e4d39bd410721a063.story,content,shorten,0,2,0.3363080322742462,0.7110306620597839,0.2690660059452057
./cnn/stories/5a1090b00f7f66194f3b088e4d39bd410721a063.story,content,shorten,0,3,0.2893659770488739,0.8149877190589905,0.2690660059452057
./cnn/stories/5a1090b00f7f66194f3b088e4d39bd410721a063.story,content,shorten,1,1,0.39719486236572266,0.39719486236572266,0.2690660059452057
./cnn/stories/5a1090b00f7f66194f3b088e4d39bd410721a063.story,content,shorten,1,2,0.3177957534790039,0.6927379369735718,
./cnn/stories/5a1090b00f7f66194f3b088e4d39bd410721a063.story,content,shorten,1,3,0.33650481700897217,0.8244016170501709,
./cnn/stories/5a1090b00f7f66194f3b088e4d39bd410721a063.story,content,shorten,2,1,0.3694438934326172,0.3694438934326172,0.21924984455108643
./cnn/stories/5a1090b00f7f66194f3b088e4d39bd410721a063.story,content,shorten,2,2,0.35711970925331116,0.798667848110199,0.21924984455108643
./cnn/stories/5a1090b00f7f66194f3b088e4d39bd410721a063.story,content,shorten,2,3,0.343425452709198,0.7691813111305237,0.21924984455108643
./cnn/stories/5a1090b00f7f66194f3b088e4d39bd410721a063.story,content,elaborate,0,1,0.395591139793396,0.395591139793396,0.6571694016456604
./cnn/stories/5a1090b00f7f66194f3b088e4d39bd410721a063.story,content,elaborate,0,2,0.36751747131347656,0.6134450435638428,0.6571694016456604
./cnn/stories/5a1090b00f7f66194f3b088e4d39bd410721a063.story,content,elaborate,0,3,0.3424815535545349,0.559383749961853,-0.011342018842697144
./cnn/stories/5a1090b00f7f66194f3b088e4d39bd410721a063.story,content,elaborate,1,1,0.39941826462745667,0.39941826462745667,0.6571694016456604
./cnn/stories/5a1090b00f7f66194f3b088e4d39bd410721a063.story,content,elaborate,1,2,0.3987138271331787,0.5974997282028198,0.6571694016456604
./cnn/stories/5a1090b00f7f66194f3b088e4d39bd410721a063.story,content,elaborate,1,3,0.38443779945373535,0.6049034595489502,0.6571694016456604
./cnn/stories/5a1090b00f7f66194f3b088e4d39bd410721a063.story,content,elaborate,2,1,0.34778153896331787,0.34778153896331787,0.6571694016456604
./cnn/stories/5a1090b00f7f66194f3b088e4d39bd410721a063.story,content,elaborate,2,2,0.33014219999313354,0.6937666535377502,0.6571694016456604
./cnn/stories/5a1090b00f7f66194f3b088e4d39bd410721a063.story,content,elaborate,2,3,0.25770315527915955,0.7137472033500671,0.6571694016456604
./cnn/stories/36171b3054885df4cf9ed97c5e7879bc3ed48a76.story,style,formality,0,1,0.5507283210754395,0.5507283210754395,0.20687060058116913
./cnn/stories/36171b3054885df4cf9ed97c5e7879bc3ed48a76.story,style,formality,0,2,0.5441069602966309,0.7217094302177429,0.11444583535194397
./cnn/stories/36171b3054885df4cf9ed97c5e7879bc3ed48a76.story,style,formality,0,3,0.45229989290237427,0.76604825258255,0.10886724293231964
./cnn/stories/36171b3054885df4cf9ed97c5e7879bc3ed48a76.story,style,formality,1,1,0.6204816102981567,0.6204816102981567,0.1386273205280304
./cnn/stories/36171b3054885df4cf9ed97c5e7879bc3ed48a76.story,style,formality,1,2,0.48931044340133667,0.7044387459754944,0.2511972486972809
./cnn/stories/36171b3054885df4cf9ed97c5e7879bc3ed48a76.story,style,formality,1,3,0.5529539585113525,0.7806931138038635,0.2404172420501709
./cnn/stories/36171b3054885df4cf9ed97c5e7879bc3ed48a76.story,style,formality,2,1,0.5720539093017578,0.5720539093017578,0.1681431531906128
./cnn/stories/36171b3054885df4cf9ed97c5e7879bc3ed48a76.story,style,formality,2,2,0.572249710559845,0.7320303916931152,0.17424553632736206
./cnn/stories/36171b3054885df4cf9ed97c5e7879bc3ed48a76.story,style,formality,2,3,0.5673450827598572,0.7730632424354553,0.15180563926696777
./cnn/stories/36171b3054885df4cf9ed97c5e7879bc3ed48a76.story,style,paraphrase,0,1,0.6130103468894958,0.6130103468894958,0.17477338016033173
./cnn/stories/36171b3054885df4cf9ed97c5e7879bc3ed48a76.story,style,paraphrase,0,2,0.4084821939468384,0.5609833598136902,0.09632785618305206
./cnn/stories/36171b3054885df4cf9ed97c5e7879bc3ed48a76.story,style,paraphrase,0,3,0.36865076422691345,0.5589037537574768,0.13359662890434265
./cnn/stories/36171b3054885df4cf9ed97c5e7879bc3ed48a76.story,style,paraphrase,1,1,0.5033786296844482,0.5033786296844482,0.1191430538892746
./cnn/stories/36171b3054885df4cf9ed97c5e7879bc3ed48a76.story,style,paraphrase,1,2,0.4598538279533386,0.7704241871833801,0.23371568322181702
./cnn/stories/36171b3054885df4cf9ed97c5e7879bc3ed48a76.story,style,paraphrase,1,3,0.4627137780189514,0.7483229041099548,0.15929749608039856
./cnn/stories/36171b3054885df4cf9ed97c5e7879bc3ed48a76.story,style,paraphrase,2,1,0.5940163731575012,0.5940163731575012,0.1377047300338745
./cnn/stories/36171b3054885df4cf9ed97c5e7879bc3ed48a76.story,style,paraphrase,2,2,0.5914855003356934,0.6703131794929504,0.17102473974227905
./cnn/stories/36171b3054885df4cf9ed97c5e7879bc3ed48a76.story,style,paraphrase,2,3,0.44154953956604004,0.6391783356666565,0.0793401300907135
./cnn/stories/36171b3054885df4cf9ed97c5e7879bc3ed48a76.story,content,shorten,0,1,0.5310614705085754,0.5310614705085754,0.21567599475383759
./cnn/stories/36171b3054885df4cf9ed97c5e7879bc3ed48a76.story,content,shorten,0,2,0.4255409836769104,0.6707722544670105,0.21567599475383759
./cnn/stories/36171b3054885df4cf9ed97c5e7879bc3ed48a76.story,content,shorten,0,3,0.4487190246582031,0.8079375624656677,0.21567599475383759
./cnn/stories/36171b3054885df4cf9ed97c5e7879bc3ed48a76.story,content,shorten,1,1,0.3497401177883148,0.3497401177883148,0.06632651388645172
./cnn/stories/36171b3054885df4cf9ed97c5e7879bc3ed48a76.story,content,shorten,1,2,0.5175117254257202,0.8079037666320801,0.0556107759475708
./cnn/stories/36171b3054885df4cf9ed97c5e7879bc3ed48a76.story,content,shorten,1,3,0.4604613780975342,0.7555546164512634,0.3071712851524353
./cnn/stories/36171b3054885df4cf9ed97c5e7879bc3ed48a76.story,content,shorten,2,1,0.5838629007339478,0.5838629007339478,0.22782060503959656
./cnn/stories/36171b3054885df4cf9ed97c5e7879bc3ed48a76.story,content,shorten,2,2,0.4742254614830017,0.6766977906227112,0.11344800144433975
./cnn/stories/36171b3054885df4cf9ed97c5e7879bc3ed48a76.story,content,shorten,2,3,0.4798029661178589,0.7531495690345764,0.21089787781238556
./cnn/stories/36171b3054885df4cf9ed97c5e7879bc3ed48a76.story,content,elaborate,0,1,0.4414476156234741,0.4414476156234741,0.3995583653450012
./cnn/stories/36171b3054885df4cf9ed97c5e7879bc3ed48a76.story,content,elaborate,0,2,0.4014472961425781,0.584141731262207,0.22972676157951355
./cnn/stories/36171b3054885df4cf9ed97c5e7879bc3ed48a76.story,content,elaborate,0,3,0.35544854402542114,0.7090975642204285,0.10255376994609833
./cnn/stories/36171b3054885df4cf9ed97c5e7879bc3ed48a76.story,content,elaborate,1,1,0.4315876364707947,0.4315876364707947,0.10364322364330292
./cnn/stories/36171b3054885df4cf9ed97c5e7879bc3ed48a76.story,content,elaborate,1,2,0.4070274233818054,0.6593636274337769,0.10675676167011261
./cnn/stories/36171b3054885df4cf9ed97c5e7879bc3ed48a76.story,content,elaborate,1,3,0.39169126749038696,0.581809401512146,0.1275583952665329
./cnn/stories/36171b3054885df4cf9ed97c5e7879bc3ed48a76.story,content,elaborate,2,1,0.548494279384613,0.548494279384613,0.13273611664772034
./cnn/stories/36171b3054885df4cf9ed97c5e7879bc3ed48a76.story,content,elaborate,2,2,0.4245598316192627,0.6046135425567627,0.16831904649734497
./cnn/stories/36171b3054885df4cf9ed97c5e7879bc3ed48a76.story,content,elaborate,2,3,0.36497053503990173,0.6218040585517883,0.14235585927963257
./cnn/stories/b0036f56a07b266a1759bf500f52376eb606f696.story,style,formality,0,1,0.3454588055610657,0.3454588055610657,0.9845753312110901
./cnn/stories/b0036f56a07b266a1759bf500f52376eb606f696.story,style,formality,0,2,0.35170966386795044,0.789885938167572,0.9845753312110901
./cnn/stories/b0036f56a07b266a1759bf500f52376eb606f696.story,style,formality,0,3,0.35090017318725586,0.812602698802948,0.9845753312110901
./cnn/stories/b0036f56a07b266a1759bf500f52376eb606f696.story,style,formality,1,1,0.417189359664917,0.417189359664917,0.9845753312110901
./cnn/stories/b0036f56a07b266a1759bf500f52376eb606f696.story,style,formality,1,2,0.38070082664489746,0.6891645789146423,0.9845753312110901
./cnn/stories/b0036f56a07b266a1759bf500f52376eb606f696.story,style,formality,1,3,0.34715694189071655,0.7074253559112549,0.9845753312110901
./cnn/stories/b0036f56a07b266a1759bf500f52376eb606f696.story,style,formality,2,1,0.41887974739074707,0.41887974739074707,0.9845753312110901
./cnn/stories/b0036f56a07b266a1759bf500f52376eb606f696.story,style,formality,2,2,0.39971923828125,0.7655223608016968,0.7602521777153015
./cnn/stories/b0036f56a07b266a1759bf500f52376eb606f696.story,style,formality,2,3,0.3200136423110962,0.6771619915962219,0.7602521777153015
./cnn/stories/b0036f56a07b266a1759bf500f52376eb606f696.story,style,paraphrase,0,1,0.2775663137435913,0.2775663137435913,0.9845753312110901
./cnn/stories/b0036f56a07b266a1759bf500f52376eb606f696.story,style,paraphrase,0,2,0.3146672248840332,0.6203644275665283,0.9845753312110901
./cnn/stories/b0036f56a07b266a1759bf500f52376eb606f696.story,style,paraphrase,0,3,0.3229040503501892,0.685589075088501,0.9845753312110901
./cnn/stories/b0036f56a07b266a1759bf500f52376eb606f696.story,style,paraphrase,1,1,0.3695695400238037,0.3695695400238037,0.9845753312110901
./cnn/stories/b0036f56a07b266a1759bf500f52376eb606f696.story,style,paraphrase,1,2,0.3717513084411621,0.6616176962852478,0.9845753312110901
./cnn/stories/b0036f56a07b266a1759bf500f52376eb606f696.story,style,paraphrase,1,3,0.3279586434364319,0.6972895264625549,0.9845753312110901
./cnn/stories/b0036f56a07b266a1759bf500f52376eb606f696.story,style,paraphrase,2,1,0.3756716251373291,0.3756716251373291,0.9845753312110901
./cnn/stories/b0036f56a07b266a1759bf500f52376eb606f696.story,style,paraphrase,2,2,0.3863394260406494,0.554736316204071,0.9845753312110901
./cnn/stories/b0036f56a07b266a1759bf500f52376eb606f696.story,style,paraphrase,2,3,0.35686275362968445,0.7046463489532471,0.9845753312110901
./cnn/stories/b0036f56a07b266a1759bf500f52376eb606f696.story,content,shorten,0,1,0.37264448404312134,0.37264448404312134,0.9845753312110901
./cnn/stories/b0036f56a07b266a1759bf500f52376eb606f696.story,content,shorten,0,2,0.33241450786590576,0.63077312707901,0.9845753312110901
./cnn/stories/b0036f56a07b266a1759bf500f52376eb606f696.story,content,shorten,0,3,0.31710952520370483,0.7488067150115967,0.5589802265167236
./cnn/stories/b0036f56a07b266a1759bf500f52376eb606f696.story,content,shorten,1,1,0.39770203828811646,0.39770203828811646,0.6144558191299438
./cnn/stories/b0036f56a07b266a1759bf500f52376eb606f696.story,content,shorten,1,2,0.3680391311645508,0.7130672931671143,0.6144558191299438
./cnn/stories/b0036f56a07b266a1759bf500f52376eb606f696.story,content,shorten,1,3,0.36064374446868896,0.7358031272888184,0.4664502739906311
./cnn/stories/b0036f56a07b266a1759bf500f52376eb606f696.story,content,shorten,2,1,0.360235333442688,0.360235333442688,0.9845753312110901
./cnn/stories/b0036f56a07b266a1759bf500f52376eb606f696.story,content,shorten,2,2,0.3242807984352112,0.5057563185691833,0.9845753312110901
./cnn/stories/b0036f56a07b266a1759bf500f52376eb606f696.story,content,shorten,2,3,0.41268378496170044,0.6842986345291138,0.7602521777153015
./cnn/stories/b0036f56a07b266a1759bf500f52376eb606f696.story,content,elaborate,0,1,0.319341778755188,0.319341778755188,0.9845753312110901
./cnn/stories/b0036f56a07b266a1759bf500f52376eb606f696.story,content,elaborate,0,2,0.3302481174468994,0.7145127654075623,0.9845753312110901
./cnn/stories/b0036f56a07b266a1759bf500f52376eb606f696.story,content,elaborate,0,3,0.3155028820037842,0.674822211265564,0.9845753312110901
./cnn/stories/b0036f56a07b266a1759bf500f52376eb606f696.story,content,elaborate,1,1,0.4012495279312134,0.4012495279312134,0.9845753312110901
./cnn/stories/b0036f56a07b266a1759bf500f52376eb606f696.story,content,elaborate,1,2,0.3672333359718323,0.6986660361289978,0.9845753312110901
./cnn/stories/b0036f56a07b266a1759bf500f52376eb606f696.story,content,elaborate,1,3,0.3757631182670593,0.7589070200920105,0.9845753312110901
./cnn/stories/b0036f56a07b266a1759bf500f52376eb606f696.story,content,elaborate,2,1,0.3457372784614563,0.3457372784614563,0.9845753312110901
./cnn/stories/b0036f56a07b266a1759bf500f52376eb606f696.story,content,elaborate,2,2,0.32181259989738464,0.7250575423240662,0.9845753312110901
./cnn/stories/b0036f56a07b266a1759bf500f52376eb606f696.story,content,elaborate,2,3,0.318400502204895,0.7568861842155457,0.9845753312110901
./cnn/stories/f1bde9d7a588ec3d4a19b0d6fedad09c7fe6fb5c.story,style,formality,0,1,0.6684660315513611,0.6684660315513611,0.5604115128517151
./cnn/stories/f1bde9d7a588ec3d4a19b0d6fedad09c7fe6fb5c.story,style,formality,0,2,0.5637319684028625,0.6962438225746155,0.4213588833808899
./cnn/stories/f1bde9d7a588ec3d4a19b0d6fedad09c7fe6fb5c.story,style,formality,0,3,0.5488671064376831,0.7737242579460144,0.4315651059150696
./cnn/stories/f1bde9d7a588ec3d4a19b0d6fedad09c7fe6fb5c.story,style,formality,1,1,0.6482658386230469,0.6482658386230469,0.5011120438575745
./cnn/stories/f1bde9d7a588ec3d4a19b0d6fedad09c7fe6fb5c.story,style,formality,1,2,0.5776551365852356,0.732426106929779,0.5006533861160278
./cnn/stories/f1bde9d7a588ec3d4a19b0d6fedad09c7fe6fb5c.story,style,formality,1,3,0.4233390688896179,0.641184389591217,0.6646401286125183
./cnn/stories/f1bde9d7a588ec3d4a19b0d6fedad09c7fe6fb5c.story,style,formality,2,1,0.42808663845062256,0.42808663845062256,0.10194936394691467
./cnn/stories/f1bde9d7a588ec3d4a19b0d6fedad09c7fe6fb5c.story,style,formality,2,2,0.4192613959312439,0.7292829751968384,0.17406710982322693
./cnn/stories/f1bde9d7a588ec3d4a19b0d6fedad09c7fe6fb5c.story,style,formality,2,3,0.3739442229270935,0.7480488419532776,0.08325465023517609
./cnn/stories/f1bde9d7a588ec3d4a19b0d6fedad09c7fe6fb5c.story,style,paraphrase,0,1,0.44136661291122437,0.44136661291122437,0.36441415548324585
./cnn/stories/f1bde9d7a588ec3d4a19b0d6fedad09c7fe6fb5c.story,style,paraphrase,0,2,0.37531960010528564,0.6944898366928101,0.1933172643184662
./cnn/stories/f1bde9d7a588ec3d4a19b0d6fedad09c7fe6fb5c.story,style,paraphrase,0,3,0.38004592061042786,0.6627169251441956,0.1895229071378708
./cnn/stories/f1bde9d7a588ec3d4a19b0d6fedad09c7fe6fb5c.story,style,paraphrase,1,1,0.5085866451263428,0.5085866451263428,0.38099050521850586
./cnn/stories/f1bde9d7a588ec3d4a19b0d6fedad09c7fe6fb5c.story,style,paraphrase,1,2,0.49999433755874634,0.6525421738624573,0.38357681035995483
./cnn/stories/f1bde9d7a588ec3d4a19b0d6fedad09c7fe6fb5c.story,style,paraphrase,1,3,0.48806315660476685,0.6959845423698425,0.2420545220375061
./cnn/stories/f1bde9d7a588ec3d4a19b0d6fedad09c7fe6fb5c.story,style,paraphrase,2,1,0.46407824754714966,0.46407824754714966,0.2936672568321228
./cnn/stories/f1bde9d7a588ec3d4a19b0d6fedad09c7fe6fb5c.story,style,paraphrase,2,2,0.4322148561477661,0.673480212688446,0.2788146734237671
./cnn/stories/f1bde9d7a588ec3d4a19b0d6fedad09c7fe6fb5c.story,style,paraphrase,2,3,0.33359044790267944,0.6010329127311707,0.2861899137496948
./cnn/stories/f1bde9d7a588ec3d4a19b0d6fedad09c7fe6fb5c.story,content,shorten,0,1,0.4064286947250366,0.4064286947250366,0.3098742365837097
./cnn/stories/f1bde9d7a588ec3d4a19b0d6fedad09c7fe6fb5c.story,content,shorten,0,2,0.4150409698486328,0.7861534357070923,0.4420199394226074
./cnn/stories/f1bde9d7a588ec3d4a19b0d6fedad09c7fe6fb5c.story,content,shorten,0,3,0.3245258331298828,0.8125553131103516,0.4420199394226074
./cnn/stories/f1bde9d7a588ec3d4a19b0d6fedad09c7fe6fb5c.story,content,shorten,1,1,0.4047607183456421,0.4047607183456421,0.0937035083770752
./cnn/stories/f1bde9d7a588ec3d4a19b0d6fedad09c7fe6fb5c.story,content,shorten,1,2,0.3992413878440857,0.7567351460456848,0.018775716423988342
./cnn/stories/f1bde9d7a588ec3d4a19b0d6fedad09c7fe6fb5c.story,content,shorten,1,3,0.3985399007797241,0.7762098908424377,0.018775716423988342
./cnn/stories/f1bde9d7a588ec3d4a19b0d6fedad09c7fe6fb5c.story,content,shorten,2,1,0.3477729558944702,0.3477729558944702,0.25107401609420776
./cnn/stories/f1bde9d7a588ec3d4a19b0d6fedad09c7fe6fb5c.story,content,shorten,2,2,0.36781740188598633,0.7319133281707764,0.14181722700595856
./cnn/stories/f1bde9d7a588ec3d4a19b0d6fedad09c7fe6fb5c.story,content,shorten,2,3,0.4045659899711609,0.8385970592498779,0.14181722700595856
./cnn/stories/f1bde9d7a588ec3d4a19b0d6fedad09c7fe6fb5c.story,content,elaborate,0,1,0.4179497957229614,0.4179497957229614,0.5403916239738464
./cnn/stories/f1bde9d7a588ec3d4a19b0d6fedad09c7fe6fb5c.story,content,elaborate,0,2,0.43904638290405273,0.6306137442588806,0.4859383702278137
./cnn/stories/f1bde9d7a588ec3d4a19b0d6fedad09c7fe6fb5c.story,content,elaborate,0,3,0.4381800889968872,0.7053492665290833,0.4753950238227844
./cnn/stories/f1bde9d7a588ec3d4a19b0d6fedad09c7fe6fb5c.story,content,elaborate,1,1,0.36068105697631836,0.36068105697631836,0.4270423650741577
./cnn/stories/f1bde9d7a588ec3d4a19b0d6fedad09c7fe6fb5c.story,content,elaborate,1,2,0.3490493595600128,0.6576015949249268,0.41456979513168335
./cnn/stories/f1bde9d7a588ec3d4a19b0d6fedad09c7fe6fb5c.story,content,elaborate,1,3,0.4284173846244812,0.7092264294624329,0.4112933874130249
./cnn/stories/f1bde9d7a588ec3d4a19b0d6fedad09c7fe6fb5c.story,content,elaborate,2,1,0.36772823333740234,0.36772823333740234,0.6365533471107483
./cnn/stories/f1bde9d7a588ec3d4a19b0d6fedad09c7fe6fb5c.story,content,elaborate,2,2,0.3151852488517761,0.4963974952697754,0.143353670835495
./cnn/stories/f1bde9d7a588ec3d4a19b0d6fedad09c7fe6fb5c.story,content,elaborate,2,3,0.32378190755844116,0.5973398685455322,0.143353670835495
./cnn/stories/207224ddaeb57ae77f91cd645f70a1a67485ff53.story,style,formality,0,1,0.6253891587257385,0.6253891587257385,1.026199221611023
./cnn/stories/207224ddaeb57ae77f91cd645f70a1a67485ff53.story,style,formality,0,2,0.577162504196167,0.7244217395782471,1.026199221611023
./cnn/stories/207224ddaeb57ae77f91cd645f70a1a67485ff53.story,style,formality,0,3,0.5664100050926208,0.7809198498725891,1.026199221611023
./cnn/stories/207224ddaeb57ae77f91cd645f70a1a67485ff53.story,style,formality,1,1,0.585793137550354,0.585793137550354,1.026199221611023
./cnn/stories/207224ddaeb57ae77f91cd645f70a1a67485ff53.story,style,formality,1,2,0.585626482963562,0.7851678729057312,1.026199221611023
./cnn/stories/207224ddaeb57ae77f91cd645f70a1a67485ff53.story,style,formality,1,3,0.5768507122993469,0.7555963397026062,1.026199221611023
./cnn/stories/207224ddaeb57ae77f91cd645f70a1a67485ff53.story,style,formality,2,1,0.6309989094734192,0.6309989094734192,1.026199221611023
./cnn/stories/207224ddaeb57ae77f91cd645f70a1a67485ff53.story,style,formality,2,2,0.5587043166160583,0.7265384793281555,1.026199221611023
./cnn/stories/207224ddaeb57ae77f91cd645f70a1a67485ff53.story,style,formality,2,3,0.5465385913848877,0.7146500945091248,1.026199221611023
./cnn/stories/207224ddaeb57ae77f91cd645f70a1a67485ff53.story,style,paraphrase,0,1,0.45451927185058594,0.45451927185058594,1.026199221611023
./cnn/stories/207224ddaeb57ae77f91cd645f70a1a67485ff53.story,style,paraphrase,0,2,0.43209993839263916,0.6691531538963318,1.026199221611023
./cnn/stories/207224ddaeb57ae77f91cd645f70a1a67485ff53.story,style,paraphrase,0,3,0.421547532081604,0.7194916605949402,1.026199221611023
./cnn/stories/207224ddaeb57ae77f91cd645f70a1a67485ff53.story,style,paraphrase,1,1,0.4413999319076538,0.4413999319076538,1.026199221611023
./cnn/stories/207224ddaeb57ae77f91cd645f70a1a67485ff53.story,style,paraphrase,1,2,0.4254336953163147,0.5800276398658752,1.026199221611023
./cnn/stories/207224ddaeb57ae77f91cd645f70a1a67485ff53.story,style,paraphrase,1,3,0.4187036156654358,0.7400646805763245,1.026199221611023
./cnn/stories/207224ddaeb57ae77f91cd645f70a1a67485ff53.story,style,paraphrase,2,1,0.581353485584259,0.581353485584259,1.026199221611023
./cnn/stories/207224ddaeb57ae77f91cd645f70a1a67485ff53.story,style,paraphrase,2,2,0.533365786075592,0.6606036424636841,1.026199221611023
./cnn/stories/207224ddaeb57ae77f91cd645f70a1a67485ff53.story,style,paraphrase,2,3,0.5071995258331299,0.7087209820747375,1.026199221611023
./cnn/stories/207224ddaeb57ae77f91cd645f70a1a67485ff53.story,content,shorten,0,1,0.420387327671051,0.420387327671051,1.026199221611023
./cnn/stories/207224ddaeb57ae77f91cd645f70a1a67485ff53.story,content,shorten,0,2,0.32698678970336914,0.7119290232658386,1.026199221611023
./cnn/stories/207224ddaeb57ae77f91cd645f70a1a67485ff53.story,content,shorten,0,3,0.28834864497184753,0.8266715407371521,1.026199221611023
./cnn/stories/207224ddaeb57ae77f91cd645f70a1a67485ff53.story,content,shorten,1,1,0.33109617233276367,0.33109617233276367,1.026199221611023
./cnn/stories/207224ddaeb57ae77f91cd645f70a1a67485ff53.story,content,shorten,1,2,0.27244842052459717,0.8011802434921265,1.026199221611023
./cnn/stories/207224ddaeb57ae77f91cd645f70a1a67485ff53.story,content,shorten,1,3,0.28876954317092896,0.8368555903434753,1.026199221611023
./cnn/stories/207224ddaeb57ae77f91cd645f70a1a67485ff53.story,content,shorten,2,1,0.4752587080001831,0.4752587080001831,1.026199221611023
./cnn/stories/207224ddaeb57ae77f91cd645f70a1a67485ff53.story,content,shorten,2,2,0.425265371799469,0.6770840287208557,1.026199221611023
./cnn/stories/207224ddaeb57ae77f91cd645f70a1a67485ff53.story,content,shorten,2,3,0.40835219621658325,0.7855513095855713,1.026199221611023
./cnn/stories/207224ddaeb57ae77f91cd645f70a1a67485ff53.story,content,elaborate,0,1,0.40515559911727905,0.40515559911727905,1.026199221611023
./cnn/stories/207224ddaeb57ae77f91cd645f70a1a67485ff53.story,content,elaborate,0,2,0.3561890125274658,0.6016054153442383,1.026199221611023
./cnn/stories/207224ddaeb57ae77f91cd645f70a1a67485ff53.story,content,elaborate,0,3,0.3173232078552246,0.5745458602905273,1.026199221611023
./cnn/stories/207224ddaeb57ae77f91cd645f70a1a67485ff53.story,content,elaborate,1,1,0.45935118198394775,0.45935118198394775,0.4865152835845947
./cnn/stories/207224ddaeb57ae77f91cd645f70a1a67485ff53.story,content,elaborate,1,2,0.41858381032943726,0.7233659625053406,0.4865152835845947
./cnn/stories/207224ddaeb57ae77f91cd645f70a1a67485ff53.story,content,elaborate,1,3,0.4093456268310547,0.7429981827735901,0.4865152835845947
./cnn/stories/207224ddaeb57ae77f91cd645f70a1a67485ff53.story,content,elaborate,2,1,0.43129825592041016,0.43129825592041016,1.026199221611023
./cnn/stories/207224ddaeb57ae77f91cd645f70a1a67485ff53.story,content,elaborate,2,2,0.38693779706954956,0.6312336921691895,1.026199221611023
./cnn/stories/207224ddaeb57ae77f91cd645f70a1a67485ff53.story,content,elaborate,2,3,0.4054787755012512,0.7098216414451599,1.026199221611023
./cnn/stories/0a7f6926e4e554149fcf99d81b4839d99c05c2ef.story,style,formality,0,1,0.48438721895217896,0.48438721895217896,0.9609101414680481
./cnn/stories/0a7f6926e4e554149fcf99d81b4839d99c05c2ef.story,style,formality,0,2,0.4254142642021179,0.600212812423706,0.9609101414680481
./cnn/stories/0a7f6926e4e554149fcf99d81b4839d99c05c2ef.story,style,formality,0,3,0.4374968409538269,0.7249391078948975,0.19248592853546143
./cnn/stories/0a7f6926e4e554149fcf99d81b4839d99c05c2ef.story,style,formality,1,1,0.436614990234375,0.436614990234375,0.9609101414680481
./cnn/stories/0a7f6926e4e554149fcf99d81b4839d99c05c2ef.story,style,formality,1,2,0.431175172328949,0.6387296319007874,0.9609101414680481
./cnn/stories/0a7f6926e4e554149fcf99d81b4839d99c05c2ef.story,style,formality,1,3,0.40793919563293457,0.6462311148643494,0.25780612230300903
./cnn/stories/0a7f6926e4e554149fcf99d81b4839d99c05c2ef.story,style,formality,2,1,0.41686540842056274,0.41686540842056274,0.121856689453125
./cnn/stories/0a7f6926e4e554149fcf99d81b4839d99c05c2ef.story,style,formality,2,2,0.41652482748031616,0.6841121315956116,0.4642530679702759
./cnn/stories/0a7f6926e4e554149fcf99d81b4839d99c05c2ef.story,style,formality,2,3,0.42849981784820557,0.7191020846366882,0.10271523892879486
./cnn/stories/0a7f6926e4e554149fcf99d81b4839d99c05c2ef.story,style,paraphrase,0,1,0.4144381284713745,0.4144381284713745,0.3199618458747864
./cnn/stories/0a7f6926e4e554149fcf99d81b4839d99c05c2ef.story,style,paraphrase,0,2,0.4020043611526489,0.571171760559082,0.9609101414680481
./cnn/stories/0a7f6926e4e554149fcf99d81b4839d99c05c2ef.story,style,paraphrase,0,3,0.40897881984710693,0.6648246645927429,0.9609101414680481
./cnn/stories/0a7f6926e4e554149fcf99d81b4839d99c05c2ef.story,style,paraphrase,1,1,0.4271034002304077,0.4271034002304077,0.9609101414680481
./cnn/stories/0a7f6926e4e554149fcf99d81b4839d99c05c2ef.story,style,paraphrase,1,2,0.3788177967071533,0.6238284707069397,0.0629526898264885
./cnn/stories/0a7f6926e4e554149fcf99d81b4839d99c05c2ef.story,style,paraphrase,1,3,0.3872854709625244,0.607732355594635,0.1156100481748581
./cnn/stories/0a7f6926e4e554149fcf99d81b4839d99c05c2ef.story,style,paraphrase,2,1,0.4248608946800232,0.4248608946800232,0.9609101414680481
./cnn/stories/0a7f6926e4e554149fcf99d81b4839d99c05c2ef.story,style,paraphrase,2,2,0.4013087749481201,0.6161738634109497,0.9609101414680481
./cnn/stories/0a7f6926e4e554149fcf99d81b4839d99c05c2ef.story,style,paraphrase,2,3,0.37594300508499146,0.6121243834495544,0.9609101414680481
./cnn/stories/0a7f6926e4e554149fcf99d81b4839d99c05c2ef.story,content,shorten,0,1,0.34231528639793396,0.34231528639793396,0.22553157806396484
./cnn/stories/0a7f6926e4e554149fcf99d81b4839d99c05c2ef.story,content,shorten,0,2,0.3555726408958435,0.6660148501396179,0.12003417313098907
./cnn/stories/0a7f6926e4e554149fcf99d81b4839d99c05c2ef.story,content,shorten,0,3,0.3879958391189575,0.7591574788093567,0.15677881240844727
./cnn/stories/0a7f6926e4e554149fcf99d81b4839d99c05c2ef.story,content,shorten,1,1,0.3520228862762451,0.3520228862762451,0.9609101414680481
./cnn/stories/0a7f6926e4e554149fcf99d81b4839d99c05c2ef.story,content,shorten,1,2,0.39376384019851685,0.655373752117157,0.4642530679702759
./cnn/stories/0a7f6926e4e554149fcf99d81b4839d99c05c2ef.story,content,shorten,1,3,0.39677172899246216,0.7970980405807495,0.9609101414680481
./cnn/stories/0a7f6926e4e554149fcf99d81b4839d99c05c2ef.story,content,shorten,2,1,0.3885146975517273,0.3885146975517273,0.26133185625076294
./cnn/stories/0a7f6926e4e554149fcf99d81b4839d99c05c2ef.story,content,shorten,2,2,0.3519728183746338,0.5325930118560791,0.15262910723686218
./cnn/stories/0a7f6926e4e554149fcf99d81b4839d99c05c2ef.story,content,shorten,2,3,0.4053477644920349,0.7425791621208191,0.16809576749801636
./cnn/stories/0a7f6926e4e554149fcf99d81b4839d99c05c2ef.story,content,elaborate,0,1,0.4347735643386841,0.4347735643386841,0.2656828761100769
./cnn/stories/0a7f6926e4e554149fcf99d81b4839d99c05c2ef.story,content,elaborate,0,2,0.3879515528678894,0.5370953679084778,0.9609101414680481
./cnn/stories/0a7f6926e4e554149fcf99d81b4839d99c05c2ef.story,content,elaborate,0,3,0.37997978925704956,0.6402953863143921,0.4642530679702759
./cnn/stories/0a7f6926e4e554149fcf99d81b4839d99c05c2ef.story,content,elaborate,1,1,0.49116820096969604,0.49116820096969604,0.34088531136512756
./cnn/stories/0a7f6926e4e554149fcf99d81b4839d99c05c2ef.story,content,elaborate,1,2,0.3887488842010498,0.5040727257728577,0.28300756216049194
./cnn/stories/0a7f6926e4e554149fcf99d81b4839d99c05c2ef.story,content,elaborate,1,3,0.4383723735809326,0.6324265003204346,0.9609101414680481
./cnn/stories/0a7f6926e4e554149fcf99d81b4839d99c05c2ef.story,content,elaborate,2,1,0.43872034549713135,0.43872034549713135,0.25863608717918396
./cnn/stories/0a7f6926e4e554149fcf99d81b4839d99c05c2ef.story,content,elaborate,2,2,0.3872133195400238,0.48338568210601807,0.9609101414680481
./cnn/stories/0a7f6926e4e554149fcf99d81b4839d99c05c2ef.story,content,elaborate,2,3,0.3911496698856354,0.647159993648529,0.4642530679702759
./cnn/stories/0a421106fb10078b00663df3e88c5ee6f0437a66.story,style,formality,0,1,0.37858816981315613,0.37858816981315613,0.40620434284210205
./cnn/stories/0a421106fb10078b00663df3e88c5ee6f0437a66.story,style,formality,0,2,0.37751781940460205,0.6818877458572388,0.40620434284210205
./cnn/stories/0a421106fb10078b00663df3e88c5ee6f0437a66.story,style,formality,0,3,0.37231874465942383,0.7456997036933899,0.6533023118972778
./cnn/stories/0a421106fb10078b00663df3e88c5ee6f0437a66.story,style,formality,1,1,0.42234867811203003,0.42234867811203003,0.40620434284210205
./cnn/stories/0a421106fb10078b00663df3e88c5ee6f0437a66.story,style,formality,1,2,0.3722740411758423,0.7248257398605347,0.40620434284210205
./cnn/stories/0a421106fb10078b00663df3e88c5ee6f0437a66.story,style,formality,1,3,0.4066225290298462,0.757594645023346,0.40620434284210205
./cnn/stories/0a421106fb10078b00663df3e88c5ee6f0437a66.story,style,formality,2,1,0.4979984164237976,0.4979984164237976,0.5893310904502869
./cnn/stories/0a421106fb10078b00663df3e88c5ee6f0437a66.story,style,formality,2,2,0.44133204221725464,0.7190479040145874,0.6919183135032654
./cnn/stories/0a421106fb10078b00663df3e88c5ee6f0437a66.story,style,formality,2,3,0.46364694833755493,0.7375184297561646,0.6919183135032654
./cnn/stories/0a421106fb10078b00663df3e88c5ee6f0437a66.story,style,paraphrase,0,1,0.40462052822113037,0.40462052822113037,0.2992187738418579
./cnn/stories/0a421106fb10078b00663df3e88c5ee6f0437a66.story,style,paraphrase,0,2,0.3714456558227539,0.6822824478149414,0.5893310904502869
./cnn/stories/0a421106fb10078b00663df3e88c5ee6f0437a66.story,style,paraphrase,0,3,0.3446417450904846,0.6844692230224609,0.5893310904502869
./cnn/stories/0a421106fb10078b00663df3e88c5ee6f0437a66.story,style,paraphrase,1,1,0.4580666422843933,0.4580666422843933,0.05268266797065735
./cnn/stories/0a421106fb10078b00663df3e88c5ee6f0437a66.story,style,paraphrase,1,2,0.3729066252708435,0.6132857799530029,0.21678684651851654
./cnn/stories/0a421106fb10078b00663df3e88c5ee6f0437a66.story,style,paraphrase,1,3,0.4225125312805176,0.6757409572601318,0.10455282032489777
./cnn/stories/0a421106fb10078b00663df3e88c5ee6f0437a66.story,style,paraphrase,2,1,0.3881250023841858,0.3881250023841858,0.46535342931747437
./cnn/stories/0a421106fb10078b00663df3e88c5ee6f0437a66.story,style,paraphrase,2,2,0.4142857789993286,0.6950894594192505,0.46535342931747437
./cnn/stories/0a421106fb10078b00663df3e88c5ee6f0437a66.story,style,paraphrase,2,3,0.3688092827796936,0.7065664529800415,0.5072565674781799
./cnn/stories/0a421106fb10078b00663df3e88c5ee6f0437a66.story,content,shorten,0,1,0.4172479510307312,0.4172479510307312,0.3120937943458557
./cnn/stories/0a421106fb10078b00663df3e88c5ee6f0437a66.story,content,shorten,0,2,0.3784032464027405,0.7791182398796082,0.17730529606342316
./cnn/stories/0a421106fb10078b00663df3e88c5ee6f0437a66.story,content,shorten,0,3,0.33792057633399963,0.824536144733429,
./cnn/stories/0a421106fb10078b00663df3e88c5ee6f0437a66.story,content,shorten,1,1,0.42849624156951904,0.42849624156951904,0.18132789433002472
./cnn/stories/0a421106fb10078b00663df3e88c5ee6f0437a66.story,content,shorten,1,2,0.38450145721435547,0.6885301470756531,0.22351109981536865
./cnn/stories/0a421106fb10078b00663df3e88c5ee6f0437a66.story,content,shorten,1,3,0.38328462839126587,0.7589191794395447,0.22351109981536865
./cnn/stories/0a421106fb10078b00663df3e88c5ee6f0437a66.story,content,shorten,2,1,0.37039607763290405,0.37039607763290405,0.24312911927700043
./cnn/stories/0a421106fb10078b00663df3e88c5ee6f0437a66.story,content,shorten,2,2,0.3935035467147827,0.7545917630195618,0.24312911927700043
./cnn/stories/0a421106fb10078b00663df3e88c5ee6f0437a66.story,content,shorten,2,3,0.370671808719635,0.7522490620613098,0.3400462865829468
./cnn/stories/0a421106fb10078b00663df3e88c5ee6f0437a66.story,content,elaborate,0,1,0.44608497619628906,0.44608497619628906,0.09575353562831879
./cnn/stories/0a421106fb10078b00663df3e88c5ee6f0437a66.story,content,elaborate,0,2,0.411080539226532,0.49034416675567627,0.15411320328712463
./cnn/stories/0a421106fb10078b00663df3e88c5ee6f0437a66.story,content,elaborate,0,3,0.42504221200942993,0.5870252847671509,0.18132789433002472
./cnn/stories/0a421106fb10078b00663df3e88c5ee6f0437a66.story,content,elaborate,1,1,0.42456984519958496,0.42456984519958496,0.05268266797065735
./cnn/stories/0a421106fb10078b00663df3e88c5ee6f0437a66.story,content,elaborate,1,2,0.38876891136169434,0.5264196991920471,0.04742808640003204
./cnn/stories/0a421106fb10078b00663df3e88c5ee6f0437a66.story,content,elaborate,1,3,0.44041144847869873,0.6415295600891113,0.05268266797065735
./cnn/stories/0a421106fb10078b00663df3e88c5ee6f0437a66.story,content,elaborate,2,1,0.45442044734954834,0.45442044734954834,0.5893310904502869
./cnn/stories/0a421106fb10078b00663df3e88c5ee6f0437a66.story,content,elaborate,2,2,0.42821699380874634,0.651191771030426,0.8767836689949036
./cnn/stories/0a421106fb10078b00663df3e88c5ee6f0437a66.story,content,elaborate,2,3,0.4000880718231201,0.5951758623123169,0.6919183135032654
./cnn/stories/c601114f55cf470a012afece9ed26518ea695fe4.story,style,formality,0,1,0.423315167427063,0.423315167427063,0.9585085511207581
./cnn/stories/c601114f55cf470a012afece9ed26518ea695fe4.story,style,formality,0,2,0.3735971450805664,0.6842116117477417,0.591559886932373
./cnn/stories/c601114f55cf470a012afece9ed26518ea695fe4.story,style,formality,0,3,0.3943643569946289,0.6689171195030212,0.5946306586265564
./cnn/stories/c601114f55cf470a012afece9ed26518ea695fe4.story,style,formality,1,1,0.33459776639938354,0.33459776639938354,0.5946306586265564
./cnn/stories/c601114f55cf470a012afece9ed26518ea695fe4.story,style,formality,1,2,0.37738698720932007,0.6613844037055969,0.5946306586265564
./cnn/stories/c601114f55cf470a012afece9ed26518ea695fe4.story,style,formality,1,3,0.40438979864120483,0.7099319100379944,0.5946306586265564
./cnn/stories/c601114f55cf470a012afece9ed26518ea695fe4.story,style,formality,2,1,0.3338819742202759,0.3338819742202759,0.5946306586265564
./cnn/stories/c601114f55cf470a012afece9ed26518ea695fe4.story,style,formality,2,2,0.33161965012550354,0.48363757133483887,0.5946306586265564
./cnn/stories/c601114f55cf470a012afece9ed26518ea695fe4.story,style,formality,2,3,0.3117661476135254,0.6593391299247742,0.5946306586265564
./cnn/stories/c601114f55cf470a012afece9ed26518ea695fe4.story,style,paraphrase,0,1,0.39781802892684937,0.39781802892684937,0.591559886932373
./cnn/stories/c601114f55cf470a012afece9ed26518ea695fe4.story,style,paraphrase,0,2,0.41076725721359253,0.7625477313995361,0.591559886932373
./cnn/stories/c601114f55cf470a012afece9ed26518ea695fe4.story,style,paraphrase,0,3,0.40234267711639404,0.7513902187347412,0.591559886932373
./cnn/stories/c601114f55cf470a012afece9ed26518ea695fe4.story,style,paraphrase,1,1,0.4052603244781494,0.4052603244781494,0.591559886932373
./cnn/stories/c601114f55cf470a012afece9ed26518ea695fe4.story,style,paraphrase,1,2,0.3893508315086365,0.7708762884140015,0.591559886932373
./cnn/stories/c601114f55cf470a012afece9ed26518ea695fe4.story,style,paraphrase,1,3,0.4141935110092163,0.8156290650367737,0.591559886932373
./cnn/stories/c601114f55cf470a012afece9ed26518ea695fe4.story,style,paraphrase,2,1,0.41151416301727295,0.41151416301727295,0.9585085511207581
./cnn/stories/c601114f55cf470a012afece9ed26518ea695fe4.story,style,paraphrase,2,2,0.3769081234931946,0.4755680561065674,0.9585085511207581
./cnn/stories/c601114f55cf470a012afece9ed26518ea695fe4.story,style,paraphrase,2,3,0.3967970013618469,0.6817559599876404,0.9585085511207581
./cnn/stories/c601114f55cf470a012afece9ed26518ea695fe4.story,content,shorten,0,1,0.38997113704681396,0.38997113704681396,0.9585085511207581
./cnn/stories/c601114f55cf470a012afece9ed26518ea695fe4.story,content,shorten,0,2,0.3846082091331482,0.7288792729377747,0.9585085511207581
./cnn/stories/c601114f55cf470a012afece9ed26518ea695fe4.story,content,shorten,0,3,0.41202008724212646,0.8076421618461609,0.9585085511207581
./cnn/stories/c601114f55cf470a012afece9ed26518ea695fe4.story,content,shorten,1,1,0.4242316484451294,0.4242316484451294,0.591559886932373
./cnn/stories/c601114f55cf470a012afece9ed26518ea695fe4.story,content,shorten,1,2,0.389443576335907,0.7900283932685852,0.591559886932373
./cnn/stories/c601114f55cf470a012afece9ed26518ea695fe4.story,content,shorten,1,3,0.40454375743865967,0.7093611359596252,0.9585085511207581
./cnn/stories/c601114f55cf470a012afece9ed26518ea695fe4.story,content,shorten,2,1,0.39465340971946716,0.39465340971946716,0.5946306586265564
./cnn/stories/c601114f55cf470a012afece9ed26518ea695fe4.story,content,shorten,2,2,0.39327967166900635,0.7092176675796509,0.5946306586265564
./cnn/stories/c601114f55cf470a012afece9ed26518ea695fe4.story,content,shorten,2,3,0.4006667733192444,0.7809820771217346,0.5946306586265564
./cnn/stories/c601114f55cf470a012afece9ed26518ea695fe4.story,content,elaborate,0,1,0.3821144104003906,0.3821144104003906,0.591559886932373
./cnn/stories/c601114f55cf470a012afece9ed26518ea695fe4.story,content,elaborate,0,2,0.37230104207992554,0.624222993850708,0.591559886932373
./cnn/stories/c601114f55cf470a012afece9ed26518ea695fe4.story,content,elaborate,0,3,0.3762540817260742,0.656517505645752,0.591559886932373
./cnn/stories/c601114f55cf470a012afece9ed26518ea695fe4.story,content,elaborate,1,1,0.38133496046066284,0.38133496046066284,0.591559886932373
./cnn/stories/c601114f55cf470a012afece9ed26518ea695fe4.story,content,elaborate,1,2,0.368040531873703,0.5490400791168213,0.591559886932373
./cnn/stories/c601114f55cf470a012afece9ed26518ea695fe4.story,content,elaborate,1,3,0.3247642517089844,0.5814465284347534,0.591559886932373
./cnn/stories/c601114f55cf470a012afece9ed26518ea695fe4.story,content,elaborate,2,1,0.3879687190055847,0.3879687190055847,0.591559886932373
./cnn/stories/c601114f55cf470a012afece9ed26518ea695fe4.story,content,elaborate,2,2,0.40010225772857666,0.6407483816146851,0.591559886932373
./cnn/stories/c601114f55cf470a012afece9ed26518ea695fe4.story,content,elaborate,2,3,0.3716048300266266,0.5957828164100647,0.591559886932373
./cnn/stories/7843646a31a1ca87834dc4c72a092bf6c693baff.story,style,formality,0,1,0.44710272550582886,0.44710272550582886,1.0310084819793701
./cnn/stories/7843646a31a1ca87834dc4c72a092bf6c693baff.story,style,formality,0,2,0.4123988151550293,0.6971938610076904,1.0310084819793701
./cnn/stories/7843646a31a1ca87834dc4c72a092bf6c693baff.story,style,formality,0,3,0.4221009612083435,0.7686346173286438,1.0310084819793701
./cnn/stories/7843646a31a1ca87834dc4c72a092bf6c693baff.story,style,formality,1,1,0.4078712463378906,0.4078712463378906,1.0310084819793701
./cnn/stories/7843646a31a1ca87834dc4c72a092bf6c693baff.story,style,formality,1,2,0.4373971223831177,0.6662997603416443,0.41153472661972046
./cnn/stories/7843646a31a1ca87834dc4c72a092bf6c693baff.story,style,formality,1,3,0.4134504199028015,0.7417426705360413,1.0310084819793701
./cnn/stories/7843646a31a1ca87834dc4c72a092bf6c693baff.story,style,formality,2,1,0.39109885692596436,0.39109885692596436,1.0310084819793701
./cnn/stories/7843646a31a1ca87834dc4c72a092bf6c693baff.story,style,formality,2,2,0.41663336753845215,0.7012692093849182,1.0310084819793701
./cnn/stories/7843646a31a1ca87834dc4c72a092bf6c693baff.story,style,formality,2,3,0.3962942361831665,0.7195879220962524,1.0310084819793701
./cnn/stories/7843646a31a1ca87834dc4c72a092bf6c693baff.story,style,paraphrase,0,1,0.42671239376068115,0.42671239376068115,1.0310084819793701
./cnn/stories/7843646a31a1ca87834dc4c72a092bf6c693baff.story,style,paraphrase,0,2,0.37729841470718384,0.7081394195556641,1.0310084819793701
./cnn/stories/7843646a31a1ca87834dc4c72a092bf6c693baff.story,style,paraphrase,0,3,0.3658699691295624,0.7323469519615173,1.0310084819793701
./cnn/stories/7843646a31a1ca87834dc4c72a092bf6c693baff.story,style,paraphrase,1,1,0.47725337743759155,0.47725337743759155,1.0310084819793701
./cnn/stories/7843646a31a1ca87834dc4c72a092bf6c693baff.story,style,paraphrase,1,2,0.44223445653915405,0.7543781399726868,1.0310084819793701
./cnn/stories/7843646a31a1ca87834dc4c72a092bf6c693baff.story,style,paraphrase,1,3,0.43847620487213135,0.7543699145317078,1.0310084819793701
./cnn/stories/7843646a31a1ca87834dc4c72a092bf6c693baff.story,style,paraphrase,2,1,0.4627429246902466,0.4627429246902466,1.0310084819793701
./cnn/stories/7843646a31a1ca87834dc4c72a092bf6c693baff.story,style,paraphrase,2,2,0.45332783460617065,0.6064944863319397,1.0310084819793701
./cnn/stories/7843646a31a1ca87834dc4c72a092bf6c693baff.story,style,paraphrase,2,3,0.4128773808479309,0.5261980891227722,1.0310084819793701
./cnn/stories/7843646a31a1ca87834dc4c72a092bf6c693baff.story,content,shorten,0,1,0.3436940014362335,0.3436940014362335,0.21241742372512817
./cnn/stories/7843646a31a1ca87834dc4c72a092bf6c693baff.story,content,shorten,0,2,0.37996894121170044,0.7230420708656311,1.0310084819793701
./cnn/stories/7843646a31a1ca87834dc4c72a092bf6c693baff.story,content,shorten,0,3,0.36700955033302307,0.7613555788993835,1.0310084819793701
./cnn/stories/7843646a31a1ca87834dc4c72a092bf6c693baff.story,content,shorten,1,1,0.42291563749313354,0.42291563749313354,1.0310084819793701
./cnn/stories/7843646a31a1ca87834dc4c72a092bf6c693baff.story,content,shorten,1,2,0.37867113947868347,0.6948978304862976,1.0310084819793701
./cnn/stories/7843646a31a1ca87834dc4c72a092bf6c693baff.story,content,shorten,1,3,0.3660316467285156,0.7545074820518494,1.0310084819793701
./cnn/stories/7843646a31a1ca87834dc4c72a092bf6c693baff.story,content,shorten,2,1,0.4713208079338074,0.4713208079338074,1.0310084819793701
./cnn/stories/7843646a31a1ca87834dc4c72a092bf6c693baff.story,content,shorten,2,2,0.37125372886657715,0.7311275005340576,1.0310084819793701
./cnn/stories/7843646a31a1ca87834dc4c72a092bf6c693baff.story,content,shorten,2,3,0.45100700855255127,0.7478311657905579,1.0310084819793701
./cnn/stories/7843646a31a1ca87834dc4c72a092bf6c693baff.story,content,elaborate,0,1,0.48379212617874146,0.48379212617874146,1.0310084819793701
./cnn/stories/7843646a31a1ca87834dc4c72a092bf6c693baff.story,content,elaborate,0,2,0.3998706340789795,0.5429610013961792,1.0310084819793701
./cnn/stories/7843646a31a1ca87834dc4c72a092bf6c693baff.story,content,elaborate,0,3,0.431673526763916,0.625333845615387,1.0310084819793701
./cnn/stories/7843646a31a1ca87834dc4c72a092bf6c693baff.story,content,elaborate,1,1,0.5169994235038757,0.5169994235038757,1.0310084819793701
./cnn/stories/7843646a31a1ca87834dc4c72a092bf6c693baff.story,content,elaborate,1,2,0.4636434316635132,0.6627160906791687,1.0310084819793701
./cnn/stories/7843646a31a1ca87834dc4c72a092bf6c693baff.story,content,elaborate,1,3,0.48059332370758057,0.6768588423728943,1.0310084819793701
./cnn/stories/7843646a31a1ca87834dc4c72a092bf6c693baff.story,content,elaborate,2,1,0.459561824798584,0.459561824798584,1.0310084819793701
./cnn/stories/7843646a31a1ca87834dc4c72a092bf6c693baff.story,content,elaborate,2,2,0.44062429666519165,0.6945434212684631,1.0310084819793701
./cnn/stories/7843646a31a1ca87834dc4c72a092bf6c693baff.story,content,elaborate,2,3,0.4237380027770996,0.6438441872596741,1.0310084819793701
./cnn/stories/148413cea62e91556d19e4bc9bd22a6ab10876e8.story,style,formality,0,1,0.5240163803100586,0.5240163803100586,0.23446404933929443
./cnn/stories/148413cea62e91556d19e4bc9bd22a6ab10876e8.story,style,formality,0,2,0.5243021249771118,0.6902175545692444,0.23446404933929443
./cnn/stories/148413cea62e91556d19e4bc9bd22a6ab10876e8.story,style,formality,0,3,0.5381316542625427,0.7675665020942688,0.23446404933929443
./cnn/stories/148413cea62e91556d19e4bc9bd22a6ab10876e8.story,style,formality,1,1,0.5109971761703491,0.5109971761703491,0.06329169869422913
./cnn/stories/148413cea62e91556d19e4bc9bd22a6ab10876e8.story,style,formality,1,2,0.5038993954658508,0.7825801372528076,0.06329169869422913
./cnn/stories/148413cea62e91556d19e4bc9bd22a6ab10876e8.story,style,formality,1,3,0.488616406917572,0.7676426768302917,0.06329169869422913
./cnn/stories/148413cea62e91556d19e4bc9bd22a6ab10876e8.story,style,formality,2,1,0.4149101972579956,0.4149101972579956,0.8867650628089905
./cnn/stories/148413cea62e91556d19e4bc9bd22a6ab10876e8.story,style,formality,2,2,0.41374874114990234,0.686912477016449,0.29957741498947144
./cnn/stories/148413cea62e91556d19e4bc9bd22a6ab10876e8.story,style,formality,2,3,0.4065423607826233,0.7564623355865479,0.8867650628089905
./cnn/stories/148413cea62e91556d19e4bc9bd22a6ab10876e8.story,style,paraphrase,0,1,0.3725980222225189,0.3725980222225189,-0.0014238357543945312
./cnn/stories/148413cea62e91556d19e4bc9bd22a6ab10876e8.story,style,paraphrase,0,2,0.3896268904209137,0.7201589345932007,0.2617748975753784
./cnn/stories/148413cea62e91556d19e4bc9bd22a6ab10876e8.story,style,paraphrase,0,3,0.4001167416572571,0.6872806549072266,0.2022288739681244
./cnn/stories/148413cea62e91556d19e4bc9bd22a6ab10876e8.story,style,paraphrase,1,1,0.4173924922943115,0.4173924922943115,0.16026030480861664
./cnn/stories/148413cea62e91556d19e4bc9bd22a6ab10876e8.story,style,paraphrase,1,2,0.37096524238586426,0.6964898705482483,0.001465335488319397
./cnn/stories/148413cea62e91556d19e4bc9bd22a6ab10876e8.story,style,paraphrase,1,3,0.3648843765258789,0.7439455986022949,0.001465335488319397
./cnn/stories/148413cea62e91556d19e4bc9bd22a6ab10876e8.story,style,paraphrase,2,1,0.43036431074142456,0.43036431074142456,0.06910571455955505
./cnn/stories/148413cea62e91556d19e4bc9bd22a6ab10876e8.story,style,paraphrase,2,2,0.4040391445159912,0.4561980366706848,0.4268947243690491
./cnn/stories/148413cea62e91556d19e4bc9bd22a6ab10876e8.story,style,paraphrase,2,3,0.40331268310546875,0.5370757579803467,0.04739508032798767
./cnn/stories/148413cea62e91556d19e4bc9bd22a6ab10876e8.story,content,shorten,0,1,0.3913676142692566,0.3913676142692566,0.28688836097717285
./cnn/stories/148413cea62e91556d19e4bc9bd22a6ab10876e8.story,content,shorten,0,2,0.3117222785949707,0.6862000823020935,0.8867650628089905
./cnn/stories/148413cea62e91556d19e4bc9bd22a6ab10876e8.story,content,shorten,0,3,0.3001207709312439,0.7714925408363342,0.8867650628089905
./cnn/stories/148413cea62e91556d19e4bc9bd22a6ab10876e8.story,content,shorten,1,1,0.3990592956542969,0.3990592956542969,0.024882763624191284
./cnn/stories/148413cea62e91556d19e4bc9bd22a6ab10876e8.story,content,shorten,1,2,0.3669360280036926,0.7307484149932861,0.024882763624191284
./cnn/stories/148413cea62e91556d19e4bc9bd22a6ab10876e8.story,content,shorten,1,3,0.3483511209487915,0.795017421245575,0.2954469919204712
./cnn/stories/148413cea62e91556d19e4bc9bd22a6ab10876e8.story,content,shorten,2,1,0.44250375032424927,0.44250375032424927,0.08410678803920746
./cnn/stories/148413cea62e91556d19e4bc9bd22a6ab10876e8.story,content,shorten,2,2,0.3861144185066223,0.6303436756134033,0.04120767116546631
./cnn/stories/148413cea62e91556d19e4bc9bd22a6ab10876e8.story,content,shorten,2,3,0.36793237924575806,0.6648692488670349,0.031176432967185974
./cnn/stories/148413cea62e91556d19e4bc9bd22a6ab10876e8.story,content,elaborate,0,1,0.4412156343460083,0.4412156343460083,0.06910571455955505
./cnn/stories/148413cea62e91556d19e4bc9bd22a6ab10876e8.story,content,elaborate,0,2,0.4228733777999878,0.6115520000457764,0.12477956712245941
./cnn/stories/148413cea62e91556d19e4bc9bd22a6ab10876e8.story,content,elaborate,0,3,0.33115190267562866,0.6958343386650085,0.06910571455955505
./cnn/stories/148413cea62e91556d19e4bc9bd22a6ab10876e8.story,content,elaborate,1,1,0.455364465713501,0.455364465713501,0.41204309463500977
./cnn/stories/148413cea62e91556d19e4bc9bd22a6ab10876e8.story,content,elaborate,1,2,0.3836554288864136,0.568045973777771,0.08679436892271042
./cnn/stories/148413cea62e91556d19e4bc9bd22a6ab10876e8.story,content,elaborate,1,3,0.37854915857315063,0.5351155996322632,0.12477956712245941
./cnn/stories/148413cea62e91556d19e4bc9bd22a6ab10876e8.story,content,elaborate,2,1,0.5103310942649841,0.5103310942649841,0.23446404933929443
./cnn/stories/148413cea62e91556d19e4bc9bd22a6ab10876e8.story,content,elaborate,2,2,0.4515872001647949,0.6323791146278381,0.06910571455955505
./cnn/stories/148413cea62e91556d19e4bc9bd22a6ab10876e8.story,content,elaborate,2,3,0.3987584710121155,0.6341930031776428,0.06910571455955505
./cnn/stories/63f60ddf050d9f97a492c601b2dd1a23072a01f9.story,style,formality,0,1,0.5756767988204956,0.5756767988204956,0.933788001537323
./cnn/stories/63f60ddf050d9f97a492c601b2dd1a23072a01f9.story,style,formality,0,2,0.5236101150512695,0.5613468289375305,0.933788001537323
./cnn/stories/63f60ddf050d9f97a492c601b2dd1a23072a01f9.story,style,formality,0,3,0.48855453729629517,0.737186074256897,0.933788001537323
./cnn/stories/63f60ddf050d9f97a492c601b2dd1a23072a01f9.story,style,formality,1,1,0.514077365398407,0.514077365398407,0.933788001537323
./cnn/stories/63f60ddf050d9f97a492c601b2dd1a23072a01f9.story,style,formality,1,2,0.4765058159828186,0.6342541575431824,0.933788001537323
./cnn/stories/63f60ddf050d9f97a492c601b2dd1a23072a01f9.story,style,formality,1,3,0.49090296030044556,0.6951181888580322,0.933788001537323
./cnn/stories/63f60ddf050d9f97a492c601b2dd1a23072a01f9.story,style,formality,2,1,0.45531517267227173,0.45531517267227173,0.933788001537323
./cnn/stories/63f60ddf050d9f97a492c601b2dd1a23072a01f9.story,style,formality,2,2,0.45813995599746704,0.6567419171333313,0.933788001537323
./cnn/stories/63f60ddf050d9f97a492c601b2dd1a23072a01f9.story,style,formality,2,3,0.4663289189338684,0.6765916347503662,0.933788001537323
./cnn/stories/63f60ddf050d9f97a492c601b2dd1a23072a01f9.story,style,paraphrase,0,1,0.4279164671897888,0.4279164671897888,0.933788001537323
./cnn/stories/63f60ddf050d9f97a492c601b2dd1a23072a01f9.story,style,paraphrase,0,2,0.4353291392326355,0.7209144234657288,0.933788001537323
./cnn/stories/63f60ddf050d9f97a492c601b2dd1a23072a01f9.story,style,paraphrase,0,3,0.4195863604545593,0.7498453259468079,0.933788001537323
./cnn/stories/63f60ddf050d9f97a492c601b2dd1a23072a01f9.story,style,paraphrase,1,1,0.44266533851623535,0.44266533851623535,0.37946486473083496
./cnn/stories/63f60ddf050d9f97a492c601b2dd1a23072a01f9.story,style,paraphrase,1,2,0.407284140586853,0.6272679567337036,0.4720044732093811
./cnn/stories/63f60ddf050d9f97a492c601b2dd1a23072a01f9.story,style,paraphrase,1,3,0.3986150026321411,0.7015830278396606,0.4720044732093811
./cnn/stories/63f60ddf050d9f97a492c601b2dd1a23072a01f9.story,style,paraphrase,2,1,0.44529592990875244,0.44529592990875244,0.933788001537323
./cnn/stories/63f60ddf050d9f97a492c601b2dd1a23072a01f9.story,style,paraphrase,2,2,0.3514385521411896,0.6085431575775146,0.933788001537323
./cnn/stories/63f60ddf050d9f97a492c601b2dd1a23072a01f9.story,style,paraphrase,2,3,0.40799421072006226,0.6074966192245483,0.933788001537323
./cnn/stories/63f60ddf050d9f97a492c601b2dd1a23072a01f9.story,content,shorten,0,1,0.4549734592437744,0.4549734592437744,0.37946486473083496
./cnn/stories/63f60ddf050d9f97a492c601b2dd1a23072a01f9.story,content,shorten,0,2,0.3829725980758667,0.7465822100639343,0.37946486473083496
./cnn/stories/63f60ddf050d9f97a492c601b2dd1a23072a01f9.story,content,shorten,0,3,0.40263062715530396,0.7238048315048218,0.37946486473083496
./cnn/stories/63f60ddf050d9f97a492c601b2dd1a23072a01f9.story,content,shorten,1,1,0.4314466714859009,0.4314466714859009,0.933788001537323
./cnn/stories/63f60ddf050d9f97a492c601b2dd1a23072a01f9.story,content,shorten,1,2,0.3549005389213562,0.6771652102470398,0.933788001537323
./cnn/stories/63f60ddf050d9f97a492c601b2dd1a23072a01f9.story,content,shorten,1,3,0.4032224416732788,0.7562875747680664,0.933788001537323
./cnn/stories/63f60ddf050d9f97a492c601b2dd1a23072a01f9.story,content,shorten,2,1,0.4346064329147339,0.4346064329147339,0.933788001537323
./cnn/stories/63f60ddf050d9f97a492c601b2dd1a23072a01f9.story,content,shorten,2,2,0.4249040484428406,0.6836500763893127,0.933788001537323
./cnn/stories/63f60ddf050d9f97a492c601b2dd1a23072a01f9.story,content,shorten,2,3,0.430477499961853,0.7293033003807068,0.933788001537323
./cnn/stories/63f60ddf050d9f97a492c601b2dd1a23072a01f9.story,content,elaborate,0,1,0.5381738543510437,0.5381738543510437,0.933788001537323
./cnn/stories/63f60ddf050d9f97a492c601b2dd1a23072a01f9.story,content,elaborate,0,2,0.5182855129241943,0.6078923344612122,0.933788001537323
./cnn/stories/63f60ddf050d9f97a492c601b2dd1a23072a01f9.story,content,elaborate,0,3,0.4512357711791992,0.596350371837616,0.933788001537323
./cnn/stories/63f60ddf050d9f97a492c601b2dd1a23072a01f9.story,content,elaborate,1,1,0.5192037224769592,0.5192037224769592,0.933788001537323
./cnn/stories/63f60ddf050d9f97a492c601b2dd1a23072a01f9.story,content,elaborate,1,2,0.483695387840271,0.6250587701797485,0.933788001537323
./cnn/stories/63f60ddf050d9f97a492c601b2dd1a23072a01f9.story,content,elaborate,1,3,0.4720647931098938,0.7445291876792908,0.933788001537323
./cnn/stories/63f60ddf050d9f97a492c601b2dd1a23072a01f9.story,content,elaborate,2,1,0.526375949382782,0.526375949382782,0.933788001537323
./cnn/stories/63f60ddf050d9f97a492c601b2dd1a23072a01f9.story,content,elaborate,2,2,0.495408296585083,0.660468339920044,0.933788001537323
./cnn/stories/63f60ddf050d9f97a492c601b2dd1a23072a01f9.story,content,elaborate,2,3,0.492234468460083,0.725471556186676,0.933788001537323
./cnn/stories/8c9b2fa0e48aec77fbb7779a811091acafe9d2f1.story,style,formality,0,1,0.6224105358123779,0.6224105358123779,0.3204173445701599
./cnn/stories/8c9b2fa0e48aec77fbb7779a811091acafe9d2f1.story,style,formality,0,2,0.6285372972488403,0.711520791053772,0.31288185715675354
./cnn/stories/8c9b2fa0e48aec77fbb7779a811091acafe9d2f1.story,style,formality,0,3,0.5300451517105103,0.7259908318519592,0.3159043788909912
./cnn/stories/8c9b2fa0e48aec77fbb7779a811091acafe9d2f1.story,style,formality,1,1,0.6261315941810608,0.6261315941810608,0.26310014724731445
./cnn/stories/8c9b2fa0e48aec77fbb7779a811091acafe9d2f1.story,style,formality,1,2,0.613190770149231,0.650757372379303,0.26310014724731445
./cnn/stories/8c9b2fa0e48aec77fbb7779a811091acafe9d2f1.story,style,formality,1,3,0.5076690912246704,0.598141610622406,0.26310014724731445
./cnn/stories/8c9b2fa0e48aec77fbb7779a811091acafe9d2f1.story,style,formality,2,1,0.5018426179885864,0.5018426179885864,0.26310014724731445
./cnn/stories/8c9b2fa0e48aec77fbb7779a811091acafe9d2f1.story,style,formality,2,2,0.48646020889282227,0.7367424368858337,0.26310014724731445
./cnn/stories/8c9b2fa0e48aec77fbb7779a811091acafe9d2f1.story,style,formality,2,3,0.4727310538291931,0.7849034667015076,0.26310014724731445
./cnn/stories/8c9b2fa0e48aec77fbb7779a811091acafe9d2f1.story,style,paraphrase,0,1,0.4935492277145386,0.4935492277145386,0.3477635681629181
./cnn/stories/8c9b2fa0e48aec77fbb7779a811091acafe9d2f1.story,style,paraphrase,0,2,0.47223740816116333,0.7177067399024963,0.26310014724731445
./cnn/stories/8c9b2fa0e48aec77fbb7779a811091acafe9d2f1.story,style,paraphrase,0,3,0.4939483404159546,0.7665988802909851,0.26310014724731445
./cnn/stories/8c9b2fa0e48aec77fbb7779a811091acafe9d2f1.story,style,paraphrase,1,1,0.6419095993041992,0.6419095993041992,0.31288185715675354
./cnn/stories/8c9b2fa0e48aec77fbb7779a811091acafe9d2f1.story,style,paraphrase,1,2,0.5888276696205139,0.7228317260742188,0.26310014724731445
./cnn/stories/8c9b2fa0e48aec77fbb7779a811091acafe9d2f1.story,style,paraphrase,1,3,0.5972055792808533,0.7557244300842285,0.26310014724731445
./cnn/stories/8c9b2fa0e48aec77fbb7779a811091acafe9d2f1.story,style,paraphrase,2,1,0.48803937435150146,0.48803937435150146,0.26310014724731445
./cnn/stories/8c9b2fa0e48aec77fbb7779a811091acafe9d2f1.story,style,paraphrase,2,2,0.46360212564468384,0.8133300542831421,0.26310014724731445
./cnn/stories/8c9b2fa0e48aec77fbb7779a811091acafe9d2f1.story,style,paraphrase,2,3,0.4645079970359802,0.8181294798851013,0.26310014724731445
./cnn/stories/8c9b2fa0e48aec77fbb7779a811091acafe9d2f1.story,content,shorten,0,1,0.5549620985984802,0.5549620985984802,0.41637754440307617
./cnn/stories/8c9b2fa0e48aec77fbb7779a811091acafe9d2f1.story,content,shorten,0,2,0.4227677583694458,0.7311199307441711,0.41637754440307617
./cnn/stories/8c9b2fa0e48aec77fbb7779a811091acafe9d2f1.story,content,shorten,0,3,0.46288001537323,0.8430531620979309,0.41637754440307617
./cnn/stories/8c9b2fa0e48aec77fbb7779a811091acafe9d2f1.story,content,shorten,1,1,0.4705011248588562,0.4705011248588562,0.26310014724731445
./cnn/stories/8c9b2fa0e48aec77fbb7779a811091acafe9d2f1.story,content,shorten,1,2,0.45312684774398804,0.7235633730888367,0.03283943980932236
./cnn/stories/8c9b2fa0e48aec77fbb7779a811091acafe9d2f1.story,content,shorten,1,3,0.4672597050666809,0.832298755645752,0.03283943980932236
./cnn/stories/8c9b2fa0e48aec77fbb7779a811091acafe9d2f1.story,content,shorten,2,1,0.521671712398529,0.521671712398529,0.26310014724731445
./cnn/stories/8c9b2fa0e48aec77fbb7779a811091acafe9d2f1.story,content,shorten,2,2,0.42685121297836304,0.7842528820037842,0.31288185715675354
./cnn/stories/8c9b2fa0e48aec77fbb7779a811091acafe9d2f1.story,content,shorten,2,3,0.5253072381019592,0.8579904437065125,0.44044286012649536
./cnn/stories/8c9b2fa0e48aec77fbb7779a811091acafe9d2f1.story,content,elaborate,0,1,0.5619469881057739,0.5619469881057739,0.3159043788909912
./cnn/stories/8c9b2fa0e48aec77fbb7779a811091acafe9d2f1.story,content,elaborate,0,2,0.5320685505867004,0.6961696743965149,0.31288185715675354
./cnn/stories/8c9b2fa0e48aec77fbb7779a811091acafe9d2f1.story,content,elaborate,0,3,0.48738574981689453,0.7063691020011902,0.26310014724731445
./cnn/stories/8c9b2fa0e48aec77fbb7779a811091acafe9d2f1.story,content,elaborate,1,1,0.5346294045448303,0.5346294045448303,0.26310014724731445
./cnn/stories/8c9b2fa0e48aec77fbb7779a811091acafe9d2f1.story,content,elaborate,1,2,0.47429072856903076,0.6527202725410461,0.31288185715675354
./cnn/stories/8c9b2fa0e48aec77fbb7779a811091acafe9d2f1.story,content,elaborate,1,3,0.48132991790771484,0.6953293681144714,0.31288185715675354
./cnn/stories/8c9b2fa0e48aec77fbb7779a811091acafe9d2f1.story,content,elaborate,2,1,0.5851632356643677,0.5851632356643677,0.26310014724731445
./cnn/stories/8c9b2fa0e48aec77fbb7779a811091acafe9d2f1.story,content,elaborate,2,2,0.4938432574272156,0.7062124609947205,0.31288185715675354
./cnn/stories/8c9b2fa0e48aec77fbb7779a811091acafe9d2f1.story,content,elaborate,2,3,0.5707675218582153,0.7911720871925354,0.26310014724731445
./cnn/stories/d0fa8b17b57dd9628bea6c74b89d389b653a3612.story,style,formality,0,1,0.5173704028129578,0.5173704028129578,0.4041287899017334
./cnn/stories/d0fa8b17b57dd9628bea6c74b89d389b653a3612.story,style,formality,0,2,0.4461749792098999,0.6419036388397217,0.4041287899017334
./cnn/stories/d0fa8b17b57dd9628bea6c74b89d389b653a3612.story,style,formality,0,3,0.41244786977767944,0.7098992466926575,0.4041287899017334
./cnn/stories/d0fa8b17b57dd9628bea6c74b89d389b653a3612.story,style,formality,1,1,0.48238325119018555,0.48238325119018555,0.4041287899017334
./cnn/stories/d0fa8b17b57dd9628bea6c74b89d389b653a3612.story,style,formality,1,2,0.4248211979866028,0.597730815410614,0.4041287899017334
./cnn/stories/d0fa8b17b57dd9628bea6c74b89d389b653a3612.story,style,formality,1,3,0.4269767999649048,0.7833553552627563,0.4041287899017334
./cnn/stories/d0fa8b17b57dd9628bea6c74b89d389b653a3612.story,style,formality,2,1,0.38669341802597046,0.38669341802597046,0.4041287899017334
./cnn/stories/d0fa8b17b57dd9628bea6c74b89d389b653a3612.story,style,formality,2,2,0.4187617301940918,0.605493426322937,0.4041287899017334
./cnn/stories/d0fa8b17b57dd9628bea6c74b89d389b653a3612.story,style,formality,2,3,0.43645423650741577,0.7027998566627502,0.4041287899017334
./cnn/stories/d0fa8b17b57dd9628bea6c74b89d389b653a3612.story,style,paraphrase,0,1,0.4214962124824524,0.4214962124824524,0.4041287899017334
./cnn/stories/d0fa8b17b57dd9628bea6c74b89d389b653a3612.story,style,paraphrase,0,2,0.3640483617782593,0.6810079216957092,0.4041287899017334
./cnn/stories/d0fa8b17b57dd9628bea6c74b89d389b653a3612.story,style,paraphrase,0,3,0.381266713142395,0.7022048234939575,0.4041287899017334
./cnn/stories/d0fa8b17b57dd9628bea6c74b89d389b653a3612.story,style,paraphrase,1,1,0.4429857134819031,0.4429857134819031,0.4041287899017334
./cnn/stories/d0fa8b17b57dd9628bea6c74b89d389b653a3612.story,style,paraphrase,1,2,0.414120078086853,0.5607624053955078,0.9885467886924744
./cnn/stories/d0fa8b17b57dd9628bea6c74b89d389b653a3612.story,style,paraphrase,1,3,0.4026426672935486,0.7424981594085693,0.9885467886924744
./cnn/stories/d0fa8b17b57dd9628bea6c74b89d389b653a3612.story,style,paraphrase,2,1,0.39938265085220337,0.39938265085220337,0.8014526963233948
./cnn/stories/d0fa8b17b57dd9628bea6c74b89d389b653a3612.story,style,paraphrase,2,2,0.37061381340026855,0.4531095027923584,0.4041287899017334
./cnn/stories/d0fa8b17b57dd9628bea6c74b89d389b653a3612.story,style,paraphrase,2,3,0.35975921154022217,0.624445378780365,0.4041287899017334
./cnn/stories/d0fa8b17b57dd9628bea6c74b89d389b653a3612.story,content,shorten,0,1,0.4538733959197998,0.4538733959197998,0.1715749055147171
./cnn/stories/d0fa8b17b57dd9628bea6c74b89d389b653a3612.story,content,shorten,0,2,0.41678017377853394,0.6279774308204651,0.2580845057964325
./cnn/stories/d0fa8b17b57dd9628bea6c74b89d389b653a3612.story,content,shorten,0,3,0.3393271565437317,0.7768129706382751,
./cnn/stories/d0fa8b17b57dd9628bea6c74b89d389b653a3612.story,content,shorten,1,1,0.4381764531135559,0.4381764531135559,0.4041287899017334
./cnn/stories/d0fa8b17b57dd9628bea6c74b89d389b653a3612.story,content,shorten,1,2,0.38051146268844604,0.6555168032646179,0.2580845057964325
./cnn/stories/d0fa8b17b57dd9628bea6c74b89d389b653a3612.story,content,shorten,1,3,0.34415024518966675,0.7320988774299622,0.8129844069480896
./cnn/stories/d0fa8b17b57dd9628bea6c74b89d389b653a3612.story,content,shorten,2,1,0.4239054322242737,0.4239054322242737,0.4041287899017334
./cnn/stories/d0fa8b17b57dd9628bea6c74b89d389b653a3612.story,content,shorten,2,2,0.4097197651863098,0.657984733581543,0.4041287899017334
./cnn/stories/d0fa8b17b57dd9628bea6c74b89d389b653a3612.story,content,shorten,2,3,0.44608551263809204,0.6985535025596619,0.18397361040115356
./cnn/stories/d0fa8b17b57dd9628bea6c74b89d389b653a3612.story,content,elaborate,0,1,0.36700505018234253,0.36700505018234253,0.4041287899017334
./cnn/stories/d0fa8b17b57dd9628bea6c74b89d389b653a3612.story,content,elaborate,0,2,0.4073355197906494,0.6703643798828125,0.4041287899017334
./cnn/stories/d0fa8b17b57dd9628bea6c74b89d389b653a3612.story,content,elaborate,0,3,0.3822551369667053,0.6110415458679199,0.4041287899017334
./cnn/stories/d0fa8b17b57dd9628bea6c74b89d389b653a3612.story,content,elaborate,1,1,0.4065290093421936,0.4065290093421936,0.2580845057964325
./cnn/stories/d0fa8b17b57dd9628bea6c74b89d389b653a3612.story,content,elaborate,1,2,0.3986049294471741,0.6089184880256653,0.19075363874435425
./cnn/stories/d0fa8b17b57dd9628bea6c74b89d389b653a3612.story,content,elaborate,1,3,0.3644992411136627,0.6776067018508911,0.4041287899017334
./cnn/stories/d0fa8b17b57dd9628bea6c74b89d389b653a3612.story,content,elaborate,2,1,0.44167596101760864,0.44167596101760864,0.4041287899017334
./cnn/stories/d0fa8b17b57dd9628bea6c74b89d389b653a3612.story,content,elaborate,2,2,0.4470815658569336,0.7502668499946594,0.2580845057964325
./cnn/stories/d0fa8b17b57dd9628bea6c74b89d389b653a3612.story,content,elaborate,2,3,0.39542341232299805,0.6141668558120728,0.4041287899017334
./cnn/stories/5852e143b34cc30e94aed29193fc2e1dce37b1b1.story,style,formality,0,1,0.5855022668838501,0.5855022668838501,0.4824138879776001
./cnn/stories/5852e143b34cc30e94aed29193fc2e1dce37b1b1.story,style,formality,0,2,0.5712136030197144,0.6988421678543091,0.038332499563694
./cnn/stories/5852e143b34cc30e94aed29193fc2e1dce37b1b1.story,style,formality,0,3,0.5254231691360474,0.7589185833930969,0.038332499563694
./cnn/stories/5852e143b34cc30e94aed29193fc2e1dce37b1b1.story,style,formality,1,1,0.3646565079689026,0.3646565079689026,0.4824138879776001
./cnn/stories/5852e143b34cc30e94aed29193fc2e1dce37b1b1.story,style,formality,1,2,0.4816895127296448,0.6556066870689392,0.4824138879776001
./cnn/stories/5852e143b34cc30e94aed29193fc2e1dce37b1b1.story,style,formality,1,3,0.46105802059173584,0.7597827315330505,0.2667893171310425
./cnn/stories/5852e143b34cc30e94aed29193fc2e1dce37b1b1.story,style,formality,2,1,0.6176127791404724,0.6176127791404724,0.2667893171310425
./cnn/stories/5852e143b34cc30e94aed29193fc2e1dce37b1b1.story,style,formality,2,2,0.5485106706619263,0.6886689066886902,0.2667893171310425
./cnn/stories/5852e143b34cc30e94aed29193fc2e1dce37b1b1.story,style,formality,2,3,0.5220819711685181,0.7800183892250061,0.2667893171310425
./cnn/stories/5852e143b34cc30e94aed29193fc2e1dce37b1b1.story,style,paraphrase,0,1,0.49284934997558594,0.49284934997558594,0.5812481045722961
./cnn/stories/5852e143b34cc30e94aed29193fc2e1dce37b1b1.story,style,paraphrase,0,2,0.4713217616081238,0.6462786793708801,0.5812481045722961
./cnn/stories/5852e143b34cc30e94aed29193fc2e1dce37b1b1.story,style,paraphrase,0,3,0.47445762157440186,0.696867048740387,0.5812481045722961
./cnn/stories/5852e143b34cc30e94aed29193fc2e1dce37b1b1.story,style,paraphrase,1,1,0.48307180404663086,0.48307180404663086,0.8820546269416809
./cnn/stories/5852e143b34cc30e94aed29193fc2e1dce37b1b1.story,style,paraphrase,1,2,0.4641243815422058,0.6652078628540039,0.5812481045722961
./cnn/stories/5852e143b34cc30e94aed29193fc2e1dce37b1b1.story,style,paraphrase,1,3,0.44976067543029785,0.7093823552131653,0.5812481045722961
./cnn/stories/5852e143b34cc30e94aed29193fc2e1dce37b1b1.story,style,paraphrase,2,1,0.4892653226852417,0.4892653226852417,0.711664617061615
./cnn/stories/5852e143b34cc30e94aed29193fc2e1dce37b1b1.story,style,paraphrase,2,2,0.5061283111572266,0.6844899654388428,0.2667893171310425
./cnn/stories/5852e143b34cc30e94aed29193fc2e1dce37b1b1.story,style,paraphrase,2,3,0.4856575131416321,0.7093626260757446,0.5812481045722961
./cnn/stories/5852e143b34cc30e94aed29193fc2e1dce37b1b1.story,content,shorten,0,1,0.4257078766822815,0.4257078766822815,0.2590261995792389
./cnn/stories/5852e143b34cc30e94aed29193fc2e1dce37b1b1.story,content,shorten,0,2,0.350827693939209,0.7487713694572449,0.27452245354652405
./cnn/stories/5852e143b34cc30e94aed29193fc2e1dce37b1b1.story,content,shorten,0,3,0.4016638398170471,0.7316005825996399,0.2590261995792389
./cnn/stories/5852e143b34cc30e94aed29193fc2e1dce37b1b1.story,content,shorten,1,1,0.47652941942214966,0.47652941942214966,0.2590261995792389
./cnn/stories/5852e143b34cc30e94aed29193fc2e1dce37b1b1.story,content,shorten,1,2,0.3851522207260132,0.6764816641807556,0.2295716106891632
./cnn/stories/5852e143b34cc30e94aed29193fc2e1dce37b1b1.story,content,shorten,1,3,0.4467291831970215,0.7365804314613342,0.228449285030365
./cnn/stories/5852e143b34cc30e94aed29193fc2e1dce37b1b1.story,content,shorten,2,1,0.4668683409690857,0.4668683409690857,0.5812481045722961
./cnn/stories/5852e143b34cc30e94aed29193fc2e1dce37b1b1.story,content,shorten,2,2,0.4437394142150879,0.6673998236656189,0.5812481045722961
./cnn/stories/5852e143b34cc30e94aed29193fc2e1dce37b1b1.story,content,shorten,2,3,0.48558855056762695,0.7962884306907654,0.5812481045722961
./cnn/stories/5852e143b34cc30e94aed29193fc2e1dce37b1b1.story,content,elaborate,0,1,0.5559685230255127,0.5559685230255127,0.4824138879776001
./cnn/stories/5852e143b34cc30e94aed29193fc2e1dce37b1b1.story,content,elaborate,0,2,0.5083200931549072,0.6506281495094299,0.4089241027832031
./cnn/stories/5852e143b34cc30e94aed29193fc2e1dce37b1b1.story,content,elaborate,0,3,0.4727000594139099,0.7050184011459351,0.13534492254257202
./cnn/stories/5852e143b34cc30e94aed29193fc2e1dce37b1b1.story,content,elaborate,1,1,0.4697878956794739,0.4697878956794739,0.2667893171310425
./cnn/stories/5852e143b34cc30e94aed29193fc2e1dce37b1b1.story,content,elaborate,1,2,0.4529454708099365,0.5738528966903687,0.48211586475372314
./cnn/stories/5852e143b34cc30e94aed29193fc2e1dce37b1b1.story,content,elaborate,1,3,0.4167749881744385,0.6124640107154846,0.48211586475372314
./cnn/stories/5852e143b34cc30e94aed29193fc2e1dce37b1b1.story,content,elaborate,2,1,0.602548360824585,0.602548360824585,0.4824138879776001
./cnn/stories/5852e143b34cc30e94aed29193fc2e1dce37b1b1.story,content,elaborate,2,2,0.5326961874961853,0.6077365875244141,0.5350404977798462
./cnn/stories/5852e143b34cc30e94aed29193fc2e1dce37b1b1.story,content,elaborate,2,3,0.46278613805770874,0.6719284653663635,0.2793596386909485
./cnn/stories/238128396a88a7293a0d8069bf7a791b10d4ae92.story,style,formality,0,1,0.4372407793998718,0.4372407793998718,0.1345849335193634
./cnn/stories/238128396a88a7293a0d8069bf7a791b10d4ae92.story,style,formality,0,2,0.44097810983657837,0.6925746202468872,0.1345849335193634
./cnn/stories/238128396a88a7293a0d8069bf7a791b10d4ae92.story,style,formality,0,3,0.37130677700042725,0.6769464015960693,0.1345849335193634
./cnn/stories/238128396a88a7293a0d8069bf7a791b10d4ae92.story,style,formality,1,1,0.4107050895690918,0.4107050895690918,0.1345849335193634
./cnn/stories/238128396a88a7293a0d8069bf7a791b10d4ae92.story,style,formality,1,2,0.3766082525253296,0.6310808658599854,0.1345849335193634
./cnn/stories/238128396a88a7293a0d8069bf7a791b10d4ae92.story,style,formality,1,3,0.3844243884086609,0.7163947224617004,0.1345849335193634
./cnn/stories/238128396a88a7293a0d8069bf7a791b10d4ae92.story,style,formality,2,1,0.4484706521034241,0.4484706521034241,0.1345849335193634
./cnn/stories/238128396a88a7293a0d8069bf7a791b10d4ae92.story,style,formality,2,2,0.41298431158065796,0.6548739075660706,0.1345849335193634
./cnn/stories/238128396a88a7293a0d8069bf7a791b10d4ae92.story,style,formality,2,3,0.41264504194259644,0.7348108291625977,0.1345849335193634
./cnn/stories/238128396a88a7293a0d8069bf7a791b10d4ae92.story,style,paraphrase,0,1,0.3903195261955261,0.3903195261955261,0.1020018458366394
./cnn/stories/238128396a88a7293a0d8069bf7a791b10d4ae92.story,style,paraphrase,0,2,0.4289777874946594,0.7719516754150391,0.1345849335193634
./cnn/stories/238128396a88a7293a0d8069bf7a791b10d4ae92.story,style,paraphrase,0,3,0.41636013984680176,0.7479343414306641,0.1345849335193634
./cnn/stories/238128396a88a7293a0d8069bf7a791b10d4ae92.story,style,paraphrase,1,1,0.45579689741134644,0.45579689741134644,0.1345849335193634
./cnn/stories/238128396a88a7293a0d8069bf7a791b10d4ae92.story,style,paraphrase,1,2,0.4295159578323364,0.7066628932952881,0.1345849335193634
./cnn/stories/238128396a88a7293a0d8069bf7a791b10d4ae92.story,style,paraphrase,1,3,0.4109535217285156,0.6555793881416321,0.1345849335193634
./cnn/stories/238128396a88a7293a0d8069bf7a791b10d4ae92.story,style,paraphrase,2,1,0.39650964736938477,0.39650964736938477,0.1020018458366394
./cnn/stories/238128396a88a7293a0d8069bf7a791b10d4ae92.story,style,paraphrase,2,2,0.37657323479652405,0.665673553943634,0.1020018458366394
./cnn/stories/238128396a88a7293a0d8069bf7a791b10d4ae92.story,style,paraphrase,2,3,0.3745824694633484,0.6023388504981995,0.1345849335193634
./cnn/stories/238128396a88a7293a0d8069bf7a791b10d4ae92.story,content,shorten,0,1,0.3501383662223816,0.3501383662223816,0.1345849335193634
./cnn/stories/238128396a88a7293a0d8069bf7a791b10d4ae92.story,content,shorten,0,2,0.3319697380065918,0.7831239104270935,0.1345849335193634
./cnn/stories/238128396a88a7293a0d8069bf7a791b10d4ae92.story,content,shorten,0,3,0.39590251445770264,0.8083112835884094,0.1345849335193634
./cnn/stories/238128396a88a7293a0d8069bf7a791b10d4ae92.story,content,shorten,1,1,0.3544232249259949,0.3544232249259949,0.1020018458366394
./cnn/stories/238128396a88a7293a0d8069bf7a791b10d4ae92.story,content,shorten,1,2,0.36604562401771545,0.7039172649383545,0.1345849335193634
./cnn/stories/238128396a88a7293a0d8069bf7a791b10d4ae92.story,content,shorten,1,3,0.3685395121574402,0.7687850594520569,0.1345849335193634
./cnn/stories/238128396a88a7293a0d8069bf7a791b10d4ae92.story,content,shorten,2,1,0.4069709777832031,0.4069709777832031,0.1020018458366394
./cnn/stories/238128396a88a7293a0d8069bf7a791b10d4ae92.story,content,shorten,2,2,0.39379674196243286,0.7163840532302856,0.1345849335193634
./cnn/stories/238128396a88a7293a0d8069bf7a791b10d4ae92.story,content,shorten,2,3,0.43611735105514526,0.7689257860183716,0.1345849335193634
./cnn/stories/238128396a88a7293a0d8069bf7a791b10d4ae92.story,content,elaborate,0,1,0.464012086391449,0.464012086391449,0.1345849335193634
./cnn/stories/238128396a88a7293a0d8069bf7a791b10d4ae92.story,content,elaborate,0,2,0.42738085985183716,0.6806278824806213,0.1345849335193634
./cnn/stories/238128396a88a7293a0d8069bf7a791b10d4ae92.story,content,elaborate,0,3,0.44059038162231445,0.6607512831687927,0.1345849335193634
./cnn/stories/238128396a88a7293a0d8069bf7a791b10d4ae92.story,content,elaborate,1,1,0.36905401945114136,0.36905401945114136,0.1345849335193634
./cnn/stories/238128396a88a7293a0d8069bf7a791b10d4ae92.story,content,elaborate,1,2,0.3959261178970337,0.5499809980392456,0.1345849335193634
./cnn/stories/238128396a88a7293a0d8069bf7a791b10d4ae92.story,content,elaborate,1,3,0.37939560413360596,0.6551861763000488,0.1345849335193634
./cnn/stories/238128396a88a7293a0d8069bf7a791b10d4ae92.story,content,elaborate,2,1,0.46427756547927856,0.46427756547927856,0.1345849335193634
./cnn/stories/238128396a88a7293a0d8069bf7a791b10d4ae92.story,content,elaborate,2,2,0.4129323363304138,0.6506195664405823,0.1345849335193634
./cnn/stories/238128396a88a7293a0d8069bf7a791b10d4ae92.story,content,elaborate,2,3,0.4010798931121826,0.7033316493034363,0.1345849335193634
./cnn/stories/72f0c366e1f31b292d8fb0e9d8b9b1291955ce59.story,style,formality,0,1,0.45891016721725464,0.45891016721725464,0.7138687372207642
./cnn/stories/72f0c366e1f31b292d8fb0e9d8b9b1291955ce59.story,style,formality,0,2,0.4418204426765442,0.7789440751075745,0.7138687372207642
./cnn/stories/72f0c366e1f31b292d8fb0e9d8b9b1291955ce59.story,style,formality,0,3,0.4317266345024109,0.7599628567695618,0.7138687372207642
./cnn/stories/72f0c366e1f31b292d8fb0e9d8b9b1291955ce59.story,style,formality,1,1,0.45573192834854126,0.45573192834854126,0.7138687372207642
./cnn/stories/72f0c366e1f31b292d8fb0e9d8b9b1291955ce59.story,style,formality,1,2,0.4542638063430786,0.7831818461418152,0.7138687372207642
./cnn/stories/72f0c366e1f31b292d8fb0e9d8b9b1291955ce59.story,style,formality,1,3,0.43685638904571533,0.7953396439552307,0.7138687372207642
./cnn/stories/72f0c366e1f31b292d8fb0e9d8b9b1291955ce59.story,style,formality,2,1,0.4727632999420166,0.4727632999420166,0.7138687372207642
./cnn/stories/72f0c366e1f31b292d8fb0e9d8b9b1291955ce59.story,style,formality,2,2,0.4313083291053772,0.782357931137085,0.7138687372207642
./cnn/stories/72f0c366e1f31b292d8fb0e9d8b9b1291955ce59.story,style,formality,2,3,0.4187925457954407,0.724727213382721,0.7138687372207642
./cnn/stories/72f0c366e1f31b292d8fb0e9d8b9b1291955ce59.story,style,paraphrase,0,1,0.5264426469802856,0.5264426469802856,0.7138687372207642
./cnn/stories/72f0c366e1f31b292d8fb0e9d8b9b1291955ce59.story,style,paraphrase,0,2,0.4848615527153015,0.7932003736495972,0.7138687372207642
./cnn/stories/72f0c366e1f31b292d8fb0e9d8b9b1291955ce59.story,style,paraphrase,0,3,0.40684545040130615,0.7977432608604431,0.7138687372207642
./cnn/stories/72f0c366e1f31b292d8fb0e9d8b9b1291955ce59.story,style,paraphrase,1,1,0.451488733291626,0.451488733291626,0.7138687372207642
./cnn/stories/72f0c366e1f31b292d8fb0e9d8b9b1291955ce59.story,style,paraphrase,1,2,0.39736148715019226,0.6853823661804199,0.7138687372207642
./cnn/stories/72f0c366e1f31b292d8fb0e9d8b9b1291955ce59.story,style,paraphrase,1,3,0.4191715717315674,0.6822673082351685,0.7138687372207642
./cnn/stories/72f0c366e1f31b292d8fb0e9d8b9b1291955ce59.story,style,paraphrase,2,1,0.4428803324699402,0.4428803324699402,0.7138687372207642
./cnn/stories/72f0c366e1f31b292d8fb0e9d8b9b1291955ce59.story,style,paraphrase,2,2,0.4375954270362854,0.7260995507240295,0.7138687372207642
./cnn/stories/72f0c366e1f31b292d8fb0e9d8b9b1291955ce59.story,style,paraphrase,2,3,0.46027058362960815,0.7479946613311768,0.7138687372207642
./cnn/stories/72f0c366e1f31b292d8fb0e9d8b9b1291955ce59.story,content,shorten,0,1,0.5673840045928955,0.5673840045928955,0.7138687372207642
./cnn/stories/72f0c366e1f31b292d8fb0e9d8b9b1291955ce59.story,content,shorten,0,2,0.5520219206809998,0.7674502730369568,0.7138687372207642
./cnn/stories/72f0c366e1f31b292d8fb0e9d8b9b1291955ce59.story,content,shorten,0,3,0.5300496220588684,0.7974063754081726,0.20645613968372345
./cnn/stories/72f0c366e1f31b292d8fb0e9d8b9b1291955ce59.story,content,shorten,1,1,0.5026476383209229,0.5026476383209229,0.7138687372207642
./cnn/stories/72f0c366e1f31b292d8fb0e9d8b9b1291955ce59.story,content,shorten,1,2,0.503573477268219,0.6700740456581116,0.7138687372207642
./cnn/stories/72f0c366e1f31b292d8fb0e9d8b9b1291955ce59.story,content,shorten,1,3,0.49360179901123047,0.8020166158676147,0.7138687372207642
./cnn/stories/72f0c366e1f31b292d8fb0e9d8b9b1291955ce59.story,content,shorten,2,1,0.5245151519775391,0.5245151519775391,0.7138687372207642
./cnn/stories/72f0c366e1f31b292d8fb0e9d8b9b1291955ce59.story,content,shorten,2,2,0.5220896601676941,0.7616435885429382,0.7138687372207642
./cnn/stories/72f0c366e1f31b292d8fb0e9d8b9b1291955ce59.story,content,shorten,2,3,0.4878416061401367,0.8192258477210999,0.7138687372207642
./cnn/stories/72f0c366e1f31b292d8fb0e9d8b9b1291955ce59.story,content,elaborate,0,1,0.401525616645813,0.401525616645813,0.7138687372207642
./cnn/stories/72f0c366e1f31b292d8fb0e9d8b9b1291955ce59.story,content,elaborate,0,2,0.4343440532684326,0.6832112073898315,0.7138687372207642
./cnn/stories/72f0c366e1f31b292d8fb0e9d8b9b1291955ce59.story,content,elaborate,0,3,0.3995778560638428,0.6128712296485901,0.7138687372207642
./cnn/stories/72f0c366e1f31b292d8fb0e9d8b9b1291955ce59.story,content,elaborate,1,1,0.42529863119125366,0.42529863119125366,0.7138687372207642
./cnn/stories/72f0c366e1f31b292d8fb0e9d8b9b1291955ce59.story,content,elaborate,1,2,0.41302579641342163,0.7562118172645569,0.7138687372207642
./cnn/stories/72f0c366e1f31b292d8fb0e9d8b9b1291955ce59.story,content,elaborate,1,3,0.4250725507736206,0.6770252585411072,0.7138687372207642
./cnn/stories/72f0c366e1f31b292d8fb0e9d8b9b1291955ce59.story,content,elaborate,2,1,0.4487544298171997,0.4487544298171997,0.7138687372207642
./cnn/stories/72f0c366e1f31b292d8fb0e9d8b9b1291955ce59.story,content,elaborate,2,2,0.4021735191345215,0.7029851078987122,0.7138687372207642
./cnn/stories/72f0c366e1f31b292d8fb0e9d8b9b1291955ce59.story,content,elaborate,2,3,0.3970834016799927,0.7303442358970642,0.7138687372207642
./cnn/stories/01d2bc258d5e13d1742cc75bbfa8b224c9760cd0.story,style,formality,0,1,0.6871263384819031,0.6871263384819031,0.7594842314720154
./cnn/stories/01d2bc258d5e13d1742cc75bbfa8b224c9760cd0.story,style,formality,0,2,0.6086084842681885,0.7014561295509338,0.633396565914154
./cnn/stories/01d2bc258d5e13d1742cc75bbfa8b224c9760cd0.story,style,formality,0,3,0.5922869443893433,0.7336103916168213,0.633396565914154
./cnn/stories/01d2bc258d5e13d1742cc75bbfa8b224c9760cd0.story,style,formality,1,1,0.6599022746086121,0.6599022746086121,0.7594842314720154
./cnn/stories/01d2bc258d5e13d1742cc75bbfa8b224c9760cd0.story,style,formality,1,2,0.579335629940033,0.6933354139328003,0.7594842314720154
./cnn/stories/01d2bc258d5e13d1742cc75bbfa8b224c9760cd0.story,style,formality,1,3,0.5627132058143616,0.6930411458015442,0.7468255162239075
./cnn/stories/01d2bc258d5e13d1742cc75bbfa8b224c9760cd0.story,style,formality,2,1,0.5385986566543579,0.5385986566543579,0.7594842314720154
./cnn/stories/01d2bc258d5e13d1742cc75bbfa8b224c9760cd0.story,style,formality,2,2,0.5181844830513,0.7657971978187561,0.8489989638328552
./cnn/stories/01d2bc258d5e13d1742cc75bbfa8b224c9760cd0.story,style,formality,2,3,0.47869354486465454,0.7775168418884277,0.7594842314720154
./cnn/stories/01d2bc258d5e13d1742cc75bbfa8b224c9760cd0.story,style,paraphrase,0,1,0.5989860892295837,0.5989860892295837,0.7594842314720154
./cnn/stories/01d2bc258d5e13d1742cc75bbfa8b224c9760cd0.story,style,paraphrase,0,2,0.542860746383667,0.7006669640541077,0.4574589729309082
./cnn/stories/01d2bc258d5e13d1742cc75bbfa8b224c9760cd0.story,style,paraphrase,0,3,0.503186047077179,0.6745896935462952,0.5967239737510681
./cnn/stories/01d2bc258d5e13d1742cc75bbfa8b224c9760cd0.story,style,paraphrase,1,1,0.5759406685829163,0.5759406685829163,0.7594842314720154
./cnn/stories/01d2bc258d5e13d1742cc75bbfa8b224c9760cd0.story,style,paraphrase,1,2,0.5836681127548218,0.6571865081787109,0.8489989638328552
./cnn/stories/01d2bc258d5e13d1742cc75bbfa8b224c9760cd0.story,style,paraphrase,1,3,0.5863347053527832,0.7561817765235901,0.6698588132858276
./cnn/stories/01d2bc258d5e13d1742cc75bbfa8b224c9760cd0.story,style,paraphrase,2,1,0.5266997814178467,0.5266997814178467,0.7532685399055481
./cnn/stories/01d2bc258d5e13d1742cc75bbfa8b224c9760cd0.story,style,paraphrase,2,2,0.4896275997161865,0.5561960339546204,0.8568831086158752
./cnn/stories/01d2bc258d5e13d1742cc75bbfa8b224c9760cd0.story,style,paraphrase,2,3,0.46913987398147583,0.6640257835388184,0.7532685399055481
./cnn/stories/01d2bc258d5e13d1742cc75bbfa8b224c9760cd0.story,content,shorten,0,1,0.5213649868965149,0.5213649868965149,0.8568831086158752
./cnn/stories/01d2bc258d5e13d1742cc75bbfa8b224c9760cd0.story,content,shorten,0,2,0.4901328682899475,0.694445788860321,0.8489989638328552
./cnn/stories/01d2bc258d5e13d1742cc75bbfa8b224c9760cd0.story,content,shorten,0,3,0.45121926069259644,0.6801403164863586,0.8489989638328552
./cnn/stories/01d2bc258d5e13d1742cc75bbfa8b224c9760cd0.story,content,shorten,1,1,0.5098586082458496,0.5098586082458496,0.773726761341095
./cnn/stories/01d2bc258d5e13d1742cc75bbfa8b224c9760cd0.story,content,shorten,1,2,0.4880852699279785,0.7954482436180115,0.7840541005134583
./cnn/stories/01d2bc258d5e13d1742cc75bbfa8b224c9760cd0.story,content,shorten,1,3,0.4824601411819458,0.8041431307792664,0.7840541005134583
./cnn/stories/01d2bc258d5e13d1742cc75bbfa8b224c9760cd0.story,content,shorten,2,1,0.5141704678535461,0.5141704678535461,0.7594842314720154
./cnn/stories/01d2bc258d5e13d1742cc75bbfa8b224c9760cd0.story,content,shorten,2,2,0.49348556995391846,0.8136681318283081,0.773726761341095
./cnn/stories/01d2bc258d5e13d1742cc75bbfa8b224c9760cd0.story,content,shorten,2,3,0.48537206649780273,0.8359161019325256,0.7594842314720154
./cnn/stories/01d2bc258d5e13d1742cc75bbfa8b224c9760cd0.story,content,elaborate,0,1,0.5538382530212402,0.5538382530212402,0.5768066644668579
./cnn/stories/01d2bc258d5e13d1742cc75bbfa8b224c9760cd0.story,content,elaborate,0,2,0.4946403503417969,0.6388526558876038,0.5967239737510681
./cnn/stories/01d2bc258d5e13d1742cc75bbfa8b224c9760cd0.story,content,elaborate,0,3,0.5176016092300415,0.6447505354881287,0.5967239737510681
./cnn/stories/01d2bc258d5e13d1742cc75bbfa8b224c9760cd0.story,content,elaborate,1,1,0.5981869697570801,0.5981869697570801,0.6620668768882751
./cnn/stories/01d2bc258d5e13d1742cc75bbfa8b224c9760cd0.story,content,elaborate,1,2,0.5207128524780273,0.5723409056663513,0.773726761341095
./cnn/stories/01d2bc258d5e13d1742cc75bbfa8b224c9760cd0.story,content,elaborate,1,3,0.4903263449668884,0.6904895901679993,0.773726761341095
./cnn/stories/01d2bc258d5e13d1742cc75bbfa8b224c9760cd0.story,content,elaborate,2,1,0.5339249968528748,0.5339249968528748,0.7594842314720154
./cnn/stories/01d2bc258d5e13d1742cc75bbfa8b224c9760cd0.story,content,elaborate,2,2,0.46693819761276245,0.5946515202522278,0.5768066644668579
./cnn/stories/01d2bc258d5e13d1742cc75bbfa8b224c9760cd0.story,content,elaborate,2,3,0.43479400873184204,0.5863510370254517,0.6698588132858276
./cnn/stories/113bc1c570498f5723bf595f8980c30e95711c47.story,style,formality,0,1,0.44916653633117676,0.44916653633117676,0.4528985023498535
./cnn/stories/113bc1c570498f5723bf595f8980c30e95711c47.story,style,formality,0,2,0.44633662700653076,0.7192054390907288,0.4528985023498535
./cnn/stories/113bc1c570498f5723bf595f8980c30e95711c47.story,style,formality,0,3,0.43006259202957153,0.778682291507721,0.4666745662689209
./cnn/stories/113bc1c570498f5723bf595f8980c30e95711c47.story,style,formality,1,1,0.46076279878616333,0.46076279878616333,0.3948753774166107
./cnn/stories/113bc1c570498f5723bf595f8980c30e95711c47.story,style,formality,1,2,0.43338948488235474,0.7676549553871155,0.3948753774166107
./cnn/stories/113bc1c570498f5723bf595f8980c30e95711c47.story,style,formality,1,3,0.40454965829849243,0.6851164102554321,0.3948753774166107
./cnn/stories/113bc1c570498f5723bf595f8980c30e95711c47.story,style,formality,2,1,0.4348004460334778,0.4348004460334778,0.37486737966537476
./cnn/stories/113bc1c570498f5723bf595f8980c30e95711c47.story,style,formality,2,2,0.43203282356262207,0.7413631081581116,0.4528985023498535
./cnn/stories/113bc1c570498f5723bf595f8980c30e95711c47.story,style,formality,2,3,0.4243834614753723,0.7860923409461975,0.4666745662689209
./cnn/stories/113bc1c570498f5723bf595f8980c30e95711c47.story,style,paraphrase,0,1,0.42244988679885864,0.42244988679885864,0.47011375427246094
./cnn/stories/113bc1c570498f5723bf595f8980c30e95711c47.story,style,paraphrase,0,2,0.39481306076049805,0.6082741618156433,0.47011375427246094
./cnn/stories/113bc1c570498f5723bf595f8980c30e95711c47.story,style,paraphrase,0,3,0.37510403990745544,0.6831191182136536,0.4725610613822937
./cnn/stories/113bc1c570498f5723bf595f8980c30e95711c47.story,style,paraphrase,1,1,0.4491136074066162,0.4491136074066162,0.37486737966537476
./cnn/stories/113bc1c570498f5723bf595f8980c30e95711c47.story,style,paraphrase,1,2,0.37657052278518677,0.6077958345413208,0.37486737966537476
./cnn/stories/113bc1c570498f5723bf595f8980c30e95711c47.story,style,paraphrase,1,3,0.400959312915802,0.7023331522941589,0.5021193027496338
./cnn/stories/113bc1c570498f5723bf595f8980c30e95711c47.story,style,paraphrase,2,1,0.3781117796897888,0.3781117796897888,0.37486737966537476
./cnn/stories/113bc1c570498f5723bf595f8980c30e95711c47.story,style,paraphrase,2,2,0.3883362412452698,0.6581650376319885,0.43483293056488037
./cnn/stories/113bc1c570498f5723bf595f8980c30e95711c47.story,style,paraphrase,2,3,0.34809935092926025,0.5008129477500916,0.37486737966537476
./cnn/stories/113bc1c570498f5723bf595f8980c30e95711c47.story,content,shorten,0,1,0.2664541006088257,0.2664541006088257,0.3718642592430115
./cnn/stories/113bc1c570498f5723bf595f8980c30e95711c47.story,content,shorten,0,2,0.2987633943557739,0.723456084728241,0.47011375427246094
./cnn/stories/113bc1c570498f5723bf595f8980c30e95711c47.story,content,shorten,0,3,0.31873297691345215,0.7546313405036926,0.5399988889694214
./cnn/stories/113bc1c570498f5723bf595f8980c30e95711c47.story,content,shorten,1,1,0.33982133865356445,0.33982133865356445,0.37985754013061523
./cnn/stories/113bc1c570498f5723bf595f8980c30e95711c47.story,content,shorten,1,2,0.3011225461959839,0.7497134208679199,0.46171945333480835
./cnn/stories/113bc1c570498f5723bf595f8980c30e95711c47.story,content,shorten,1,3,0.314700722694397,0.7739409804344177,0.43483293056488037
./cnn/stories/113bc1c570498f5723bf595f8980c30e95711c47.story,content,shorten,2,1,0.34005796909332275,0.34005796909332275,0.5616945028305054
./cnn/stories/113bc1c570498f5723bf595f8980c30e95711c47.story,content,shorten,2,2,0.2993372082710266,0.7438162565231323,0.49713820219039917
./cnn/stories/113bc1c570498f5723bf595f8980c30e95711c47.story,content,shorten,2,3,0.27416157722473145,0.792363703250885,0.49713820219039917
./cnn/stories/113bc1c570498f5723bf595f8980c30e95711c47.story,content,elaborate,0,1,0.3815220594406128,0.3815220594406128,0.4725610613822937
./cnn/stories/113bc1c570498f5723bf595f8980c30e95711c47.story,content,elaborate,0,2,0.3450961112976074,0.6149052977561951,0.4725610613822937
./cnn/stories/113bc1c570498f5723bf595f8980c30e95711c47.story,content,elaborate,0,3,0.3030306100845337,0.6645167469978333,0.37486737966537476
./cnn/stories/113bc1c570498f5723bf595f8980c30e95711c47.story,content,elaborate,1,1,0.33215445280075073,0.33215445280075073,0.37985754013061523
./cnn/stories/113bc1c570498f5723bf595f8980c30e95711c47.story,content,elaborate,1,2,0.3035450875759125,0.6976847052574158,0.2430807501077652
./cnn/stories/113bc1c570498f5723bf595f8980c30e95711c47.story,content,elaborate,1,3,0.3153720498085022,0.6639769077301025,0.35195595026016235
./cnn/stories/113bc1c570498f5723bf595f8980c30e95711c47.story,content,elaborate,2,1,0.38038212060928345,0.38038212060928345,0.37486737966537476
./cnn/stories/113bc1c570498f5723bf595f8980c30e95711c47.story,content,elaborate,2,2,0.40096187591552734,0.5508051514625549,0.4725610613822937
./cnn/stories/113bc1c570498f5723bf595f8980c30e95711c47.story,content,elaborate,2,3,0.3674415647983551,0.7211574912071228,0.4725610613822937
./cnn/stories/9a581fde5f136d02602abee1eb4c0c52924b7a99.story,style,formality,0,1,0.5317298769950867,0.5317298769950867,0.8425158858299255
./cnn/stories/9a581fde5f136d02602abee1eb4c0c52924b7a99.story,style,formality,0,2,0.5116309523582458,0.6784334778785706,0.8425158858299255
./cnn/stories/9a581fde5f136d02602abee1eb4c0c52924b7a99.story,style,formality,0,3,0.5114875435829163,0.6957361698150635,0.8425158858299255
./cnn/stories/9a581fde5f136d02602abee1eb4c0c52924b7a99.story,style,formality,1,1,0.5294656157493591,0.5294656157493591,0.8425158858299255
./cnn/stories/9a581fde5f136d02602abee1eb4c0c52924b7a99.story,style,formality,1,2,0.5211405158042908,0.7131406664848328,0.8425158858299255
./cnn/stories/9a581fde5f136d02602abee1eb4c0c52924b7a99.story,style,formality,1,3,0.4874453544616699,0.7039831280708313,0.8425158858299255
./cnn/stories/9a581fde5f136d02602abee1eb4c0c52924b7a99.story,style,formality,2,1,0.5007303953170776,0.5007303953170776,0.8425158858299255
./cnn/stories/9a581fde5f136d02602abee1eb4c0c52924b7a99.story,style,formality,2,2,0.49528610706329346,0.7033759355545044,0.8425158858299255
./cnn/stories/9a581fde5f136d02602abee1eb4c0c52924b7a99.story,style,formality,2,3,0.4801154136657715,0.7403859496116638,0.8425158858299255
./cnn/stories/9a581fde5f136d02602abee1eb4c0c52924b7a99.story,style,paraphrase,0,1,0.49153071641921997,0.49153071641921997,0.8425158858299255
./cnn/stories/9a581fde5f136d02602abee1eb4c0c52924b7a99.story,style,paraphrase,0,2,0.4120238423347473,0.5307905673980713,0.8425158858299255
./cnn/stories/9a581fde5f136d02602abee1eb4c0c52924b7a99.story,style,paraphrase,0,3,0.35757213830947876,0.6109073758125305,0.8425158858299255
./cnn/stories/9a581fde5f136d02602abee1eb4c0c52924b7a99.story,style,paraphrase,1,1,0.5121375918388367,0.5121375918388367,0.8425158858299255
./cnn/stories/9a581fde5f136d02602abee1eb4c0c52924b7a99.story,style,paraphrase,1,2,0.42741072177886963,0.538805365562439,0.8425158858299255
./cnn/stories/9a581fde5f136d02602abee1eb4c0c52924b7a99.story,style,paraphrase,1,3,0.3993351459503174,0.6973690390586853,0.8425158858299255
./cnn/stories/9a581fde5f136d02602abee1eb4c0c52924b7a99.story,style,paraphrase,2,1,0.47158151865005493,0.47158151865005493,0.8425158858299255
./cnn/stories/9a581fde5f136d02602abee1eb4c0c52924b7a99.story,style,paraphrase,2,2,0.3865330219268799,0.4084051251411438,0.8425158858299255
./cnn/stories/9a581fde5f136d02602abee1eb4c0c52924b7a99.story,style,paraphrase,2,3,0.3902878165245056,0.5606280565261841,0.7228043079376221
./cnn/stories/9a581fde5f136d02602abee1eb4c0c52924b7a99.story,content,shorten,0,1,0.44576501846313477,0.44576501846313477,0.905989944934845
./cnn/stories/9a581fde5f136d02602abee1eb4c0c52924b7a99.story,content,shorten,0,2,0.44207942485809326,0.6706701517105103,0.12048444151878357
./cnn/stories/9a581fde5f136d02602abee1eb4c0c52924b7a99.story,content,shorten,0,3,0.3188137412071228,0.4739551544189453,
./cnn/stories/9a581fde5f136d02602abee1eb4c0c52924b7a99.story,content,shorten,1,1,0.37897366285324097,0.37897366285324097,0.1373971849679947
./cnn/stories/9a581fde5f136d02602abee1eb4c0c52924b7a99.story,content,shorten,1,2,0.3228924870491028,0.6260191202163696,0.06258320063352585
./cnn/stories/9a581fde5f136d02602abee1eb4c0c52924b7a99.story,content,shorten,1,3,0.3375091254711151,0.7354250550270081,0.025877028703689575
./cnn/stories/9a581fde5f136d02602abee1eb4c0c52924b7a99.story,content,shorten,2,1,0.4008904695510864,0.4008904695510864,0.8425158858299255
./cnn/stories/9a581fde5f136d02602abee1eb4c0c52924b7a99.story,content,shorten,2,2,0.39287644624710083,0.4933803677558899,0.31085383892059326
./cnn/stories/9a581fde5f136d02602abee1eb4c0c52924b7a99.story,content,shorten,2,3,0.3589472770690918,0.6563381552696228,0.20460405945777893
./cnn/stories/9a581fde5f136d02602abee1eb4c0c52924b7a99.story,content,elaborate,0,1,0.3942503333091736,0.3942503333091736,0.427856981754303
./cnn/stories/9a581fde5f136d02602abee1eb4c0c52924b7a99.story,content,elaborate,0,2,0.40286123752593994,0.6030033826828003,0.4598819613456726
./cnn/stories/9a581fde5f136d02602abee1eb4c0c52924b7a99.story,content,elaborate,0,3,0.3968381881713867,0.5824978947639465,0.47248542308807373
./cnn/stories/9a581fde5f136d02602abee1eb4c0c52924b7a99.story,content,elaborate,1,1,0.36420994997024536,0.36420994997024536,0.48300015926361084
./cnn/stories/9a581fde5f136d02602abee1eb4c0c52924b7a99.story,content,elaborate,1,2,0.33579161763191223,0.5899024605751038,0.4843320846557617
./cnn/stories/9a581fde5f136d02602abee1eb4c0c52924b7a99.story,content,elaborate,1,3,0.344140887260437,0.56253582239151,0.5810720324516296
./cnn/stories/9a581fde5f136d02602abee1eb4c0c52924b7a99.story,content,elaborate,2,1,0.40741562843322754,0.40741562843322754,0.35648292303085327
./cnn/stories/9a581fde5f136d02602abee1eb4c0c52924b7a99.story,content,elaborate,2,2,0.4121694564819336,0.6076325178146362,0.5497689247131348
./cnn/stories/9a581fde5f136d02602abee1eb4c0c52924b7a99.story,content,elaborate,2,3,0.374153733253479,0.6460586190223694,0.5497689247131348
./cnn/stories/39088d700fcb5cd7d4763809578ed8a9c0267132.story,style,formality,0,1,0.5011661648750305,0.5011661648750305,0.31925737857818604
./cnn/stories/39088d700fcb5cd7d4763809578ed8a9c0267132.story,style,formality,0,2,0.5137267708778381,0.6744654774665833,0.31925737857818604
./cnn/stories/39088d700fcb5cd7d4763809578ed8a9c0267132.story,style,formality,0,3,0.5059866309165955,0.7666884660720825,0.31925737857818604
./cnn/stories/39088d700fcb5cd7d4763809578ed8a9c0267132.story,style,formality,1,1,0.6554318070411682,0.6554318070411682,0.3991590142250061
./cnn/stories/39088d700fcb5cd7d4763809578ed8a9c0267132.story,style,formality,1,2,0.5769068598747253,0.6455814242362976,0.15345793962478638
./cnn/stories/39088d700fcb5cd7d4763809578ed8a9c0267132.story,style,formality,1,3,0.5647649168968201,0.6929218173027039,0.31925737857818604
./cnn/stories/39088d700fcb5cd7d4763809578ed8a9c0267132.story,style,formality,2,1,0.6259282827377319,0.6259282827377319,0.31925737857818604
./cnn/stories/39088d700fcb5cd7d4763809578ed8a9c0267132.story,style,formality,2,2,0.54648756980896,0.6254158616065979,0.31925737857818604
./cnn/stories/39088d700fcb5cd7d4763809578ed8a9c0267132.story,style,formality,2,3,0.5209194421768188,0.7204113006591797,0.31925737857818604
./cnn/stories/39088d700fcb5cd7d4763809578ed8a9c0267132.story,style,paraphrase,0,1,0.5136691331863403,0.5136691331863403,0.3991590142250061
./cnn/stories/39088d700fcb5cd7d4763809578ed8a9c0267132.story,style,paraphrase,0,2,0.4760415554046631,0.634859561920166,0.23770731687545776
./cnn/stories/39088d700fcb5cd7d4763809578ed8a9c0267132.story,style,paraphrase,0,3,0.30257314443588257,0.7039321064949036,0.15345793962478638
./cnn/stories/39088d700fcb5cd7d4763809578ed8a9c0267132.story,style,paraphrase,1,1,0.5760834813117981,0.5760834813117981,0.3991590142250061
./cnn/stories/39088d700fcb5cd7d4763809578ed8a9c0267132.story,style,paraphrase,1,2,0.4903584122657776,0.5703055262565613,0.23770731687545776
./cnn/stories/39088d700fcb5cd7d4763809578ed8a9c0267132.story,style,paraphrase,1,3,0.46180808544158936,0.7205426096916199,0.15345793962478638
./cnn/stories/39088d700fcb5cd7d4763809578ed8a9c0267132.story,style,paraphrase,2,1,0.49390149116516113,0.49390149116516113,0.31925737857818604
./cnn/stories/39088d700fcb5cd7d4763809578ed8a9c0267132.story,style,paraphrase,2,2,0.48590248823165894,0.5460953116416931,0.4050289988517761
./cnn/stories/39088d700fcb5cd7d4763809578ed8a9c0267132.story,style,paraphrase,2,3,0.40888965129852295,0.7295016646385193,0.31925737857818604
./cnn/stories/39088d700fcb5cd7d4763809578ed8a9c0267132.story,content,shorten,0,1,0.48541873693466187,0.48541873693466187,0.799329936504364
./cnn/stories/39088d700fcb5cd7d4763809578ed8a9c0267132.story,content,shorten,0,2,0.44409888982772827,0.728999674320221,0.799329936504364
./cnn/stories/39088d700fcb5cd7d4763809578ed8a9c0267132.story,content,shorten,0,3,0.4345853328704834,0.7551588416099548,0.799329936504364
./cnn/stories/39088d700fcb5cd7d4763809578ed8a9c0267132.story,content,shorten,1,1,0.48087137937545776,0.48087137937545776,0.4050289988517761
./cnn/stories/39088d700fcb5cd7d4763809578ed8a9c0267132.story,content,shorten,1,2,0.44022202491760254,0.7157232165336609,0.4050289988517761
./cnn/stories/39088d700fcb5cd7d4763809578ed8a9c0267132.story,content,shorten,1,3,0.4364197254180908,0.7013025879859924,0.4050289988517761
./cnn/stories/39088d700fcb5cd7d4763809578ed8a9c0267132.story,content,shorten,2,1,0.5345998406410217,0.5345998406410217,0.4050289988517761
./cnn/stories/39088d700fcb5cd7d4763809578ed8a9c0267132.story,content,shorten,2,2,0.44646167755126953,0.802871584892273,0.4050289988517761
./cnn/stories/39088d700fcb5cd7d4763809578ed8a9c0267132.story,content,shorten,2,3,0.4843735694885254,0.7190431952476501,0.4050289988517761
./cnn/stories/39088d700fcb5cd7d4763809578ed8a9c0267132.story,content,elaborate,0,1,0.5528459548950195,0.5528459548950195,0.3991590142250061
./cnn/stories/39088d700fcb5cd7d4763809578ed8a9c0267132.story,content,elaborate,0,2,0.5010318160057068,0.6823845505714417,0.3991590142250061
./cnn/stories/39088d700fcb5cd7d4763809578ed8a9c0267132.story,content,elaborate,0,3,0.45290493965148926,0.6737396717071533,0.1531514674425125
./cnn/stories/39088d700fcb5cd7d4763809578ed8a9c0267132.story,content,elaborate,1,1,0.6184362173080444,0.6184362173080444,0.15345793962478638
./cnn/stories/39088d700fcb5cd7d4763809578ed8a9c0267132.story,content,elaborate,1,2,0.5247740745544434,0.6163927316665649,0.15345793962478638
./cnn/stories/39088d700fcb5cd7d4763809578ed8a9c0267132.story,content,elaborate,1,3,0.46760398149490356,0.6811219453811646,0.15345793962478638
./cnn/stories/39088d700fcb5cd7d4763809578ed8a9c0267132.story,content,elaborate,2,1,0.5425697565078735,0.5425697565078735,0.3991590142250061
./cnn/stories/39088d700fcb5cd7d4763809578ed8a9c0267132.story,content,elaborate,2,2,0.4851917624473572,0.632786750793457,0.20466767251491547
./cnn/stories/39088d700fcb5cd7d4763809578ed8a9c0267132.story,content,elaborate,2,3,0.44338345527648926,0.6575567126274109,0.3991590142250061
./cnn/stories/4df1fb2b81e22650a33a43a72428dfd7447b06ef.story,style,formality,0,1,0.5578962564468384,0.5578962564468384,0.3306735157966614
./cnn/stories/4df1fb2b81e22650a33a43a72428dfd7447b06ef.story,style,formality,0,2,0.572030782699585,0.7470887303352356,0.3306735157966614
./cnn/stories/4df1fb2b81e22650a33a43a72428dfd7447b06ef.story,style,formality,0,3,0.4907265305519104,0.6637172102928162,0.3306735157966614
./cnn/stories/4df1fb2b81e22650a33a43a72428dfd7447b06ef.story,style,formality,1,1,0.596813976764679,0.596813976764679,0.3306735157966614
./cnn/stories/4df1fb2b81e22650a33a43a72428dfd7447b06ef.story,style,formality,1,2,0.5002506971359253,0.677274227142334,0.3306735157966614
./cnn/stories/4df1fb2b81e22650a33a43a72428dfd7447b06ef.story,style,formality,1,3,0.4828953742980957,0.7349040508270264,0.3306735157966614
./cnn/stories/4df1fb2b81e22650a33a43a72428dfd7447b06ef.story,style,formality,2,1,0.5886359214782715,0.5886359214782715,0.3306735157966614
./cnn/stories/4df1fb2b81e22650a33a43a72428dfd7447b06ef.story,style,formality,2,2,0.4982220530509949,0.6185956597328186,0.3306735157966614
./cnn/stories/4df1fb2b81e22650a33a43a72428dfd7447b06ef.story,style,formality,2,3,0.5230948328971863,0.7129464745521545,0.24664470553398132
./cnn/stories/4df1fb2b81e22650a33a43a72428dfd7447b06ef.story,style,paraphrase,0,1,0.33639416098594666,0.33639416098594666,0.3306735157966614
./cnn/stories/4df1fb2b81e22650a33a43a72428dfd7447b06ef.story,style,paraphrase,0,2,0.36990994215011597,0.5303218364715576,0.3306735157966614
./cnn/stories/4df1fb2b81e22650a33a43a72428dfd7447b06ef.story,style,paraphrase,0,3,0.3819115161895752,0.705707311630249,0.3306735157966614
./cnn/stories/4df1fb2b81e22650a33a43a72428dfd7447b06ef.story,style,paraphrase,1,1,0.4039000868797302,0.4039000868797302,0.3306735157966614
./cnn/stories/4df1fb2b81e22650a33a43a72428dfd7447b06ef.story,style,paraphrase,1,2,0.36026448011398315,0.6325483322143555,0.3306735157966614
./cnn/stories/4df1fb2b81e22650a33a43a72428dfd7447b06ef.story,style,paraphrase,1,3,0.25482895970344543,0.6575201153755188,0.3306735157966614
./cnn/stories/4df1fb2b81e22650a33a43a72428dfd7447b06ef.story,style,paraphrase,2,1,0.4015493392944336,0.4015493392944336,0.3306735157966614
./cnn/stories/4df1fb2b81e22650a33a43a72428dfd7447b06ef.story,style,paraphrase,2,2,0.40017735958099365,0.6257326006889343,0.3306735157966614
./cnn/stories/4df1fb2b81e22650a33a43a72428dfd7447b06ef.story,style,paraphrase,2,3,0.3784199357032776,0.6600351333618164,0.3306735157966614
./cnn/stories/4df1fb2b81e22650a33a43a72428dfd7447b06ef.story,content,shorten,0,1,0.31362447142601013,0.31362447142601013,0.3306735157966614
./cnn/stories/4df1fb2b81e22650a33a43a72428dfd7447b06ef.story,content,shorten,0,2,0.2702409625053406,0.769982635974884,0.3306735157966614
./cnn/stories/4df1fb2b81e22650a33a43a72428dfd7447b06ef.story,content,shorten,0,3,0.3046126961708069,0.7599079012870789,0.3306735157966614
./cnn/stories/4df1fb2b81e22650a33a43a72428dfd7447b06ef.story,content,shorten,1,1,0.41420692205429077,0.41420692205429077,0.34256401658058167
./cnn/stories/4df1fb2b81e22650a33a43a72428dfd7447b06ef.story,content,shorten,1,2,0.39727306365966797,0.6563981175422668,0.34256401658058167
./cnn/stories/4df1fb2b81e22650a33a43a72428dfd7447b06ef.story,content,shorten,1,3,0.40096259117126465,0.7167404890060425,0.34256401658058167
./cnn/stories/4df1fb2b81e22650a33a43a72428dfd7447b06ef.story,content,shorten,2,1,0.3839697241783142,0.3839697241783142,0.34256401658058167
./cnn/stories/4df1fb2b81e22650a33a43a72428dfd7447b06ef.story,content,shorten,2,2,0.3588046729564667,0.6986516714096069,0.34256401658058167
./cnn/stories/4df1fb2b81e22650a33a43a72428dfd7447b06ef.story,content,shorten,2,3,0.3498014807701111,0.631880521774292,0.3306735157966614
./cnn/stories/4df1fb2b81e22650a33a43a72428dfd7447b06ef.story,content,elaborate,0,1,0.44929808378219604,0.44929808378219604,0.3306735157966614
./cnn/stories/4df1fb2b81e22650a33a43a72428dfd7447b06ef.story,content,elaborate,0,2,0.38675540685653687,0.625859260559082,0.3306735157966614
./cnn/stories/4df1fb2b81e22650a33a43a72428dfd7447b06ef.story,content,elaborate,0,3,0.3563333749771118,0.6321715116500854,0.3306735157966614
./cnn/stories/4df1fb2b81e22650a33a43a72428dfd7447b06ef.story,content,elaborate,1,1,0.41383957862854004,0.41383957862854004,0.34256401658058167
./cnn/stories/4df1fb2b81e22650a33a43a72428dfd7447b06ef.story,content,elaborate,1,2,0.30099761486053467,0.5209115743637085,0.3306735157966614
./cnn/stories/4df1fb2b81e22650a33a43a72428dfd7447b06ef.story,content,elaborate,1,3,0.28834688663482666,0.6861458420753479,0.34256401658058167
./cnn/stories/4df1fb2b81e22650a33a43a72428dfd7447b06ef.story,content,elaborate,2,1,0.4426010251045227,0.4426010251045227,0.3306735157966614
./cnn/stories/4df1fb2b81e22650a33a43a72428dfd7447b06ef.story,content,elaborate,2,2,0.357876181602478,0.6215994954109192,0.34256401658058167
./cnn/stories/4df1fb2b81e22650a33a43a72428dfd7447b06ef.story,content,elaborate,2,3,0.34996581077575684,0.7076687216758728,0.3306735157966614
./cnn/stories/2635a2ebf069c17ae005084b7ff66a255ffd3e23.story,style,formality,0,1,0.437328577041626,0.437328577041626,0.49732065200805664
./cnn/stories/2635a2ebf069c17ae005084b7ff66a255ffd3e23.story,style,formality,0,2,0.4254891276359558,0.71396404504776,0.4377431273460388
./cnn/stories/2635a2ebf069c17ae005084b7ff66a255ffd3e23.story,style,formality,0,3,0.44626957178115845,0.6874189972877502,0.22640281915664673
./cnn/stories/2635a2ebf069c17ae005084b7ff66a255ffd3e23.story,style,formality,1,1,0.36329227685928345,0.36329227685928345,0.49732065200805664
./cnn/stories/2635a2ebf069c17ae005084b7ff66a255ffd3e23.story,style,formality,1,2,0.41080188751220703,0.5986624360084534,0.25683140754699707
./cnn/stories/2635a2ebf069c17ae005084b7ff66a255ffd3e23.story,style,formality,1,3,0.3806889057159424,0.740193247795105,0.4464499354362488
./cnn/stories/2635a2ebf069c17ae005084b7ff66a255ffd3e23.story,style,formality,2,1,0.42393946647644043,0.42393946647644043,0.26371631026268005
./cnn/stories/2635a2ebf069c17ae005084b7ff66a255ffd3e23.story,style,formality,2,2,0.4401209354400635,0.7146808505058289,0.2579137682914734
./cnn/stories/2635a2ebf069c17ae005084b7ff66a255ffd3e23.story,style,formality,2,3,0.3684988021850586,0.706182062625885,0.27156805992126465
./cnn/stories/2635a2ebf069c17ae005084b7ff66a255ffd3e23.story,style,paraphrase,0,1,0.38772982358932495,0.38772982358932495,0.5215287208557129
./cnn/stories/2635a2ebf069c17ae005084b7ff66a255ffd3e23.story,style,paraphrase,0,2,0.46676844358444214,0.6555286645889282,0.025640137493610382
./cnn/stories/2635a2ebf069c17ae005084b7ff66a255ffd3e23.story,style,paraphrase,0,3,0.4681220054626465,0.7863505482673645,0.07222096621990204
./cnn/stories/2635a2ebf069c17ae005084b7ff66a255ffd3e23.story,style,paraphrase,1,1,0.402768611907959,0.402768611907959,0.18633973598480225
./cnn/stories/2635a2ebf069c17ae005084b7ff66a255ffd3e23.story,style,paraphrase,1,2,0.39297282695770264,0.585220456123352,0.3894875645637512
./cnn/stories/2635a2ebf069c17ae005084b7ff66a255ffd3e23.story,style,paraphrase,1,3,0.39269423484802246,0.7716298699378967,0.3009550869464874
./cnn/stories/2635a2ebf069c17ae005084b7ff66a255ffd3e23.story,style,paraphrase,2,1,0.3696855306625366,0.3696855306625366,0.4014238715171814
./cnn/stories/2635a2ebf069c17ae005084b7ff66a255ffd3e23.story,style,paraphrase,2,2,0.440545916557312,0.6386361122131348,0.4640326499938965
./cnn/stories/2635a2ebf069c17ae005084b7ff66a255ffd3e23.story,style,paraphrase,2,3,0.44167476892471313,0.6721885204315186,0.2681519687175751
./cnn/stories/2635a2ebf069c17ae005084b7ff66a255ffd3e23.story,content,shorten,0,1,0.3454917073249817,0.3454917073249817,0.4932253956794739
./cnn/stories/2635a2ebf069c17ae005084b7ff66a255ffd3e23.story,content,shorten,0,2,0.3980611264705658,0.6983757615089417,0.4440805912017822
./cnn/stories/2635a2ebf069c17ae005084b7ff66a255ffd3e23.story,content,shorten,0,3,0.4227467179298401,0.8018609285354614,0.44749337434768677
./cnn/stories/2635a2ebf069c17ae005084b7ff66a255ffd3e23.story,content,shorten,1,1,0.41756927967071533,0.41756927967071533,0.4159137010574341
./cnn/stories/2635a2ebf069c17ae005084b7ff66a255ffd3e23.story,content,shorten,1,2,0.4769671559333801,0.7817906737327576,0.4266353249549866
./cnn/stories/2635a2ebf069c17ae005084b7ff66a255ffd3e23.story,content,shorten,1,3,0.4701067805290222,0.8100637793540955,0.414802610874176
./cnn/stories/2635a2ebf069c17ae005084b7ff66a255ffd3e23.story,content,shorten,2,1,0.32725581526756287,0.32725581526756287,0.4932253956794739
./cnn/stories/2635a2ebf069c17ae005084b7ff66a255ffd3e23.story,content,shorten,2,2,0.39272648096084595,0.6854438185691833,0.2937318682670593
./cnn/stories/2635a2ebf069c17ae005084b7ff66a255ffd3e23.story,content,shorten,2,3,0.409176230430603,0.7744366526603699,0.41936594247817993
./cnn/stories/2635a2ebf069c17ae005084b7ff66a255ffd3e23.story,content,elaborate,0,1,0.4508705139160156,0.4508705139160156,0.5117226839065552
./cnn/stories/2635a2ebf069c17ae005084b7ff66a255ffd3e23.story,content,elaborate,0,2,0.4118921160697937,0.5702932476997375,0.19244283437728882
./cnn/stories/2635a2ebf069c17ae005084b7ff66a255ffd3e23.story,content,elaborate,0,3,0.42071545124053955,0.6469095945358276,0.4061049818992615
./cnn/stories/2635a2ebf069c17ae005084b7ff66a255ffd3e23.story,content,elaborate,1,1,0.48961567878723145,0.48961567878723145,0.5290945172309875
./cnn/stories/2635a2ebf069c17ae005084b7ff66a255ffd3e23.story,content,elaborate,1,2,0.45987802743911743,0.6821304559707642,0.3604029417037964
./cnn/stories/2635a2ebf069c17ae005084b7ff66a255ffd3e23.story,content,elaborate,1,3,0.44312942028045654,0.6424566507339478,0.1852850615978241
./cnn/stories/2635a2ebf069c17ae005084b7ff66a255ffd3e23.story,content,elaborate,2,1,0.43859177827835083,0.43859177827835083,0.4607171416282654
./cnn/stories/2635a2ebf069c17ae005084b7ff66a255ffd3e23.story,content,elaborate,2,2,0.4199768900871277,0.5343924164772034,0.07779913395643234
./cnn/stories/2635a2ebf069c17ae005084b7ff66a255ffd3e23.story,content,elaborate,2,3,0.4277413487434387,0.6156409382820129,0.11506695300340652
./cnn/stories/23bc3d595c3d8f6046a2c84b497c0538296a1f31.story,style,formality,0,1,0.6363690495491028,0.6363690495491028,0.16425828635692596
./cnn/stories/23bc3d595c3d8f6046a2c84b497c0538296a1f31.story,style,formality,0,2,0.626821756362915,0.7926315665245056,0.2494870275259018
./cnn/stories/23bc3d595c3d8f6046a2c84b497c0538296a1f31.story,style,formality,0,3,0.5608731508255005,0.7263926267623901,0.23695503175258636
./cnn/stories/23bc3d595c3d8f6046a2c84b497c0538296a1f31.story,style,formality,1,1,0.6263073086738586,0.6263073086738586,0.1664269119501114
./cnn/stories/23bc3d595c3d8f6046a2c84b497c0538296a1f31.story,style,formality,1,2,0.6228846907615662,0.7834842205047607,0.25280335545539856
./cnn/stories/23bc3d595c3d8f6046a2c84b497c0538296a1f31.story,style,formality,1,3,0.6010591983795166,0.8011142611503601,0.11012706905603409
./cnn/stories/23bc3d595c3d8f6046a2c84b497c0538296a1f31.story,style,formality,2,1,0.6176986694335938,0.6176986694335938,0.2849685549736023
./cnn/stories/23bc3d595c3d8f6046a2c84b497c0538296a1f31.story,style,formality,2,2,0.6129623651504517,0.8052058219909668,0.3488900065422058
./cnn/stories/23bc3d595c3d8f6046a2c84b497c0538296a1f31.story,style,formality,2,3,0.6028052568435669,0.7922139763832092,0.4321858286857605
./cnn/stories/23bc3d595c3d8f6046a2c84b497c0538296a1f31.story,style,paraphrase,0,1,0.6098422408103943,0.6098422408103943,0.12206797301769257
./cnn/stories/23bc3d595c3d8f6046a2c84b497c0538296a1f31.story,style,paraphrase,0,2,0.5917202830314636,0.7444948554039001,0.1245376244187355
./cnn/stories/23bc3d595c3d8f6046a2c84b497c0538296a1f31.story,style,paraphrase,0,3,0.5828527212142944,0.7673011422157288,0.133344367146492
./cnn/stories/23bc3d595c3d8f6046a2c84b497c0538296a1f31.story,style,paraphrase,1,1,0.5909610390663147,0.5909610390663147,0.30627375841140747
./cnn/stories/23bc3d595c3d8f6046a2c84b497c0538296a1f31.story,style,paraphrase,1,2,0.5860379934310913,0.7768091559410095,0.1301659643650055
./cnn/stories/23bc3d595c3d8f6046a2c84b497c0538296a1f31.story,style,paraphrase,1,3,0.5970541834831238,0.7656535506248474,0.11035865545272827
./cnn/stories/23bc3d595c3d8f6046a2c84b497c0538296a1f31.story,style,paraphrase,2,1,0.6004316806793213,0.6004316806793213,0.16425828635692596
./cnn/stories/23bc3d595c3d8f6046a2c84b497c0538296a1f31.story,style,paraphrase,2,2,0.5520869493484497,0.6685630679130554,0.39169228076934814
./cnn/stories/23bc3d595c3d8f6046a2c84b497c0538296a1f31.story,style,paraphrase,2,3,0.567984938621521,0.7008684277534485,0.12700943648815155
./cnn/stories/23bc3d595c3d8f6046a2c84b497c0538296a1f31.story,content,shorten,0,1,0.5700229406356812,0.5700229406356812,0.4281626343727112
./cnn/stories/23bc3d595c3d8f6046a2c84b497c0538296a1f31.story,content,shorten,0,2,0.49984633922576904,0.6806688904762268,0.33548492193222046
./cnn/stories/23bc3d595c3d8f6046a2c84b497c0538296a1f31.story,content,shorten,0,3,0.47650599479675293,0.6950408220291138,0.36305075883865356
./cnn/stories/23bc3d595c3d8f6046a2c84b497c0538296a1f31.story,content,shorten,1,1,0.5681021809577942,0.5681021809577942,0.25293660163879395
./cnn/stories/23bc3d595c3d8f6046a2c84b497c0538296a1f31.story,content,shorten,1,2,0.5391524434089661,0.7427575588226318,0.32614439725875854
./cnn/stories/23bc3d595c3d8f6046a2c84b497c0538296a1f31.story,content,shorten,1,3,0.5181833505630493,0.7605544924736023,0.04535626620054245
./cnn/stories/23bc3d595c3d8f6046a2c84b497c0538296a1f31.story,content,shorten,2,1,0.5383199453353882,0.5383199453353882,0.1326252818107605
./cnn/stories/23bc3d595c3d8f6046a2c84b497c0538296a1f31.story,content,shorten,2,2,0.5508738160133362,0.8194326758384705,0.1123926192522049
./cnn/stories/23bc3d595c3d8f6046a2c84b497c0538296a1f31.story,content,shorten,2,3,0.5338461995124817,0.802595317363739,0.13491514325141907
./cnn/stories/23bc3d595c3d8f6046a2c84b497c0538296a1f31.story,content,elaborate,0,1,0.6320775747299194,0.6320775747299194,0.07148700952529907
./cnn/stories/23bc3d595c3d8f6046a2c84b497c0538296a1f31.story,content,elaborate,0,2,0.5788030028343201,0.7211032509803772,0.15390223264694214
./cnn/stories/23bc3d595c3d8f6046a2c84b497c0538296a1f31.story,content,elaborate,0,3,0.49871736764907837,0.7454610466957092,0.06207185983657837
./cnn/stories/23bc3d595c3d8f6046a2c84b497c0538296a1f31.story,content,elaborate,1,1,0.6223729848861694,0.6223729848861694,0.3125308156013489
./cnn/stories/23bc3d595c3d8f6046a2c84b497c0538296a1f31.story,content,elaborate,1,2,0.5809391736984253,0.7364179491996765,0.16867190599441528
./cnn/stories/23bc3d595c3d8f6046a2c84b497c0538296a1f31.story,content,elaborate,1,3,0.5749720931053162,0.7596837878227234,0.1644492745399475
./cnn/stories/23bc3d595c3d8f6046a2c84b497c0538296a1f31.story,content,elaborate,2,1,0.6124539971351624,0.6124539971351624,0.014024987816810608
./cnn/stories/23bc3d595c3d8f6046a2c84b497c0538296a1f31.story,content,elaborate,2,2,0.5526121854782104,0.7241443991661072,0.3668443560600281
./cnn/stories/23bc3d595c3d8f6046a2c84b497c0538296a1f31.story,content,elaborate,2,3,0.5649427175521851,0.7963433861732483,0.320797324180603
./cnn/stories/8bc3e81e5bacfc0baef15842b45764e30e88d000.story,style,formality,0,1,0.5860104560852051,0.5860104560852051,0.6001051068305969
./cnn/stories/8bc3e81e5bacfc0baef15842b45764e30e88d000.story,style,formality,0,2,0.5682855248451233,0.7617814540863037,0.552528440952301
./cnn/stories/8bc3e81e5bacfc0baef15842b45764e30e88d000.story,style,formality,0,3,0.5345408916473389,0.8001770377159119,0.5616433620452881
./cnn/stories/8bc3e81e5bacfc0baef15842b45764e30e88d000.story,style,formality,1,1,0.5239387154579163,0.5239387154579163,0.6001051068305969
./cnn/stories/8bc3e81e5bacfc0baef15842b45764e30e88d000.story,style,formality,1,2,0.5108590722084045,0.8029606342315674,0.5586825013160706
./cnn/stories/8bc3e81e5bacfc0baef15842b45764e30e88d000.story,style,formality,1,3,0.4967496395111084,0.765207827091217,0.9286732077598572
./cnn/stories/8bc3e81e5bacfc0baef15842b45764e30e88d000.story,style,formality,2,1,0.4850979447364807,0.4850979447364807,0.47803235054016113
./cnn/stories/8bc3e81e5bacfc0baef15842b45764e30e88d000.story,style,formality,2,2,0.4216366410255432,0.7356327176094055,0.47803235054016113
./cnn/stories/8bc3e81e5bacfc0baef15842b45764e30e88d000.story,style,formality,2,3,0.4075837731361389,0.7593596577644348,0.47803235054016113
./cnn/stories/8bc3e81e5bacfc0baef15842b45764e30e88d000.story,style,paraphrase,0,1,0.416826069355011,0.416826069355011,0.7092089056968689
./cnn/stories/8bc3e81e5bacfc0baef15842b45764e30e88d000.story,style,paraphrase,0,2,0.3595837950706482,0.6763398051261902,0.6512690782546997
./cnn/stories/8bc3e81e5bacfc0baef15842b45764e30e88d000.story,style,paraphrase,0,3,0.372503399848938,0.6833353042602539,0.6512690782546997
./cnn/stories/8bc3e81e5bacfc0baef15842b45764e30e88d000.story,style,paraphrase,1,1,0.48808610439300537,0.48808610439300537,0.6512690782546997
./cnn/stories/8bc3e81e5bacfc0baef15842b45764e30e88d000.story,style,paraphrase,1,2,0.37741875648498535,0.7774959206581116,0.6512690782546997
./cnn/stories/8bc3e81e5bacfc0baef15842b45764e30e88d000.story,style,paraphrase,1,3,0.4212874174118042,0.7802967429161072,0.6486849188804626
./cnn/stories/8bc3e81e5bacfc0baef15842b45764e30e88d000.story,style,paraphrase,2,1,0.41600388288497925,0.41600388288497925,0.13695301115512848
./cnn/stories/8bc3e81e5bacfc0baef15842b45764e30e88d000.story,style,paraphrase,2,2,0.38374459743499756,0.6295893788337708,0.16152973473072052
./cnn/stories/8bc3e81e5bacfc0baef15842b45764e30e88d000.story,style,paraphrase,2,3,0.40731388330459595,0.5979450345039368,0.9286732077598572
./cnn/stories/8bc3e81e5bacfc0baef15842b45764e30e88d000.story,content,shorten,0,1,0.4439031481742859,0.4439031481742859,0.9286732077598572
./cnn/stories/8bc3e81e5bacfc0baef15842b45764e30e88d000.story,content,shorten,0,2,0.41832953691482544,0.7166667580604553,0.9286732077598572
./cnn/stories/8bc3e81e5bacfc0baef15842b45764e30e88d000.story,content,shorten,0,3,0.4321795701980591,0.8131690621376038,0.9286732077598572
./cnn/stories/8bc3e81e5bacfc0baef15842b45764e30e88d000.story,content,shorten,1,1,0.4483814239501953,0.4483814239501953,0.9286732077598572
./cnn/stories/8bc3e81e5bacfc0baef15842b45764e30e88d000.story,content,shorten,1,2,0.4098168611526489,0.7778969407081604,0.9286732077598572
./cnn/stories/8bc3e81e5bacfc0baef15842b45764e30e88d000.story,content,shorten,1,3,0.414529025554657,0.7733277678489685,0.9286732077598572
./cnn/stories/8bc3e81e5bacfc0baef15842b45764e30e88d000.story,content,shorten,2,1,0.46707409620285034,0.46707409620285034,0.9286732077598572
./cnn/stories/8bc3e81e5bacfc0baef15842b45764e30e88d000.story,content,shorten,2,2,0.44621163606643677,0.7355189919471741,0.9286732077598572
./cnn/stories/8bc3e81e5bacfc0baef15842b45764e30e88d000.story,content,shorten,2,3,0.4205307960510254,0.8265861868858337,0.9286732077598572
./cnn/stories/8bc3e81e5bacfc0baef15842b45764e30e88d000.story,content,elaborate,0,1,0.5083484053611755,0.5083484053611755,0.47803235054016113
./cnn/stories/8bc3e81e5bacfc0baef15842b45764e30e88d000.story,content,elaborate,0,2,0.4042956829071045,0.6660120487213135,0.6512690782546997
./cnn/stories/8bc3e81e5bacfc0baef15842b45764e30e88d000.story,content,elaborate,0,3,0.30524742603302,0.5471537113189697,0.10810910910367966
./cnn/stories/8bc3e81e5bacfc0baef15842b45764e30e88d000.story,content,elaborate,1,1,0.38136494159698486,0.38136494159698486,0.6474758386611938
./cnn/stories/8bc3e81e5bacfc0baef15842b45764e30e88d000.story,content,elaborate,1,2,0.32309311628341675,0.755736231803894,0.10279805958271027
./cnn/stories/8bc3e81e5bacfc0baef15842b45764e30e88d000.story,content,elaborate,1,3,0.32207387685775757,0.7551832795143127,0.13394160568714142
./cnn/stories/8bc3e81e5bacfc0baef15842b45764e30e88d000.story,content,elaborate,2,1,0.4035208821296692,0.4035208821296692,0.9286732077598572
./cnn/stories/8bc3e81e5bacfc0baef15842b45764e30e88d000.story,content,elaborate,2,2,0.3740268647670746,0.6706693768501282,0.9286732077598572
./cnn/stories/8bc3e81e5bacfc0baef15842b45764e30e88d000.story,content,elaborate,2,3,0.3254668116569519,0.6992219090461731,0.9286732077598572
./cnn/stories/5f83b5592ea2c43ac9857f6a21ed2d1d8be25f8c.story,style,formality,0,1,0.6107368469238281,0.6107368469238281,0.10704053938388824
./cnn/stories/5f83b5592ea2c43ac9857f6a21ed2d1d8be25f8c.story,style,formality,0,2,0.5913272500038147,0.6913102269172668,0.15609975159168243
./cnn/stories/5f83b5592ea2c43ac9857f6a21ed2d1d8be25f8c.story,style,formality,0,3,0.588016927242279,0.785121500492096,0.15609975159168243
./cnn/stories/5f83b5592ea2c43ac9857f6a21ed2d1d8be25f8c.story,style,formality,1,1,0.6161004900932312,0.6161004900932312,0.3626757860183716
./cnn/stories/5f83b5592ea2c43ac9857f6a21ed2d1d8be25f8c.story,style,formality,1,2,0.5574377775192261,0.6652727127075195,0.13210563361644745
./cnn/stories/5f83b5592ea2c43ac9857f6a21ed2d1d8be25f8c.story,style,formality,1,3,0.5350220203399658,0.6963903903961182,0.09668321162462234
./cnn/stories/5f83b5592ea2c43ac9857f6a21ed2d1d8be25f8c.story,style,formality,2,1,0.48062068223953247,0.48062068223953247,0.7150582671165466
./cnn/stories/5f83b5592ea2c43ac9857f6a21ed2d1d8be25f8c.story,style,formality,2,2,0.46129322052001953,0.6967481970787048,0.5139482617378235
./cnn/stories/5f83b5592ea2c43ac9857f6a21ed2d1d8be25f8c.story,style,formality,2,3,0.4840962290763855,0.7060638070106506,0.4176087975502014
./cnn/stories/5f83b5592ea2c43ac9857f6a21ed2d1d8be25f8c.story,style,paraphrase,0,1,0.414045512676239,0.414045512676239,0.059467971324920654
./cnn/stories/5f83b5592ea2c43ac9857f6a21ed2d1d8be25f8c.story,style,paraphrase,0,2,0.44311344623565674,0.6934900879859924,0.07261590659618378
./cnn/stories/5f83b5592ea2c43ac9857f6a21ed2d1d8be25f8c.story,style,paraphrase,0,3,0.4177935719490051,0.6899793148040771,0.061449289321899414
./cnn/stories/5f83b5592ea2c43ac9857f6a21ed2d1d8be25f8c.story,style,paraphrase,1,1,0.5216864347457886,0.5216864347457886,0.7150582671165466
./cnn/stories/5f83b5592ea2c43ac9857f6a21ed2d1d8be25f8c.story,style,paraphrase,1,2,0.4738426208496094,0.7046326398849487,0.2426302134990692
./cnn/stories/5f83b5592ea2c43ac9857f6a21ed2d1d8be25f8c.story,style,paraphrase,1,3,0.4048110246658325,0.6565343737602234,0.6178430914878845
./cnn/stories/5f83b5592ea2c43ac9857f6a21ed2d1d8be25f8c.story,style,paraphrase,2,1,0.4615994095802307,0.4615994095802307,0.7150582671165466
./cnn/stories/5f83b5592ea2c43ac9857f6a21ed2d1d8be25f8c.story,style,paraphrase,2,2,0.44624096155166626,0.6587961912155151,0.32744157314300537
./cnn/stories/5f83b5592ea2c43ac9857f6a21ed2d1d8be25f8c.story,style,paraphrase,2,3,0.46176421642303467,0.6949657797813416,0.5608882904052734
./cnn/stories/5f83b5592ea2c43ac9857f6a21ed2d1d8be25f8c.story,content,shorten,0,1,0.42297571897506714,0.42297571897506714,0.7150582671165466
./cnn/stories/5f83b5592ea2c43ac9857f6a21ed2d1d8be25f8c.story,content,shorten,0,2,0.42272788286209106,0.7007147669792175,0.7150582671165466
./cnn/stories/5f83b5592ea2c43ac9857f6a21ed2d1d8be25f8c.story,content,shorten,0,3,0.3870576024055481,0.7645829916000366,0.7150582671165466
./cnn/stories/5f83b5592ea2c43ac9857f6a21ed2d1d8be25f8c.story,content,shorten,1,1,0.4401792883872986,0.4401792883872986,0.7150582671165466
./cnn/stories/5f83b5592ea2c43ac9857f6a21ed2d1d8be25f8c.story,content,shorten,1,2,0.37330248951911926,0.6527636051177979,0.6178430914878845
./cnn/stories/5f83b5592ea2c43ac9857f6a21ed2d1d8be25f8c.story,content,shorten,1,3,0.42328089475631714,0.7482640147209167,0.6178430914878845
./cnn/stories/5f83b5592ea2c43ac9857f6a21ed2d1d8be25f8c.story,content,shorten,2,1,0.40542280673980713,0.40542280673980713,0.7150582671165466
./cnn/stories/5f83b5592ea2c43ac9857f6a21ed2d1d8be25f8c.story,content,shorten,2,2,0.42060065269470215,0.7271785140037537,0.7150582671165466
./cnn/stories/5f83b5592ea2c43ac9857f6a21ed2d1d8be25f8c.story,content,shorten,2,3,0.45536768436431885,0.7198359370231628,0.7150582671165466
./cnn/stories/5f83b5592ea2c43ac9857f6a21ed2d1d8be25f8c.story,content,elaborate,0,1,0.46075665950775146,0.46075665950775146,0.7150582671165466
./cnn/stories/5f83b5592ea2c43ac9857f6a21ed2d1d8be25f8c.story,content,elaborate,0,2,0.43267709016799927,0.5987487435340881,0.08786258846521378
./cnn/stories/5f83b5592ea2c43ac9857f6a21ed2d1d8be25f8c.story,content,elaborate,0,3,0.37598860263824463,0.5469949841499329,0.13950484991073608
./cnn/stories/5f83b5592ea2c43ac9857f6a21ed2d1d8be25f8c.story,content,elaborate,1,1,0.45915091037750244,0.45915091037750244,0.3255760073661804
./cnn/stories/5f83b5592ea2c43ac9857f6a21ed2d1d8be25f8c.story,content,elaborate,1,2,0.40572863817214966,0.5327259302139282,0.13346733152866364
./cnn/stories/5f83b5592ea2c43ac9857f6a21ed2d1d8be25f8c.story,content,elaborate,1,3,0.41080355644226074,0.5878437161445618,0.21649345755577087
./cnn/stories/5f83b5592ea2c43ac9857f6a21ed2d1d8be25f8c.story,content,elaborate,2,1,0.4142352342605591,0.4142352342605591,0.7150582671165466
./cnn/stories/5f83b5592ea2c43ac9857f6a21ed2d1d8be25f8c.story,content,elaborate,2,2,0.38213396072387695,0.47107309103012085,0.045782871544361115
./cnn/stories/5f83b5592ea2c43ac9857f6a21ed2d1d8be25f8c.story,content,elaborate,2,3,0.36962026357650757,0.5594268441200256,0.1440085768699646
./cnn/stories/341fde78ab8c11bee4062405de56000d47145a92.story,style,formality,0,1,0.552734375,0.552734375,0.00788290798664093
./cnn/stories/341fde78ab8c11bee4062405de56000d47145a92.story,style,formality,0,2,0.4872022867202759,0.5655673742294312,0.00788290798664093
./cnn/stories/341fde78ab8c11bee4062405de56000d47145a92.story,style,formality,0,3,0.49254345893859863,0.7051271796226501,0.21348482370376587
./cnn/stories/341fde78ab8c11bee4062405de56000d47145a92.story,style,formality,1,1,0.4407488703727722,0.4407488703727722,
./cnn/stories/341fde78ab8c11bee4062405de56000d47145a92.story,style,formality,1,2,0.45474910736083984,0.7559753060340881,
./cnn/stories/341fde78ab8c11bee4062405de56000d47145a92.story,style,formality,1,3,0.4392622709274292,0.732124924659729,
./cnn/stories/341fde78ab8c11bee4062405de56000d47145a92.story,style,formality,2,1,0.49268776178359985,0.49268776178359985,0.19454741477966309
./cnn/stories/341fde78ab8c11bee4062405de56000d47145a92.story,style,formality,2,2,0.5187991261482239,0.6677902936935425,
./cnn/stories/341fde78ab8c11bee4062405de56000d47145a92.story,style,formality,2,3,0.4873177409172058,0.7443370223045349,
./cnn/stories/341fde78ab8c11bee4062405de56000d47145a92.story,style,paraphrase,0,1,0.43549495935440063,0.43549495935440063,
./cnn/stories/341fde78ab8c11bee4062405de56000d47145a92.story,style,paraphrase,0,2,0.41387319564819336,0.6993770003318787,
./cnn/stories/341fde78ab8c11bee4062405de56000d47145a92.story,style,paraphrase,0,3,0.4375010132789612,0.749139666557312,
./cnn/stories/341fde78ab8c11bee4062405de56000d47145a92.story,style,paraphrase,1,1,0.47329550981521606,0.47329550981521606,
./cnn/stories/341fde78ab8c11bee4062405de56000d47145a92.story,style,paraphrase,1,2,0.43187880516052246,0.695205569267273,
./cnn/stories/341fde78ab8c11bee4062405de56000d47145a92.story,style,paraphrase,1,3,0.4366496801376343,0.7532721161842346,
./cnn/stories/341fde78ab8c11bee4062405de56000d47145a92.story,style,paraphrase,2,1,0.5462427735328674,0.5462427735328674,0.23708686232566833
./cnn/stories/341fde78ab8c11bee4062405de56000d47145a92.story,style,paraphrase,2,2,0.48020654916763306,0.5239759087562561,0.03210574388504028
./cnn/stories/341fde78ab8c11bee4062405de56000d47145a92.story,style,paraphrase,2,3,0.4063389301300049,0.5190834403038025,0.36148279905319214
./cnn/stories/341fde78ab8c11bee4062405de56000d47145a92.story,content,shorten,0,1,0.3652300238609314,0.3652300238609314,
./cnn/stories/341fde78ab8c11bee4062405de56000d47145a92.story,content,shorten,0,2,0.3774775266647339,0.6058730483055115,
./cnn/stories/341fde78ab8c11bee4062405de56000d47145a92.story,content,shorten,0,3,0.3763769865036011,0.6150858998298645,
./cnn/stories/341fde78ab8c11bee4062405de56000d47145a92.story,content,shorten,1,1,0.354600727558136,0.354600727558136,
./cnn/stories/341fde78ab8c11bee4062405de56000d47145a92.story,content,shorten,1,2,0.38185298442840576,0.769898533821106,
./cnn/stories/341fde78ab8c11bee4062405de56000d47145a92.story,content,shorten,1,3,0.4049118757247925,0.8359872698783875,
./cnn/stories/341fde78ab8c11bee4062405de56000d47145a92.story,content,shorten,2,1,0.4624967575073242,0.4624967575073242,0.19454741477966309
./cnn/stories/341fde78ab8c11bee4062405de56000d47145a92.story,content,shorten,2,2,0.4398767948150635,0.7103514075279236,0.19454741477966309
./cnn/stories/341fde78ab8c11bee4062405de56000d47145a92.story,content,shorten,2,3,0.4283325672149658,0.7549558877944946,
./cnn/stories/341fde78ab8c11bee4062405de56000d47145a92.story,content,elaborate,0,1,0.47796523571014404,0.47796523571014404,
./cnn/stories/341fde78ab8c11bee4062405de56000d47145a92.story,content,elaborate,0,2,0.43988800048828125,0.5778927803039551,
./cnn/stories/341fde78ab8c11bee4062405de56000d47145a92.story,content,elaborate,0,3,0.4521709084510803,0.5890229344367981,
./cnn/stories/341fde78ab8c11bee4062405de56000d47145a92.story,content,elaborate,1,1,0.4572795033454895,0.4572795033454895,
./cnn/stories/341fde78ab8c11bee4062405de56000d47145a92.story,content,elaborate,1,2,0.4449862837791443,0.5299032926559448,
./cnn/stories/341fde78ab8c11bee4062405de56000d47145a92.story,content,elaborate,1,3,0.47508448362350464,0.6709405183792114,
./cnn/stories/341fde78ab8c11bee4062405de56000d47145a92.story,content,elaborate,2,1,0.4410000443458557,0.4410000443458557,
./cnn/stories/341fde78ab8c11bee4062405de56000d47145a92.story,content,elaborate,2,2,0.4660724997520447,0.6586033701896667,0.19454741477966309
./cnn/stories/341fde78ab8c11bee4062405de56000d47145a92.story,content,elaborate,2,3,0.4692121148109436,0.6965165138244629,
./cnn/stories/7dc9cfe7708586e113394efe071db956490f4966.story,style,formality,0,1,0.5837947726249695,0.5837947726249695,0.8027780652046204
./cnn/stories/7dc9cfe7708586e113394efe071db956490f4966.story,style,formality,0,2,0.5335540771484375,0.6991268396377563,0.8027780652046204
./cnn/stories/7dc9cfe7708586e113394efe071db956490f4966.story,style,formality,0,3,0.528788685798645,0.7245801091194153,0.8027780652046204
./cnn/stories/7dc9cfe7708586e113394efe071db956490f4966.story,style,formality,1,1,0.5202198624610901,0.5202198624610901,0.8027780652046204
./cnn/stories/7dc9cfe7708586e113394efe071db956490f4966.story,style,formality,1,2,0.500465452671051,0.7690969109535217,0.8027780652046204
./cnn/stories/7dc9cfe7708586e113394efe071db956490f4966.story,style,formality,1,3,0.49563950300216675,0.8060393929481506,0.8027780652046204
./cnn/stories/7dc9cfe7708586e113394efe071db956490f4966.story,style,formality,2,1,0.47844958305358887,0.47844958305358887,0.8027780652046204
./cnn/stories/7dc9cfe7708586e113394efe071db956490f4966.story,style,formality,2,2,0.45604920387268066,0.7041423916816711,0.8027780652046204
./cnn/stories/7dc9cfe7708586e113394efe071db956490f4966.story,style,formality,2,3,0.44861841201782227,0.792294442653656,0.8027780652046204
./cnn/stories/7dc9cfe7708586e113394efe071db956490f4966.story,style,paraphrase,0,1,0.3997383415699005,0.3997383415699005,0.8027780652046204
./cnn/stories/7dc9cfe7708586e113394efe071db956490f4966.story,style,paraphrase,0,2,0.39993560314178467,0.6646784543991089,0.8027780652046204
./cnn/stories/7dc9cfe7708586e113394efe071db956490f4966.story,style,paraphrase,0,3,0.38600921630859375,0.667596161365509,0.8027780652046204
./cnn/stories/7dc9cfe7708586e113394efe071db956490f4966.story,style,paraphrase,1,1,0.41496193408966064,0.41496193408966064,0.8027780652046204
./cnn/stories/7dc9cfe7708586e113394efe071db956490f4966.story,style,paraphrase,1,2,0.3649587035179138,0.6399633288383484,0.8027780652046204
./cnn/stories/7dc9cfe7708586e113394efe071db956490f4966.story,style,paraphrase,1,3,0.39926832914352417,0.7557584643363953,0.8027780652046204
./cnn/stories/7dc9cfe7708586e113394efe071db956490f4966.story,style,paraphrase,2,1,0.4995695948600769,0.4995695948600769,0.8027780652046204
./cnn/stories/7dc9cfe7708586e113394efe071db956490f4966.story,style,paraphrase,2,2,0.5125656127929688,0.653897762298584,0.5620951056480408
./cnn/stories/7dc9cfe7708586e113394efe071db956490f4966.story,style,paraphrase,2,3,0.5221433043479919,0.7014753222465515,0.5620951056480408
./cnn/stories/7dc9cfe7708586e113394efe071db956490f4966.story,content,shorten,0,1,0.3274320960044861,0.3274320960044861,0.48234283924102783
./cnn/stories/7dc9cfe7708586e113394efe071db956490f4966.story,content,shorten,0,2,0.35546445846557617,0.6779116988182068,0.5886834859848022
./cnn/stories/7dc9cfe7708586e113394efe071db956490f4966.story,content,shorten,0,3,0.28312480449676514,0.7640928626060486,0.6284162402153015
./cnn/stories/7dc9cfe7708586e113394efe071db956490f4966.story,content,shorten,1,1,0.39769840240478516,0.39769840240478516,0.8103094696998596
./cnn/stories/7dc9cfe7708586e113394efe071db956490f4966.story,content,shorten,1,2,0.22341229021549225,0.6782577633857727,0.5886834859848022
./cnn/stories/7dc9cfe7708586e113394efe071db956490f4966.story,content,shorten,1,3,0.3218640685081482,0.7741637825965881,0.48234283924102783
./cnn/stories/7dc9cfe7708586e113394efe071db956490f4966.story,content,shorten,2,1,0.41761505603790283,0.41761505603790283,0.8027780652046204
./cnn/stories/7dc9cfe7708586e113394efe071db956490f4966.story,content,shorten,2,2,0.3860756754875183,0.719761073589325,0.8027780652046204
./cnn/stories/7dc9cfe7708586e113394efe071db956490f4966.story,content,shorten,2,3,0.3434058427810669,0.674994945526123,0.8027780652046204
./cnn/stories/7dc9cfe7708586e113394efe071db956490f4966.story,content,elaborate,0,1,0.4819157123565674,0.4819157123565674,0.8027780652046204
./cnn/stories/7dc9cfe7708586e113394efe071db956490f4966.story,content,elaborate,0,2,0.45529651641845703,0.6120548248291016,0.8027780652046204
./cnn/stories/7dc9cfe7708586e113394efe071db956490f4966.story,content,elaborate,0,3,0.4530071020126343,0.6628215909004211,0.8103094696998596
./cnn/stories/7dc9cfe7708586e113394efe071db956490f4966.story,content,elaborate,1,1,0.48046809434890747,0.48046809434890747,0.8027780652046204
./cnn/stories/7dc9cfe7708586e113394efe071db956490f4966.story,content,elaborate,1,2,0.45567643642425537,0.6812798380851746,0.8027780652046204
./cnn/stories/7dc9cfe7708586e113394efe071db956490f4966.story,content,elaborate,1,3,0.4564608931541443,0.6799839735031128,0.8027780652046204
./cnn/stories/7dc9cfe7708586e113394efe071db956490f4966.story,content,elaborate,2,1,0.49184519052505493,0.49184519052505493,0.8027780652046204
./cnn/stories/7dc9cfe7708586e113394efe071db956490f4966.story,content,elaborate,2,2,0.44579392671585083,0.6450333595275879,0.8027780652046204
./cnn/stories/7dc9cfe7708586e113394efe071db956490f4966.story,content,elaborate,2,3,0.43922293186187744,0.7034470438957214,0.8027780652046204
./cnn/stories/5daa60b042064cbf85c889785daf8b4ceb3c3ec3.story,style,formality,0,1,0.3852303624153137,0.3852303624153137,1.0082573890686035
./cnn/stories/5daa60b042064cbf85c889785daf8b4ceb3c3ec3.story,style,formality,0,2,0.45874398946762085,0.6381617188453674,1.0082573890686035
./cnn/stories/5daa60b042064cbf85c889785daf8b4ceb3c3ec3.story,style,formality,0,3,0.4590528607368469,0.7076338529586792,1.0082573890686035
./cnn/stories/5daa60b042064cbf85c889785daf8b4ceb3c3ec3.story,style,formality,1,1,0.45560938119888306,0.45560938119888306,0.16193388402462006
./cnn/stories/5daa60b042064cbf85c889785daf8b4ceb3c3ec3.story,style,formality,1,2,0.4235156178474426,0.6539914011955261,0.12391091883182526
./cnn/stories/5daa60b042064cbf85c889785daf8b4ceb3c3ec3.story,style,formality,1,3,0.4095920920372009,0.7409763932228088,0.32506561279296875
./cnn/stories/5daa60b042064cbf85c889785daf8b4ceb3c3ec3.story,style,formality,2,1,0.4498661756515503,0.4498661756515503,0.16193388402462006
./cnn/stories/5daa60b042064cbf85c889785daf8b4ceb3c3ec3.story,style,formality,2,2,0.3805645704269409,0.696694552898407,0.15393729507923126
./cnn/stories/5daa60b042064cbf85c889785daf8b4ceb3c3ec3.story,style,formality,2,3,0.37843459844589233,0.7518519163131714,0.15393729507923126
./cnn/stories/5daa60b042064cbf85c889785daf8b4ceb3c3ec3.story,style,paraphrase,0,1,0.3751251697540283,0.3751251697540283,0.12391091883182526
./cnn/stories/5daa60b042064cbf85c889785daf8b4ceb3c3ec3.story,style,paraphrase,0,2,0.3471461534500122,0.6157760620117188,0.05004894733428955
./cnn/stories/5daa60b042064cbf85c889785daf8b4ceb3c3ec3.story,style,paraphrase,0,3,0.39479267597198486,0.6697454452514648,0.2733358144760132
./cnn/stories/5daa60b042064cbf85c889785daf8b4ceb3c3ec3.story,style,paraphrase,1,1,0.4072248339653015,0.4072248339653015,0.12391091883182526
./cnn/stories/5daa60b042064cbf85c889785daf8b4ceb3c3ec3.story,style,paraphrase,1,2,0.4069233536720276,0.7069828510284424,0.12391091883182526
./cnn/stories/5daa60b042064cbf85c889785daf8b4ceb3c3ec3.story,style,paraphrase,1,3,0.3869471549987793,0.6697681546211243,0.05004894733428955
./cnn/stories/5daa60b042064cbf85c889785daf8b4ceb3c3ec3.story,style,paraphrase,2,1,0.4301789402961731,0.4301789402961731,0.6865944266319275
./cnn/stories/5daa60b042064cbf85c889785daf8b4ceb3c3ec3.story,style,paraphrase,2,2,0.38910794258117676,0.6176349520683289,0.33780109882354736
./cnn/stories/5daa60b042064cbf85c889785daf8b4ceb3c3ec3.story,style,paraphrase,2,3,0.3886462152004242,0.6839092373847961,0.2656565308570862
./cnn/stories/5daa60b042064cbf85c889785daf8b4ceb3c3ec3.story,content,shorten,0,1,0.4129312038421631,0.4129312038421631,0.26068347692489624
./cnn/stories/5daa60b042064cbf85c889785daf8b4ceb3c3ec3.story,content,shorten,0,2,0.3832394480705261,0.7232967615127563,0.2644580006599426
./cnn/stories/5daa60b042064cbf85c889785daf8b4ceb3c3ec3.story,content,shorten,0,3,0.3413310647010803,0.787911593914032,0.26450544595718384
./cnn/stories/5daa60b042064cbf85c889785daf8b4ceb3c3ec3.story,content,shorten,1,1,0.42580366134643555,0.42580366134643555,0.2684308886528015
./cnn/stories/5daa60b042064cbf85c889785daf8b4ceb3c3ec3.story,content,shorten,1,2,0.38072308897972107,0.7853376269340515,0.2869771718978882
./cnn/stories/5daa60b042064cbf85c889785daf8b4ceb3c3ec3.story,content,shorten,1,3,0.419758141040802,0.7971382737159729,0.28966274857521057
./cnn/stories/5daa60b042064cbf85c889785daf8b4ceb3c3ec3.story,content,shorten,2,1,0.43400418758392334,0.43400418758392334,0.16193388402462006
./cnn/stories/5daa60b042064cbf85c889785daf8b4ceb3c3ec3.story,content,shorten,2,2,0.38263481855392456,0.6913445591926575,0.12391091883182526
./cnn/stories/5daa60b042064cbf85c889785daf8b4ceb3c3ec3.story,content,shorten,2,3,0.42067593336105347,0.7755483388900757,0.05004894733428955
./cnn/stories/5daa60b042064cbf85c889785daf8b4ceb3c3ec3.story,content,elaborate,0,1,0.42088961601257324,0.42088961601257324,0.16193388402462006
./cnn/stories/5daa60b042064cbf85c889785daf8b4ceb3c3ec3.story,content,elaborate,0,2,0.4062685966491699,0.6299666166305542,0.16193388402462006
./cnn/stories/5daa60b042064cbf85c889785daf8b4ceb3c3ec3.story,content,elaborate,0,3,0.3796996474266052,0.6086363792419434,0.15393729507923126
./cnn/stories/5daa60b042064cbf85c889785daf8b4ceb3c3ec3.story,content,elaborate,1,1,0.39704710245132446,0.39704710245132446,0.31423479318618774
./cnn/stories/5daa60b042064cbf85c889785daf8b4ceb3c3ec3.story,content,elaborate,1,2,0.3650159239768982,0.730226457118988,0.16193388402462006
./cnn/stories/5daa60b042064cbf85c889785daf8b4ceb3c3ec3.story,content,elaborate,1,3,0.3382246196269989,0.7171557545661926,0.16193388402462006
./cnn/stories/5daa60b042064cbf85c889785daf8b4ceb3c3ec3.story,content,elaborate,2,1,0.4004281759262085,0.4004281759262085,0.3041343688964844
./cnn/stories/5daa60b042064cbf85c889785daf8b4ceb3c3ec3.story,content,elaborate,2,2,0.3739854097366333,0.6356788873672485,0.34524285793304443
./cnn/stories/5daa60b042064cbf85c889785daf8b4ceb3c3ec3.story,content,elaborate,2,3,0.382832407951355,0.6850610375404358,0.16193388402462006
./cnn/stories/562a96b7a77931e60f0a96ee004c4314734326a3.story,style,formality,0,1,0.6501919031143188,0.6501919031143188,0.8916807770729065
./cnn/stories/562a96b7a77931e60f0a96ee004c4314734326a3.story,style,formality,0,2,0.6036717891693115,0.6604219079017639,0.8916807770729065
./cnn/stories/562a96b7a77931e60f0a96ee004c4314734326a3.story,style,formality,0,3,0.5489075779914856,0.7375956177711487,0.8916807770729065
./cnn/stories/562a96b7a77931e60f0a96ee004c4314734326a3.story,style,formality,1,1,0.4932253360748291,0.4932253360748291,0.8916807770729065
./cnn/stories/562a96b7a77931e60f0a96ee004c4314734326a3.story,style,formality,1,2,0.5682497024536133,0.6423587203025818,0.8916807770729065
./cnn/stories/562a96b7a77931e60f0a96ee004c4314734326a3.story,style,formality,1,3,0.5473513603210449,0.7806265950202942,0.8916807770729065
./cnn/stories/562a96b7a77931e60f0a96ee004c4314734326a3.story,style,formality,2,1,0.5676099061965942,0.5676099061965942,0.8916807770729065
./cnn/stories/562a96b7a77931e60f0a96ee004c4314734326a3.story,style,formality,2,2,0.5469459295272827,0.7527479529380798,0.8916807770729065
./cnn/stories/562a96b7a77931e60f0a96ee004c4314734326a3.story,style,formality,2,3,0.5177362561225891,0.7728775143623352,0.8916807770729065
./cnn/stories/562a96b7a77931e60f0a96ee004c4314734326a3.story,style,paraphrase,0,1,0.4577820897102356,0.4577820897102356,0.8916807770729065
./cnn/stories/562a96b7a77931e60f0a96ee004c4314734326a3.story,style,paraphrase,0,2,0.41520148515701294,0.7000269293785095,0.8916807770729065
./cnn/stories/562a96b7a77931e60f0a96ee004c4314734326a3.story,style,paraphrase,0,3,0.443745493888855,0.6840406060218811,0.8916807770729065
./cnn/stories/562a96b7a77931e60f0a96ee004c4314734326a3.story,style,paraphrase,1,1,0.4639863967895508,0.4639863967895508,0.8916807770729065
./cnn/stories/562a96b7a77931e60f0a96ee004c4314734326a3.story,style,paraphrase,1,2,0.480563223361969,0.768844485282898,0.8916807770729065
./cnn/stories/562a96b7a77931e60f0a96ee004c4314734326a3.story,style,paraphrase,1,3,0.4418606162071228,0.8061181306838989,0.8916807770729065
./cnn/stories/562a96b7a77931e60f0a96ee004c4314734326a3.story,style,paraphrase,2,1,0.5031184554100037,0.5031184554100037,0.8916807770729065
./cnn/stories/562a96b7a77931e60f0a96ee004c4314734326a3.story,style,paraphrase,2,2,0.4680033326148987,0.6605148911476135,0.8916807770729065
./cnn/stories/562a96b7a77931e60f0a96ee004c4314734326a3.story,style,paraphrase,2,3,0.501794695854187,0.6655375957489014,0.8916807770729065
./cnn/stories/562a96b7a77931e60f0a96ee004c4314734326a3.story,content,shorten,0,1,0.4958636164665222,0.4958636164665222,0.4608943462371826
./cnn/stories/562a96b7a77931e60f0a96ee004c4314734326a3.story,content,shorten,0,2,0.45806896686553955,0.7103708386421204,0.4608943462371826
./cnn/stories/562a96b7a77931e60f0a96ee004c4314734326a3.story,content,shorten,0,3,0.4549682140350342,0.7159198522567749,0.4608943462371826
./cnn/stories/562a96b7a77931e60f0a96ee004c4314734326a3.story,content,shorten,1,1,0.3945181369781494,0.3945181369781494,0.4608943462371826
./cnn/stories/562a96b7a77931e60f0a96ee004c4314734326a3.story,content,shorten,1,2,0.3241657614707947,0.7044162750244141,0.4608943462371826
./cnn/stories/562a96b7a77931e60f0a96ee004c4314734326a3.story,content,shorten,1,3,0.42041653394699097,0.7906097769737244,0.4608943462371826
./cnn/stories/562a96b7a77931e60f0a96ee004c4314734326a3.story,content,shorten,2,1,0.4908078908920288,0.4908078908920288,0.8916807770729065
./cnn/stories/562a96b7a77931e60f0a96ee004c4314734326a3.story,content,shorten,2,2,0.4075546860694885,0.7633708119392395,0.8916807770729065
./cnn/stories/562a96b7a77931e60f0a96ee004c4314734326a3.story,content,shorten,2,3,0.43584632873535156,0.732334554195404,0.8916807770729065
./cnn/stories/562a96b7a77931e60f0a96ee004c4314734326a3.story,content,elaborate,0,1,0.48144233226776123,0.48144233226776123,0.8916807770729065
./cnn/stories/562a96b7a77931e60f0a96ee004c4314734326a3.story,content,elaborate,0,2,0.4571536183357239,0.6440495848655701,0.8916807770729065
./cnn/stories/562a96b7a77931e60f0a96ee004c4314734326a3.story,content,elaborate,0,3,0.4456266760826111,0.6538296341896057,0.8916807770729065
./cnn/stories/562a96b7a77931e60f0a96ee004c4314734326a3.story,content,elaborate,1,1,0.4606279730796814,0.4606279730796814,0.8916807770729065
./cnn/stories/562a96b7a77931e60f0a96ee004c4314734326a3.story,content,elaborate,1,2,0.4199196696281433,0.6555693745613098,0.8916807770729065
./cnn/stories/562a96b7a77931e60f0a96ee004c4314734326a3.story,content,elaborate,1,3,0.43259990215301514,0.6718968749046326,0.8916807770729065
./cnn/stories/562a96b7a77931e60f0a96ee004c4314734326a3.story,content,elaborate,2,1,0.5215486884117126,0.5215486884117126,0.8916807770729065
./cnn/stories/562a96b7a77931e60f0a96ee004c4314734326a3.story,content,elaborate,2,2,0.4482707977294922,0.5469846129417419,0.8916807770729065
./cnn/stories/562a96b7a77931e60f0a96ee004c4314734326a3.story,content,elaborate,2,3,0.4489011764526367,0.6840789318084717,0.8916807770729065
./cnn/stories/280c6cd98b93cfbfcedd1d8961432f5ed819d334.story,style,formality,0,1,0.5256068110466003,0.5256068110466003,0.13762159645557404
./cnn/stories/280c6cd98b93cfbfcedd1d8961432f5ed819d334.story,style,formality,0,2,0.49956369400024414,0.6799219846725464,0.13762159645557404
./cnn/stories/280c6cd98b93cfbfcedd1d8961432f5ed819d334.story,style,formality,0,3,0.4810945987701416,0.7207651734352112,0.13762159645557404
./cnn/stories/280c6cd98b93cfbfcedd1d8961432f5ed819d334.story,style,formality,1,1,0.5262411236763,0.5262411236763,0.13762159645557404
./cnn/stories/280c6cd98b93cfbfcedd1d8961432f5ed819d334.story,style,formality,1,2,0.4358682632446289,0.6392057538032532,0.8929977416992188
./cnn/stories/280c6cd98b93cfbfcedd1d8961432f5ed819d334.story,style,formality,1,3,0.4543379545211792,0.7187997698783875,-0.0014413893222808838
./cnn/stories/280c6cd98b93cfbfcedd1d8961432f5ed819d334.story,style,formality,2,1,0.5418906211853027,0.5418906211853027,0.18945354223251343
./cnn/stories/280c6cd98b93cfbfcedd1d8961432f5ed819d334.story,style,formality,2,2,0.46952682733535767,0.6657508015632629,0.11038555949926376
./cnn/stories/280c6cd98b93cfbfcedd1d8961432f5ed819d334.story,style,formality,2,3,0.4107972979545593,0.692241370677948,0.15166234970092773
./cnn/stories/280c6cd98b93cfbfcedd1d8961432f5ed819d334.story,style,paraphrase,0,1,0.33993345499038696,0.33993345499038696,0.13289737701416016
./cnn/stories/280c6cd98b93cfbfcedd1d8961432f5ed819d334.story,style,paraphrase,0,2,0.32487940788269043,0.7422378063201904,0.047585099935531616
./cnn/stories/280c6cd98b93cfbfcedd1d8961432f5ed819d334.story,style,paraphrase,0,3,0.3856341242790222,0.6984931826591492,0.10567553341388702
./cnn/stories/280c6cd98b93cfbfcedd1d8961432f5ed819d334.story,style,paraphrase,1,1,0.4394751787185669,0.4394751787185669,0.8929977416992188
./cnn/stories/280c6cd98b93cfbfcedd1d8961432f5ed819d334.story,style,paraphrase,1,2,0.4090961217880249,0.6790719628334045,0.13762159645557404
./cnn/stories/280c6cd98b93cfbfcedd1d8961432f5ed819d334.story,style,paraphrase,1,3,0.37817731499671936,0.6331321597099304,0.8929977416992188
./cnn/stories/280c6cd98b93cfbfcedd1d8961432f5ed819d334.story,style,paraphrase,2,1,0.4800534248352051,0.4800534248352051,0.13762159645557404
./cnn/stories/280c6cd98b93cfbfcedd1d8961432f5ed819d334.story,style,paraphrase,2,2,0.4160376191139221,0.5189378261566162,0.13762159645557404
./cnn/stories/280c6cd98b93cfbfcedd1d8961432f5ed819d334.story,style,paraphrase,2,3,0.3902962803840637,0.6475279331207275,0.8929977416992188
./cnn/stories/280c6cd98b93cfbfcedd1d8961432f5ed819d334.story,content,shorten,0,1,0.3988838791847229,0.3988838791847229,0.13950788974761963
./cnn/stories/280c6cd98b93cfbfcedd1d8961432f5ed819d334.story,content,shorten,0,2,0.3492990732192993,0.6263864636421204,0.1219274252653122
./cnn/stories/280c6cd98b93cfbfcedd1d8961432f5ed819d334.story,content,shorten,0,3,0.2988559603691101,0.7402624487876892,0.08073735237121582
./cnn/stories/280c6cd98b93cfbfcedd1d8961432f5ed819d334.story,content,shorten,1,1,0.46195781230926514,0.46195781230926514,0.5359978079795837
./cnn/stories/280c6cd98b93cfbfcedd1d8961432f5ed819d334.story,content,shorten,1,2,0.42371881008148193,0.5339702367782593,0.25557848811149597
./cnn/stories/280c6cd98b93cfbfcedd1d8961432f5ed819d334.story,content,shorten,1,3,0.4400630593299866,0.7361428141593933,0.18893784284591675
./cnn/stories/280c6cd98b93cfbfcedd1d8961432f5ed819d334.story,content,shorten,2,1,0.363456130027771,0.363456130027771,0.5319607257843018
./cnn/stories/280c6cd98b93cfbfcedd1d8961432f5ed819d334.story,content,shorten,2,2,0.35223519802093506,0.7343013882637024,0.5319607257843018
./cnn/stories/280c6cd98b93cfbfcedd1d8961432f5ed819d334.story,content,shorten,2,3,0.3273612856864929,0.7812409996986389,0.28638890385627747
./cnn/stories/280c6cd98b93cfbfcedd1d8961432f5ed819d334.story,content,elaborate,0,1,0.3664966821670532,0.3664966821670532,0.8929977416992188
./cnn/stories/280c6cd98b93cfbfcedd1d8961432f5ed819d334.story,content,elaborate,0,2,0.3999103307723999,0.5631731748580933,0.13762159645557404
./cnn/stories/280c6cd98b93cfbfcedd1d8961432f5ed819d334.story,content,elaborate,0,3,0.39779382944107056,0.6115004420280457,0.8929977416992188
./cnn/stories/280c6cd98b93cfbfcedd1d8961432f5ed819d334.story,content,elaborate,1,1,0.4220133423805237,0.4220133423805237,0.8929977416992188
./cnn/stories/280c6cd98b93cfbfcedd1d8961432f5ed819d334.story,content,elaborate,1,2,0.4552508592605591,0.6223441958427429,0.8929977416992188
./cnn/stories/280c6cd98b93cfbfcedd1d8961432f5ed819d334.story,content,elaborate,1,3,0.4346601963043213,0.6451171636581421,0.8929977416992188
./cnn/stories/280c6cd98b93cfbfcedd1d8961432f5ed819d334.story,content,elaborate,2,1,0.4131302237510681,0.4131302237510681,0.8929977416992188
./cnn/stories/280c6cd98b93cfbfcedd1d8961432f5ed819d334.story,content,elaborate,2,2,0.35341161489486694,0.4839704632759094,0.13762159645557404
./cnn/stories/280c6cd98b93cfbfcedd1d8961432f5ed819d334.story,content,elaborate,2,3,0.31809306144714355,0.5256441235542297,0.13762159645557404
./cnn/stories/e7d4bf0fb8682a2b28a2b3071b20fe05aaac3a7c.story,style,formality,0,1,0.5108910799026489,0.5108910799026489,0.17016276717185974
./cnn/stories/e7d4bf0fb8682a2b28a2b3071b20fe05aaac3a7c.story,style,formality,0,2,0.4832201600074768,0.7011924982070923,0.17144787311553955
./cnn/stories/e7d4bf0fb8682a2b28a2b3071b20fe05aaac3a7c.story,style,formality,0,3,0.4647860527038574,0.7180933356285095,0.14613044261932373
./cnn/stories/e7d4bf0fb8682a2b28a2b3071b20fe05aaac3a7c.story,style,formality,1,1,0.4497353434562683,0.4497353434562683,0.09637825191020966
./cnn/stories/e7d4bf0fb8682a2b28a2b3071b20fe05aaac3a7c.story,style,formality,1,2,0.47216588258743286,0.687050998210907,0.10021842271089554
./cnn/stories/e7d4bf0fb8682a2b28a2b3071b20fe05aaac3a7c.story,style,formality,1,3,0.46098774671554565,0.746271550655365,0.10735941678285599
./cnn/stories/e7d4bf0fb8682a2b28a2b3071b20fe05aaac3a7c.story,style,formality,2,1,0.569656252861023,0.569656252861023,0.16594260931015015
./cnn/stories/e7d4bf0fb8682a2b28a2b3071b20fe05aaac3a7c.story,style,formality,2,2,0.5025662183761597,0.6966448426246643,0.06995300203561783
./cnn/stories/e7d4bf0fb8682a2b28a2b3071b20fe05aaac3a7c.story,style,formality,2,3,0.48443883657455444,0.6899418234825134,0.12644603848457336
./cnn/stories/e7d4bf0fb8682a2b28a2b3071b20fe05aaac3a7c.story,style,paraphrase,0,1,0.44550907611846924,0.44550907611846924,0.2780414819717407
./cnn/stories/e7d4bf0fb8682a2b28a2b3071b20fe05aaac3a7c.story,style,paraphrase,0,2,0.4138298034667969,0.6230472922325134,0.08399519324302673
./cnn/stories/e7d4bf0fb8682a2b28a2b3071b20fe05aaac3a7c.story,style,paraphrase,0,3,0.41286253929138184,0.7296891212463379,0.3108476996421814
./cnn/stories/e7d4bf0fb8682a2b28a2b3071b20fe05aaac3a7c.story,style,paraphrase,1,1,0.5572990775108337,0.5572990775108337,0.5173572301864624
./cnn/stories/e7d4bf0fb8682a2b28a2b3071b20fe05aaac3a7c.story,style,paraphrase,1,2,0.45284324884414673,0.6881959438323975,0.5049484968185425
./cnn/stories/e7d4bf0fb8682a2b28a2b3071b20fe05aaac3a7c.story,style,paraphrase,1,3,0.47255992889404297,0.6627126932144165,0.5098772644996643
./cnn/stories/e7d4bf0fb8682a2b28a2b3071b20fe05aaac3a7c.story,style,paraphrase,2,1,0.326751708984375,0.326751708984375,0.5666612982749939
./cnn/stories/e7d4bf0fb8682a2b28a2b3071b20fe05aaac3a7c.story,style,paraphrase,2,2,0.49617600440979004,0.5639019012451172,0.6095597743988037
./cnn/stories/e7d4bf0fb8682a2b28a2b3071b20fe05aaac3a7c.story,style,paraphrase,2,3,0.4602803587913513,0.6310750246047974,0.568832278251648
./cnn/stories/e7d4bf0fb8682a2b28a2b3071b20fe05aaac3a7c.story,content,shorten,0,1,0.4618907570838928,0.4618907570838928,0.31605440378189087
./cnn/stories/e7d4bf0fb8682a2b28a2b3071b20fe05aaac3a7c.story,content,shorten,0,2,0.29749077558517456,0.7517625093460083,0.38895487785339355
./cnn/stories/e7d4bf0fb8682a2b28a2b3071b20fe05aaac3a7c.story,content,shorten,0,3,0.3118249773979187,0.7362174391746521,0.368599534034729
./cnn/stories/e7d4bf0fb8682a2b28a2b3071b20fe05aaac3a7c.story,content,shorten,1,1,0.47779834270477295,0.47779834270477295,0.4645145535469055
./cnn/stories/e7d4bf0fb8682a2b28a2b3071b20fe05aaac3a7c.story,content,shorten,1,2,0.4208189845085144,0.580203115940094,0.4914626479148865
./cnn/stories/e7d4bf0fb8682a2b28a2b3071b20fe05aaac3a7c.story,content,shorten,1,3,0.34916508197784424,0.7089571952819824,0.5274949669837952
./cnn/stories/e7d4bf0fb8682a2b28a2b3071b20fe05aaac3a7c.story,content,shorten,2,1,0.43572771549224854,0.43572771549224854,0.5098772644996643
./cnn/stories/e7d4bf0fb8682a2b28a2b3071b20fe05aaac3a7c.story,content,shorten,2,2,0.4256349802017212,0.7834754586219788,0.5049484968185425
./cnn/stories/e7d4bf0fb8682a2b28a2b3071b20fe05aaac3a7c.story,content,shorten,2,3,0.3927133083343506,0.7393159866333008,0.11462520062923431
./cnn/stories/e7d4bf0fb8682a2b28a2b3071b20fe05aaac3a7c.story,content,elaborate,0,1,0.4145051836967468,0.4145051836967468,0.2938798666000366
./cnn/stories/e7d4bf0fb8682a2b28a2b3071b20fe05aaac3a7c.story,content,elaborate,0,2,0.476051926612854,0.5782434344291687,0.16981783509254456
./cnn/stories/e7d4bf0fb8682a2b28a2b3071b20fe05aaac3a7c.story,content,elaborate,0,3,0.47012442350387573,0.6325978636741638,0.1549685001373291
./cnn/stories/e7d4bf0fb8682a2b28a2b3071b20fe05aaac3a7c.story,content,elaborate,1,1,0.4559592008590698,0.4559592008590698,0.18060418963432312
./cnn/stories/e7d4bf0fb8682a2b28a2b3071b20fe05aaac3a7c.story,content,elaborate,1,2,0.3621557354927063,0.49068981409072876,0.051230356097221375
./cnn/stories/e7d4bf0fb8682a2b28a2b3071b20fe05aaac3a7c.story,content,elaborate,1,3,0.3452112674713135,0.6602306365966797,0.25631529092788696
./cnn/stories/e7d4bf0fb8682a2b28a2b3071b20fe05aaac3a7c.story,content,elaborate,2,1,0.5614438056945801,0.5614438056945801,0.11850424110889435
./cnn/stories/e7d4bf0fb8682a2b28a2b3071b20fe05aaac3a7c.story,content,elaborate,2,2,0.5628265738487244,0.6785524487495422,0.3064579367637634
./cnn/stories/e7d4bf0fb8682a2b28a2b3071b20fe05aaac3a7c.story,content,elaborate,2,3,0.4978971481323242,0.6622334122657776,0.15966860949993134
./cnn/stories/93cb528105fe482149ee7f5a62878b59d0508084.story,style,formality,0,1,0.638090968132019,0.638090968132019,0.07554686069488525
./cnn/stories/93cb528105fe482149ee7f5a62878b59d0508084.story,style,formality,0,2,0.5972501039505005,0.6758666038513184,0.07554686069488525
./cnn/stories/93cb528105fe482149ee7f5a62878b59d0508084.story,style,formality,0,3,0.519977331161499,0.7071678042411804,0.07554686069488525
./cnn/stories/93cb528105fe482149ee7f5a62878b59d0508084.story,style,formality,1,1,0.6320570111274719,0.6320570111274719,0.07554686069488525
./cnn/stories/93cb528105fe482149ee7f5a62878b59d0508084.story,style,formality,1,2,0.5366548895835876,0.6723747253417969,0.07554686069488525
./cnn/stories/93cb528105fe482149ee7f5a62878b59d0508084.story,style,formality,1,3,0.5477328896522522,0.7176286578178406,0.6173649430274963
./cnn/stories/93cb528105fe482149ee7f5a62878b59d0508084.story,style,formality,2,1,0.6274556517601013,0.6274556517601013,0.07554686069488525
./cnn/stories/93cb528105fe482149ee7f5a62878b59d0508084.story,style,formality,2,2,0.672447919845581,0.8104810118675232,0.07554686069488525
./cnn/stories/93cb528105fe482149ee7f5a62878b59d0508084.story,style,formality,2,3,0.586138904094696,0.7544319033622742,0.07554686069488525
./cnn/stories/93cb528105fe482149ee7f5a62878b59d0508084.story,style,paraphrase,0,1,0.5707329511642456,0.5707329511642456,0.07554686069488525
./cnn/stories/93cb528105fe482149ee7f5a62878b59d0508084.story,style,paraphrase,0,2,0.5434441566467285,0.6843723058700562,0.07554686069488525
./cnn/stories/93cb528105fe482149ee7f5a62878b59d0508084.story,style,paraphrase,0,3,0.5165624022483826,0.7383285164833069,0.020090177655220032
./cnn/stories/93cb528105fe482149ee7f5a62878b59d0508084.story,style,paraphrase,1,1,0.6386234760284424,0.6386234760284424,0.6173649430274963
./cnn/stories/93cb528105fe482149ee7f5a62878b59d0508084.story,style,paraphrase,1,2,0.5223174691200256,0.7905974984169006,0.5536491870880127
./cnn/stories/93cb528105fe482149ee7f5a62878b59d0508084.story,style,paraphrase,1,3,0.5005674362182617,0.8008344769477844,0.6173649430274963
./cnn/stories/93cb528105fe482149ee7f5a62878b59d0508084.story,style,paraphrase,2,1,0.6006472110748291,0.6006472110748291,0.07554686069488525
./cnn/stories/93cb528105fe482149ee7f5a62878b59d0508084.story,style,paraphrase,2,2,0.5532123446464539,0.7184998989105225,0.07554686069488525
./cnn/stories/93cb528105fe482149ee7f5a62878b59d0508084.story,style,paraphrase,2,3,0.5122312903404236,0.7019770741462708,0.07554686069488525
./cnn/stories/93cb528105fe482149ee7f5a62878b59d0508084.story,content,shorten,0,1,0.5734905004501343,0.5734905004501343,0.6173649430274963
./cnn/stories/93cb528105fe482149ee7f5a62878b59d0508084.story,content,shorten,0,2,0.5945461392402649,0.7578564286231995,0.3113749623298645
./cnn/stories/93cb528105fe482149ee7f5a62878b59d0508084.story,content,shorten,0,3,0.5713675618171692,0.8136951327323914,0.07554686069488525
./cnn/stories/93cb528105fe482149ee7f5a62878b59d0508084.story,content,shorten,1,1,0.5393388271331787,0.5393388271331787,0.6173649430274963
./cnn/stories/93cb528105fe482149ee7f5a62878b59d0508084.story,content,shorten,1,2,0.5170141458511353,0.702893853187561,0.5417399406433105
./cnn/stories/93cb528105fe482149ee7f5a62878b59d0508084.story,content,shorten,1,3,0.436312735080719,0.7107422351837158,0.07472045719623566
./cnn/stories/93cb528105fe482149ee7f5a62878b59d0508084.story,content,shorten,2,1,0.565670907497406,0.565670907497406,0.6173649430274963
./cnn/stories/93cb528105fe482149ee7f5a62878b59d0508084.story,content,shorten,2,2,0.5369395017623901,0.7262750267982483,0.3443225026130676
./cnn/stories/93cb528105fe482149ee7f5a62878b59d0508084.story,content,shorten,2,3,0.49793046712875366,0.8035473227500916,0.04496137052774429
./cnn/stories/93cb528105fe482149ee7f5a62878b59d0508084.story,content,elaborate,0,1,0.562699019908905,0.562699019908905,0.07554686069488525
./cnn/stories/93cb528105fe482149ee7f5a62878b59d0508084.story,content,elaborate,0,2,0.5186364650726318,0.6355045437812805,0.07554686069488525
./cnn/stories/93cb528105fe482149ee7f5a62878b59d0508084.story,content,elaborate,0,3,0.4161440134048462,0.6047163009643555,0.07554686069488525
./cnn/stories/93cb528105fe482149ee7f5a62878b59d0508084.story,content,elaborate,1,1,0.5913271307945251,0.5913271307945251,0.07554686069488525
./cnn/stories/93cb528105fe482149ee7f5a62878b59d0508084.story,content,elaborate,1,2,0.5392805933952332,0.6356408596038818,0.07554686069488525
./cnn/stories/93cb528105fe482149ee7f5a62878b59d0508084.story,content,elaborate,1,3,0.5293545126914978,0.6927365064620972,0.07554686069488525
./cnn/stories/93cb528105fe482149ee7f5a62878b59d0508084.story,content,elaborate,2,1,0.6287803053855896,0.6287803053855896,0.07554686069488525
./cnn/stories/93cb528105fe482149ee7f5a62878b59d0508084.story,content,elaborate,2,2,0.48417776823043823,0.6592996716499329,0.07554686069488525
./cnn/stories/93cb528105fe482149ee7f5a62878b59d0508084.story,content,elaborate,2,3,0.43100112676620483,0.6409168243408203,0.049040041863918304
./cnn/stories/1776daee1da76231267235b19383dc3b115b9457.story,style,formality,0,1,0.5899516940116882,0.5899516940116882,0.135969340801239
./cnn/stories/1776daee1da76231267235b19383dc3b115b9457.story,style,formality,0,2,0.5002816319465637,0.5893275737762451,0.135969340801239
./cnn/stories/1776daee1da76231267235b19383dc3b115b9457.story,style,formality,0,3,0.4953269362449646,0.7196184992790222,0.135969340801239
./cnn/stories/1776daee1da76231267235b19383dc3b115b9457.story,style,formality,1,1,0.607001781463623,0.607001781463623,0.135969340801239
./cnn/stories/1776daee1da76231267235b19383dc3b115b9457.story,style,formality,1,2,0.5259102582931519,0.6370002031326294,0.135969340801239
./cnn/stories/1776daee1da76231267235b19383dc3b115b9457.story,style,formality,1,3,0.5363625884056091,0.7503361105918884,0.135969340801239
./cnn/stories/1776daee1da76231267235b19383dc3b115b9457.story,style,formality,2,1,0.5614873170852661,0.5614873170852661,0.135969340801239
./cnn/stories/1776daee1da76231267235b19383dc3b115b9457.story,style,formality,2,2,0.5598782896995544,0.7255632877349854,0.135969340801239
./cnn/stories/1776daee1da76231267235b19383dc3b115b9457.story,style,formality,2,3,0.5264602899551392,0.7448839545249939,0.135969340801239
./cnn/stories/1776daee1da76231267235b19383dc3b115b9457.story,style,paraphrase,0,1,0.5120529532432556,0.5120529532432556,0.135969340801239
./cnn/stories/1776daee1da76231267235b19383dc3b115b9457.story,style,paraphrase,0,2,0.45637601613998413,0.5389037728309631,0.135969340801239
./cnn/stories/1776daee1da76231267235b19383dc3b115b9457.story,style,paraphrase,0,3,0.4670736789703369,0.6464676856994629,0.135969340801239
./cnn/stories/1776daee1da76231267235b19383dc3b115b9457.story,style,paraphrase,1,1,0.4343726634979248,0.4343726634979248,0.135969340801239
./cnn/stories/1776daee1da76231267235b19383dc3b115b9457.story,style,paraphrase,1,2,0.41402357816696167,0.4942222833633423,0.135969340801239
./cnn/stories/1776daee1da76231267235b19383dc3b115b9457.story,style,paraphrase,1,3,0.42528778314590454,0.5997530221939087,0.135969340801239
./cnn/stories/1776daee1da76231267235b19383dc3b115b9457.story,style,paraphrase,2,1,0.509263813495636,0.509263813495636,0.135969340801239
./cnn/stories/1776daee1da76231267235b19383dc3b115b9457.story,style,paraphrase,2,2,0.5085698962211609,0.6707388162612915,0.135969340801239
./cnn/stories/1776daee1da76231267235b19383dc3b115b9457.story,style,paraphrase,2,3,0.4693980813026428,0.6606287360191345,0.135969340801239
./cnn/stories/1776daee1da76231267235b19383dc3b115b9457.story,content,shorten,0,1,0.3998854160308838,0.3998854160308838,0.135969340801239
./cnn/stories/1776daee1da76231267235b19383dc3b115b9457.story,content,shorten,0,2,0.3991146683692932,0.7461769580841064,0.135969340801239
./cnn/stories/1776daee1da76231267235b19383dc3b115b9457.story,content,shorten,0,3,0.3651996850967407,0.7686706185340881,0.135969340801239
./cnn/stories/1776daee1da76231267235b19383dc3b115b9457.story,content,shorten,1,1,0.4192854166030884,0.4192854166030884,0.135969340801239
./cnn/stories/1776daee1da76231267235b19383dc3b115b9457.story,content,shorten,1,2,0.4242468476295471,0.6463503837585449,0.135969340801239
./cnn/stories/1776daee1da76231267235b19383dc3b115b9457.story,content,shorten,1,3,0.39152979850769043,0.7659314274787903,0.135969340801239
./cnn/stories/1776daee1da76231267235b19383dc3b115b9457.story,content,shorten,2,1,0.4198138117790222,0.4198138117790222,0.135969340801239
./cnn/stories/1776daee1da76231267235b19383dc3b115b9457.story,content,shorten,2,2,0.35776573419570923,0.6310470700263977,0.135969340801239
./cnn/stories/1776daee1da76231267235b19383dc3b115b9457.story,content,shorten,2,3,0.414837121963501,0.6920710802078247,0.135969340801239
./cnn/stories/1776daee1da76231267235b19383dc3b115b9457.story,content,elaborate,0,1,0.6177853941917419,0.6177853941917419,0.135969340801239
./cnn/stories/1776daee1da76231267235b19383dc3b115b9457.story,content,elaborate,0,2,0.5299253463745117,0.569828450679779,0.135969340801239
./cnn/stories/1776daee1da76231267235b19383dc3b115b9457.story,content,elaborate,0,3,0.46322518587112427,0.5259338617324829,0.135969340801239
./cnn/stories/1776daee1da76231267235b19383dc3b115b9457.story,content,elaborate,1,1,0.4565494656562805,0.4565494656562805,0.135969340801239
./cnn/stories/1776daee1da76231267235b19383dc3b115b9457.story,content,elaborate,1,2,0.4615733027458191,0.6923008561134338,0.135969340801239
./cnn/stories/1776daee1da76231267235b19383dc3b115b9457.story,content,elaborate,1,3,0.47809821367263794,0.6828464865684509,0.135969340801239
./cnn/stories/1776daee1da76231267235b19383dc3b115b9457.story,content,elaborate,2,1,0.67470782995224,0.67470782995224,0.135969340801239
./cnn/stories/1776daee1da76231267235b19383dc3b115b9457.story,content,elaborate,2,2,0.5697780251502991,0.6490404605865479,0.135969340801239
./cnn/stories/1776daee1da76231267235b19383dc3b115b9457.story,content,elaborate,2,3,0.5163078904151917,0.6174454689025879,0.135969340801239
./cnn/stories/3816c028eb0f007e2a2319f8bf567355018ea66f.story,style,formality,0,1,0.5723187923431396,0.5723187923431396,0.1665641963481903
./cnn/stories/3816c028eb0f007e2a2319f8bf567355018ea66f.story,style,formality,0,2,0.5327110290527344,0.7822932600975037,0.1665641963481903
./cnn/stories/3816c028eb0f007e2a2319f8bf567355018ea66f.story,style,formality,0,3,0.5273075699806213,0.800171434879303,0.1665641963481903
./cnn/stories/3816c028eb0f007e2a2319f8bf567355018ea66f.story,style,formality,1,1,0.5738458037376404,0.5738458037376404,0.17549829185009003
./cnn/stories/3816c028eb0f007e2a2319f8bf567355018ea66f.story,style,formality,1,2,0.5312984585762024,0.6835417151451111,0.13999581336975098
./cnn/stories/3816c028eb0f007e2a2319f8bf567355018ea66f.story,style,formality,1,3,0.5544953346252441,0.7976527810096741,0.17549829185009003
./cnn/stories/3816c028eb0f007e2a2319f8bf567355018ea66f.story,style,formality,2,1,0.5354140400886536,0.5354140400886536,0.1665641963481903
./cnn/stories/3816c028eb0f007e2a2319f8bf567355018ea66f.story,style,formality,2,2,0.4471784234046936,0.7271038293838501,0.031056486070156097
./cnn/stories/3816c028eb0f007e2a2319f8bf567355018ea66f.story,style,formality,2,3,0.42449790239334106,0.6861961483955383,0.023345544934272766
./cnn/stories/3816c028eb0f007e2a2319f8bf567355018ea66f.story,style,paraphrase,0,1,0.45697134733200073,0.45697134733200073,0.40426236391067505
./cnn/stories/3816c028eb0f007e2a2319f8bf567355018ea66f.story,style,paraphrase,0,2,0.46997588872909546,0.7354161143302917,0.4464383125305176
./cnn/stories/3816c028eb0f007e2a2319f8bf567355018ea66f.story,style,paraphrase,0,3,0.5099976062774658,0.7885096669197083,0.031056486070156097
./cnn/stories/3816c028eb0f007e2a2319f8bf567355018ea66f.story,style,paraphrase,1,1,0.4910135865211487,0.4910135865211487,0.03408703953027725
./cnn/stories/3816c028eb0f007e2a2319f8bf567355018ea66f.story,style,paraphrase,1,2,0.4903743267059326,0.7482726573944092,0.1665641963481903
./cnn/stories/3816c028eb0f007e2a2319f8bf567355018ea66f.story,style,paraphrase,1,3,0.5091137886047363,0.7616114020347595,0.2173328995704651
./cnn/stories/3816c028eb0f007e2a2319f8bf567355018ea66f.story,style,paraphrase,2,1,0.5795314908027649,0.5795314908027649,0.02006731927394867
./cnn/stories/3816c028eb0f007e2a2319f8bf567355018ea66f.story,style,paraphrase,2,2,0.5099282264709473,0.5885410904884338,0.1665641963481903
./cnn/stories/3816c028eb0f007e2a2319f8bf567355018ea66f.story,style,paraphrase,2,3,0.5194580554962158,0.6840571761131287,0.43722641468048096
./cnn/stories/3816c028eb0f007e2a2319f8bf567355018ea66f.story,content,shorten,0,1,0.4206417202949524,0.4206417202949524,0.004332944750785828
./cnn/stories/3816c028eb0f007e2a2319f8bf567355018ea66f.story,content,shorten,0,2,0.45250529050827026,0.730186939239502,0.004332944750785828
./cnn/stories/3816c028eb0f007e2a2319f8bf567355018ea66f.story,content,shorten,0,3,0.4348140358924866,0.7669896483421326,0.37996453046798706
./cnn/stories/3816c028eb0f007e2a2319f8bf567355018ea66f.story,content,shorten,1,1,0.4061547517776489,0.4061547517776489,0.026588834822177887
./cnn/stories/3816c028eb0f007e2a2319f8bf567355018ea66f.story,content,shorten,1,2,0.4111713171005249,0.6692789196968079,0.004332944750785828
./cnn/stories/3816c028eb0f007e2a2319f8bf567355018ea66f.story,content,shorten,1,3,0.43720149993896484,0.7449555397033691,0.21612733602523804
./cnn/stories/3816c028eb0f007e2a2319f8bf567355018ea66f.story,content,shorten,2,1,0.5018042325973511,0.5018042325973511,0.1665641963481903
./cnn/stories/3816c028eb0f007e2a2319f8bf567355018ea66f.story,content,shorten,2,2,0.4556923508644104,0.7893409729003906,0.1665641963481903
./cnn/stories/3816c028eb0f007e2a2319f8bf567355018ea66f.story,content,shorten,2,3,0.45902019739151,0.8239012956619263,0.2524007260799408
./cnn/stories/3816c028eb0f007e2a2319f8bf567355018ea66f.story,content,elaborate,0,1,0.48160338401794434,0.48160338401794434,0.1081412062048912
./cnn/stories/3816c028eb0f007e2a2319f8bf567355018ea66f.story,content,elaborate,0,2,0.36943358182907104,0.6392996311187744,0.033571645617485046
./cnn/stories/3816c028eb0f007e2a2319f8bf567355018ea66f.story,content,elaborate,0,3,0.43634241819381714,0.6152586340904236,0.1081412062048912
./cnn/stories/3816c028eb0f007e2a2319f8bf567355018ea66f.story,content,elaborate,1,1,0.5131875872612,0.5131875872612,0.1081412062048912
./cnn/stories/3816c028eb0f007e2a2319f8bf567355018ea66f.story,content,elaborate,1,2,0.4121934771537781,0.6748637557029724,0.031056486070156097
./cnn/stories/3816c028eb0f007e2a2319f8bf567355018ea66f.story,content,elaborate,1,3,0.4197690486907959,0.5826335549354553,0.1665641963481903
./cnn/stories/3816c028eb0f007e2a2319f8bf567355018ea66f.story,content,elaborate,2,1,0.503283679485321,0.503283679485321,0.1665641963481903
./cnn/stories/3816c028eb0f007e2a2319f8bf567355018ea66f.story,content,elaborate,2,2,0.49107807874679565,0.6420987248420715,0.1452314555644989
./cnn/stories/3816c028eb0f007e2a2319f8bf567355018ea66f.story,content,elaborate,2,3,0.4172642230987549,0.6835512518882751,0.06844756007194519
./cnn/stories/f5c70593825da66a07c3ddffdefe09b7321a1371.story,style,formality,0,1,0.6437730193138123,0.6437730193138123,0.6171289682388306
./cnn/stories/f5c70593825da66a07c3ddffdefe09b7321a1371.story,style,formality,0,2,0.6264851689338684,0.7735087871551514,0.6171289682388306
./cnn/stories/f5c70593825da66a07c3ddffdefe09b7321a1371.story,style,formality,0,3,0.5993735194206238,0.7671834230422974,0.133039191365242
./cnn/stories/f5c70593825da66a07c3ddffdefe09b7321a1371.story,style,formality,1,1,0.627493679523468,0.627493679523468,0.6171289682388306
./cnn/stories/f5c70593825da66a07c3ddffdefe09b7321a1371.story,style,formality,1,2,0.6463319063186646,0.7475888729095459,0.27939680218696594
./cnn/stories/f5c70593825da66a07c3ddffdefe09b7321a1371.story,style,formality,1,3,0.6008217930793762,0.7879152894020081,0.2617045044898987
./cnn/stories/f5c70593825da66a07c3ddffdefe09b7321a1371.story,style,formality,2,1,0.5356696844100952,0.5356696844100952,0.2617045044898987
./cnn/stories/f5c70593825da66a07c3ddffdefe09b7321a1371.story,style,formality,2,2,0.5688238739967346,0.7782445549964905,0.26177260279655457
./cnn/stories/f5c70593825da66a07c3ddffdefe09b7321a1371.story,style,formality,2,3,0.52400141954422,0.7868232131004333,0.2617045044898987
./cnn/stories/f5c70593825da66a07c3ddffdefe09b7321a1371.story,style,paraphrase,0,1,0.580925703048706,0.580925703048706,0.1623288094997406
./cnn/stories/f5c70593825da66a07c3ddffdefe09b7321a1371.story,style,paraphrase,0,2,0.5524178147315979,0.812903106212616,0.133039191365242
./cnn/stories/f5c70593825da66a07c3ddffdefe09b7321a1371.story,style,paraphrase,0,3,0.5557555556297302,0.8154614567756653,0.16932523250579834
./cnn/stories/f5c70593825da66a07c3ddffdefe09b7321a1371.story,style,paraphrase,1,1,0.4780345559120178,0.4780345559120178,0.12823066115379333
./cnn/stories/f5c70593825da66a07c3ddffdefe09b7321a1371.story,style,paraphrase,1,2,0.509708821773529,0.8014393448829651,0.12823066115379333
./cnn/stories/f5c70593825da66a07c3ddffdefe09b7321a1371.story,style,paraphrase,1,3,0.48527050018310547,0.8027990460395813,0.1031106635928154
./cnn/stories/f5c70593825da66a07c3ddffdefe09b7321a1371.story,style,paraphrase,2,1,0.48972684144973755,0.48972684144973755,0.1031106635928154
./cnn/stories/f5c70593825da66a07c3ddffdefe09b7321a1371.story,style,paraphrase,2,2,0.49347561597824097,0.741425096988678,0.12823066115379333
./cnn/stories/f5c70593825da66a07c3ddffdefe09b7321a1371.story,style,paraphrase,2,3,0.5089356303215027,0.7245331406593323,0.1031106635928154
./cnn/stories/f5c70593825da66a07c3ddffdefe09b7321a1371.story,content,shorten,0,1,0.5574036836624146,0.5574036836624146,0.07012838125228882
./cnn/stories/f5c70593825da66a07c3ddffdefe09b7321a1371.story,content,shorten,0,2,0.5375727415084839,0.774561882019043,0.07012838125228882
./cnn/stories/f5c70593825da66a07c3ddffdefe09b7321a1371.story,content,shorten,0,3,0.5283644795417786,0.8504499793052673,0.20957425236701965
./cnn/stories/f5c70593825da66a07c3ddffdefe09b7321a1371.story,content,shorten,1,1,0.4562056064605713,0.4562056064605713,1.022990107536316
./cnn/stories/f5c70593825da66a07c3ddffdefe09b7321a1371.story,content,shorten,1,2,0.5536046624183655,0.7763006091117859,0.21315905451774597
./cnn/stories/f5c70593825da66a07c3ddffdefe09b7321a1371.story,content,shorten,1,3,0.5474950671195984,0.8130373954772949,0.21315905451774597
./cnn/stories/f5c70593825da66a07c3ddffdefe09b7321a1371.story,content,shorten,2,1,0.4973223805427551,0.4973223805427551,0.12823066115379333
./cnn/stories/f5c70593825da66a07c3ddffdefe09b7321a1371.story,content,shorten,2,2,0.42293256521224976,0.7671075463294983,0.12823066115379333
./cnn/stories/f5c70593825da66a07c3ddffdefe09b7321a1371.story,content,shorten,2,3,0.45252275466918945,0.8167915940284729,0.12823066115379333
./cnn/stories/f5c70593825da66a07c3ddffdefe09b7321a1371.story,content,elaborate,0,1,0.4653075933456421,0.4653075933456421,0.5483209490776062
./cnn/stories/f5c70593825da66a07c3ddffdefe09b7321a1371.story,content,elaborate,0,2,0.44870907068252563,0.5941182971000671,0.15014414489269257
./cnn/stories/f5c70593825da66a07c3ddffdefe09b7321a1371.story,content,elaborate,0,3,0.4298282265663147,0.7505974173545837,0.11892066150903702
./cnn/stories/f5c70593825da66a07c3ddffdefe09b7321a1371.story,content,elaborate,1,1,0.534652054309845,0.534652054309845,0.6171289682388306
./cnn/stories/f5c70593825da66a07c3ddffdefe09b7321a1371.story,content,elaborate,1,2,0.5406415462493896,0.7472003102302551,0.6331578493118286
./cnn/stories/f5c70593825da66a07c3ddffdefe09b7321a1371.story,content,elaborate,1,3,0.45120394229888916,0.6592002511024475,0.16932523250579834
./cnn/stories/f5c70593825da66a07c3ddffdefe09b7321a1371.story,content,elaborate,2,1,0.549403190612793,0.549403190612793,0.7530574798583984
./cnn/stories/f5c70593825da66a07c3ddffdefe09b7321a1371.story,content,elaborate,2,2,0.4545751214027405,0.7110862731933594,0.12823066115379333
./cnn/stories/f5c70593825da66a07c3ddffdefe09b7321a1371.story,content,elaborate,2,3,0.45913320779800415,0.7229206562042236,0.12823066115379333
./cnn/stories/dddcf4ea66a65993902f9a63b3e294dc1db04d45.story,style,formality,0,1,0.45119547843933105,0.45119547843933105,-0.0021835267543792725
./cnn/stories/dddcf4ea66a65993902f9a63b3e294dc1db04d45.story,style,formality,0,2,0.4127505421638489,0.7550092935562134,0.015981629490852356
./cnn/stories/dddcf4ea66a65993902f9a63b3e294dc1db04d45.story,style,formality,0,3,0.3981410264968872,0.7804269194602966,0.19981643557548523
./cnn/stories/dddcf4ea66a65993902f9a63b3e294dc1db04d45.story,style,formality,1,1,0.4870148301124573,0.4870148301124573,0.2995149493217468
./cnn/stories/dddcf4ea66a65993902f9a63b3e294dc1db04d45.story,style,formality,1,2,0.501259982585907,0.7022188305854797,0.2995149493217468
./cnn/stories/dddcf4ea66a65993902f9a63b3e294dc1db04d45.story,style,formality,1,3,0.4565125107765198,0.7077674865722656,0.1554521918296814
./cnn/stories/dddcf4ea66a65993902f9a63b3e294dc1db04d45.story,style,formality,2,1,0.45669227838516235,0.45669227838516235,0.2995149493217468
./cnn/stories/dddcf4ea66a65993902f9a63b3e294dc1db04d45.story,style,formality,2,2,0.41100746393203735,0.6434001922607422,0.4446064233779907
./cnn/stories/dddcf4ea66a65993902f9a63b3e294dc1db04d45.story,style,formality,2,3,0.3653033971786499,0.7179569602012634,0.001958027482032776
./cnn/stories/dddcf4ea66a65993902f9a63b3e294dc1db04d45.story,style,paraphrase,0,1,0.3831639885902405,0.3831639885902405,0.2995149493217468
./cnn/stories/dddcf4ea66a65993902f9a63b3e294dc1db04d45.story,style,paraphrase,0,2,0.40376442670822144,0.5970605611801147,0.7612003087997437
./cnn/stories/dddcf4ea66a65993902f9a63b3e294dc1db04d45.story,style,paraphrase,0,3,0.41743361949920654,0.6646865010261536,0.008445292711257935
./cnn/stories/dddcf4ea66a65993902f9a63b3e294dc1db04d45.story,style,paraphrase,1,1,0.48772430419921875,0.48772430419921875,0.1554521918296814
./cnn/stories/dddcf4ea66a65993902f9a63b3e294dc1db04d45.story,style,paraphrase,1,2,0.4644962549209595,0.7072952389717102,0.2995149493217468
./cnn/stories/dddcf4ea66a65993902f9a63b3e294dc1db04d45.story,style,paraphrase,1,3,0.4812195897102356,0.6734960079193115,0.7612003087997437
./cnn/stories/dddcf4ea66a65993902f9a63b3e294dc1db04d45.story,style,paraphrase,2,1,0.44891148805618286,0.44891148805618286,0.7612003087997437
./cnn/stories/dddcf4ea66a65993902f9a63b3e294dc1db04d45.story,style,paraphrase,2,2,0.4667431116104126,0.6735348105430603,0.6929425597190857
./cnn/stories/dddcf4ea66a65993902f9a63b3e294dc1db04d45.story,style,paraphrase,2,3,0.41740942001342773,0.7263129949569702,0.1554521918296814
./cnn/stories/dddcf4ea66a65993902f9a63b3e294dc1db04d45.story,content,shorten,0,1,0.434457004070282,0.434457004070282,0.0977729856967926
./cnn/stories/dddcf4ea66a65993902f9a63b3e294dc1db04d45.story,content,shorten,0,2,0.41401129961013794,0.7708495259284973,0.012372598052024841
./cnn/stories/dddcf4ea66a65993902f9a63b3e294dc1db04d45.story,content,shorten,0,3,0.4411279559135437,0.8863731026649475,0.01459456980228424
./cnn/stories/dddcf4ea66a65993902f9a63b3e294dc1db04d45.story,content,shorten,1,1,0.42917364835739136,0.42917364835739136,0.03624534606933594
./cnn/stories/dddcf4ea66a65993902f9a63b3e294dc1db04d45.story,content,shorten,1,2,0.45801663398742676,0.8070376515388489,0.005547389388084412
./cnn/stories/dddcf4ea66a65993902f9a63b3e294dc1db04d45.story,content,shorten,1,3,0.44055813550949097,0.738844096660614,0.005547389388084412
./cnn/stories/dddcf4ea66a65993902f9a63b3e294dc1db04d45.story,content,shorten,2,1,0.4587699770927429,0.4587699770927429,0.005547389388084412
./cnn/stories/dddcf4ea66a65993902f9a63b3e294dc1db04d45.story,content,shorten,2,2,0.4459216594696045,0.7554906606674194,0.005547389388084412
./cnn/stories/dddcf4ea66a65993902f9a63b3e294dc1db04d45.story,content,shorten,2,3,0.4292418956756592,0.7488232254981995,0.005547389388084412
./cnn/stories/dddcf4ea66a65993902f9a63b3e294dc1db04d45.story,content,elaborate,0,1,0.4222726821899414,0.4222726821899414,0.1554521918296814
./cnn/stories/dddcf4ea66a65993902f9a63b3e294dc1db04d45.story,content,elaborate,0,2,0.4491111636161804,0.6242631673812866,0.7612003087997437
./cnn/stories/dddcf4ea66a65993902f9a63b3e294dc1db04d45.story,content,elaborate,0,3,0.4367797374725342,0.660825788974762,0.7612003087997437
./cnn/stories/dddcf4ea66a65993902f9a63b3e294dc1db04d45.story,content,elaborate,1,1,0.42182135581970215,0.42182135581970215,0.07747329771518707
./cnn/stories/dddcf4ea66a65993902f9a63b3e294dc1db04d45.story,content,elaborate,1,2,0.3717278838157654,0.5493321418762207,0.0977729856967926
./cnn/stories/dddcf4ea66a65993902f9a63b3e294dc1db04d45.story,content,elaborate,1,3,0.3472602963447571,0.6658676862716675,0.1554521918296814
./cnn/stories/dddcf4ea66a65993902f9a63b3e294dc1db04d45.story,content,elaborate,2,1,0.3777509927749634,0.3777509927749634,0.0896901860833168
./cnn/stories/dddcf4ea66a65993902f9a63b3e294dc1db04d45.story,content,elaborate,2,2,0.37113136053085327,0.6622896790504456,0.1554521918296814
./cnn/stories/dddcf4ea66a65993902f9a63b3e294dc1db04d45.story,content,elaborate,2,3,0.3655816912651062,0.6818730235099792,0.1554521918296814
./cnn/stories/e57030df902c8e2413762b34c13ce023057759ff.story,style,formality,0,1,0.578898012638092,0.578898012638092,0.3209041655063629
./cnn/stories/e57030df902c8e2413762b34c13ce023057759ff.story,style,formality,0,2,0.48568373918533325,0.7024123072624207,0.3200529217720032
./cnn/stories/e57030df902c8e2413762b34c13ce023057759ff.story,style,formality,0,3,0.49709731340408325,0.7440334558486938,0.30745166540145874
./cnn/stories/e57030df902c8e2413762b34c13ce023057759ff.story,style,formality,1,1,0.5787925720214844,0.5787925720214844,0.9685529470443726
./cnn/stories/e57030df902c8e2413762b34c13ce023057759ff.story,style,formality,1,2,0.5221675038337708,0.706425130367279,0.9685529470443726
./cnn/stories/e57030df902c8e2413762b34c13ce023057759ff.story,style,formality,1,3,0.4655769467353821,0.6506747007369995,0.8191649317741394
./cnn/stories/e57030df902c8e2413762b34c13ce023057759ff.story,style,formality,2,1,0.44264739751815796,0.44264739751815796,0.9685529470443726
./cnn/stories/e57030df902c8e2413762b34c13ce023057759ff.story,style,formality,2,2,0.46842116117477417,0.7614246606826782,0.9685529470443726
./cnn/stories/e57030df902c8e2413762b34c13ce023057759ff.story,style,formality,2,3,0.3962671756744385,0.7633586525917053,0.8191649317741394
./cnn/stories/e57030df902c8e2413762b34c13ce023057759ff.story,style,paraphrase,0,1,0.513550341129303,0.513550341129303,0.8191649317741394
./cnn/stories/e57030df902c8e2413762b34c13ce023057759ff.story,style,paraphrase,0,2,0.4310193657875061,0.7740800976753235,0.8191649317741394
./cnn/stories/e57030df902c8e2413762b34c13ce023057759ff.story,style,paraphrase,0,3,0.40664756298065186,0.7269291281700134,0.8191649317741394
./cnn/stories/e57030df902c8e2413762b34c13ce023057759ff.story,style,paraphrase,1,1,0.47465193271636963,0.47465193271636963,0.9685529470443726
./cnn/stories/e57030df902c8e2413762b34c13ce023057759ff.story,style,paraphrase,1,2,0.4415375590324402,0.7977271676063538,0.9685529470443726
./cnn/stories/e57030df902c8e2413762b34c13ce023057759ff.story,style,paraphrase,1,3,0.46619713306427,0.796492874622345,0.3275938034057617
./cnn/stories/e57030df902c8e2413762b34c13ce023057759ff.story,style,paraphrase,2,1,0.46433132886886597,0.46433132886886597,0.14307698607444763
./cnn/stories/e57030df902c8e2413762b34c13ce023057759ff.story,style,paraphrase,2,2,0.37057971954345703,0.7320634722709656,0.2591171860694885
./cnn/stories/e57030df902c8e2413762b34c13ce023057759ff.story,style,paraphrase,2,3,0.3166918158531189,0.7667909264564514,0.14307698607444763
./cnn/stories/e57030df902c8e2413762b34c13ce023057759ff.story,content,shorten,0,1,0.410611629486084,0.410611629486084,0.9685529470443726
./cnn/stories/e57030df902c8e2413762b34c13ce023057759ff.story,content,shorten,0,2,0.42234742641448975,0.7664515972137451,0.9685529470443726
./cnn/stories/e57030df902c8e2413762b34c13ce023057759ff.story,content,shorten,0,3,0.4183400273323059,0.8658062219619751,0.9685529470443726
./cnn/stories/e57030df902c8e2413762b34c13ce023057759ff.story,content,shorten,1,1,0.43533891439437866,0.43533891439437866,0.9685529470443726
./cnn/stories/e57030df902c8e2413762b34c13ce023057759ff.story,content,shorten,1,2,0.41632819175720215,0.7556816935539246,0.9685529470443726
./cnn/stories/e57030df902c8e2413762b34c13ce023057759ff.story,content,shorten,1,3,0.4070473909378052,0.8313067555427551,0.9685529470443726
./cnn/stories/e57030df902c8e2413762b34c13ce023057759ff.story,content,shorten,2,1,0.45140987634658813,0.45140987634658813,0.2060396522283554
./cnn/stories/e57030df902c8e2413762b34c13ce023057759ff.story,content,shorten,2,2,0.3969857692718506,0.7539286017417908,0.112973652780056
./cnn/stories/e57030df902c8e2413762b34c13ce023057759ff.story,content,shorten,2,3,0.4002893567085266,0.8190742135047913,
./cnn/stories/e57030df902c8e2413762b34c13ce023057759ff.story,content,elaborate,0,1,0.43949270248413086,0.43949270248413086,0.13360850512981415
./cnn/stories/e57030df902c8e2413762b34c13ce023057759ff.story,content,elaborate,0,2,0.41385310888290405,0.6598314642906189,0.23658588528633118
./cnn/stories/e57030df902c8e2413762b34c13ce023057759ff.story,content,elaborate,0,3,0.4284855127334595,0.6074608564376831,0.13641664385795593
./cnn/stories/e57030df902c8e2413762b34c13ce023057759ff.story,content,elaborate,1,1,0.4926149249076843,0.4926149249076843,0.9685529470443726
./cnn/stories/e57030df902c8e2413762b34c13ce023057759ff.story,content,elaborate,1,2,0.4308653473854065,0.6570817232131958,0.9685529470443726
./cnn/stories/e57030df902c8e2413762b34c13ce023057759ff.story,content,elaborate,1,3,0.4011986255645752,0.6415568590164185,0.8191649317741394
./cnn/stories/e57030df902c8e2413762b34c13ce023057759ff.story,content,elaborate,2,1,0.47729504108428955,0.47729504108428955,0.9685529470443726
./cnn/stories/e57030df902c8e2413762b34c13ce023057759ff.story,content,elaborate,2,2,0.4530982971191406,0.7670632004737854,0.9685529470443726
./cnn/stories/e57030df902c8e2413762b34c13ce023057759ff.story,content,elaborate,2,3,0.413077712059021,0.7117815613746643,0.9685529470443726
./cnn/stories/abebde7e04ba6280371812bffd3f698a8f4de125.story,style,formality,0,1,0.5278478264808655,0.5278478264808655,0.9668710827827454
./cnn/stories/abebde7e04ba6280371812bffd3f698a8f4de125.story,style,formality,0,2,0.48287689685821533,0.7516806721687317,0.9668710827827454
./cnn/stories/abebde7e04ba6280371812bffd3f698a8f4de125.story,style,formality,0,3,0.34232789278030396,0.5846797227859497,-0.0062191784381866455
./cnn/stories/abebde7e04ba6280371812bffd3f698a8f4de125.story,style,formality,1,1,0.523847758769989,0.523847758769989,0.9668710827827454
./cnn/stories/abebde7e04ba6280371812bffd3f698a8f4de125.story,style,formality,1,2,0.5328936576843262,0.7580841183662415,0.36839741468429565
./cnn/stories/abebde7e04ba6280371812bffd3f698a8f4de125.story,style,formality,1,3,0.4614248275756836,0.6526645421981812,0.36525893211364746
./cnn/stories/abebde7e04ba6280371812bffd3f698a8f4de125.story,style,formality,2,1,0.5300254821777344,0.5300254821777344,0.09345157444477081
./cnn/stories/abebde7e04ba6280371812bffd3f698a8f4de125.story,style,formality,2,2,0.48870009183883667,0.7546390891075134,0.36525893211364746
./cnn/stories/abebde7e04ba6280371812bffd3f698a8f4de125.story,style,formality,2,3,0.47958505153656006,0.7802135944366455,0.9668710827827454
./cnn/stories/abebde7e04ba6280371812bffd3f698a8f4de125.story,style,paraphrase,0,1,0.3906524181365967,0.3906524181365967,0.3555479645729065
./cnn/stories/abebde7e04ba6280371812bffd3f698a8f4de125.story,style,paraphrase,0,2,0.3864474892616272,0.6654043793678284,0.35677459836006165
./cnn/stories/abebde7e04ba6280371812bffd3f698a8f4de125.story,style,paraphrase,0,3,0.387182354927063,0.6992003321647644,0.6085982322692871
./cnn/stories/abebde7e04ba6280371812bffd3f698a8f4de125.story,style,paraphrase,1,1,0.3779558539390564,0.3779558539390564,0.4223383665084839
./cnn/stories/abebde7e04ba6280371812bffd3f698a8f4de125.story,style,paraphrase,1,2,0.35687899589538574,0.6331402659416199,0.4223383665084839
./cnn/stories/abebde7e04ba6280371812bffd3f698a8f4de125.story,style,paraphrase,1,3,0.3086741268634796,0.6498258709907532,0.4223383665084839
./cnn/stories/abebde7e04ba6280371812bffd3f698a8f4de125.story,style,paraphrase,2,1,0.4246985912322998,0.4246985912322998,0.9668710827827454
./cnn/stories/abebde7e04ba6280371812bffd3f698a8f4de125.story,style,paraphrase,2,2,0.39413994550704956,0.6788597702980042,0.9668710827827454
./cnn/stories/abebde7e04ba6280371812bffd3f698a8f4de125.story,style,paraphrase,2,3,0.40251123905181885,0.6947261691093445,0.9668710827827454
./cnn/stories/abebde7e04ba6280371812bffd3f698a8f4de125.story,content,shorten,0,1,0.4228014349937439,0.4228014349937439,0.4223383665084839
./cnn/stories/abebde7e04ba6280371812bffd3f698a8f4de125.story,content,shorten,0,2,0.38526594638824463,0.6505103707313538,0.2336331605911255
./cnn/stories/abebde7e04ba6280371812bffd3f698a8f4de125.story,content,shorten,0,3,0.25457385182380676,0.7163798809051514,0.21581882238388062
./cnn/stories/abebde7e04ba6280371812bffd3f698a8f4de125.story,content,shorten,1,1,0.36387112736701965,0.36387112736701965,0.8414920568466187
./cnn/stories/abebde7e04ba6280371812bffd3f698a8f4de125.story,content,shorten,1,2,0.38038867712020874,0.593130350112915,0.4598112106323242
./cnn/stories/abebde7e04ba6280371812bffd3f698a8f4de125.story,content,shorten,1,3,0.36219120025634766,0.7131232023239136,0.4598112106323242
./cnn/stories/abebde7e04ba6280371812bffd3f698a8f4de125.story,content,shorten,2,1,0.3555854558944702,0.3555854558944702,0.4223383665084839
./cnn/stories/abebde7e04ba6280371812bffd3f698a8f4de125.story,content,shorten,2,2,0.3800487816333771,0.7253898978233337,0.4223383665084839
./cnn/stories/abebde7e04ba6280371812bffd3f698a8f4de125.story,content,shorten,2,3,0.364396333694458,0.715300977230072,0.4223383665084839
./cnn/stories/abebde7e04ba6280371812bffd3f698a8f4de125.story,content,elaborate,0,1,0.3918733596801758,0.3918733596801758,0.44936835765838623
./cnn/stories/abebde7e04ba6280371812bffd3f698a8f4de125.story,content,elaborate,0,2,0.388232946395874,0.5931006669998169,0.9668710827827454
./cnn/stories/abebde7e04ba6280371812bffd3f698a8f4de125.story,content,elaborate,0,3,0.3645068407058716,0.6727825999259949,0.8414920568466187
./cnn/stories/abebde7e04ba6280371812bffd3f698a8f4de125.story,content,elaborate,1,1,0.38737839460372925,0.38737839460372925,0.38601386547088623
./cnn/stories/abebde7e04ba6280371812bffd3f698a8f4de125.story,content,elaborate,1,2,0.38036078214645386,0.6530753970146179,0.013292849063873291
./cnn/stories/abebde7e04ba6280371812bffd3f698a8f4de125.story,content,elaborate,1,3,0.34652000665664673,0.5833173990249634,0.38601386547088623
./cnn/stories/abebde7e04ba6280371812bffd3f698a8f4de125.story,content,elaborate,2,1,0.38253921270370483,0.38253921270370483,0.8414920568466187
./cnn/stories/abebde7e04ba6280371812bffd3f698a8f4de125.story,content,elaborate,2,2,0.36728936433792114,0.6506068110466003,0.31520944833755493
./cnn/stories/abebde7e04ba6280371812bffd3f698a8f4de125.story,content,elaborate,2,3,0.39225703477859497,0.6803802847862244,0.20570260286331177
./cnn/stories/8cbf1a494eb9a0b946cd58f1284482dd1a8a8ded.story,style,formality,0,1,0.6011130809783936,0.6011130809783936,0.0050141215324401855
./cnn/stories/8cbf1a494eb9a0b946cd58f1284482dd1a8a8ded.story,style,formality,0,2,0.498878538608551,0.6233845353126526,0.045567259192466736
./cnn/stories/8cbf1a494eb9a0b946cd58f1284482dd1a8a8ded.story,style,formality,0,3,0.47582799196243286,0.7085955142974854,0.028045952320098877
./cnn/stories/8cbf1a494eb9a0b946cd58f1284482dd1a8a8ded.story,style,formality,1,1,0.4950820207595825,0.4950820207595825,0.1899222731590271
./cnn/stories/8cbf1a494eb9a0b946cd58f1284482dd1a8a8ded.story,style,formality,1,2,0.48322558403015137,0.6824160814285278,0.1615249663591385
./cnn/stories/8cbf1a494eb9a0b946cd58f1284482dd1a8a8ded.story,style,formality,1,3,0.4697936177253723,0.7420778870582581,0.16882853209972382
./cnn/stories/8cbf1a494eb9a0b946cd58f1284482dd1a8a8ded.story,style,formality,2,1,0.4994363784790039,0.4994363784790039,0.07823759317398071
./cnn/stories/8cbf1a494eb9a0b946cd58f1284482dd1a8a8ded.story,style,formality,2,2,0.4404393434524536,0.6139559745788574,0.11265399307012558
./cnn/stories/8cbf1a494eb9a0b946cd58f1284482dd1a8a8ded.story,style,formality,2,3,0.44499826431274414,0.7392410635948181,0.11849324405193329
./cnn/stories/8cbf1a494eb9a0b946cd58f1284482dd1a8a8ded.story,style,paraphrase,0,1,0.45746707916259766,0.45746707916259766,0.11525207757949829
./cnn/stories/8cbf1a494eb9a0b946cd58f1284482dd1a8a8ded.story,style,paraphrase,0,2,0.43382060527801514,0.700244128704071,0.2171899825334549
./cnn/stories/8cbf1a494eb9a0b946cd58f1284482dd1a8a8ded.story,style,paraphrase,0,3,0.43568915128707886,0.7360092401504517,0.13946734368801117
./cnn/stories/8cbf1a494eb9a0b946cd58f1284482dd1a8a8ded.story,style,paraphrase,1,1,0.45428186655044556,0.45428186655044556,0.30257976055145264
./cnn/stories/8cbf1a494eb9a0b946cd58f1284482dd1a8a8ded.story,style,paraphrase,1,2,0.4614047408103943,0.7109835147857666,0.00568021833896637
./cnn/stories/8cbf1a494eb9a0b946cd58f1284482dd1a8a8ded.story,style,paraphrase,1,3,0.40988993644714355,0.6012133359909058,0.12448075413703918
./cnn/stories/8cbf1a494eb9a0b946cd58f1284482dd1a8a8ded.story,style,paraphrase,2,1,0.5371428728103638,0.5371428728103638,0.05877959728240967
./cnn/stories/8cbf1a494eb9a0b946cd58f1284482dd1a8a8ded.story,style,paraphrase,2,2,0.4287864565849304,0.49165451526641846,0.0794389545917511
./cnn/stories/8cbf1a494eb9a0b946cd58f1284482dd1a8a8ded.story,style,paraphrase,2,3,0.44012904167175293,0.6674816012382507,0.3154577612876892
./cnn/stories/8cbf1a494eb9a0b946cd58f1284482dd1a8a8ded.story,content,shorten,0,1,0.4520597457885742,0.4520597457885742,0.15930020809173584
./cnn/stories/8cbf1a494eb9a0b946cd58f1284482dd1a8a8ded.story,content,shorten,0,2,0.44923174381256104,0.7091185450553894,0.16538482904434204
./cnn/stories/8cbf1a494eb9a0b946cd58f1284482dd1a8a8ded.story,content,shorten,0,3,0.43967777490615845,0.7141095995903015,0.0362362265586853
./cnn/stories/8cbf1a494eb9a0b946cd58f1284482dd1a8a8ded.story,content,shorten,1,1,0.3922014832496643,0.3922014832496643,0.01703302562236786
./cnn/stories/8cbf1a494eb9a0b946cd58f1284482dd1a8a8ded.story,content,shorten,1,2,0.419327974319458,0.7992380261421204,0.01703302562236786
./cnn/stories/8cbf1a494eb9a0b946cd58f1284482dd1a8a8ded.story,content,shorten,1,3,0.3715607523918152,0.7825402021408081,0.1384318470954895
./cnn/stories/8cbf1a494eb9a0b946cd58f1284482dd1a8a8ded.story,content,shorten,2,1,0.4019259810447693,0.4019259810447693,0.050597183406353
./cnn/stories/8cbf1a494eb9a0b946cd58f1284482dd1a8a8ded.story,content,shorten,2,2,0.4099130630493164,0.7136775851249695,0.050597183406353
./cnn/stories/8cbf1a494eb9a0b946cd58f1284482dd1a8a8ded.story,content,shorten,2,3,0.4199672341346741,0.7990946173667908,0.2990291118621826
./cnn/stories/8cbf1a494eb9a0b946cd58f1284482dd1a8a8ded.story,content,elaborate,0,1,0.4418175220489502,0.4418175220489502,0.013619109988212585
./cnn/stories/8cbf1a494eb9a0b946cd58f1284482dd1a8a8ded.story,content,elaborate,0,2,0.4559115767478943,0.6465200185775757,0.013619109988212585
./cnn/stories/8cbf1a494eb9a0b946cd58f1284482dd1a8a8ded.story,content,elaborate,0,3,0.42263633012771606,0.6504970192909241,0.09642064571380615
./cnn/stories/8cbf1a494eb9a0b946cd58f1284482dd1a8a8ded.story,content,elaborate,1,1,0.47889673709869385,0.47889673709869385,0.20220257341861725
./cnn/stories/8cbf1a494eb9a0b946cd58f1284482dd1a8a8ded.story,content,elaborate,1,2,0.4706181287765503,0.6919888257980347,0.2904660105705261
./cnn/stories/8cbf1a494eb9a0b946cd58f1284482dd1a8a8ded.story,content,elaborate,1,3,0.4344332218170166,0.5985258221626282,0.016602113842964172
./cnn/stories/8cbf1a494eb9a0b946cd58f1284482dd1a8a8ded.story,content,elaborate,2,1,0.536184549331665,0.536184549331665,0.1749378740787506
./cnn/stories/8cbf1a494eb9a0b946cd58f1284482dd1a8a8ded.story,content,elaborate,2,2,0.39745184779167175,0.5166322588920593,0.02264721691608429
./cnn/stories/8cbf1a494eb9a0b946cd58f1284482dd1a8a8ded.story,content,elaborate,2,3,0.37914779782295227,0.6266131401062012,0.013619109988212585
./cnn/stories/63ba4107135a1e077c9c64d06d14f8b4d48c6030.story,style,formality,0,1,0.6018965244293213,0.6018965244293213,0.4118375778198242
./cnn/stories/63ba4107135a1e077c9c64d06d14f8b4d48c6030.story,style,formality,0,2,0.5871641039848328,0.6304696202278137,0.4118375778198242
./cnn/stories/63ba4107135a1e077c9c64d06d14f8b4d48c6030.story,style,formality,0,3,0.5863935351371765,0.7699313759803772,0.16827845573425293
./cnn/stories/63ba4107135a1e077c9c64d06d14f8b4d48c6030.story,style,formality,1,1,0.5847986936569214,0.5847986936569214,
./cnn/stories/63ba4107135a1e077c9c64d06d14f8b4d48c6030.story,style,formality,1,2,0.5318945646286011,0.6515199542045593,0.3136909008026123
./cnn/stories/63ba4107135a1e077c9c64d06d14f8b4d48c6030.story,style,formality,1,3,0.5334062576293945,0.6264221668243408,0.20605836808681488
./cnn/stories/63ba4107135a1e077c9c64d06d14f8b4d48c6030.story,style,formality,2,1,0.6133264303207397,0.6133264303207397,
./cnn/stories/63ba4107135a1e077c9c64d06d14f8b4d48c6030.story,style,formality,2,2,0.47790759801864624,0.621322751045227,
./cnn/stories/63ba4107135a1e077c9c64d06d14f8b4d48c6030.story,style,formality,2,3,0.4553607106208801,0.7076177000999451,
./cnn/stories/63ba4107135a1e077c9c64d06d14f8b4d48c6030.story,style,paraphrase,0,1,0.4365427494049072,0.4365427494049072,0.4118375778198242
./cnn/stories/63ba4107135a1e077c9c64d06d14f8b4d48c6030.story,style,paraphrase,0,2,0.3765869736671448,0.6423013210296631,0.4118375778198242
./cnn/stories/63ba4107135a1e077c9c64d06d14f8b4d48c6030.story,style,paraphrase,0,3,0.4264851212501526,0.6726255416870117,0.4118375778198242
./cnn/stories/63ba4107135a1e077c9c64d06d14f8b4d48c6030.story,style,paraphrase,1,1,0.45052093267440796,0.45052093267440796,
./cnn/stories/63ba4107135a1e077c9c64d06d14f8b4d48c6030.story,style,paraphrase,1,2,0.4420619010925293,0.6742874979972839,
./cnn/stories/63ba4107135a1e077c9c64d06d14f8b4d48c6030.story,style,paraphrase,1,3,0.4292861223220825,0.7578759789466858,
./cnn/stories/63ba4107135a1e077c9c64d06d14f8b4d48c6030.story,style,paraphrase,2,1,0.554220974445343,0.554220974445343,0.12919586896896362
./cnn/stories/63ba4107135a1e077c9c64d06d14f8b4d48c6030.story,style,paraphrase,2,2,0.4738171696662903,0.6136858463287354,0.08527559041976929
./cnn/stories/63ba4107135a1e077c9c64d06d14f8b4d48c6030.story,style,paraphrase,2,3,0.36140578985214233,0.5941168665885925,0.4118375778198242
./cnn/stories/63ba4107135a1e077c9c64d06d14f8b4d48c6030.story,content,shorten,0,1,0.3395029306411743,0.3395029306411743,0.10274454951286316
./cnn/stories/63ba4107135a1e077c9c64d06d14f8b4d48c6030.story,content,shorten,0,2,0.3900322914123535,0.7195145487785339,0.08048021793365479
./cnn/stories/63ba4107135a1e077c9c64d06d14f8b4d48c6030.story,content,shorten,0,3,0.330777645111084,0.656292736530304,0.08048021793365479
./cnn/stories/63ba4107135a1e077c9c64d06d14f8b4d48c6030.story,content,shorten,1,1,0.3910144567489624,0.3910144567489624,0.4118375778198242
./cnn/stories/63ba4107135a1e077c9c64d06d14f8b4d48c6030.story,content,shorten,1,2,0.3629491329193115,0.6907510161399841,0.22640714049339294
./cnn/stories/63ba4107135a1e077c9c64d06d14f8b4d48c6030.story,content,shorten,1,3,0.3082450032234192,0.7420433759689331,0.4118375778198242
./cnn/stories/63ba4107135a1e077c9c64d06d14f8b4d48c6030.story,content,shorten,2,1,0.40622055530548096,0.40622055530548096,0.1688501536846161
./cnn/stories/63ba4107135a1e077c9c64d06d14f8b4d48c6030.story,content,shorten,2,2,0.4159258008003235,0.7160347104072571,0.21205756068229675
./cnn/stories/63ba4107135a1e077c9c64d06d14f8b4d48c6030.story,content,shorten,2,3,0.42376983165740967,0.7189505696296692,0.4118375778198242
./cnn/stories/63ba4107135a1e077c9c64d06d14f8b4d48c6030.story,content,elaborate,0,1,0.5542776584625244,0.5542776584625244,0.4118375778198242
./cnn/stories/63ba4107135a1e077c9c64d06d14f8b4d48c6030.story,content,elaborate,0,2,0.4574170708656311,0.5664834380149841,0.4118375778198242
./cnn/stories/63ba4107135a1e077c9c64d06d14f8b4d48c6030.story,content,elaborate,0,3,0.4643784761428833,0.7207750082015991,0.4118375778198242
./cnn/stories/63ba4107135a1e077c9c64d06d14f8b4d48c6030.story,content,elaborate,1,1,0.4802854657173157,0.4802854657173157,0.4118375778198242
./cnn/stories/63ba4107135a1e077c9c64d06d14f8b4d48c6030.story,content,elaborate,1,2,0.43889307975769043,0.6535471677780151,0.4118375778198242
./cnn/stories/63ba4107135a1e077c9c64d06d14f8b4d48c6030.story,content,elaborate,1,3,0.4088871479034424,0.7078031301498413,0.4118375778198242
./cnn/stories/63ba4107135a1e077c9c64d06d14f8b4d48c6030.story,content,elaborate,2,1,0.539604663848877,0.539604663848877,
./cnn/stories/63ba4107135a1e077c9c64d06d14f8b4d48c6030.story,content,elaborate,2,2,0.4827268719673157,0.6118262410163879,
./cnn/stories/63ba4107135a1e077c9c64d06d14f8b4d48c6030.story,content,elaborate,2,3,0.4307177662849426,0.51133793592453,
./cnn/stories/ecba4bd57a776abcb97795b4e4862daf2836d0c0.story,style,formality,0,1,0.5779804587364197,0.5779804587364197,0.4032682776451111
./cnn/stories/ecba4bd57a776abcb97795b4e4862daf2836d0c0.story,style,formality,0,2,0.5910214185714722,0.6818926930427551,0.7285658717155457
./cnn/stories/ecba4bd57a776abcb97795b4e4862daf2836d0c0.story,style,formality,0,3,0.5753505229949951,0.7540850639343262,0.7285658717155457
./cnn/stories/ecba4bd57a776abcb97795b4e4862daf2836d0c0.story,style,formality,1,1,0.6303713917732239,0.6303713917732239,0.42994076013565063
./cnn/stories/ecba4bd57a776abcb97795b4e4862daf2836d0c0.story,style,formality,1,2,0.5900666117668152,0.7457630038261414,0.4032682776451111
./cnn/stories/ecba4bd57a776abcb97795b4e4862daf2836d0c0.story,style,formality,1,3,0.5777298808097839,0.7732430100440979,0.4483121633529663
./cnn/stories/ecba4bd57a776abcb97795b4e4862daf2836d0c0.story,style,formality,2,1,0.6324703693389893,0.6324703693389893,0.7285658717155457
./cnn/stories/ecba4bd57a776abcb97795b4e4862daf2836d0c0.story,style,formality,2,2,0.6074138283729553,0.7453216910362244,0.7285658717155457
./cnn/stories/ecba4bd57a776abcb97795b4e4862daf2836d0c0.story,style,formality,2,3,0.5646229386329651,0.7496528029441833,0.7285658717155457
./cnn/stories/ecba4bd57a776abcb97795b4e4862daf2836d0c0.story,style,paraphrase,0,1,0.5199032425880432,0.5199032425880432,0.4594687819480896
./cnn/stories/ecba4bd57a776abcb97795b4e4862daf2836d0c0.story,style,paraphrase,0,2,0.537957489490509,0.709562361240387,0.28504878282546997
./cnn/stories/ecba4bd57a776abcb97795b4e4862daf2836d0c0.story,style,paraphrase,0,3,0.49346715211868286,0.6880243420600891,0.5668371319770813
./cnn/stories/ecba4bd57a776abcb97795b4e4862daf2836d0c0.story,style,paraphrase,1,1,0.5893005132675171,0.5893005132675171,0.6378578543663025
./cnn/stories/ecba4bd57a776abcb97795b4e4862daf2836d0c0.story,style,paraphrase,1,2,0.5443776249885559,0.7526682615280151,0.6378578543663025
./cnn/stories/ecba4bd57a776abcb97795b4e4862daf2836d0c0.story,style,paraphrase,1,3,0.5371198654174805,0.7707957029342651,0.48547911643981934
./cnn/stories/ecba4bd57a776abcb97795b4e4862daf2836d0c0.story,style,paraphrase,2,1,0.5546504259109497,0.5546504259109497,0.5093533992767334
./cnn/stories/ecba4bd57a776abcb97795b4e4862daf2836d0c0.story,style,paraphrase,2,2,0.5513084530830383,0.7192551493644714,0.4744311571121216
./cnn/stories/ecba4bd57a776abcb97795b4e4862daf2836d0c0.story,style,paraphrase,2,3,0.520264744758606,0.7025101780891418,0.46961694955825806
./cnn/stories/ecba4bd57a776abcb97795b4e4862daf2836d0c0.story,content,shorten,0,1,0.48636043071746826,0.48636043071746826,0.2330957055091858
./cnn/stories/ecba4bd57a776abcb97795b4e4862daf2836d0c0.story,content,shorten,0,2,0.41717857122421265,0.7114180326461792,0.3532668948173523
./cnn/stories/ecba4bd57a776abcb97795b4e4862daf2836d0c0.story,content,shorten,0,3,0.38208556175231934,0.7382792830467224,0.3577611744403839
./cnn/stories/ecba4bd57a776abcb97795b4e4862daf2836d0c0.story,content,shorten,1,1,0.5449294447898865,0.5449294447898865,0.4947872757911682
./cnn/stories/ecba4bd57a776abcb97795b4e4862daf2836d0c0.story,content,shorten,1,2,0.4806510806083679,0.742781937122345,0.3285992741584778
./cnn/stories/ecba4bd57a776abcb97795b4e4862daf2836d0c0.story,content,shorten,1,3,0.459542453289032,0.8599379658699036,0.4684823751449585
./cnn/stories/ecba4bd57a776abcb97795b4e4862daf2836d0c0.story,content,shorten,2,1,0.5414270162582397,0.5414270162582397,0.5242590308189392
./cnn/stories/ecba4bd57a776abcb97795b4e4862daf2836d0c0.story,content,shorten,2,2,0.4269710183143616,0.666943371295929,0.49314969778060913
./cnn/stories/ecba4bd57a776abcb97795b4e4862daf2836d0c0.story,content,shorten,2,3,0.36829039454460144,0.676127552986145,0.36895567178726196
./cnn/stories/ecba4bd57a776abcb97795b4e4862daf2836d0c0.story,content,elaborate,0,1,0.5466294884681702,0.5466294884681702,0.5668371319770813
./cnn/stories/ecba4bd57a776abcb97795b4e4862daf2836d0c0.story,content,elaborate,0,2,0.5153953433036804,0.6814395785331726,0.7285658717155457
./cnn/stories/ecba4bd57a776abcb97795b4e4862daf2836d0c0.story,content,elaborate,0,3,0.5056010484695435,0.5745351910591125,0.5798380970954895
./cnn/stories/ecba4bd57a776abcb97795b4e4862daf2836d0c0.story,content,elaborate,1,1,0.6352784037590027,0.6352784037590027,0.25007787346839905
./cnn/stories/ecba4bd57a776abcb97795b4e4862daf2836d0c0.story,content,elaborate,1,2,0.6144762635231018,0.7129217982292175,0.34217894077301025
./cnn/stories/ecba4bd57a776abcb97795b4e4862daf2836d0c0.story,content,elaborate,1,3,0.5762457847595215,0.6968629956245422,0.7409680485725403
./cnn/stories/ecba4bd57a776abcb97795b4e4862daf2836d0c0.story,content,elaborate,2,1,0.6411231756210327,0.6411231756210327,0.34217894077301025
./cnn/stories/ecba4bd57a776abcb97795b4e4862daf2836d0c0.story,content,elaborate,2,2,0.6234670281410217,0.7410816550254822,0.34217894077301025
./cnn/stories/ecba4bd57a776abcb97795b4e4862daf2836d0c0.story,content,elaborate,2,3,0.5842169523239136,0.731005847454071,0.7409680485725403
./cnn/stories/2e375608e5d19dae176bd9203c6120997ac6c167.story,style,formality,0,1,0.5375245213508606,0.5375245213508606,0.28326094150543213
./cnn/stories/2e375608e5d19dae176bd9203c6120997ac6c167.story,style,formality,0,2,0.530392050743103,0.6016626358032227,0.28326094150543213
./cnn/stories/2e375608e5d19dae176bd9203c6120997ac6c167.story,style,formality,0,3,0.510849118232727,0.7920639514923096,0.28326094150543213
./cnn/stories/2e375608e5d19dae176bd9203c6120997ac6c167.story,style,formality,1,1,0.5163619518280029,0.5163619518280029,0.28326094150543213
./cnn/stories/2e375608e5d19dae176bd9203c6120997ac6c167.story,style,formality,1,2,0.5465261936187744,0.6534278988838196,0.28326094150543213
./cnn/stories/2e375608e5d19dae176bd9203c6120997ac6c167.story,style,formality,1,3,0.5037245154380798,0.7314811944961548,0.28326094150543213
./cnn/stories/2e375608e5d19dae176bd9203c6120997ac6c167.story,style,formality,2,1,0.5521154999732971,0.5521154999732971,0.28326094150543213
./cnn/stories/2e375608e5d19dae176bd9203c6120997ac6c167.story,style,formality,2,2,0.5140255689620972,0.7173801064491272,0.28326094150543213
./cnn/stories/2e375608e5d19dae176bd9203c6120997ac6c167.story,style,formality,2,3,0.4738095998764038,0.676301121711731,0.28326094150543213
./cnn/stories/2e375608e5d19dae176bd9203c6120997ac6c167.story,style,paraphrase,0,1,0.5005244612693787,0.5005244612693787,0.28326094150543213
./cnn/stories/2e375608e5d19dae176bd9203c6120997ac6c167.story,style,paraphrase,0,2,0.47247326374053955,0.656681478023529,0.28326094150543213
./cnn/stories/2e375608e5d19dae176bd9203c6120997ac6c167.story,style,paraphrase,0,3,0.5047832727432251,0.7101760506629944,0.28326094150543213
./cnn/stories/2e375608e5d19dae176bd9203c6120997ac6c167.story,style,paraphrase,1,1,0.5234463214874268,0.5234463214874268,0.8504801392555237
./cnn/stories/2e375608e5d19dae176bd9203c6120997ac6c167.story,style,paraphrase,1,2,0.546749472618103,0.7758135199546814,0.28326094150543213
./cnn/stories/2e375608e5d19dae176bd9203c6120997ac6c167.story,style,paraphrase,1,3,0.514270007610321,0.7350754141807556,0.09779134392738342
./cnn/stories/2e375608e5d19dae176bd9203c6120997ac6c167.story,style,paraphrase,2,1,0.5554500222206116,0.5554500222206116,0.14995378255844116
./cnn/stories/2e375608e5d19dae176bd9203c6120997ac6c167.story,style,paraphrase,2,2,0.4950564503669739,0.6611509919166565,0.28326094150543213
./cnn/stories/2e375608e5d19dae176bd9203c6120997ac6c167.story,style,paraphrase,2,3,0.5145106315612793,0.6734268665313721,0.28326094150543213
./cnn/stories/2e375608e5d19dae176bd9203c6120997ac6c167.story,content,shorten,0,1,0.35179460048675537,0.35179460048675537,0.28326094150543213
./cnn/stories/2e375608e5d19dae176bd9203c6120997ac6c167.story,content,shorten,0,2,0.4500225782394409,0.8007429242134094,0.28326094150543213
./cnn/stories/2e375608e5d19dae176bd9203c6120997ac6c167.story,content,shorten,0,3,0.42212170362472534,0.8534300923347473,0.28326094150543213
./cnn/stories/2e375608e5d19dae176bd9203c6120997ac6c167.story,content,shorten,1,1,0.5010987520217896,0.5010987520217896,0.28326094150543213
./cnn/stories/2e375608e5d19dae176bd9203c6120997ac6c167.story,content,shorten,1,2,0.5000675916671753,0.7879165410995483,0.28326094150543213
./cnn/stories/2e375608e5d19dae176bd9203c6120997ac6c167.story,content,shorten,1,3,0.4301242232322693,0.7151548862457275,0.28326094150543213
./cnn/stories/2e375608e5d19dae176bd9203c6120997ac6c167.story,content,shorten,2,1,0.4833231568336487,0.4833231568336487,0.28326094150543213
./cnn/stories/2e375608e5d19dae176bd9203c6120997ac6c167.story,content,shorten,2,2,0.503487229347229,0.7789930701255798,0.28326094150543213
./cnn/stories/2e375608e5d19dae176bd9203c6120997ac6c167.story,content,shorten,2,3,0.4364131689071655,0.7627354860305786,0.28326094150543213
./cnn/stories/2e375608e5d19dae176bd9203c6120997ac6c167.story,content,elaborate,0,1,0.543673038482666,0.543673038482666,0.14995378255844116
./cnn/stories/2e375608e5d19dae176bd9203c6120997ac6c167.story,content,elaborate,0,2,0.5174834728240967,0.6176254749298096,0.28326094150543213
./cnn/stories/2e375608e5d19dae176bd9203c6120997ac6c167.story,content,elaborate,0,3,0.5283812284469604,0.6512104272842407,0.28326094150543213
./cnn/stories/2e375608e5d19dae176bd9203c6120997ac6c167.story,content,elaborate,1,1,0.49710613489151,0.49710613489151,0.4165191650390625
./cnn/stories/2e375608e5d19dae176bd9203c6120997ac6c167.story,content,elaborate,1,2,0.514244019985199,0.6425708532333374,0.37851887941360474
./cnn/stories/2e375608e5d19dae176bd9203c6120997ac6c167.story,content,elaborate,1,3,0.5000433921813965,0.6922162771224976,0.3687381148338318
./cnn/stories/2e375608e5d19dae176bd9203c6120997ac6c167.story,content,elaborate,2,1,0.510725736618042,0.510725736618042,0.28326094150543213
./cnn/stories/2e375608e5d19dae176bd9203c6120997ac6c167.story,content,elaborate,2,2,0.49452465772628784,0.662117063999176,0.28326094150543213
./cnn/stories/2e375608e5d19dae176bd9203c6120997ac6c167.story,content,elaborate,2,3,0.44763219356536865,0.6596658825874329,0.28326094150543213
./cnn/stories/af7116521155625b7b27a02b1b68d622fd3f6690.story,style,formality,0,1,0.5683079361915588,0.5683079361915588,0.214162677526474
./cnn/stories/af7116521155625b7b27a02b1b68d622fd3f6690.story,style,formality,0,2,0.5350357890129089,0.6863554120063782,
./cnn/stories/af7116521155625b7b27a02b1b68d622fd3f6690.story,style,formality,0,3,0.4211115837097168,0.600029468536377,
./cnn/stories/af7116521155625b7b27a02b1b68d622fd3f6690.story,style,formality,1,1,0.5001482367515564,0.5001482367515564,0.09662952274084091
./cnn/stories/af7116521155625b7b27a02b1b68d622fd3f6690.story,style,formality,1,2,0.4388333559036255,0.6231479644775391,0.14228203892707825
./cnn/stories/af7116521155625b7b27a02b1b68d622fd3f6690.story,style,formality,1,3,0.4125792384147644,0.6865223050117493,0.35961371660232544
./cnn/stories/af7116521155625b7b27a02b1b68d622fd3f6690.story,style,formality,2,1,0.4410250782966614,0.4410250782966614,0.2488863170146942
./cnn/stories/af7116521155625b7b27a02b1b68d622fd3f6690.story,style,formality,2,2,0.3524932265281677,0.6170673966407776,0.27322739362716675
./cnn/stories/af7116521155625b7b27a02b1b68d622fd3f6690.story,style,formality,2,3,0.36479395627975464,0.7202156186103821,0.1939811110496521
./cnn/stories/af7116521155625b7b27a02b1b68d622fd3f6690.story,style,paraphrase,0,1,0.37062907218933105,0.37062907218933105,0.36226940155029297
./cnn/stories/af7116521155625b7b27a02b1b68d622fd3f6690.story,style,paraphrase,0,2,0.3652798533439636,0.646952748298645,0.2701319754123688
./cnn/stories/af7116521155625b7b27a02b1b68d622fd3f6690.story,style,paraphrase,0,3,0.36293166875839233,0.7383490800857544,0.2701319754123688
./cnn/stories/af7116521155625b7b27a02b1b68d622fd3f6690.story,style,paraphrase,1,1,0.4505929946899414,0.4505929946899414,0.43220752477645874
./cnn/stories/af7116521155625b7b27a02b1b68d622fd3f6690.story,style,paraphrase,1,2,0.4152749180793762,0.4569990634918213,
./cnn/stories/af7116521155625b7b27a02b1b68d622fd3f6690.story,style,paraphrase,1,3,0.373862087726593,0.6918261647224426,0.27322739362716675
./cnn/stories/af7116521155625b7b27a02b1b68d622fd3f6690.story,style,paraphrase,2,1,0.358360230922699,0.358360230922699,0.11936189234256744
./cnn/stories/af7116521155625b7b27a02b1b68d622fd3f6690.story,style,paraphrase,2,2,0.34632205963134766,0.6585038900375366,0.11964375525712967
./cnn/stories/af7116521155625b7b27a02b1b68d622fd3f6690.story,style,paraphrase,2,3,0.2777632474899292,0.5095326900482178,0.13401742279529572
./cnn/stories/af7116521155625b7b27a02b1b68d622fd3f6690.story,content,shorten,0,1,0.3206409215927124,0.3206409215927124,-0.005216076970100403
./cnn/stories/af7116521155625b7b27a02b1b68d622fd3f6690.story,content,shorten,0,2,0.33783602714538574,0.7722406983375549,-0.005216076970100403
./cnn/stories/af7116521155625b7b27a02b1b68d622fd3f6690.story,content,shorten,0,3,0.24153412878513336,0.7932623028755188,0.3375452160835266
./cnn/stories/af7116521155625b7b27a02b1b68d622fd3f6690.story,content,shorten,1,1,0.322803795337677,0.322803795337677,0.27322739362716675
./cnn/stories/af7116521155625b7b27a02b1b68d622fd3f6690.story,content,shorten,1,2,0.292232483625412,0.5516485571861267,0.1939811110496521
./cnn/stories/af7116521155625b7b27a02b1b68d622fd3f6690.story,content,shorten,1,3,0.32819172739982605,0.8044031858444214,0.27322739362716675
./cnn/stories/af7116521155625b7b27a02b1b68d622fd3f6690.story,content,shorten,2,1,0.3138464689254761,0.3138464689254761,0.31864121556282043
./cnn/stories/af7116521155625b7b27a02b1b68d622fd3f6690.story,content,shorten,2,2,0.27632057666778564,0.6686999797821045,0.3029766082763672
./cnn/stories/af7116521155625b7b27a02b1b68d622fd3f6690.story,content,shorten,2,3,0.3245188593864441,0.7803730964660645,0.22552132606506348
./cnn/stories/af7116521155625b7b27a02b1b68d622fd3f6690.story,content,elaborate,0,1,0.4399862289428711,0.4399862289428711,0.1939811110496521
./cnn/stories/af7116521155625b7b27a02b1b68d622fd3f6690.story,content,elaborate,0,2,0.4348422884941101,0.6549128890037537,0.17609402537345886
./cnn/stories/af7116521155625b7b27a02b1b68d622fd3f6690.story,content,elaborate,0,3,0.43925076723098755,0.6635532379150391,0.17609402537345886
./cnn/stories/af7116521155625b7b27a02b1b68d622fd3f6690.story,content,elaborate,1,1,0.4339061379432678,0.4339061379432678,0.30082130432128906
./cnn/stories/af7116521155625b7b27a02b1b68d622fd3f6690.story,content,elaborate,1,2,0.4192766547203064,0.6314653754234314,0.1939811110496521
./cnn/stories/af7116521155625b7b27a02b1b68d622fd3f6690.story,content,elaborate,1,3,0.39339423179626465,0.655684232711792,0.1939811110496521
./cnn/stories/af7116521155625b7b27a02b1b68d622fd3f6690.story,content,elaborate,2,1,0.5251646041870117,0.5251646041870117,0.08923396468162537
./cnn/stories/af7116521155625b7b27a02b1b68d622fd3f6690.story,content,elaborate,2,2,0.44763249158859253,0.6513456106185913,0.08923396468162537
./cnn/stories/af7116521155625b7b27a02b1b68d622fd3f6690.story,content,elaborate,2,3,0.44737470149993896,0.6506468057632446,0.09085647761821747
./cnn/stories/e6e18ab37963a8c075a503055061a3ca6745abdc.story,style,formality,0,1,0.5528408288955688,0.5528408288955688,0.3039873242378235
./cnn/stories/e6e18ab37963a8c075a503055061a3ca6745abdc.story,style,formality,0,2,0.5624900460243225,0.7575812935829163,0.27741512656211853
./cnn/stories/e6e18ab37963a8c075a503055061a3ca6745abdc.story,style,formality,0,3,0.4993000030517578,0.7322888374328613,0.3039873242378235
./cnn/stories/e6e18ab37963a8c075a503055061a3ca6745abdc.story,style,formality,1,1,0.579764187335968,0.579764187335968,0.29549622535705566
./cnn/stories/e6e18ab37963a8c075a503055061a3ca6745abdc.story,style,formality,1,2,0.5764139890670776,0.6748328804969788,0.29409998655319214
./cnn/stories/e6e18ab37963a8c075a503055061a3ca6745abdc.story,style,formality,1,3,0.547295331954956,0.7142428755760193,0.28297385573387146
./cnn/stories/e6e18ab37963a8c075a503055061a3ca6745abdc.story,style,formality,2,1,0.5619277358055115,0.5619277358055115,0.28297385573387146
./cnn/stories/e6e18ab37963a8c075a503055061a3ca6745abdc.story,style,formality,2,2,0.5499598383903503,0.7608079314231873,0.2859814167022705
./cnn/stories/e6e18ab37963a8c075a503055061a3ca6745abdc.story,style,formality,2,3,0.5075463652610779,0.7298011183738708,0.2916715741157532
./cnn/stories/e6e18ab37963a8c075a503055061a3ca6745abdc.story,style,paraphrase,0,1,0.5342350006103516,0.5342350006103516,0.758272111415863
./cnn/stories/e6e18ab37963a8c075a503055061a3ca6745abdc.story,style,paraphrase,0,2,0.4314233064651489,0.5330215692520142,0.944618284702301
./cnn/stories/e6e18ab37963a8c075a503055061a3ca6745abdc.story,style,paraphrase,0,3,0.44106489419937134,0.6735203862190247,0.5133218765258789
./cnn/stories/e6e18ab37963a8c075a503055061a3ca6745abdc.story,style,paraphrase,1,1,0.48083239793777466,0.48083239793777466,0.5946410894393921
./cnn/stories/e6e18ab37963a8c075a503055061a3ca6745abdc.story,style,paraphrase,1,2,0.38735514879226685,0.6210592985153198,0.5946410894393921
./cnn/stories/e6e18ab37963a8c075a503055061a3ca6745abdc.story,style,paraphrase,1,3,0.4759748578071594,0.6136636137962341,0.5946410894393921
./cnn/stories/e6e18ab37963a8c075a503055061a3ca6745abdc.story,style,paraphrase,2,1,0.49789315462112427,0.49789315462112427,0.758272111415863
./cnn/stories/e6e18ab37963a8c075a503055061a3ca6745abdc.story,style,paraphrase,2,2,0.4903862476348877,0.6883701086044312,0.39820313453674316
./cnn/stories/e6e18ab37963a8c075a503055061a3ca6745abdc.story,style,paraphrase,2,3,0.489654541015625,0.7129106521606445,0.4041014313697815
./cnn/stories/e6e18ab37963a8c075a503055061a3ca6745abdc.story,content,shorten,0,1,0.43155378103256226,0.43155378103256226,0.5946410894393921
./cnn/stories/e6e18ab37963a8c075a503055061a3ca6745abdc.story,content,shorten,0,2,0.3953723907470703,0.7268661856651306,0.5946410894393921
./cnn/stories/e6e18ab37963a8c075a503055061a3ca6745abdc.story,content,shorten,0,3,0.4378986954689026,0.8303660750389099,0.5946410894393921
./cnn/stories/e6e18ab37963a8c075a503055061a3ca6745abdc.story,content,shorten,1,1,0.5333729386329651,0.5333729386329651,0.2704978883266449
./cnn/stories/e6e18ab37963a8c075a503055061a3ca6745abdc.story,content,shorten,1,2,0.4897274971008301,0.6276410818099976,0.28497302532196045
./cnn/stories/e6e18ab37963a8c075a503055061a3ca6745abdc.story,content,shorten,1,3,0.48061150312423706,0.6978330612182617,0.28497302532196045
./cnn/stories/e6e18ab37963a8c075a503055061a3ca6745abdc.story,content,shorten,2,1,0.4544983506202698,0.4544983506202698,0.2704978883266449
./cnn/stories/e6e18ab37963a8c075a503055061a3ca6745abdc.story,content,shorten,2,2,0.4490259885787964,0.7308770418167114,0.28497302532196045
./cnn/stories/e6e18ab37963a8c075a503055061a3ca6745abdc.story,content,shorten,2,3,0.44561296701431274,0.7526789903640747,0.28282707929611206
./cnn/stories/e6e18ab37963a8c075a503055061a3ca6745abdc.story,content,elaborate,0,1,0.4888882040977478,0.4888882040977478,
./cnn/stories/e6e18ab37963a8c075a503055061a3ca6745abdc.story,content,elaborate,0,2,0.4633291959762573,0.6314401030540466,0.3522835969924927
./cnn/stories/e6e18ab37963a8c075a503055061a3ca6745abdc.story,content,elaborate,0,3,0.4915180206298828,0.6946982741355896,0.34929540753364563
./cnn/stories/e6e18ab37963a8c075a503055061a3ca6745abdc.story,content,elaborate,1,1,0.45259755849838257,0.45259755849838257,0.13065314292907715
./cnn/stories/e6e18ab37963a8c075a503055061a3ca6745abdc.story,content,elaborate,1,2,0.4443843364715576,0.6721896529197693,0.13065314292907715
./cnn/stories/e6e18ab37963a8c075a503055061a3ca6745abdc.story,content,elaborate,1,3,0.4494396448135376,0.6629936099052429,0.13065314292907715
./cnn/stories/e6e18ab37963a8c075a503055061a3ca6745abdc.story,content,elaborate,2,1,0.4228785037994385,0.4228785037994385,0.944618284702301
./cnn/stories/e6e18ab37963a8c075a503055061a3ca6745abdc.story,content,elaborate,2,2,0.46655791997909546,0.6018310785293579,0.4221850633621216
./cnn/stories/e6e18ab37963a8c075a503055061a3ca6745abdc.story,content,elaborate,2,3,0.4601086974143982,0.7077361941337585,0.037781134247779846
./cnn/stories/240b5c5c0a82be745f6cb38394f12aa380a181bb.story,style,formality,0,1,0.5931869149208069,0.5931869149208069,0.3579597473144531
./cnn/stories/240b5c5c0a82be745f6cb38394f12aa380a181bb.story,style,formality,0,2,0.5734108090400696,0.7163695693016052,0.390460729598999
./cnn/stories/240b5c5c0a82be745f6cb38394f12aa380a181bb.story,style,formality,0,3,0.49590545892715454,0.6520607471466064,0.3162708878517151
./cnn/stories/240b5c5c0a82be745f6cb38394f12aa380a181bb.story,style,formality,1,1,0.5541974306106567,0.5541974306106567,0.15804250538349152
./cnn/stories/240b5c5c0a82be745f6cb38394f12aa380a181bb.story,style,formality,1,2,0.5301601886749268,0.6654714941978455,0.3066587448120117
./cnn/stories/240b5c5c0a82be745f6cb38394f12aa380a181bb.story,style,formality,1,3,0.4922339916229248,0.6498866081237793,0.3250391483306885
./cnn/stories/240b5c5c0a82be745f6cb38394f12aa380a181bb.story,style,formality,2,1,0.5752373337745667,0.5752373337745667,0.3209354877471924
./cnn/stories/240b5c5c0a82be745f6cb38394f12aa380a181bb.story,style,formality,2,2,0.5771556496620178,0.6564552187919617,0.15459027886390686
./cnn/stories/240b5c5c0a82be745f6cb38394f12aa380a181bb.story,style,formality,2,3,0.5379887223243713,0.6818863749504089,0.32514744997024536
./cnn/stories/240b5c5c0a82be745f6cb38394f12aa380a181bb.story,style,paraphrase,0,1,0.4829346537590027,0.4829346537590027,
./cnn/stories/240b5c5c0a82be745f6cb38394f12aa380a181bb.story,style,paraphrase,0,2,0.36151841282844543,0.50897616147995,0.20891070365905762
./cnn/stories/240b5c5c0a82be745f6cb38394f12aa380a181bb.story,style,paraphrase,0,3,0.30329596996307373,0.6210301518440247,
./cnn/stories/240b5c5c0a82be745f6cb38394f12aa380a181bb.story,style,paraphrase,1,1,0.4768390655517578,0.4768390655517578,0.27924901247024536
./cnn/stories/240b5c5c0a82be745f6cb38394f12aa380a181bb.story,style,paraphrase,1,2,0.4119004011154175,0.5410051941871643,0.3240910768508911
./cnn/stories/240b5c5c0a82be745f6cb38394f12aa380a181bb.story,style,paraphrase,1,3,0.37199556827545166,0.604259729385376,0.20893092453479767
./cnn/stories/240b5c5c0a82be745f6cb38394f12aa380a181bb.story,style,paraphrase,2,1,0.4950147271156311,0.4950147271156311,0.3840579092502594
./cnn/stories/240b5c5c0a82be745f6cb38394f12aa380a181bb.story,style,paraphrase,2,2,0.40057283639907837,0.5766293406486511,0.2912183403968811
./cnn/stories/240b5c5c0a82be745f6cb38394f12aa380a181bb.story,style,paraphrase,2,3,0.4617745280265808,0.6985959410667419,0.44184982776641846
./cnn/stories/240b5c5c0a82be745f6cb38394f12aa380a181bb.story,content,shorten,0,1,0.39302462339401245,0.39302462339401245,0.1922779381275177
./cnn/stories/240b5c5c0a82be745f6cb38394f12aa380a181bb.story,content,shorten,0,2,0.37880992889404297,0.5947221517562866,0.3116534352302551
./cnn/stories/240b5c5c0a82be745f6cb38394f12aa380a181bb.story,content,shorten,0,3,0.37616223096847534,0.7391541004180908,0.32427549362182617
./cnn/stories/240b5c5c0a82be745f6cb38394f12aa380a181bb.story,content,shorten,1,1,0.4021003246307373,0.4021003246307373,0.33984577655792236
./cnn/stories/240b5c5c0a82be745f6cb38394f12aa380a181bb.story,content,shorten,1,2,0.42298680543899536,0.7253852486610413,0.34854745864868164
./cnn/stories/240b5c5c0a82be745f6cb38394f12aa380a181bb.story,content,shorten,1,3,0.3872772455215454,0.7189429402351379,0.23358747363090515
./cnn/stories/240b5c5c0a82be745f6cb38394f12aa380a181bb.story,content,shorten,2,1,0.3582042157649994,0.3582042157649994,0.2960605025291443
./cnn/stories/240b5c5c0a82be745f6cb38394f12aa380a181bb.story,content,shorten,2,2,0.41416609287261963,0.7264588475227356,0.40167707204818726
./cnn/stories/240b5c5c0a82be745f6cb38394f12aa380a181bb.story,content,shorten,2,3,0.4009367823600769,0.7680988311767578,0.3957342803478241
./cnn/stories/240b5c5c0a82be745f6cb38394f12aa380a181bb.story,content,elaborate,0,1,0.39179253578186035,0.39179253578186035,0.20220474898815155
./cnn/stories/240b5c5c0a82be745f6cb38394f12aa380a181bb.story,content,elaborate,0,2,0.35093170404434204,0.7039782404899597,0.06430546939373016
./cnn/stories/240b5c5c0a82be745f6cb38394f12aa380a181bb.story,content,elaborate,0,3,0.35687071084976196,0.5560901761054993,0.20951977372169495
./cnn/stories/240b5c5c0a82be745f6cb38394f12aa380a181bb.story,content,elaborate,1,1,0.3656806945800781,0.3656806945800781,0.4006207585334778
./cnn/stories/240b5c5c0a82be745f6cb38394f12aa380a181bb.story,content,elaborate,1,2,0.3315778374671936,0.6104169487953186,0.32977819442749023
./cnn/stories/240b5c5c0a82be745f6cb38394f12aa380a181bb.story,content,elaborate,1,3,0.33265382051467896,0.5706267356872559,0.34850001335144043
./cnn/stories/240b5c5c0a82be745f6cb38394f12aa380a181bb.story,content,elaborate,2,1,0.35587000846862793,0.35587000846862793,0.16092842817306519
./cnn/stories/240b5c5c0a82be745f6cb38394f12aa380a181bb.story,content,elaborate,2,2,0.33854198455810547,0.6996100544929504,0.3959580659866333
./cnn/stories/240b5c5c0a82be745f6cb38394f12aa380a181bb.story,content,elaborate,2,3,0.3373204469680786,0.6573671698570251,0.28796839714050293
./cnn/stories/4c4b37d29f2eeefef8b626dd9d6c7cf73c8a0280.story,style,formality,0,1,0.38172024488449097,0.38172024488449097,0.992138683795929
./cnn/stories/4c4b37d29f2eeefef8b626dd9d6c7cf73c8a0280.story,style,formality,0,2,0.3519158363342285,0.777507483959198,0.992138683795929
./cnn/stories/4c4b37d29f2eeefef8b626dd9d6c7cf73c8a0280.story,style,formality,0,3,0.3339110016822815,0.8062869906425476,0.992138683795929
./cnn/stories/4c4b37d29f2eeefef8b626dd9d6c7cf73c8a0280.story,style,formality,1,1,0.33667734265327454,0.33667734265327454,0.992138683795929
./cnn/stories/4c4b37d29f2eeefef8b626dd9d6c7cf73c8a0280.story,style,formality,1,2,0.3352010250091553,0.8007400631904602,0.992138683795929
./cnn/stories/4c4b37d29f2eeefef8b626dd9d6c7cf73c8a0280.story,style,formality,1,3,0.30464982986450195,0.7854712009429932,0.992138683795929
./cnn/stories/4c4b37d29f2eeefef8b626dd9d6c7cf73c8a0280.story,style,formality,2,1,0.3227264881134033,0.3227264881134033,0.992138683795929
./cnn/stories/4c4b37d29f2eeefef8b626dd9d6c7cf73c8a0280.story,style,formality,2,2,0.3085017204284668,0.7869953513145447,0.992138683795929
./cnn/stories/4c4b37d29f2eeefef8b626dd9d6c7cf73c8a0280.story,style,formality,2,3,0.3073139190673828,0.7908359169960022,0.992138683795929
./cnn/stories/4c4b37d29f2eeefef8b626dd9d6c7cf73c8a0280.story,style,paraphrase,0,1,0.3388976454734802,0.3388976454734802,0.6149328947067261
./cnn/stories/4c4b37d29f2eeefef8b626dd9d6c7cf73c8a0280.story,style,paraphrase,0,2,0.3363056778907776,0.749282717704773,0.6149328947067261
./cnn/stories/4c4b37d29f2eeefef8b626dd9d6c7cf73c8a0280.story,style,paraphrase,0,3,0.3111953139305115,0.7351465821266174,0.6149328947067261
./cnn/stories/4c4b37d29f2eeefef8b626dd9d6c7cf73c8a0280.story,style,paraphrase,1,1,0.3232489824295044,0.3232489824295044,0.992138683795929
./cnn/stories/4c4b37d29f2eeefef8b626dd9d6c7cf73c8a0280.story,style,paraphrase,1,2,0.305391788482666,0.7105806469917297,0.992138683795929
./cnn/stories/4c4b37d29f2eeefef8b626dd9d6c7cf73c8a0280.story,style,paraphrase,1,3,0.30178117752075195,0.7488078474998474,0.992138683795929
./cnn/stories/4c4b37d29f2eeefef8b626dd9d6c7cf73c8a0280.story,style,paraphrase,2,1,0.28359490633010864,0.28359490633010864,0.992138683795929
./cnn/stories/4c4b37d29f2eeefef8b626dd9d6c7cf73c8a0280.story,style,paraphrase,2,2,0.34543687105178833,0.7544423341751099,0.992138683795929
./cnn/stories/4c4b37d29f2eeefef8b626dd9d6c7cf73c8a0280.story,style,paraphrase,2,3,0.3348398804664612,0.7426915764808655,0.992138683795929
./cnn/stories/4c4b37d29f2eeefef8b626dd9d6c7cf73c8a0280.story,content,shorten,0,1,0.3868427872657776,0.3868427872657776,0.6149328947067261
./cnn/stories/4c4b37d29f2eeefef8b626dd9d6c7cf73c8a0280.story,content,shorten,0,2,0.447113037109375,0.7506628036499023,0.6149328947067261
./cnn/stories/4c4b37d29f2eeefef8b626dd9d6c7cf73c8a0280.story,content,shorten,0,3,0.4341609477996826,0.8314430117607117,0.6149328947067261
./cnn/stories/4c4b37d29f2eeefef8b626dd9d6c7cf73c8a0280.story,content,shorten,1,1,0.4498470425605774,0.4498470425605774,0.992138683795929
./cnn/stories/4c4b37d29f2eeefef8b626dd9d6c7cf73c8a0280.story,content,shorten,1,2,0.41681134700775146,0.7741600871086121,0.992138683795929
./cnn/stories/4c4b37d29f2eeefef8b626dd9d6c7cf73c8a0280.story,content,shorten,1,3,0.42981135845184326,0.7965713143348694,0.992138683795929
./cnn/stories/4c4b37d29f2eeefef8b626dd9d6c7cf73c8a0280.story,content,shorten,2,1,0.46471983194351196,0.46471983194351196,0.992138683795929
./cnn/stories/4c4b37d29f2eeefef8b626dd9d6c7cf73c8a0280.story,content,shorten,2,2,0.44701528549194336,0.7962825894355774,0.992138683795929
./cnn/stories/4c4b37d29f2eeefef8b626dd9d6c7cf73c8a0280.story,content,shorten,2,3,0.40123075246810913,0.831684947013855,0.992138683795929
./cnn/stories/4c4b37d29f2eeefef8b626dd9d6c7cf73c8a0280.story,content,elaborate,0,1,0.34977829456329346,0.34977829456329346,0.992138683795929
./cnn/stories/4c4b37d29f2eeefef8b626dd9d6c7cf73c8a0280.story,content,elaborate,0,2,0.33227667212486267,0.6738309860229492,0.6149328947067261
./cnn/stories/4c4b37d29f2eeefef8b626dd9d6c7cf73c8a0280.story,content,elaborate,0,3,0.3023642301559448,0.6735129952430725,0.6149328947067261
./cnn/stories/4c4b37d29f2eeefef8b626dd9d6c7cf73c8a0280.story,content,elaborate,1,1,0.3277004361152649,0.3277004361152649,0.992138683795929
./cnn/stories/4c4b37d29f2eeefef8b626dd9d6c7cf73c8a0280.story,content,elaborate,1,2,0.30531638860702515,0.6501075625419617,0.992138683795929
./cnn/stories/4c4b37d29f2eeefef8b626dd9d6c7cf73c8a0280.story,content,elaborate,1,3,0.3025308847427368,0.7532583475112915,0.992138683795929
./cnn/stories/4c4b37d29f2eeefef8b626dd9d6c7cf73c8a0280.story,content,elaborate,2,1,0.26735228300094604,0.26735228300094604,0.6149328947067261
./cnn/stories/4c4b37d29f2eeefef8b626dd9d6c7cf73c8a0280.story,content,elaborate,2,2,0.2571534514427185,0.68971848487854,0.6149328947067261
./cnn/stories/4c4b37d29f2eeefef8b626dd9d6c7cf73c8a0280.story,content,elaborate,2,3,0.24280805885791779,0.8070529699325562,0.17079989612102509
./cnn/stories/e2c03b6485be15913dd0829b548c92cc75ff5b7c.story,style,formality,0,1,0.5352739095687866,0.5352739095687866,0.7333990335464478
./cnn/stories/e2c03b6485be15913dd0829b548c92cc75ff5b7c.story,style,formality,0,2,0.5396084785461426,0.7398468852043152,0.38065582513809204
./cnn/stories/e2c03b6485be15913dd0829b548c92cc75ff5b7c.story,style,formality,0,3,0.4803162217140198,0.7356958985328674,0.38065582513809204
./cnn/stories/e2c03b6485be15913dd0829b548c92cc75ff5b7c.story,style,formality,1,1,0.5600298047065735,0.5600298047065735,0.05775636434555054
./cnn/stories/e2c03b6485be15913dd0829b548c92cc75ff5b7c.story,style,formality,1,2,0.5684589147567749,0.6906506419181824,0.7333990335464478
./cnn/stories/e2c03b6485be15913dd0829b548c92cc75ff5b7c.story,style,formality,1,3,0.5429090857505798,0.7484903931617737,0.7333990335464478
./cnn/stories/e2c03b6485be15913dd0829b548c92cc75ff5b7c.story,style,formality,2,1,0.4644549489021301,0.4644549489021301,0.38065582513809204
./cnn/stories/e2c03b6485be15913dd0829b548c92cc75ff5b7c.story,style,formality,2,2,0.45908647775650024,0.7267577648162842,0.7333990335464478
./cnn/stories/e2c03b6485be15913dd0829b548c92cc75ff5b7c.story,style,formality,2,3,0.39901161193847656,0.7288041114807129,0.38065582513809204
./cnn/stories/e2c03b6485be15913dd0829b548c92cc75ff5b7c.story,style,paraphrase,0,1,0.45210450887680054,0.45210450887680054,0.05775636434555054
./cnn/stories/e2c03b6485be15913dd0829b548c92cc75ff5b7c.story,style,paraphrase,0,2,0.41867250204086304,0.7381942868232727,0.05775636434555054
./cnn/stories/e2c03b6485be15913dd0829b548c92cc75ff5b7c.story,style,paraphrase,0,3,0.49560385942459106,0.772289514541626,0.05775636434555054
./cnn/stories/e2c03b6485be15913dd0829b548c92cc75ff5b7c.story,style,paraphrase,1,1,0.5760771036148071,0.5760771036148071,0.7333990335464478
./cnn/stories/e2c03b6485be15913dd0829b548c92cc75ff5b7c.story,style,paraphrase,1,2,0.48279625177383423,0.6795270442962646,0.7333990335464478
./cnn/stories/e2c03b6485be15913dd0829b548c92cc75ff5b7c.story,style,paraphrase,1,3,0.4969356060028076,0.6777172684669495,0.7333990335464478
./cnn/stories/e2c03b6485be15913dd0829b548c92cc75ff5b7c.story,style,paraphrase,2,1,0.38101106882095337,0.38101106882095337,0.05775636434555054
./cnn/stories/e2c03b6485be15913dd0829b548c92cc75ff5b7c.story,style,paraphrase,2,2,0.322330117225647,0.40653473138809204,0.05775636434555054
./cnn/stories/e2c03b6485be15913dd0829b548c92cc75ff5b7c.story,style,paraphrase,2,3,0.3234689235687256,0.5189676880836487,0.05775636434555054
./cnn/stories/e2c03b6485be15913dd0829b548c92cc75ff5b7c.story,content,shorten,0,1,0.43532633781433105,0.43532633781433105,0.49840807914733887
./cnn/stories/e2c03b6485be15913dd0829b548c92cc75ff5b7c.story,content,shorten,0,2,0.5020503401756287,0.8161722421646118,0.05775636434555054
./cnn/stories/e2c03b6485be15913dd0829b548c92cc75ff5b7c.story,content,shorten,0,3,0.4875534772872925,0.8504967093467712,0.49840807914733887
./cnn/stories/e2c03b6485be15913dd0829b548c92cc75ff5b7c.story,content,shorten,1,1,0.5075283646583557,0.5075283646583557,0.49840807914733887
./cnn/stories/e2c03b6485be15913dd0829b548c92cc75ff5b7c.story,content,shorten,1,2,0.5004608631134033,0.7815649509429932,0.49840807914733887
./cnn/stories/e2c03b6485be15913dd0829b548c92cc75ff5b7c.story,content,shorten,1,3,0.49016833305358887,0.8378917574882507,0.49840807914733887
./cnn/stories/e2c03b6485be15913dd0829b548c92cc75ff5b7c.story,content,shorten,2,1,0.5563612580299377,0.5563612580299377,0.49840807914733887
./cnn/stories/e2c03b6485be15913dd0829b548c92cc75ff5b7c.story,content,shorten,2,2,0.4923020005226135,0.7459092736244202,0.49840807914733887
./cnn/stories/e2c03b6485be15913dd0829b548c92cc75ff5b7c.story,content,shorten,2,3,0.49466997385025024,0.8245795965194702,0.49840807914733887
./cnn/stories/e2c03b6485be15913dd0829b548c92cc75ff5b7c.story,content,elaborate,0,1,0.49308085441589355,0.49308085441589355,0.05775636434555054
./cnn/stories/e2c03b6485be15913dd0829b548c92cc75ff5b7c.story,content,elaborate,0,2,0.4682728052139282,0.6085131168365479,0.7333990335464478
./cnn/stories/e2c03b6485be15913dd0829b548c92cc75ff5b7c.story,content,elaborate,0,3,0.42324328422546387,0.7065719962120056,0.7333990335464478
./cnn/stories/e2c03b6485be15913dd0829b548c92cc75ff5b7c.story,content,elaborate,1,1,0.4758780002593994,0.4758780002593994,0.7333990335464478
./cnn/stories/e2c03b6485be15913dd0829b548c92cc75ff5b7c.story,content,elaborate,1,2,0.48861831426620483,0.7236288189888,0.05775636434555054
./cnn/stories/e2c03b6485be15913dd0829b548c92cc75ff5b7c.story,content,elaborate,1,3,0.3919870853424072,0.689150333404541,0.7333990335464478
./cnn/stories/e2c03b6485be15913dd0829b548c92cc75ff5b7c.story,content,elaborate,2,1,0.5234807133674622,0.5234807133674622,0.38065582513809204
./cnn/stories/e2c03b6485be15913dd0829b548c92cc75ff5b7c.story,content,elaborate,2,2,0.4673476219177246,0.6483436822891235,0.38065582513809204
./cnn/stories/e2c03b6485be15913dd0829b548c92cc75ff5b7c.story,content,elaborate,2,3,0.470619261264801,0.7331819534301758,0.7333990335464478
