qid,group,instruction_type,run,step,bert_precision_baseline,bert_recall_baseline,bert_f1_baseline,bert_precision_consecutive,bert_recall_consecutive,bert_f1_consecutive
./cnn/stories/d9ea64de844086c1430636ce80cd2849e3fb25e7.story,style,formality,0,1,0.9410943984985352,0.9359190464019775,0.9384995698928833,0.9410943984985352,0.9359190464019775,0.9384995698928833
./cnn/stories/d9ea64de844086c1430636ce80cd2849e3fb25e7.story,style,formality,0,2,0.9273526668548584,0.9245262742042542,0.9259373545646667,0.9647828340530396,0.9668281674385071,0.9658043384552002
./cnn/stories/d9ea64de844086c1430636ce80cd2849e3fb25e7.story,style,formality,0,3,0.9240289926528931,0.921715497970581,0.9228708148002625,0.9743163585662842,0.9745762348175049,0.9744462966918945
./cnn/stories/d9ea64de844086c1430636ce80cd2849e3fb25e7.story,style,formality,1,1,0.9393593668937683,0.9380109310150146,0.9386846423149109,0.9393593668937683,0.9380109310150146,0.9386846423149109
./cnn/stories/d9ea64de844086c1430636ce80cd2849e3fb25e7.story,style,formality,1,2,0.9316474795341492,0.9311200380325317,0.9313837289810181,0.9727888107299805,0.9766214489936829,0.9747014045715332
./cnn/stories/d9ea64de844086c1430636ce80cd2849e3fb25e7.story,style,formality,1,3,0.927096962928772,0.9280816912651062,0.9275891184806824,0.9817200303077698,0.9824106097221375,0.9820652008056641
./cnn/stories/d9ea64de844086c1430636ce80cd2849e3fb25e7.story,style,formality,2,1,0.936874270439148,0.9222328662872314,0.9294959306716919,0.936874270439148,0.9222328662872314,0.9294959306716919
./cnn/stories/d9ea64de844086c1430636ce80cd2849e3fb25e7.story,style,formality,2,2,0.9237739443778992,0.9123069047927856,0.9180046319961548,0.9624297022819519,0.9659336805343628,0.9641785621643066
./cnn/stories/d9ea64de844086c1430636ce80cd2849e3fb25e7.story,style,formality,2,3,0.9190514087677002,0.9126287698745728,0.9158288240432739,0.970300018787384,0.9759417176246643,0.9731127023696899
./cnn/stories/d9ea64de844086c1430636ce80cd2849e3fb25e7.story,style,paraphrase,0,1,0.9251753091812134,0.8775714039802551,0.9007447957992554,0.9251753091812134,0.8775713443756104,0.9007447957992554
./cnn/stories/d9ea64de844086c1430636ce80cd2849e3fb25e7.story,style,paraphrase,0,2,0.9188326597213745,0.8720693588256836,0.8948404788970947,0.9656055569648743,0.9592711925506592,0.9624279737472534
./cnn/stories/d9ea64de844086c1430636ce80cd2849e3fb25e7.story,style,paraphrase,0,3,0.9139323234558105,0.8695441484451294,0.8911858201026917,0.9604222774505615,0.9653326272964478,0.9628711938858032
./cnn/stories/d9ea64de844086c1430636ce80cd2849e3fb25e7.story,style,paraphrase,1,1,0.9387525320053101,0.8927595615386963,0.9151785373687744,0.9387525320053101,0.8927595615386963,0.9151785373687744
./cnn/stories/d9ea64de844086c1430636ce80cd2849e3fb25e7.story,style,paraphrase,1,2,0.9180920124053955,0.8820743560791016,0.8997228741645813,0.9527075886726379,0.957195520401001,0.9549463391304016
./cnn/stories/d9ea64de844086c1430636ce80cd2849e3fb25e7.story,style,paraphrase,1,3,0.915812075138092,0.8741344809532166,0.8944880366325378,0.953070342540741,0.9426882266998291,0.9478508234024048
./cnn/stories/d9ea64de844086c1430636ce80cd2849e3fb25e7.story,style,paraphrase,2,1,0.9350812435150146,0.9230970144271851,0.9290504455566406,0.9350812435150146,0.9230970144271851,0.9290504455566406
./cnn/stories/d9ea64de844086c1430636ce80cd2849e3fb25e7.story,style,paraphrase,2,2,0.9346950054168701,0.9228602647781372,0.9287399053573608,0.9656679034233093,0.9608219861984253,0.9632388353347778
./cnn/stories/d9ea64de844086c1430636ce80cd2849e3fb25e7.story,style,paraphrase,2,3,0.9259995222091675,0.9158972501754761,0.9209206700325012,0.9544346928596497,0.9570664763450623,0.9557487964630127
./cnn/stories/d9ea64de844086c1430636ce80cd2849e3fb25e7.story,content,shorten,0,1,0.937142014503479,0.8980021476745605,0.9171546697616577,0.937142014503479,0.8980021476745605,0.9171546697616577
./cnn/stories/d9ea64de844086c1430636ce80cd2849e3fb25e7.story,content,shorten,0,2,0.9297863245010376,0.8798157572746277,0.9041111469268799,0.9624672532081604,0.9472384452819824,0.9547922015190125
./cnn/stories/d9ea64de844086c1430636ce80cd2849e3fb25e7.story,content,shorten,0,3,0.9197344183921814,0.8702270984649658,0.8942960500717163,0.9664405584335327,0.9575825333595276,0.9619910717010498
./cnn/stories/d9ea64de844086c1430636ce80cd2849e3fb25e7.story,content,shorten,1,1,0.9199498891830444,0.8688465356826782,0.8936682343482971,0.9199498891830444,0.868846595287323,0.8936682939529419
./cnn/stories/d9ea64de844086c1430636ce80cd2849e3fb25e7.story,content,shorten,1,2,0.9112134575843811,0.8549879193305969,0.8822057843208313,0.961329996585846,0.9482511281967163,0.9547457098960876
./cnn/stories/d9ea64de844086c1430636ce80cd2849e3fb25e7.story,content,shorten,1,3,0.9145365357398987,0.8514784574508667,0.8818816542625427,0.9696750044822693,0.954216480255127,0.9618836045265198
./cnn/stories/d9ea64de844086c1430636ce80cd2849e3fb25e7.story,content,shorten,2,1,0.9266300201416016,0.9030827879905701,0.9147048592567444,0.9266300201416016,0.9030827879905701,0.9147048592567444
./cnn/stories/d9ea64de844086c1430636ce80cd2849e3fb25e7.story,content,shorten,2,2,0.9216659069061279,0.8840872049331665,0.9024855494499207,0.9590781927108765,0.9373883008956909,0.9481092095375061
./cnn/stories/d9ea64de844086c1430636ce80cd2849e3fb25e7.story,content,shorten,2,3,0.9191632270812988,0.8829640746116638,0.900700032711029,0.9805539846420288,0.9797375202178955,0.9801456332206726
./cnn/stories/d9ea64de844086c1430636ce80cd2849e3fb25e7.story,content,elaborate,0,1,0.9067034721374512,0.9026723504066467,0.9046834707260132,0.9067034721374512,0.902672290802002,0.9046834111213684
./cnn/stories/d9ea64de844086c1430636ce80cd2849e3fb25e7.story,content,elaborate,0,2,0.8916022181510925,0.8959079384803772,0.8937498927116394,0.9312593340873718,0.941775918006897,0.9364880919456482
./cnn/stories/d9ea64de844086c1430636ce80cd2849e3fb25e7.story,content,elaborate,0,3,0.8696537017822266,0.8830491304397583,0.8763002157211304,0.9206236600875854,0.9337226152420044,0.9271268844604492
./cnn/stories/d9ea64de844086c1430636ce80cd2849e3fb25e7.story,content,elaborate,1,1,0.9190260767936707,0.9157916307449341,0.9174060821533203,0.9190260767936707,0.9157916307449341,0.9174060821533203
./cnn/stories/d9ea64de844086c1430636ce80cd2849e3fb25e7.story,content,elaborate,1,2,0.8949689865112305,0.9010831117630005,0.8980156183242798,0.927911639213562,0.9386636018753052,0.9332566857337952
./cnn/stories/d9ea64de844086c1430636ce80cd2849e3fb25e7.story,content,elaborate,1,3,0.8786181211471558,0.8874973058700562,0.8830353617668152,0.9268136024475098,0.932586669921875,0.9296911358833313
./cnn/stories/d9ea64de844086c1430636ce80cd2849e3fb25e7.story,content,elaborate,2,1,0.923505961894989,0.9146564602851868,0.9190598726272583,0.923505961894989,0.9146564602851868,0.9190598726272583
./cnn/stories/d9ea64de844086c1430636ce80cd2849e3fb25e7.story,content,elaborate,2,2,0.9091358184814453,0.910508930683136,0.9098218679428101,0.9415382742881775,0.9494204521179199,0.9454629421234131
./cnn/stories/d9ea64de844086c1430636ce80cd2849e3fb25e7.story,content,elaborate,2,3,0.8951273560523987,0.9012746214866638,0.898190438747406,0.9506516456604004,0.9603757262229919,0.955488920211792
./cnn/stories/bc8f85297fa51310468d8f3990e0f4bb07176ce8.story,style,formality,0,1,0.9008892774581909,0.896151602268219,0.8985141515731812,0.9008892774581909,0.896151602268219,0.8985141515731812
./cnn/stories/bc8f85297fa51310468d8f3990e0f4bb07176ce8.story,style,formality,0,2,0.892867922782898,0.888051450252533,0.8904532194137573,0.9523302316665649,0.9507090449333191,0.9515189528465271
./cnn/stories/bc8f85297fa51310468d8f3990e0f4bb07176ce8.story,style,formality,0,3,0.8925977945327759,0.8870407938957214,0.8898106217384338,0.9674841165542603,0.9675124883651733,0.9674983024597168
./cnn/stories/bc8f85297fa51310468d8f3990e0f4bb07176ce8.story,style,formality,1,1,0.8934986591339111,0.8969846367835999,0.8952382802963257,0.8934986591339111,0.8969846367835999,0.8952382802963257
./cnn/stories/bc8f85297fa51310468d8f3990e0f4bb07176ce8.story,style,formality,1,2,0.8869669437408447,0.89057457447052,0.8887670636177063,0.9506283402442932,0.9506285190582275,0.9506284594535828
./cnn/stories/bc8f85297fa51310468d8f3990e0f4bb07176ce8.story,style,formality,1,3,0.8832484483718872,0.8878535628318787,0.8855450749397278,0.9661784172058105,0.9673135280609131,0.9667456150054932
./cnn/stories/bc8f85297fa51310468d8f3990e0f4bb07176ce8.story,style,formality,2,1,0.8662488460540771,0.8608970642089844,0.863564670085907,0.8662488460540771,0.8608970642089844,0.863564670085907
./cnn/stories/bc8f85297fa51310468d8f3990e0f4bb07176ce8.story,style,formality,2,2,0.8582467436790466,0.8565711975097656,0.8574081063270569,0.9417327642440796,0.946876585483551,0.9442976117134094
./cnn/stories/bc8f85297fa51310468d8f3990e0f4bb07176ce8.story,style,formality,2,3,0.8596476316452026,0.8560572862625122,0.8578487038612366,0.9593045115470886,0.9563772082328796,0.9578386545181274
./cnn/stories/bc8f85297fa51310468d8f3990e0f4bb07176ce8.story,style,paraphrase,0,1,0.8825719356536865,0.8705227375030518,0.8765059113502502,0.8825719356536865,0.8705227375030518,0.8765059113502502
./cnn/stories/bc8f85297fa51310468d8f3990e0f4bb07176ce8.story,style,paraphrase,0,2,0.8834758996963501,0.8634296655654907,0.8733377456665039,0.9416607618331909,0.927051305770874,0.9342989325523376
./cnn/stories/bc8f85297fa51310468d8f3990e0f4bb07176ce8.story,style,paraphrase,0,3,0.8815017938613892,0.8590494394302368,0.8701308369636536,0.9560116529464722,0.9529524445533752,0.9544795751571655
./cnn/stories/bc8f85297fa51310468d8f3990e0f4bb07176ce8.story,style,paraphrase,1,1,0.8877726793289185,0.8917572498321533,0.8897604942321777,0.8877726793289185,0.8917572498321533,0.8897604942321777
./cnn/stories/bc8f85297fa51310468d8f3990e0f4bb07176ce8.story,style,paraphrase,1,2,0.8747130632400513,0.8659102916717529,0.8702894449234009,0.933548092842102,0.9201512932777405,0.9268012642860413
./cnn/stories/bc8f85297fa51310468d8f3990e0f4bb07176ce8.story,style,paraphrase,1,3,0.8765548467636108,0.8595008850097656,0.8679441213607788,0.9411509037017822,0.9299638271331787,0.9355239272117615
./cnn/stories/bc8f85297fa51310468d8f3990e0f4bb07176ce8.story,style,paraphrase,2,1,0.8864523768424988,0.8874028325080872,0.8869273662567139,0.8864523768424988,0.8874028325080872,0.8869273662567139
./cnn/stories/bc8f85297fa51310468d8f3990e0f4bb07176ce8.story,style,paraphrase,2,2,0.8794179558753967,0.8790392279624939,0.8792285323143005,0.9356808662414551,0.9337216019630432,0.9347002506256104
./cnn/stories/bc8f85297fa51310468d8f3990e0f4bb07176ce8.story,style,paraphrase,2,3,0.8710013628005981,0.8758026361465454,0.8733954429626465,0.9364286661148071,0.9412798881530762,0.9388480186462402
./cnn/stories/bc8f85297fa51310468d8f3990e0f4bb07176ce8.story,content,shorten,0,1,0.8716210126876831,0.8364407420158386,0.8536686301231384,0.8716210126876831,0.8364407420158386,0.8536686301231384
./cnn/stories/bc8f85297fa51310468d8f3990e0f4bb07176ce8.story,content,shorten,0,2,0.8706738948822021,0.8321267366409302,0.8509640097618103,0.9754506349563599,0.9662191867828369,0.970812976360321
./cnn/stories/bc8f85297fa51310468d8f3990e0f4bb07176ce8.story,content,shorten,0,3,0.8673998713493347,0.8321244716644287,0.8493960499763489,0.9754061698913574,0.9748314619064331,0.9751187562942505
./cnn/stories/bc8f85297fa51310468d8f3990e0f4bb07176ce8.story,content,shorten,1,1,0.8862061500549316,0.8561993837356567,0.8709443807601929,0.8862061500549316,0.8561993837356567,0.8709443807601929
./cnn/stories/bc8f85297fa51310468d8f3990e0f4bb07176ce8.story,content,shorten,1,2,0.8848402500152588,0.8522546291351318,0.8682417869567871,0.9682657718658447,0.960667610168457,0.9644517302513123
./cnn/stories/bc8f85297fa51310468d8f3990e0f4bb07176ce8.story,content,shorten,1,3,0.8880549669265747,0.8523226976394653,0.8698220252990723,0.9775399565696716,0.9727582931518555,0.9751432538032532
./cnn/stories/bc8f85297fa51310468d8f3990e0f4bb07176ce8.story,content,shorten,2,1,0.8746205568313599,0.8505463600158691,0.8624154329299927,0.8746205568313599,0.8505463600158691,0.8624154329299927
./cnn/stories/bc8f85297fa51310468d8f3990e0f4bb07176ce8.story,content,shorten,2,2,0.8706854581832886,0.8447047472000122,0.8574983477592468,0.9583785533905029,0.9579082131385803,0.9581433534622192
./cnn/stories/bc8f85297fa51310468d8f3990e0f4bb07176ce8.story,content,shorten,2,3,0.875018298625946,0.8399707078933716,0.8571364283561707,0.962267279624939,0.9521098136901855,0.9571616053581238
./cnn/stories/bc8f85297fa51310468d8f3990e0f4bb07176ce8.story,content,elaborate,0,1,0.878596842288971,0.8765508532524109,0.8775726556777954,0.878596842288971,0.8765508532524109,0.8775726556777954
./cnn/stories/bc8f85297fa51310468d8f3990e0f4bb07176ce8.story,content,elaborate,0,2,0.8794568777084351,0.8748598098754883,0.8771523237228394,0.9186384677886963,0.9166545867919922,0.9176454544067383
./cnn/stories/bc8f85297fa51310468d8f3990e0f4bb07176ce8.story,content,elaborate,0,3,0.8750044107437134,0.8698625564575195,0.8724258542060852,0.9308139681816101,0.9271348118782043,0.9289707541465759
./cnn/stories/bc8f85297fa51310468d8f3990e0f4bb07176ce8.story,content,elaborate,1,1,0.886003851890564,0.8870425224304199,0.8865228295326233,0.886003851890564,0.8870425224304199,0.8865228295326233
./cnn/stories/bc8f85297fa51310468d8f3990e0f4bb07176ce8.story,content,elaborate,1,2,0.8942272663116455,0.8876472115516663,0.8909251093864441,0.9264506101608276,0.9163759350776672,0.9213857054710388
./cnn/stories/bc8f85297fa51310468d8f3990e0f4bb07176ce8.story,content,elaborate,1,3,0.8874713182449341,0.8771377801895142,0.882274329662323,0.9419796466827393,0.9393947124481201,0.9406853914260864
./cnn/stories/bc8f85297fa51310468d8f3990e0f4bb07176ce8.story,content,elaborate,2,1,0.8746613264083862,0.8724361658096313,0.873547375202179,0.8746613264083862,0.8724361658096313,0.873547375202179
./cnn/stories/bc8f85297fa51310468d8f3990e0f4bb07176ce8.story,content,elaborate,2,2,0.8688699007034302,0.8671376705169678,0.8680029511451721,0.9275665283203125,0.9253239631652832,0.9264439344406128
./cnn/stories/bc8f85297fa51310468d8f3990e0f4bb07176ce8.story,content,elaborate,2,3,0.873183012008667,0.8699820041656494,0.8715795874595642,0.9208673238754272,0.9187344908714294,0.9197996854782104
./cnn/stories/bebd46ad5d9b194bf2462b3903c94c0600d946c8.story,style,formality,0,1,0.9023634195327759,0.8933736681938171,0.8978460431098938,0.9023634195327759,0.8933736681938171,0.8978460431098938
./cnn/stories/bebd46ad5d9b194bf2462b3903c94c0600d946c8.story,style,formality,0,2,0.8909972310066223,0.8809481859207153,0.8859441876411438,0.965192973613739,0.9626740217208862,0.9639318585395813
./cnn/stories/bebd46ad5d9b194bf2462b3903c94c0600d946c8.story,style,formality,0,3,0.8887884616851807,0.8801776170730591,0.8844620585441589,0.9779922366142273,0.9788011908531189,0.9783965349197388
./cnn/stories/bebd46ad5d9b194bf2462b3903c94c0600d946c8.story,style,formality,1,1,0.9161026477813721,0.906123161315918,0.9110856056213379,0.9161026477813721,0.906123161315918,0.9110856056213379
./cnn/stories/bebd46ad5d9b194bf2462b3903c94c0600d946c8.story,style,formality,1,2,0.9132465124130249,0.9022524356842041,0.9077162146568298,0.9772841930389404,0.9769799709320068,0.9771320223808289
./cnn/stories/bebd46ad5d9b194bf2462b3903c94c0600d946c8.story,style,formality,1,3,0.9081387519836426,0.8976856470108032,0.902881920337677,0.9680445194244385,0.9692409038543701,0.9686423540115356
./cnn/stories/bebd46ad5d9b194bf2462b3903c94c0600d946c8.story,style,formality,2,1,0.8991060256958008,0.894451379776001,0.8967726230621338,0.8991060256958008,0.894451379776001,0.8967726230621338
./cnn/stories/bebd46ad5d9b194bf2462b3903c94c0600d946c8.story,style,formality,2,2,0.8924639821052551,0.8875266313552856,0.8899884223937988,0.9670760631561279,0.9675052165985107,0.9672905802726746
./cnn/stories/bebd46ad5d9b194bf2462b3903c94c0600d946c8.story,style,formality,2,3,0.9001230597496033,0.8892234563827515,0.8946400880813599,0.9662069082260132,0.9591124057769775,0.9626465439796448
./cnn/stories/bebd46ad5d9b194bf2462b3903c94c0600d946c8.story,style,paraphrase,0,1,0.898998498916626,0.8921050429344177,0.8955385088920593,0.898998498916626,0.8921050429344177,0.8955385088920593
./cnn/stories/bebd46ad5d9b194bf2462b3903c94c0600d946c8.story,style,paraphrase,0,2,0.8911970257759094,0.8827769160270691,0.8869669437408447,0.9524653553962708,0.9454896450042725,0.9489647150039673
./cnn/stories/bebd46ad5d9b194bf2462b3903c94c0600d946c8.story,style,paraphrase,0,3,0.8854106068611145,0.880083441734314,0.8827390074729919,0.9586178660392761,0.9609661102294922,0.9597905278205872
./cnn/stories/bebd46ad5d9b194bf2462b3903c94c0600d946c8.story,style,paraphrase,1,1,0.8953043222427368,0.8937082886695862,0.8945055603981018,0.8953043222427368,0.8937082886695862,0.8945055603981018
./cnn/stories/bebd46ad5d9b194bf2462b3903c94c0600d946c8.story,style,paraphrase,1,2,0.8935704827308655,0.8864353895187378,0.8899886012077332,0.9589425325393677,0.953923225402832,0.9564262628555298
./cnn/stories/bebd46ad5d9b194bf2462b3903c94c0600d946c8.story,style,paraphrase,1,3,0.8814224004745483,0.8668540716171265,0.874077558517456,0.9530389308929443,0.9372988343238831,0.9451034069061279
./cnn/stories/bebd46ad5d9b194bf2462b3903c94c0600d946c8.story,style,paraphrase,2,1,0.905280351638794,0.898135781288147,0.9016939401626587,0.905280351638794,0.898135781288147,0.9016939401626587
./cnn/stories/bebd46ad5d9b194bf2462b3903c94c0600d946c8.story,style,paraphrase,2,2,0.8964089155197144,0.8912784457206726,0.8938363790512085,0.949974775314331,0.9519941210746765,0.9509833455085754
./cnn/stories/bebd46ad5d9b194bf2462b3903c94c0600d946c8.story,style,paraphrase,2,3,0.8919413685798645,0.8861781358718872,0.8890503644943237,0.9560583829879761,0.9555679559707642,0.9558131098747253
./cnn/stories/bebd46ad5d9b194bf2462b3903c94c0600d946c8.story,content,shorten,0,1,0.8864163160324097,0.8597155809402466,0.8728618621826172,0.8864163160324097,0.8597155809402466,0.8728618621826172
./cnn/stories/bebd46ad5d9b194bf2462b3903c94c0600d946c8.story,content,shorten,0,2,0.8745417594909668,0.8404507637023926,0.8571574687957764,0.9554988145828247,0.9408184289932251,0.9481017589569092
./cnn/stories/bebd46ad5d9b194bf2462b3903c94c0600d946c8.story,content,shorten,0,3,0.8704835176467896,0.8347575664520264,0.8522463440895081,0.9811638593673706,0.9748090505599976,0.9779761433601379
./cnn/stories/bebd46ad5d9b194bf2462b3903c94c0600d946c8.story,content,shorten,1,1,0.8934744596481323,0.8515467643737793,0.872006893157959,0.8934744596481323,0.8515467643737793,0.872006893157959
./cnn/stories/bebd46ad5d9b194bf2462b3903c94c0600d946c8.story,content,shorten,1,2,0.8883485794067383,0.84731125831604,0.8673447966575623,0.9647656679153442,0.9573133587837219,0.961025059223175
./cnn/stories/bebd46ad5d9b194bf2462b3903c94c0600d946c8.story,content,shorten,1,3,0.8883092403411865,0.8455988168716431,0.8664279580116272,0.9719390273094177,0.9703291654586792,0.9711334705352783
./cnn/stories/bebd46ad5d9b194bf2462b3903c94c0600d946c8.story,content,shorten,2,1,0.8816770315170288,0.8617421388626099,0.8715956211090088,0.8816770315170288,0.8617421388626099,0.8715956211090088
./cnn/stories/bebd46ad5d9b194bf2462b3903c94c0600d946c8.story,content,shorten,2,2,0.8796371221542358,0.8557031154632568,0.8675050139427185,0.9636865854263306,0.9483351707458496,0.9559492468833923
./cnn/stories/bebd46ad5d9b194bf2462b3903c94c0600d946c8.story,content,shorten,2,3,0.8709943890571594,0.8459093570709229,0.858268678188324,0.9600046873092651,0.9525400996208191,0.9562578797340393
./cnn/stories/bebd46ad5d9b194bf2462b3903c94c0600d946c8.story,content,elaborate,0,1,0.9160737991333008,0.9091744422912598,0.9126111268997192,0.9160737991333008,0.9091744422912598,0.9126111268997192
./cnn/stories/bebd46ad5d9b194bf2462b3903c94c0600d946c8.story,content,elaborate,0,2,0.899614691734314,0.8919447660446167,0.8957632780075073,0.9424653649330139,0.9448387622833252,0.9436506032943726
./cnn/stories/bebd46ad5d9b194bf2462b3903c94c0600d946c8.story,content,elaborate,0,3,0.8901685476303101,0.882294774055481,0.8862141370773315,0.933154821395874,0.9322141408920288,0.9326842427253723
./cnn/stories/bebd46ad5d9b194bf2462b3903c94c0600d946c8.story,content,elaborate,1,1,0.9104514122009277,0.8963425755500793,0.9033418893814087,0.9104514122009277,0.8963425755500793,0.9033418893814087
./cnn/stories/bebd46ad5d9b194bf2462b3903c94c0600d946c8.story,content,elaborate,1,2,0.8890003561973572,0.8761969804763794,0.8825522661209106,0.933596670627594,0.932531476020813,0.9330637454986572
./cnn/stories/bebd46ad5d9b194bf2462b3903c94c0600d946c8.story,content,elaborate,1,3,0.8867174983024597,0.8736350536346436,0.8801276683807373,0.9374781847000122,0.9347320795059204,0.936103105545044
./cnn/stories/bebd46ad5d9b194bf2462b3903c94c0600d946c8.story,content,elaborate,2,1,0.9062508940696716,0.8931770324707031,0.899666428565979,0.9062508940696716,0.8931770324707031,0.899666428565979
./cnn/stories/bebd46ad5d9b194bf2462b3903c94c0600d946c8.story,content,elaborate,2,2,0.9002917408943176,0.8900959491729736,0.8951647877693176,0.9443047046661377,0.9457265734672546,0.9450150728225708
./cnn/stories/bebd46ad5d9b194bf2462b3903c94c0600d946c8.story,content,elaborate,2,3,0.8967098593711853,0.8881885409355164,0.8924288153648376,0.9555771350860596,0.9558366537094116,0.9557068943977356
./cnn/stories/d32e102f11e8daf4797d61d5af0256b1e3ae1dce.story,style,formality,0,1,0.8806620836257935,0.8795900344848633,0.8801257610321045,0.8806620836257935,0.8795900344848633,0.8801257610321045
./cnn/stories/d32e102f11e8daf4797d61d5af0256b1e3ae1dce.story,style,formality,0,2,0.8731127977371216,0.8700144290924072,0.8715608716011047,0.9604678153991699,0.9614245891571045,0.9609459638595581
./cnn/stories/d32e102f11e8daf4797d61d5af0256b1e3ae1dce.story,style,formality,0,3,0.8720277547836304,0.873322606086731,0.8726747035980225,0.9684410095214844,0.9683085680007935,0.9683747887611389
./cnn/stories/d32e102f11e8daf4797d61d5af0256b1e3ae1dce.story,style,formality,1,1,0.8928000926971436,0.8972518444061279,0.8950204253196716,0.8928000926971436,0.8972518444061279,0.8950204253196716
./cnn/stories/d32e102f11e8daf4797d61d5af0256b1e3ae1dce.story,style,formality,1,2,0.8850119113922119,0.8812081813812256,0.883105993270874,0.9581376314163208,0.9498006105422974,0.9539509415626526
./cnn/stories/d32e102f11e8daf4797d61d5af0256b1e3ae1dce.story,style,formality,1,3,0.8676557540893555,0.8612713813781738,0.8644518256187439,0.9499368071556091,0.9437475204467773,0.9468320608139038
./cnn/stories/d32e102f11e8daf4797d61d5af0256b1e3ae1dce.story,style,formality,2,1,0.8912065625190735,0.8952649831771851,0.8932311534881592,0.8912065625190735,0.8952649831771851,0.8932311534881592
./cnn/stories/d32e102f11e8daf4797d61d5af0256b1e3ae1dce.story,style,formality,2,2,0.8861523866653442,0.8898268342018127,0.8879857659339905,0.9640184640884399,0.9663586616516113,0.965187132358551
./cnn/stories/d32e102f11e8daf4797d61d5af0256b1e3ae1dce.story,style,formality,2,3,0.8742795586585999,0.8768865466117859,0.8755811452865601,0.9497960805892944,0.9486867785453796,0.9492411017417908
./cnn/stories/d32e102f11e8daf4797d61d5af0256b1e3ae1dce.story,style,paraphrase,0,1,0.8859437108039856,0.8303964138031006,0.8572711944580078,0.8859437108039856,0.8303964138031006,0.8572711944580078
./cnn/stories/d32e102f11e8daf4797d61d5af0256b1e3ae1dce.story,style,paraphrase,0,2,0.8834008574485779,0.8313747644424438,0.8565986156463623,0.9488908052444458,0.9495582580566406,0.9492244124412537
./cnn/stories/d32e102f11e8daf4797d61d5af0256b1e3ae1dce.story,style,paraphrase,0,3,0.8731825351715088,0.8257622718811035,0.848810613155365,0.9538748264312744,0.9514533877372742,0.9526625275611877
./cnn/stories/d32e102f11e8daf4797d61d5af0256b1e3ae1dce.story,style,paraphrase,1,1,0.8790793418884277,0.8713036775588989,0.8751742839813232,0.8790793418884277,0.8713036775588989,0.8751742839813232
./cnn/stories/d32e102f11e8daf4797d61d5af0256b1e3ae1dce.story,style,paraphrase,1,2,0.8749764561653137,0.8618481159210205,0.8683626651763916,0.9570165872573853,0.9427721500396729,0.9498409628868103
./cnn/stories/d32e102f11e8daf4797d61d5af0256b1e3ae1dce.story,style,paraphrase,1,3,0.8677148818969727,0.8568328619003296,0.8622395396232605,0.9616414308547974,0.9643567204475403,0.9629971385002136
./cnn/stories/d32e102f11e8daf4797d61d5af0256b1e3ae1dce.story,style,paraphrase,2,1,0.8810720443725586,0.8914617896080017,0.8862364292144775,0.8810720443725586,0.8914617896080017,0.8862364292144775
./cnn/stories/d32e102f11e8daf4797d61d5af0256b1e3ae1dce.story,style,paraphrase,2,2,0.8677528500556946,0.8667344450950623,0.8672432899475098,0.9411394000053406,0.9250596165657043,0.9330302476882935
./cnn/stories/d32e102f11e8daf4797d61d5af0256b1e3ae1dce.story,style,paraphrase,2,3,0.8672199845314026,0.8658890724182129,0.8665540218353271,0.9592389464378357,0.9595012068748474,0.9593700170516968
./cnn/stories/d32e102f11e8daf4797d61d5af0256b1e3ae1dce.story,content,shorten,0,1,0.8758487105369568,0.8345921039581299,0.854722797870636,0.8758487105369568,0.8345921039581299,0.854722797870636
./cnn/stories/d32e102f11e8daf4797d61d5af0256b1e3ae1dce.story,content,shorten,0,2,0.8651649951934814,0.825860857963562,0.8450561761856079,0.9631759524345398,0.9519369602203369,0.9575234651565552
./cnn/stories/d32e102f11e8daf4797d61d5af0256b1e3ae1dce.story,content,shorten,0,3,0.8673279285430908,0.8027634620666504,0.8337976336479187,0.9469484686851501,0.8967276811599731,0.9211540818214417
./cnn/stories/d32e102f11e8daf4797d61d5af0256b1e3ae1dce.story,content,shorten,1,1,0.8738346099853516,0.8275722861289978,0.8500744104385376,0.8738346099853516,0.8275722861289978,0.8500744104385376
./cnn/stories/d32e102f11e8daf4797d61d5af0256b1e3ae1dce.story,content,shorten,1,2,0.8719098567962646,0.8246613144874573,0.8476276993751526,0.9743219614028931,0.9662571549415588,0.9702727794647217
./cnn/stories/d32e102f11e8daf4797d61d5af0256b1e3ae1dce.story,content,shorten,1,3,0.8672406077384949,0.8247015476226807,0.8454362750053406,0.9699474573135376,0.9618306159973145,0.9658719897270203
./cnn/stories/d32e102f11e8daf4797d61d5af0256b1e3ae1dce.story,content,shorten,2,1,0.8828554153442383,0.8745594024658203,0.878687858581543,0.8828554153442383,0.8745594024658203,0.878687858581543
./cnn/stories/d32e102f11e8daf4797d61d5af0256b1e3ae1dce.story,content,shorten,2,2,0.8806980848312378,0.8432325720787048,0.861558198928833,0.9511032104492188,0.9065688848495483,0.9283022284507751
./cnn/stories/d32e102f11e8daf4797d61d5af0256b1e3ae1dce.story,content,shorten,2,3,0.8760772943496704,0.8374544978141785,0.8563306927680969,0.9616680145263672,0.9533185362815857,0.9574750661849976
./cnn/stories/d32e102f11e8daf4797d61d5af0256b1e3ae1dce.story,content,elaborate,0,1,0.8697397708892822,0.8631432056427002,0.8664289116859436,0.8697397708892822,0.8631432056427002,0.8664289116859436
./cnn/stories/d32e102f11e8daf4797d61d5af0256b1e3ae1dce.story,content,elaborate,0,2,0.859900712966919,0.8573105931282043,0.8586037158966064,0.9228302240371704,0.9298095703125,0.9263067245483398
./cnn/stories/d32e102f11e8daf4797d61d5af0256b1e3ae1dce.story,content,elaborate,0,3,0.855311393737793,0.8584181070327759,0.85686194896698,0.9437586069107056,0.9442700743675232,0.944014310836792
./cnn/stories/d32e102f11e8daf4797d61d5af0256b1e3ae1dce.story,content,elaborate,1,1,0.8681390285491943,0.8628983497619629,0.8655107021331787,0.8681390285491943,0.8628983497619629,0.8655107021331787
./cnn/stories/d32e102f11e8daf4797d61d5af0256b1e3ae1dce.story,content,elaborate,1,2,0.8527175188064575,0.8500339388847351,0.8513736724853516,0.9168858528137207,0.9272000789642334,0.9220141172409058
./cnn/stories/d32e102f11e8daf4797d61d5af0256b1e3ae1dce.story,content,elaborate,1,3,0.8515182733535767,0.8414042592048645,0.8464310169219971,0.9360918402671814,0.9272416830062866,0.9316458106040955
./cnn/stories/d32e102f11e8daf4797d61d5af0256b1e3ae1dce.story,content,elaborate,2,1,0.8730632662773132,0.8736240267753601,0.8733435869216919,0.8730632662773132,0.8736240267753601,0.8733435869216919
./cnn/stories/d32e102f11e8daf4797d61d5af0256b1e3ae1dce.story,content,elaborate,2,2,0.8586441874504089,0.8559056520462036,0.857272744178772,0.9259252548217773,0.9254549741744995,0.9256900548934937
./cnn/stories/d32e102f11e8daf4797d61d5af0256b1e3ae1dce.story,content,elaborate,2,3,0.8502465486526489,0.8483406901359558,0.8492925763130188,0.9263280630111694,0.9216846227645874,0.9240005612373352
./cnn/stories/6796fd980df9880d76a6a5c73a2438124da56a45.story,style,formality,0,1,0.8442682027816772,0.8354617357254028,0.839841902256012,0.8442682027816772,0.8354617357254028,0.839841902256012
./cnn/stories/6796fd980df9880d76a6a5c73a2438124da56a45.story,style,formality,0,2,0.8388553261756897,0.8288441300392151,0.8338196873664856,0.9342957735061646,0.9316891431808472,0.9329906105995178
./cnn/stories/6796fd980df9880d76a6a5c73a2438124da56a45.story,style,formality,0,3,0.836826503276825,0.825602650642395,0.8311767578125,0.9542834758758545,0.9466354846954346,0.9504440426826477
./cnn/stories/6796fd980df9880d76a6a5c73a2438124da56a45.story,style,formality,1,1,0.8525415658950806,0.8470330238342285,0.8497783541679382,0.8525415658950806,0.8470330238342285,0.8497783541679382
./cnn/stories/6796fd980df9880d76a6a5c73a2438124da56a45.story,style,formality,1,2,0.8325016498565674,0.8264243006706238,0.8294517993927002,0.9088486433029175,0.9148463010787964,0.911837637424469
./cnn/stories/6796fd980df9880d76a6a5c73a2438124da56a45.story,style,formality,1,3,0.8400182723999023,0.8251873254776001,0.8325367569923401,0.949872612953186,0.9337236285209656,0.9417288899421692
./cnn/stories/6796fd980df9880d76a6a5c73a2438124da56a45.story,style,formality,2,1,0.8888462781906128,0.889412522315979,0.8891292810440063,0.8888462781906128,0.889412522315979,0.8891292810440063
./cnn/stories/6796fd980df9880d76a6a5c73a2438124da56a45.story,style,formality,2,2,0.8759242296218872,0.8716635704040527,0.8737887144088745,0.9498099088668823,0.9484938383102417,0.9491514563560486
./cnn/stories/6796fd980df9880d76a6a5c73a2438124da56a45.story,style,formality,2,3,0.8720669746398926,0.8655898571014404,0.8688163757324219,0.9607552289962769,0.9615294933319092,0.9611422419548035
./cnn/stories/6796fd980df9880d76a6a5c73a2438124da56a45.story,style,paraphrase,0,1,0.8537982106208801,0.8070098161697388,0.8297449350357056,0.8537982106208801,0.8070098161697388,0.8297449350357056
./cnn/stories/6796fd980df9880d76a6a5c73a2438124da56a45.story,style,paraphrase,0,2,0.8497710227966309,0.8022397756576538,0.8253216743469238,0.92458176612854,0.9163008332252502,0.9204226732254028
./cnn/stories/6796fd980df9880d76a6a5c73a2438124da56a45.story,style,paraphrase,0,3,0.8535370826721191,0.8002302050590515,0.8260244727134705,0.9457728266716003,0.9412933588027954,0.9435278177261353
./cnn/stories/6796fd980df9880d76a6a5c73a2438124da56a45.story,style,paraphrase,1,1,0.8458191156387329,0.8322160243988037,0.8389624357223511,0.8458191156387329,0.8322160243988037,0.8389624357223511
./cnn/stories/6796fd980df9880d76a6a5c73a2438124da56a45.story,style,paraphrase,1,2,0.8439170122146606,0.8146048784255981,0.8290019631385803,0.9345806837081909,0.9078518152236938,0.9210224151611328
./cnn/stories/6796fd980df9880d76a6a5c73a2438124da56a45.story,style,paraphrase,1,3,0.8473687767982483,0.8124576210975647,0.8295460939407349,0.9581902623176575,0.9527015686035156,0.9554380774497986
./cnn/stories/6796fd980df9880d76a6a5c73a2438124da56a45.story,style,paraphrase,2,1,0.856984555721283,0.8299285173416138,0.8432396054267883,0.856984555721283,0.8299285173416138,0.8432396054267883
./cnn/stories/6796fd980df9880d76a6a5c73a2438124da56a45.story,style,paraphrase,2,2,0.850911021232605,0.8222203254699707,0.8363196849822998,0.9289452433586121,0.9307591915130615,0.9298512935638428
./cnn/stories/6796fd980df9880d76a6a5c73a2438124da56a45.story,style,paraphrase,2,3,0.8550029993057251,0.8211070895195007,0.8377123475074768,0.942331075668335,0.9373071193695068,0.9398123621940613
./cnn/stories/6796fd980df9880d76a6a5c73a2438124da56a45.story,content,shorten,0,1,0.8606109619140625,0.8177173733711243,0.8386160731315613,0.8606109619140625,0.8177173733711243,0.8386160731315613
./cnn/stories/6796fd980df9880d76a6a5c73a2438124da56a45.story,content,shorten,0,2,0.8570176362991333,0.796546459197998,0.8256763219833374,0.94297856092453,0.9134202599525452,0.9279640316963196
./cnn/stories/6796fd980df9880d76a6a5c73a2438124da56a45.story,content,shorten,0,3,0.856574296951294,0.7960834503173828,0.825221836566925,0.9876324534416199,0.9832842946052551,0.9854535460472107
./cnn/stories/6796fd980df9880d76a6a5c73a2438124da56a45.story,content,shorten,1,1,0.8591329455375671,0.8175745010375977,0.8378387093544006,0.8591329455375671,0.8175745010375977,0.8378387093544006
./cnn/stories/6796fd980df9880d76a6a5c73a2438124da56a45.story,content,shorten,1,2,0.8469876050949097,0.7888376116752625,0.8168790936470032,0.9199706315994263,0.8871806859970093,0.9032781720161438
./cnn/stories/6796fd980df9880d76a6a5c73a2438124da56a45.story,content,shorten,1,3,0.8478518724441528,0.7849678993225098,0.8151990175247192,0.970346212387085,0.950141966342926,0.9601378440856934
./cnn/stories/6796fd980df9880d76a6a5c73a2438124da56a45.story,content,shorten,2,1,0.8505115509033203,0.830998957157135,0.8406420946121216,0.8505115509033203,0.830998957157135,0.8406420946121216
./cnn/stories/6796fd980df9880d76a6a5c73a2438124da56a45.story,content,shorten,2,2,0.8488816618919373,0.827268660068512,0.8379358649253845,0.9577491283416748,0.9529004096984863,0.9553186297416687
./cnn/stories/6796fd980df9880d76a6a5c73a2438124da56a45.story,content,shorten,2,3,0.8430157899856567,0.8236627578735352,0.8332269191741943,0.9492748975753784,0.9495238065719604,0.9493993520736694
./cnn/stories/6796fd980df9880d76a6a5c73a2438124da56a45.story,content,elaborate,0,1,0.8523041009902954,0.8307327032089233,0.8413801789283752,0.8523041009902954,0.8307327032089233,0.8413801789283752
./cnn/stories/6796fd980df9880d76a6a5c73a2438124da56a45.story,content,elaborate,0,2,0.8263012170791626,0.8224852085113525,0.8243887424468994,0.9068649411201477,0.9299606084823608,0.918267548084259
./cnn/stories/6796fd980df9880d76a6a5c73a2438124da56a45.story,content,elaborate,0,3,0.8271199464797974,0.824116587638855,0.8256155252456665,0.9283620119094849,0.9295241832733154,0.9289427399635315
./cnn/stories/6796fd980df9880d76a6a5c73a2438124da56a45.story,content,elaborate,1,1,0.8463948369026184,0.8496720790863037,0.8480303287506104,0.8463948369026184,0.8496720790863037,0.8480303287506104
./cnn/stories/6796fd980df9880d76a6a5c73a2438124da56a45.story,content,elaborate,1,2,0.8301331400871277,0.831742525100708,0.8309370279312134,0.8959662914276123,0.9023888111114502,0.8991660475730896
./cnn/stories/6796fd980df9880d76a6a5c73a2438124da56a45.story,content,elaborate,1,3,0.8238475918769836,0.8294392824172974,0.8266339302062988,0.9176555871963501,0.9161253571510315,0.9168898463249207
./cnn/stories/6796fd980df9880d76a6a5c73a2438124da56a45.story,content,elaborate,2,1,0.8404996395111084,0.8438998460769653,0.8421963453292847,0.8404996395111084,0.8438998460769653,0.8421963453292847
./cnn/stories/6796fd980df9880d76a6a5c73a2438124da56a45.story,content,elaborate,2,2,0.8366126418113708,0.8354446887969971,0.8360282778739929,0.9199893474578857,0.9165412187576294,0.9182620048522949
./cnn/stories/6796fd980df9880d76a6a5c73a2438124da56a45.story,content,elaborate,2,3,0.8335253000259399,0.8305070400238037,0.8320134282112122,0.9347503185272217,0.9300897121429443,0.932414174079895
./cnn/stories/0a6c7cbe5aa6c6de9c9e6ab14adc105da4937e9d.story,style,formality,0,1,0.8970457315444946,0.8920332193374634,0.8945325016975403,0.8970457315444946,0.8920332193374634,0.8945325016975403
./cnn/stories/0a6c7cbe5aa6c6de9c9e6ab14adc105da4937e9d.story,style,formality,0,2,0.8919227123260498,0.8897963166236877,0.8908582329750061,0.9705784320831299,0.9758856296539307,0.9732247591018677
./cnn/stories/0a6c7cbe5aa6c6de9c9e6ab14adc105da4937e9d.story,style,formality,0,3,0.8892419338226318,0.8867955207824707,0.8880170583724976,0.9748283624649048,0.9759203195571899,0.9753740429878235
./cnn/stories/0a6c7cbe5aa6c6de9c9e6ab14adc105da4937e9d.story,style,formality,1,1,0.909835696220398,0.9021786451339722,0.9059910178184509,0.909835696220398,0.9021786451339722,0.9059910178184509
./cnn/stories/0a6c7cbe5aa6c6de9c9e6ab14adc105da4937e9d.story,style,formality,1,2,0.8968783020973206,0.8944305181503296,0.895652711391449,0.9623838663101196,0.9675957560539246,0.964982807636261
./cnn/stories/0a6c7cbe5aa6c6de9c9e6ab14adc105da4937e9d.story,style,formality,1,3,0.8911818265914917,0.8885377645492554,0.889857828617096,0.981522262096405,0.9825825691223145,0.9820520877838135
./cnn/stories/0a6c7cbe5aa6c6de9c9e6ab14adc105da4937e9d.story,style,formality,2,1,0.8988085389137268,0.8936276435852051,0.8962106704711914,0.8988085389137268,0.8936276435852051,0.8962106704711914
./cnn/stories/0a6c7cbe5aa6c6de9c9e6ab14adc105da4937e9d.story,style,formality,2,2,0.8943634629249573,0.8891465663909912,0.8917474150657654,0.9444209933280945,0.9395418167114258,0.9419750571250916
./cnn/stories/0a6c7cbe5aa6c6de9c9e6ab14adc105da4937e9d.story,style,formality,2,3,0.8937990069389343,0.8877398371696472,0.8907591104507446,0.9771478176116943,0.9752860069274902,0.9762160181999207
./cnn/stories/0a6c7cbe5aa6c6de9c9e6ab14adc105da4937e9d.story,style,paraphrase,0,1,0.9049400091171265,0.8888769745826721,0.8968365788459778,0.9049400091171265,0.8888769745826721,0.8968365788459778
./cnn/stories/0a6c7cbe5aa6c6de9c9e6ab14adc105da4937e9d.story,style,paraphrase,0,2,0.8794823288917542,0.8414822220802307,0.8600627183914185,0.9391390085220337,0.905117392539978,0.9218144416809082
./cnn/stories/0a6c7cbe5aa6c6de9c9e6ab14adc105da4937e9d.story,style,paraphrase,0,3,0.8747425079345703,0.8415004014968872,0.8577994704246521,0.953345537185669,0.961570143699646,0.9574401378631592
./cnn/stories/0a6c7cbe5aa6c6de9c9e6ab14adc105da4937e9d.story,style,paraphrase,1,1,0.9012337923049927,0.8931398391723633,0.8971685767173767,0.9012337923049927,0.8931398391723633,0.8971685767173767
./cnn/stories/0a6c7cbe5aa6c6de9c9e6ab14adc105da4937e9d.story,style,paraphrase,1,2,0.8889440298080444,0.8756494522094727,0.8822466731071472,0.956394612789154,0.9478936791419983,0.9521251916885376
./cnn/stories/0a6c7cbe5aa6c6de9c9e6ab14adc105da4937e9d.story,style,paraphrase,1,3,0.8819313049316406,0.8671684861183167,0.8744876384735107,0.9685730934143066,0.9654477834701538,0.9670079350471497
./cnn/stories/0a6c7cbe5aa6c6de9c9e6ab14adc105da4937e9d.story,style,paraphrase,2,1,0.903856635093689,0.8962824940681458,0.9000535607337952,0.903856635093689,0.8962824940681458,0.9000535607337952
./cnn/stories/0a6c7cbe5aa6c6de9c9e6ab14adc105da4937e9d.story,style,paraphrase,2,2,0.8987028002738953,0.8900173902511597,0.8943390250205994,0.9641844034194946,0.9614419937133789,0.9628112316131592
./cnn/stories/0a6c7cbe5aa6c6de9c9e6ab14adc105da4937e9d.story,style,paraphrase,2,3,0.8904386758804321,0.8807664513587952,0.8855761289596558,0.9605929851531982,0.9595621824264526,0.9600772857666016
./cnn/stories/0a6c7cbe5aa6c6de9c9e6ab14adc105da4937e9d.story,content,shorten,0,1,0.8922409415245056,0.8551393747329712,0.873296320438385,0.8922409415245056,0.8551393747329712,0.873296320438385
./cnn/stories/0a6c7cbe5aa6c6de9c9e6ab14adc105da4937e9d.story,content,shorten,0,2,0.878223180770874,0.8314754962921143,0.8542101979255676,0.9655854105949402,0.9376998543739319,0.9514383673667908
./cnn/stories/0a6c7cbe5aa6c6de9c9e6ab14adc105da4937e9d.story,content,shorten,0,3,0.8926166296005249,0.8159483671188354,0.8525623083114624,0.9610680341720581,0.9112977981567383,0.9355214834213257
./cnn/stories/0a6c7cbe5aa6c6de9c9e6ab14adc105da4937e9d.story,content,shorten,1,1,0.8797446489334106,0.8370354771614075,0.8578587770462036,0.8797446489334106,0.8370354771614075,0.8578587770462036
./cnn/stories/0a6c7cbe5aa6c6de9c9e6ab14adc105da4937e9d.story,content,shorten,1,2,0.894568920135498,0.8179110288619995,0.8545241951942444,0.95401531457901,0.9053691625595093,0.9290558695793152
./cnn/stories/0a6c7cbe5aa6c6de9c9e6ab14adc105da4937e9d.story,content,shorten,1,3,0.8890654444694519,0.8155613541603088,0.8507286310195923,0.9688848257064819,0.967353343963623,0.96811842918396
./cnn/stories/0a6c7cbe5aa6c6de9c9e6ab14adc105da4937e9d.story,content,shorten,2,1,0.8895283341407776,0.8598811030387878,0.8744534850120544,0.8895283341407776,0.8598811030387878,0.8744534850120544
./cnn/stories/0a6c7cbe5aa6c6de9c9e6ab14adc105da4937e9d.story,content,shorten,2,2,0.8729835748672485,0.8268662691116333,0.8492993712425232,0.962077260017395,0.9188416004180908,0.9399625062942505
./cnn/stories/0a6c7cbe5aa6c6de9c9e6ab14adc105da4937e9d.story,content,shorten,2,3,0.8692988157272339,0.8266557455062866,0.8474411964416504,0.988805890083313,0.9869617223739624,0.9878829717636108
./cnn/stories/0a6c7cbe5aa6c6de9c9e6ab14adc105da4937e9d.story,content,elaborate,0,1,0.8737490773200989,0.8629424571990967,0.8683121800422668,0.8737490773200989,0.8629424571990967,0.8683121800422668
./cnn/stories/0a6c7cbe5aa6c6de9c9e6ab14adc105da4937e9d.story,content,elaborate,0,2,0.8631447553634644,0.8525964617729187,0.8578382134437561,0.9440333247184753,0.9500705003738403,0.9470423460006714
./cnn/stories/0a6c7cbe5aa6c6de9c9e6ab14adc105da4937e9d.story,content,elaborate,0,3,0.8568346500396729,0.8455468416213989,0.8511533737182617,0.9456257820129395,0.9433286190032959,0.9444757699966431
./cnn/stories/0a6c7cbe5aa6c6de9c9e6ab14adc105da4937e9d.story,content,elaborate,1,1,0.8911704421043396,0.863173246383667,0.8769484162330627,0.8911704421043396,0.863173246383667,0.8769484162330627
./cnn/stories/0a6c7cbe5aa6c6de9c9e6ab14adc105da4937e9d.story,content,elaborate,1,2,0.8816775679588318,0.8605311512947083,0.8709760308265686,0.9423459768295288,0.9468461871147156,0.9445907473564148
./cnn/stories/0a6c7cbe5aa6c6de9c9e6ab14adc105da4937e9d.story,content,elaborate,1,3,0.8747916221618652,0.8574068546295166,0.8660119771957397,0.9562604427337646,0.9645994901657104,0.9604118466377258
./cnn/stories/0a6c7cbe5aa6c6de9c9e6ab14adc105da4937e9d.story,content,elaborate,2,1,0.8884063363075256,0.8834737539291382,0.8859331607818604,0.8884063363075256,0.8834737539291382,0.8859331607818604
./cnn/stories/0a6c7cbe5aa6c6de9c9e6ab14adc105da4937e9d.story,content,elaborate,2,2,0.8864631652832031,0.8759307861328125,0.8811655044555664,0.9434953331947327,0.9428775310516357,0.9431864023208618
./cnn/stories/0a6c7cbe5aa6c6de9c9e6ab14adc105da4937e9d.story,content,elaborate,2,3,0.886072039604187,0.876680850982666,0.8813514113426208,0.966762125492096,0.9671248197555542,0.9669433832168579
./cnn/stories/cc420f3c4c9b3d1385f1e8a3d4049a67a518d3eb.story,style,formality,0,1,0.9439573287963867,0.9327095150947571,0.9382997155189514,0.9439573287963867,0.9327095150947571,0.9382997155189514
./cnn/stories/cc420f3c4c9b3d1385f1e8a3d4049a67a518d3eb.story,style,formality,0,2,0.9357110857963562,0.92677903175354,0.9312235713005066,0.9718033671379089,0.9744007587432861,0.9731003046035767
./cnn/stories/cc420f3c4c9b3d1385f1e8a3d4049a67a518d3eb.story,style,formality,0,3,0.9334776401519775,0.9247987866401672,0.9291179776191711,0.9826580286026001,0.9849568605422974,0.9838061332702637
./cnn/stories/cc420f3c4c9b3d1385f1e8a3d4049a67a518d3eb.story,style,formality,1,1,0.9437898993492126,0.9195731282234192,0.9315240979194641,0.9437898993492126,0.9195731282234192,0.9315240979194641
./cnn/stories/cc420f3c4c9b3d1385f1e8a3d4049a67a518d3eb.story,style,formality,1,2,0.9307409524917603,0.9130426645278931,0.9218068718910217,0.9652462005615234,0.9676596522331238,0.9664514064788818
./cnn/stories/cc420f3c4c9b3d1385f1e8a3d4049a67a518d3eb.story,style,formality,1,3,0.9322712421417236,0.9109257459640503,0.9214748740196228,0.9865244626998901,0.9846163988113403,0.9855695366859436
./cnn/stories/cc420f3c4c9b3d1385f1e8a3d4049a67a518d3eb.story,style,formality,2,1,0.9318349957466125,0.9190900921821594,0.9254186749458313,0.9318349957466125,0.9190900921821594,0.9254186749458313
./cnn/stories/cc420f3c4c9b3d1385f1e8a3d4049a67a518d3eb.story,style,formality,2,2,0.924505352973938,0.9129248261451721,0.9186785817146301,0.9705134034156799,0.9704312682151794,0.9704723358154297
./cnn/stories/cc420f3c4c9b3d1385f1e8a3d4049a67a518d3eb.story,style,formality,2,3,0.9252011775970459,0.9133996963500977,0.9192625284194946,0.9774259328842163,0.9771825075149536,0.977304220199585
./cnn/stories/cc420f3c4c9b3d1385f1e8a3d4049a67a518d3eb.story,style,paraphrase,0,1,0.9309104681015015,0.8777500987052917,0.903549075126648,0.9309104681015015,0.8777500987052917,0.903549075126648
./cnn/stories/cc420f3c4c9b3d1385f1e8a3d4049a67a518d3eb.story,style,paraphrase,0,2,0.9159284830093384,0.8720473647117615,0.8934494256973267,0.9542194604873657,0.9608693718910217,0.9575328230857849
./cnn/stories/cc420f3c4c9b3d1385f1e8a3d4049a67a518d3eb.story,style,paraphrase,0,3,0.9210200309753418,0.8691271543502808,0.8943214416503906,0.95675128698349,0.9502896070480347,0.9535095691680908
./cnn/stories/cc420f3c4c9b3d1385f1e8a3d4049a67a518d3eb.story,style,paraphrase,1,1,0.945831298828125,0.9213435649871826,0.9334268569946289,0.945831298828125,0.9213435649871826,0.9334268569946289
./cnn/stories/cc420f3c4c9b3d1385f1e8a3d4049a67a518d3eb.story,style,paraphrase,1,2,0.9367883801460266,0.9151935577392578,0.925865113735199,0.9671149253845215,0.9683870673179626,0.9677504897117615
./cnn/stories/cc420f3c4c9b3d1385f1e8a3d4049a67a518d3eb.story,style,paraphrase,1,3,0.9357427954673767,0.9096449613571167,0.9225093722343445,0.968377947807312,0.9615880250930786,0.9649710655212402
./cnn/stories/cc420f3c4c9b3d1385f1e8a3d4049a67a518d3eb.story,style,paraphrase,2,1,0.9423719644546509,0.9242684841156006,0.9332324266433716,0.9423719644546509,0.9242684841156006,0.9332324266433716
./cnn/stories/cc420f3c4c9b3d1385f1e8a3d4049a67a518d3eb.story,style,paraphrase,2,2,0.9307555556297302,0.914985179901123,0.9228029251098633,0.9538222551345825,0.9582738280296326,0.9560428857803345
./cnn/stories/cc420f3c4c9b3d1385f1e8a3d4049a67a518d3eb.story,style,paraphrase,2,3,0.9172846078872681,0.8963482975959778,0.9066956043243408,0.9515582919120789,0.9431020021438599,0.947311282157898
./cnn/stories/cc420f3c4c9b3d1385f1e8a3d4049a67a518d3eb.story,content,shorten,0,1,0.9434794187545776,0.8979235887527466,0.9201380014419556,0.9434794187545776,0.8979235887527466,0.9201380014419556
./cnn/stories/cc420f3c4c9b3d1385f1e8a3d4049a67a518d3eb.story,content,shorten,0,2,0.9313188195228577,0.8756729364395142,0.9026390314102173,0.9657082557678223,0.9450529217720032,0.9552689790725708
./cnn/stories/cc420f3c4c9b3d1385f1e8a3d4049a67a518d3eb.story,content,shorten,0,3,0.9307793378829956,0.8701609373092651,0.8994499444961548,0.9853867292404175,0.9739720821380615,0.9796461462974548
./cnn/stories/cc420f3c4c9b3d1385f1e8a3d4049a67a518d3eb.story,content,shorten,1,1,0.9437119364738464,0.8915503025054932,0.9168897867202759,0.9437119364738464,0.8915503025054932,0.9168897867202759
./cnn/stories/cc420f3c4c9b3d1385f1e8a3d4049a67a518d3eb.story,content,shorten,1,2,0.927886426448822,0.8582210540771484,0.8916950821876526,0.9586632251739502,0.9310749769210815,0.9446677565574646
./cnn/stories/cc420f3c4c9b3d1385f1e8a3d4049a67a518d3eb.story,content,shorten,1,3,0.9156299233436584,0.8488743901252747,0.8809894323348999,0.9677375555038452,0.9499321579933167,0.9587521553039551
./cnn/stories/cc420f3c4c9b3d1385f1e8a3d4049a67a518d3eb.story,content,shorten,2,1,0.9458395838737488,0.8971912860870361,0.9208733439445496,0.9458395838737488,0.8971912860870361,0.9208733439445496
./cnn/stories/cc420f3c4c9b3d1385f1e8a3d4049a67a518d3eb.story,content,shorten,2,2,0.9290570020675659,0.8677022457122803,0.8973320722579956,0.9599031209945679,0.9440432190895081,0.9519070982933044
./cnn/stories/cc420f3c4c9b3d1385f1e8a3d4049a67a518d3eb.story,content,shorten,2,3,0.9242486953735352,0.8616583347320557,0.8918567299842834,0.9681137800216675,0.9616587162017822,0.9648754596710205
./cnn/stories/cc420f3c4c9b3d1385f1e8a3d4049a67a518d3eb.story,content,elaborate,0,1,0.9174373149871826,0.9067888259887695,0.9120820164680481,0.9174373149871826,0.9067888259887695,0.9120820164680481
./cnn/stories/cc420f3c4c9b3d1385f1e8a3d4049a67a518d3eb.story,content,elaborate,0,2,0.8971884250640869,0.8842895030975342,0.8906922340393066,0.9411445260047913,0.9353575706481934,0.9382421374320984
./cnn/stories/cc420f3c4c9b3d1385f1e8a3d4049a67a518d3eb.story,content,elaborate,0,3,0.8907342553138733,0.8794155120849609,0.8850386738777161,0.9446684122085571,0.9488555788993835,0.9467573761940002
./cnn/stories/cc420f3c4c9b3d1385f1e8a3d4049a67a518d3eb.story,content,elaborate,1,1,0.9239025115966797,0.9039608240127563,0.9138228893280029,0.9239025115966797,0.9039608240127563,0.9138228893280029
./cnn/stories/cc420f3c4c9b3d1385f1e8a3d4049a67a518d3eb.story,content,elaborate,1,2,0.9170893430709839,0.8841379284858704,0.9003121852874756,0.9592535495758057,0.9418613314628601,0.9504778385162354
./cnn/stories/cc420f3c4c9b3d1385f1e8a3d4049a67a518d3eb.story,content,elaborate,1,3,0.9101477265357971,0.8843545317649841,0.8970657587051392,0.958667516708374,0.9676117897033691,0.963118851184845
./cnn/stories/cc420f3c4c9b3d1385f1e8a3d4049a67a518d3eb.story,content,elaborate,2,1,0.9365089535713196,0.9117641448974609,0.9239709377288818,0.9365089535713196,0.9117641448974609,0.9239709377288818
./cnn/stories/cc420f3c4c9b3d1385f1e8a3d4049a67a518d3eb.story,content,elaborate,2,2,0.9230285882949829,0.9037826061248779,0.9133042097091675,0.9592584371566772,0.9635306596755981,0.9613897800445557
./cnn/stories/cc420f3c4c9b3d1385f1e8a3d4049a67a518d3eb.story,content,elaborate,2,3,0.9193798303604126,0.8972726464271545,0.9081916809082031,0.9681508541107178,0.9629565477371216,0.965546727180481
./cnn/stories/00aee24828cbceb3857579c59c9a85f381e358a5.story,style,formality,0,1,0.8857054114341736,0.8801531791687012,0.8829205632209778,0.8857054114341736,0.8801531791687012,0.8829205632209778
./cnn/stories/00aee24828cbceb3857579c59c9a85f381e358a5.story,style,formality,0,2,0.8721411228179932,0.8731558322906494,0.8726481795310974,0.9551980495452881,0.9580098986625671,0.9566018581390381
./cnn/stories/00aee24828cbceb3857579c59c9a85f381e358a5.story,style,formality,0,3,0.869971513748169,0.8684278130531311,0.8691990375518799,0.9738004207611084,0.9712581634521484,0.9725276231765747
./cnn/stories/00aee24828cbceb3857579c59c9a85f381e358a5.story,style,formality,1,1,0.8771229982376099,0.8759130239486694,0.876517653465271,0.8771229982376099,0.8759130239486694,0.876517653465271
./cnn/stories/00aee24828cbceb3857579c59c9a85f381e358a5.story,style,formality,1,2,0.8686553239822388,0.8692495226860046,0.8689523339271545,0.9651235342025757,0.9643921852111816,0.9647576808929443
./cnn/stories/00aee24828cbceb3857579c59c9a85f381e358a5.story,style,formality,1,3,0.864981472492218,0.8603122234344482,0.8626405596733093,0.9503435492515564,0.9471900463104248,0.9487641453742981
./cnn/stories/00aee24828cbceb3857579c59c9a85f381e358a5.story,style,formality,2,1,0.8715663552284241,0.8663755655288696,0.8689631223678589,0.8715663552284241,0.8663755655288696,0.8689631223678589
./cnn/stories/00aee24828cbceb3857579c59c9a85f381e358a5.story,style,formality,2,2,0.8660979270935059,0.857799768447876,0.8619288206100464,0.9585486650466919,0.9556303024291992,0.9570872187614441
./cnn/stories/00aee24828cbceb3857579c59c9a85f381e358a5.story,style,formality,2,3,0.8647136688232422,0.8558847308158875,0.860276460647583,0.966101884841919,0.9674725532531738,0.9667867422103882
./cnn/stories/00aee24828cbceb3857579c59c9a85f381e358a5.story,style,paraphrase,0,1,0.8701530694961548,0.8281282782554626,0.8486207127571106,0.8701530694961548,0.8281282782554626,0.8486207127571106
./cnn/stories/00aee24828cbceb3857579c59c9a85f381e358a5.story,style,paraphrase,0,2,0.8650826811790466,0.8277374505996704,0.8459981679916382,0.9544885754585266,0.9592947959899902,0.9568856954574585
./cnn/stories/00aee24828cbceb3857579c59c9a85f381e358a5.story,style,paraphrase,0,3,0.8606233596801758,0.8198128938674927,0.8397225737571716,0.9448308944702148,0.939030647277832,0.9419218301773071
./cnn/stories/00aee24828cbceb3857579c59c9a85f381e358a5.story,style,paraphrase,1,1,0.880617618560791,0.8621575832366943,0.871289849281311,0.880617618560791,0.8621575832366943,0.871289849281311
./cnn/stories/00aee24828cbceb3857579c59c9a85f381e358a5.story,style,paraphrase,1,2,0.8704614043235779,0.8441256284713745,0.8570912480354309,0.9382137656211853,0.9223796129226685,0.9302293062210083
./cnn/stories/00aee24828cbceb3857579c59c9a85f381e358a5.story,style,paraphrase,1,3,0.8661776781082153,0.8384789228439331,0.8521032929420471,0.9538238048553467,0.9452108144760132,0.9494978189468384
./cnn/stories/00aee24828cbceb3857579c59c9a85f381e358a5.story,style,paraphrase,2,1,0.8837054967880249,0.8718813061714172,0.8777535557746887,0.8837054967880249,0.8718813061714172,0.8777535557746887
./cnn/stories/00aee24828cbceb3857579c59c9a85f381e358a5.story,style,paraphrase,2,2,0.8756806254386902,0.8578054904937744,0.8666508793830872,0.9279667139053345,0.9137799739837646,0.9208186864852905
./cnn/stories/00aee24828cbceb3857579c59c9a85f381e358a5.story,style,paraphrase,2,3,0.8725698590278625,0.8510413765907288,0.8616711497306824,0.9465885162353516,0.9439935088157654,0.9452891945838928
./cnn/stories/00aee24828cbceb3857579c59c9a85f381e358a5.story,content,shorten,0,1,0.8571732044219971,0.8170191049575806,0.8366146087646484,0.8571732044219971,0.8170191049575806,0.8366146087646484
./cnn/stories/00aee24828cbceb3857579c59c9a85f381e358a5.story,content,shorten,0,2,0.8560726642608643,0.8145732283592224,0.8348074555397034,0.9796442985534668,0.9685244560241699,0.9740526080131531
./cnn/stories/00aee24828cbceb3857579c59c9a85f381e358a5.story,content,shorten,0,3,0.852629542350769,0.8093224763870239,0.8304117918014526,0.9774421453475952,0.9694129824638367,0.9734110236167908
./cnn/stories/00aee24828cbceb3857579c59c9a85f381e358a5.story,content,shorten,1,1,0.8779863119125366,0.8234346508979797,0.8498359322547913,0.8779863119125366,0.8234346508979797,0.8498359322547913
./cnn/stories/00aee24828cbceb3857579c59c9a85f381e358a5.story,content,shorten,1,2,0.873084306716919,0.8143579959869385,0.8426992297172546,0.9451695084571838,0.9273929595947266,0.9361968636512756
./cnn/stories/00aee24828cbceb3857579c59c9a85f381e358a5.story,content,shorten,1,3,0.880807638168335,0.8079264163970947,0.8427943587303162,0.9686193466186523,0.945619523525238,0.9569812417030334
./cnn/stories/00aee24828cbceb3857579c59c9a85f381e358a5.story,content,shorten,2,1,0.8709400296211243,0.8568109273910522,0.8638176918029785,0.8709400296211243,0.8568109273910522,0.8638176918029785
./cnn/stories/00aee24828cbceb3857579c59c9a85f381e358a5.story,content,shorten,2,2,0.8760236501693726,0.8397320508956909,0.857494056224823,0.9477155208587646,0.9131933450698853,0.9301342368125916
./cnn/stories/00aee24828cbceb3857579c59c9a85f381e358a5.story,content,shorten,2,3,0.8756564855575562,0.8352829217910767,0.8549934029579163,0.9593387842178345,0.9516210556030273,0.9554643034934998
./cnn/stories/00aee24828cbceb3857579c59c9a85f381e358a5.story,content,elaborate,0,1,0.8758098483085632,0.8709097504615784,0.8733529448509216,0.8758098483085632,0.8709097504615784,0.8733529448509216
./cnn/stories/00aee24828cbceb3857579c59c9a85f381e358a5.story,content,elaborate,0,2,0.8577394485473633,0.8569238781929016,0.8573315143585205,0.9230487942695618,0.9299336671829224,0.9264784455299377
./cnn/stories/00aee24828cbceb3857579c59c9a85f381e358a5.story,content,elaborate,0,3,0.8586782217025757,0.852769136428833,0.855713427066803,0.9414940476417542,0.9428470134735107,0.9421700239181519
./cnn/stories/00aee24828cbceb3857579c59c9a85f381e358a5.story,content,elaborate,1,1,0.8699044585227966,0.8665657043457031,0.8682318329811096,0.8699044585227966,0.8665657043457031,0.8682318329811096
./cnn/stories/00aee24828cbceb3857579c59c9a85f381e358a5.story,content,elaborate,1,2,0.8611360788345337,0.857293963432312,0.8592106699943542,0.9438996315002441,0.9409120082855225,0.9424034357070923
./cnn/stories/00aee24828cbceb3857579c59c9a85f381e358a5.story,content,elaborate,1,3,0.8567614555358887,0.8414768576622009,0.8490503430366516,0.9323176145553589,0.911514163017273,0.9217985272407532
./cnn/stories/00aee24828cbceb3857579c59c9a85f381e358a5.story,content,elaborate,2,1,0.8692671060562134,0.8547828197479248,0.8619641065597534,0.8692671060562134,0.8547828197479248,0.8619641065597534
./cnn/stories/00aee24828cbceb3857579c59c9a85f381e358a5.story,content,elaborate,2,2,0.8631458282470703,0.8529183864593506,0.8580016493797302,0.926439106464386,0.9359102249145508,0.9311506152153015
./cnn/stories/00aee24828cbceb3857579c59c9a85f381e358a5.story,content,elaborate,2,3,0.8588860034942627,0.8469201326370239,0.8528611063957214,0.9458406567573547,0.9391473531723022,0.942482054233551
./cnn/stories/1b5174e9a4a2c77cb677d87ebcc8a3098ddc608a.story,style,formality,0,1,0.9143973588943481,0.9093970656394958,0.9118903875350952,0.9143973588943481,0.9093970656394958,0.9118903875350952
./cnn/stories/1b5174e9a4a2c77cb677d87ebcc8a3098ddc608a.story,style,formality,0,2,0.909233570098877,0.9043185710906982,0.9067693948745728,0.9596532583236694,0.9620474576950073,0.960848867893219
./cnn/stories/1b5174e9a4a2c77cb677d87ebcc8a3098ddc608a.story,style,formality,0,3,0.90395188331604,0.8959839344024658,0.8999503254890442,0.969096302986145,0.9616846442222595,0.9653763175010681
./cnn/stories/1b5174e9a4a2c77cb677d87ebcc8a3098ddc608a.story,style,formality,1,1,0.9284347295761108,0.9195675849914551,0.9239798784255981,0.9284347295761108,0.9195675849914551,0.9239798784255981
./cnn/stories/1b5174e9a4a2c77cb677d87ebcc8a3098ddc608a.story,style,formality,1,2,0.9135252237319946,0.9091015458106995,0.9113079905509949,0.959053635597229,0.9635182619094849,0.9612807631492615
./cnn/stories/1b5174e9a4a2c77cb677d87ebcc8a3098ddc608a.story,style,formality,1,3,0.9072203636169434,0.8996250629425049,0.9034067392349243,0.9617375731468201,0.9535967111587524,0.9576498866081238
./cnn/stories/1b5174e9a4a2c77cb677d87ebcc8a3098ddc608a.story,style,formality,2,1,0.9185184240341187,0.8999632596969604,0.9091461896896362,0.9185184240341187,0.8999632596969604,0.9091461896896362
./cnn/stories/1b5174e9a4a2c77cb677d87ebcc8a3098ddc608a.story,style,formality,2,2,0.9076937437057495,0.8920549750328064,0.8998064398765564,0.958002507686615,0.9588161706924438,0.9584091901779175
./cnn/stories/1b5174e9a4a2c77cb677d87ebcc8a3098ddc608a.story,style,formality,2,3,0.9038981199264526,0.8901172280311584,0.8969547152519226,0.9690483808517456,0.9711102247238159,0.9700782299041748
./cnn/stories/1b5174e9a4a2c77cb677d87ebcc8a3098ddc608a.story,style,paraphrase,0,1,0.9336801767349243,0.9106673002243042,0.9220301508903503,0.9336801767349243,0.9106673002243042,0.9220301508903503
./cnn/stories/1b5174e9a4a2c77cb677d87ebcc8a3098ddc608a.story,style,paraphrase,0,2,0.9164723753929138,0.8815329074859619,0.8986631035804749,0.9491400122642517,0.9308463335037231,0.9399042129516602
./cnn/stories/1b5174e9a4a2c77cb677d87ebcc8a3098ddc608a.story,style,paraphrase,0,3,0.9067060351371765,0.8772753477096558,0.8917479515075684,0.9571025371551514,0.9591654539108276,0.9581329226493835
./cnn/stories/1b5174e9a4a2c77cb677d87ebcc8a3098ddc608a.story,style,paraphrase,1,1,0.9324302673339844,0.9044843912124634,0.9182447791099548,0.9324302673339844,0.9044843912124634,0.9182447791099548
./cnn/stories/1b5174e9a4a2c77cb677d87ebcc8a3098ddc608a.story,style,paraphrase,1,2,0.9153863787651062,0.8870349526405334,0.9009876847267151,0.9599193930625916,0.9538804292678833,0.9568904042243958
./cnn/stories/1b5174e9a4a2c77cb677d87ebcc8a3098ddc608a.story,style,paraphrase,1,3,0.9148434400558472,0.8850370049476624,0.8996933698654175,0.9674367904663086,0.9615376591682434,0.9644782543182373
./cnn/stories/1b5174e9a4a2c77cb677d87ebcc8a3098ddc608a.story,style,paraphrase,2,1,0.93581223487854,0.9225556254386902,0.9291365742683411,0.93581223487854,0.9225556254386902,0.9291365742683411
./cnn/stories/1b5174e9a4a2c77cb677d87ebcc8a3098ddc608a.story,style,paraphrase,2,2,0.9285268187522888,0.9200586080551147,0.9242733120918274,0.9596604108810425,0.9654098749160767,0.9625265598297119
./cnn/stories/1b5174e9a4a2c77cb677d87ebcc8a3098ddc608a.story,style,paraphrase,2,3,0.908400297164917,0.8783071637153625,0.8931003212928772,0.9332528710365295,0.9098489880561829,0.9214023351669312
./cnn/stories/1b5174e9a4a2c77cb677d87ebcc8a3098ddc608a.story,content,shorten,0,1,0.9282708764076233,0.8796155452728271,0.9032884836196899,0.9282708764076233,0.8796155452728271,0.9032884836196899
./cnn/stories/1b5174e9a4a2c77cb677d87ebcc8a3098ddc608a.story,content,shorten,0,2,0.9127858281135559,0.8587406873703003,0.8849388360977173,0.9662840366363525,0.9443107843399048,0.9551710486412048
./cnn/stories/1b5174e9a4a2c77cb677d87ebcc8a3098ddc608a.story,content,shorten,0,3,0.8938412666320801,0.8407155275344849,0.8664647936820984,0.9619231224060059,0.9432421326637268,0.952491044998169
./cnn/stories/1b5174e9a4a2c77cb677d87ebcc8a3098ddc608a.story,content,shorten,1,1,0.9174450039863586,0.8548778295516968,0.8850569725036621,0.9174450039863586,0.8548778295516968,0.8850569725036621
./cnn/stories/1b5174e9a4a2c77cb677d87ebcc8a3098ddc608a.story,content,shorten,1,2,0.9149247407913208,0.8491168022155762,0.8807933330535889,0.9649933576583862,0.9471299648284912,0.9559782147407532
./cnn/stories/1b5174e9a4a2c77cb677d87ebcc8a3098ddc608a.story,content,shorten,1,3,0.9072828888893127,0.8403249979019165,0.8725212216377258,0.9727898836135864,0.9648820161819458,0.9688198566436768
./cnn/stories/1b5174e9a4a2c77cb677d87ebcc8a3098ddc608a.story,content,shorten,2,1,0.9222511053085327,0.8841341733932495,0.9027904868125916,0.9222511053085327,0.8841341733932495,0.9027904868125916
./cnn/stories/1b5174e9a4a2c77cb677d87ebcc8a3098ddc608a.story,content,shorten,2,2,0.9131032228469849,0.8771874904632568,0.8947851061820984,0.9596561193466187,0.9560735821723938,0.9578614830970764
./cnn/stories/1b5174e9a4a2c77cb677d87ebcc8a3098ddc608a.story,content,shorten,2,3,0.9095630049705505,0.8740243911743164,0.8914395570755005,0.9638650417327881,0.9580742120742798,0.960960865020752
./cnn/stories/1b5174e9a4a2c77cb677d87ebcc8a3098ddc608a.story,content,elaborate,0,1,0.9113532304763794,0.8999022841453552,0.905591607093811,0.9113532304763794,0.8999022841453552,0.905591607093811
./cnn/stories/1b5174e9a4a2c77cb677d87ebcc8a3098ddc608a.story,content,elaborate,0,2,0.8917762041091919,0.8903744220733643,0.8910747766494751,0.9303643703460693,0.9400728940963745,0.9351934194564819
./cnn/stories/1b5174e9a4a2c77cb677d87ebcc8a3098ddc608a.story,content,elaborate,0,3,0.8921283483505249,0.8857777118682861,0.8889417052268982,0.9387941360473633,0.9325410723686218,0.9356571435928345
./cnn/stories/1b5174e9a4a2c77cb677d87ebcc8a3098ddc608a.story,content,elaborate,1,1,0.9197986721992493,0.9025985598564148,0.911117434501648,0.9197986721992493,0.9025985598564148,0.911117434501648
./cnn/stories/1b5174e9a4a2c77cb677d87ebcc8a3098ddc608a.story,content,elaborate,1,2,0.9041212797164917,0.8908741474151611,0.8974487781524658,0.9468544125556946,0.950164794921875,0.948506772518158
./cnn/stories/1b5174e9a4a2c77cb677d87ebcc8a3098ddc608a.story,content,elaborate,1,3,0.8964264988899231,0.8672346472740173,0.8815889954566956,0.9529984593391418,0.9362483024597168,0.9445492029190063
./cnn/stories/1b5174e9a4a2c77cb677d87ebcc8a3098ddc608a.story,content,elaborate,2,1,0.9385923147201538,0.9250680804252625,0.9317811727523804,0.9385923147201538,0.9250680804252625,0.9317811727523804
./cnn/stories/1b5174e9a4a2c77cb677d87ebcc8a3098ddc608a.story,content,elaborate,2,2,0.921650230884552,0.907912015914917,0.9147295951843262,0.9490835666656494,0.9471209049224854,0.9481012225151062
./cnn/stories/1b5174e9a4a2c77cb677d87ebcc8a3098ddc608a.story,content,elaborate,2,3,0.9083846807479858,0.8872596025466919,0.897697925567627,0.9476141333580017,0.9282487034797668,0.937831461429596
./cnn/stories/54f311116af60e9ea641f9754e1dc7f61e5e1bc2.story,style,formality,0,1,0.8791773319244385,0.8739051222801208,0.8765332698822021,0.8791773319244385,0.8739051222801208,0.8765332698822021
./cnn/stories/54f311116af60e9ea641f9754e1dc7f61e5e1bc2.story,style,formality,0,2,0.871565580368042,0.8662658929824829,0.8689076900482178,0.9577614068984985,0.9580861330032349,0.9579237103462219
./cnn/stories/54f311116af60e9ea641f9754e1dc7f61e5e1bc2.story,style,formality,0,3,0.8683194518089294,0.8622933030128479,0.8652958869934082,0.9669041037559509,0.9668729305267334,0.9668884873390198
./cnn/stories/54f311116af60e9ea641f9754e1dc7f61e5e1bc2.story,style,formality,1,1,0.84407639503479,0.8456218838691711,0.8448485136032104,0.84407639503479,0.8456218838691711,0.8448485136032104
./cnn/stories/54f311116af60e9ea641f9754e1dc7f61e5e1bc2.story,style,formality,1,2,0.8396424055099487,0.8401622176170349,0.8399022221565247,0.959199070930481,0.9576269388198853,0.9584123492240906
./cnn/stories/54f311116af60e9ea641f9754e1dc7f61e5e1bc2.story,style,formality,1,3,0.8410890698432922,0.8400158882141113,0.8405521512031555,0.967509388923645,0.9650160670280457,0.9662611484527588
./cnn/stories/54f311116af60e9ea641f9754e1dc7f61e5e1bc2.story,style,formality,2,1,0.8800228834152222,0.8735664486885071,0.8767827749252319,0.8800228834152222,0.8735664486885071,0.8767827749252319
./cnn/stories/54f311116af60e9ea641f9754e1dc7f61e5e1bc2.story,style,formality,2,2,0.8680943250656128,0.8638539910316467,0.8659688830375671,0.9528076648712158,0.9534586668014526,0.9531330466270447
./cnn/stories/54f311116af60e9ea641f9754e1dc7f61e5e1bc2.story,style,formality,2,3,0.8655380010604858,0.8570946455001831,0.8612956404685974,0.9569411277770996,0.9568750858306885,0.956908106803894
./cnn/stories/54f311116af60e9ea641f9754e1dc7f61e5e1bc2.story,style,paraphrase,0,1,0.8467186093330383,0.8438164591789246,0.8452650308609009,0.8467186093330383,0.8438164591789246,0.8452650308609009
./cnn/stories/54f311116af60e9ea641f9754e1dc7f61e5e1bc2.story,style,paraphrase,0,2,0.8406076431274414,0.8328139781951904,0.8366926312446594,0.9397194385528564,0.9336036443710327,0.9366515278816223
./cnn/stories/54f311116af60e9ea641f9754e1dc7f61e5e1bc2.story,style,paraphrase,0,3,0.8443183302879333,0.8343664407730103,0.8393129110336304,0.9579665660858154,0.950954794883728,0.9544478058815002
./cnn/stories/54f311116af60e9ea641f9754e1dc7f61e5e1bc2.story,style,paraphrase,1,1,0.8662436604499817,0.8624935746192932,0.8643645644187927,0.8662436604499817,0.8624935746192932,0.8643645644187927
./cnn/stories/54f311116af60e9ea641f9754e1dc7f61e5e1bc2.story,style,paraphrase,1,2,0.874514102935791,0.8586028814315796,0.8664854764938354,0.9443241953849792,0.921028733253479,0.9325310587882996
./cnn/stories/54f311116af60e9ea641f9754e1dc7f61e5e1bc2.story,style,paraphrase,1,3,0.8766413927078247,0.8570665121078491,0.8667434453964233,0.9558776617050171,0.944323718547821,0.950065553188324
./cnn/stories/54f311116af60e9ea641f9754e1dc7f61e5e1bc2.story,style,paraphrase,2,1,0.8415372371673584,0.8474929928779602,0.8445046544075012,0.8415372371673584,0.8474929928779602,0.8445046544075012
./cnn/stories/54f311116af60e9ea641f9754e1dc7f61e5e1bc2.story,style,paraphrase,2,2,0.845703125,0.8458887934684753,0.8457958698272705,0.9412841796875,0.9307751059532166,0.9360001683235168
./cnn/stories/54f311116af60e9ea641f9754e1dc7f61e5e1bc2.story,style,paraphrase,2,3,0.8404883146286011,0.8397322297096252,0.8401101231575012,0.9483110904693604,0.9442883133888245,0.946295440196991
./cnn/stories/54f311116af60e9ea641f9754e1dc7f61e5e1bc2.story,content,shorten,0,1,0.8646314144134521,0.8404526710510254,0.8523706197738647,0.8646314144134521,0.8404526710510254,0.8523706197738647
./cnn/stories/54f311116af60e9ea641f9754e1dc7f61e5e1bc2.story,content,shorten,0,2,0.8618841171264648,0.8323187828063965,0.8468434810638428,0.9762305617332458,0.9651026725769043,0.9706346988677979
./cnn/stories/54f311116af60e9ea641f9754e1dc7f61e5e1bc2.story,content,shorten,0,3,0.8729438185691833,0.8320844769477844,0.8520245552062988,0.9743940830230713,0.9552969932556152,0.9647510051727295
./cnn/stories/54f311116af60e9ea641f9754e1dc7f61e5e1bc2.story,content,shorten,1,1,0.8575215339660645,0.8441089987754822,0.8507624268531799,0.8575215339660645,0.8441089987754822,0.8507624268531799
./cnn/stories/54f311116af60e9ea641f9754e1dc7f61e5e1bc2.story,content,shorten,1,2,0.8544127345085144,0.8384856581687927,0.8463742733001709,0.972985029220581,0.9640458822250366,0.9684948325157166
./cnn/stories/54f311116af60e9ea641f9754e1dc7f61e5e1bc2.story,content,shorten,1,3,0.8506988286972046,0.8354909420013428,0.843026340007782,0.9658282995223999,0.9601368308067322,0.9629741907119751
./cnn/stories/54f311116af60e9ea641f9754e1dc7f61e5e1bc2.story,content,shorten,2,1,0.8517476916313171,0.8390061855316162,0.8453289270401001,0.8517476916313171,0.8390061855316162,0.8453289270401001
./cnn/stories/54f311116af60e9ea641f9754e1dc7f61e5e1bc2.story,content,shorten,2,2,0.8470743894577026,0.8322981595993042,0.8396212458610535,0.9522374868392944,0.9440555572509766,0.948128879070282
./cnn/stories/54f311116af60e9ea641f9754e1dc7f61e5e1bc2.story,content,shorten,2,3,0.8447486162185669,0.8170439004898071,0.8306652903556824,0.9361904859542847,0.9139561057090759,0.924939751625061
./cnn/stories/54f311116af60e9ea641f9754e1dc7f61e5e1bc2.story,content,elaborate,0,1,0.8602561950683594,0.8629225492477417,0.8615873456001282,0.8602561950683594,0.8629225492477417,0.8615873456001282
./cnn/stories/54f311116af60e9ea641f9754e1dc7f61e5e1bc2.story,content,elaborate,0,2,0.8545548319816589,0.8516395092010498,0.8530946373939514,0.9360852241516113,0.9335054159164429,0.9347935318946838
./cnn/stories/54f311116af60e9ea641f9754e1dc7f61e5e1bc2.story,content,elaborate,0,3,0.855800449848175,0.8500630855560303,0.8529221415519714,0.9135764837265015,0.9083292484283447,0.9109453558921814
./cnn/stories/54f311116af60e9ea641f9754e1dc7f61e5e1bc2.story,content,elaborate,1,1,0.858081042766571,0.8548509478569031,0.8564629554748535,0.858081042766571,0.8548509478569031,0.8564629554748535
./cnn/stories/54f311116af60e9ea641f9754e1dc7f61e5e1bc2.story,content,elaborate,1,2,0.8557411432266235,0.851553738117218,0.8536422848701477,0.9339510202407837,0.9321651458740234,0.9330572485923767
./cnn/stories/54f311116af60e9ea641f9754e1dc7f61e5e1bc2.story,content,elaborate,1,3,0.8534896373748779,0.8493083715438843,0.8513938188552856,0.9401326179504395,0.9424912929534912,0.941310465335846
./cnn/stories/54f311116af60e9ea641f9754e1dc7f61e5e1bc2.story,content,elaborate,2,1,0.8551466464996338,0.8575444221496582,0.8563438653945923,0.8551466464996338,0.8575444221496582,0.8563438653945923
./cnn/stories/54f311116af60e9ea641f9754e1dc7f61e5e1bc2.story,content,elaborate,2,2,0.860108494758606,0.8597699403762817,0.8599392175674438,0.9395548105239868,0.938414454460144,0.9389842748641968
./cnn/stories/54f311116af60e9ea641f9754e1dc7f61e5e1bc2.story,content,elaborate,2,3,0.8512939214706421,0.8493995666503906,0.8503456711769104,0.9478746652603149,0.9446268081665039,0.946247935295105
./cnn/stories/f1ed66fecd9f0bfd0d8aa3d0f1f32a86674f4589.story,style,formality,0,1,0.9324114322662354,0.9210290908813477,0.9266853332519531,0.9324114322662354,0.9210290908813477,0.9266853332519531
./cnn/stories/f1ed66fecd9f0bfd0d8aa3d0f1f32a86674f4589.story,style,formality,0,2,0.9177039861679077,0.9119552373886108,0.9148205518722534,0.959987998008728,0.9639500379562378,0.9619649648666382
./cnn/stories/f1ed66fecd9f0bfd0d8aa3d0f1f32a86674f4589.story,style,formality,0,3,0.9124786853790283,0.9044864773750305,0.9084650874137878,0.974291205406189,0.971149206161499,0.9727176427841187
./cnn/stories/f1ed66fecd9f0bfd0d8aa3d0f1f32a86674f4589.story,style,formality,1,1,0.9213989973068237,0.9050939679145813,0.9131736755371094,0.9213989973068237,0.9050939679145813,0.9131736755371094
./cnn/stories/f1ed66fecd9f0bfd0d8aa3d0f1f32a86674f4589.story,style,formality,1,2,0.9185415506362915,0.9041063785552979,0.9112668037414551,0.9601972103118896,0.9627276062965393,0.9614607691764832
./cnn/stories/f1ed66fecd9f0bfd0d8aa3d0f1f32a86674f4589.story,style,formality,1,3,0.9178205728530884,0.9035852551460266,0.9106472730636597,0.975183367729187,0.9751988053321838,0.975191056728363
./cnn/stories/f1ed66fecd9f0bfd0d8aa3d0f1f32a86674f4589.story,style,formality,2,1,0.924284040927887,0.9084550142288208,0.9163011312484741,0.924284040927887,0.9084550142288208,0.9163011312484741
./cnn/stories/f1ed66fecd9f0bfd0d8aa3d0f1f32a86674f4589.story,style,formality,2,2,0.909108579158783,0.8969944715499878,0.9030109643936157,0.9584251642227173,0.9610490202903748,0.9597353339195251
./cnn/stories/f1ed66fecd9f0bfd0d8aa3d0f1f32a86674f4589.story,style,formality,2,3,0.9116609692573547,0.8991773128509521,0.9053761959075928,0.9735941290855408,0.973211407661438,0.9734027981758118
./cnn/stories/f1ed66fecd9f0bfd0d8aa3d0f1f32a86674f4589.story,style,paraphrase,0,1,0.911185085773468,0.8565323948860168,0.8830138444900513,0.911185085773468,0.8565323948860168,0.8830138444900513
./cnn/stories/f1ed66fecd9f0bfd0d8aa3d0f1f32a86674f4589.story,style,paraphrase,0,2,0.9036446213722229,0.8511030077934265,0.8765872120857239,0.9615946412086487,0.9585144519805908,0.9600521326065063
./cnn/stories/f1ed66fecd9f0bfd0d8aa3d0f1f32a86674f4589.story,style,paraphrase,0,3,0.9043952226638794,0.8527769446372986,0.8778279423713684,0.9676837921142578,0.9703669548034668,0.9690235257148743
./cnn/stories/f1ed66fecd9f0bfd0d8aa3d0f1f32a86674f4589.story,style,paraphrase,1,1,0.9161728620529175,0.86408931016922,0.8893691897392273,0.9161728620529175,0.86408931016922,0.8893691897392273
./cnn/stories/f1ed66fecd9f0bfd0d8aa3d0f1f32a86674f4589.story,style,paraphrase,1,2,0.9079894423484802,0.8563077449798584,0.8813915848731995,0.9669249653816223,0.9643991589546204,0.9656603932380676
./cnn/stories/f1ed66fecd9f0bfd0d8aa3d0f1f32a86674f4589.story,style,paraphrase,1,3,0.9111539721488953,0.8582823276519775,0.8839282393455505,0.971678614616394,0.9713494777679443,0.9715139865875244
./cnn/stories/f1ed66fecd9f0bfd0d8aa3d0f1f32a86674f4589.story,style,paraphrase,2,1,0.9044628143310547,0.8568871021270752,0.8800324201583862,0.9044628143310547,0.8568871021270752,0.8800324201583862
./cnn/stories/f1ed66fecd9f0bfd0d8aa3d0f1f32a86674f4589.story,style,paraphrase,2,2,0.8939418196678162,0.8496526479721069,0.8712347745895386,0.9467460513114929,0.9500616788864136,0.9484010338783264
./cnn/stories/f1ed66fecd9f0bfd0d8aa3d0f1f32a86674f4589.story,style,paraphrase,2,3,0.8947067856788635,0.849116325378418,0.871315598487854,0.9582259654998779,0.9569020867347717,0.957563579082489
./cnn/stories/f1ed66fecd9f0bfd0d8aa3d0f1f32a86674f4589.story,content,shorten,0,1,0.9158319234848022,0.8532214164733887,0.8834187388420105,0.9158319234848022,0.8532214164733887,0.8834187388420105
./cnn/stories/f1ed66fecd9f0bfd0d8aa3d0f1f32a86674f4589.story,content,shorten,0,2,0.91615229845047,0.833694577217102,0.8729805946350098,0.9563078284263611,0.9151654243469238,0.9352843761444092
./cnn/stories/f1ed66fecd9f0bfd0d8aa3d0f1f32a86674f4589.story,content,shorten,0,3,0.9107110500335693,0.8300238847732544,0.8684974908828735,0.9920653104782104,0.9895910024642944,0.9908266067504883
./cnn/stories/f1ed66fecd9f0bfd0d8aa3d0f1f32a86674f4589.story,content,shorten,1,1,0.9134291410446167,0.8473406434059143,0.879144549369812,0.9134291410446167,0.8473406434059143,0.879144549369812
./cnn/stories/f1ed66fecd9f0bfd0d8aa3d0f1f32a86674f4589.story,content,shorten,1,2,0.9125668406486511,0.8383505344390869,0.8738857507705688,0.972433865070343,0.957688570022583,0.9650049209594727
./cnn/stories/f1ed66fecd9f0bfd0d8aa3d0f1f32a86674f4589.story,content,shorten,1,3,0.9134668111801147,0.8318123817443848,0.8707294464111328,0.973168134689331,0.9581542015075684,0.9656027555465698
./cnn/stories/f1ed66fecd9f0bfd0d8aa3d0f1f32a86674f4589.story,content,shorten,2,1,0.9158974885940552,0.8668575286865234,0.890703022480011,0.9158974885940552,0.8668575286865234,0.890703022480011
./cnn/stories/f1ed66fecd9f0bfd0d8aa3d0f1f32a86674f4589.story,content,shorten,2,2,0.9106959700584412,0.8643057346343994,0.8868945837020874,0.9749796390533447,0.9705884456634521,0.9727790951728821
./cnn/stories/f1ed66fecd9f0bfd0d8aa3d0f1f32a86674f4589.story,content,shorten,2,3,0.9065972566604614,0.8630495071411133,0.8842875957489014,0.9805200695991516,0.9812963604927063,0.9809080958366394
./cnn/stories/f1ed66fecd9f0bfd0d8aa3d0f1f32a86674f4589.story,content,elaborate,0,1,0.9021217823028564,0.8672438859939575,0.8843390941619873,0.9021217823028564,0.8672438859939575,0.8843390941619873
./cnn/stories/f1ed66fecd9f0bfd0d8aa3d0f1f32a86674f4589.story,content,elaborate,0,2,0.8868579864501953,0.8655396699905396,0.876069188117981,0.9306529760360718,0.9449850916862488,0.9377642869949341
./cnn/stories/f1ed66fecd9f0bfd0d8aa3d0f1f32a86674f4589.story,content,elaborate,0,3,0.8731739521026611,0.859832763671875,0.8664519786834717,0.9279001355171204,0.9379358887672424,0.9328910112380981
./cnn/stories/f1ed66fecd9f0bfd0d8aa3d0f1f32a86674f4589.story,content,elaborate,1,1,0.9024507999420166,0.8547295331954956,0.8779421448707581,0.9024507999420166,0.8547295331954956,0.8779421448707581
./cnn/stories/f1ed66fecd9f0bfd0d8aa3d0f1f32a86674f4589.story,content,elaborate,1,2,0.8943895697593689,0.8526217937469482,0.8730063438415527,0.9456002712249756,0.9464927315711975,0.9460463523864746
./cnn/stories/f1ed66fecd9f0bfd0d8aa3d0f1f32a86674f4589.story,content,elaborate,1,3,0.8888574242591858,0.8497706055641174,0.8688746094703674,0.942706823348999,0.9418327808380127,0.9422695636749268
./cnn/stories/f1ed66fecd9f0bfd0d8aa3d0f1f32a86674f4589.story,content,elaborate,2,1,0.908984363079071,0.8800591826438904,0.8942879438400269,0.908984363079071,0.8800591826438904,0.8942879438400269
./cnn/stories/f1ed66fecd9f0bfd0d8aa3d0f1f32a86674f4589.story,content,elaborate,2,2,0.9043376445770264,0.8804834485054016,0.892251193523407,0.9528061151504517,0.9587132930755615,0.955750584602356
./cnn/stories/f1ed66fecd9f0bfd0d8aa3d0f1f32a86674f4589.story,content,elaborate,2,3,0.8823632001876831,0.8594529628753662,0.8707574009895325,0.9392122030258179,0.9321706891059875,0.9356781840324402
./cnn/stories/5c400c2b78a6b358c8f4ae01bd698b267cd6d1d5.story,style,formality,0,1,0.8649545311927795,0.8693127632141113,0.8671281933784485,0.8649545311927795,0.8693127632141113,0.8671281933784485
./cnn/stories/5c400c2b78a6b358c8f4ae01bd698b267cd6d1d5.story,style,formality,0,2,0.8617042303085327,0.8683978319168091,0.8650380969047546,0.9681111574172974,0.9704146385192871,0.9692615270614624
./cnn/stories/5c400c2b78a6b358c8f4ae01bd698b267cd6d1d5.story,style,formality,0,3,0.8591146469116211,0.8630977272987366,0.8611016273498535,0.9756609201431274,0.9742600321769714,0.9749600291252136
./cnn/stories/5c400c2b78a6b358c8f4ae01bd698b267cd6d1d5.story,style,formality,1,1,0.8603593111038208,0.8705370426177979,0.8654181957244873,0.8603593111038208,0.8705370426177979,0.8654181957244873
./cnn/stories/5c400c2b78a6b358c8f4ae01bd698b267cd6d1d5.story,style,formality,1,2,0.8516258001327515,0.8631095886230469,0.857329249382019,0.9618942737579346,0.9602402448654175,0.9610665440559387
./cnn/stories/5c400c2b78a6b358c8f4ae01bd698b267cd6d1d5.story,style,formality,1,3,0.8494052290916443,0.859417736530304,0.8543821573257446,0.9667388796806335,0.9655940532684326,0.9661661386489868
./cnn/stories/5c400c2b78a6b358c8f4ae01bd698b267cd6d1d5.story,style,formality,2,1,0.8691979646682739,0.877138614654541,0.8731502890586853,0.8691979646682739,0.877138614654541,0.8731502890586853
./cnn/stories/5c400c2b78a6b358c8f4ae01bd698b267cd6d1d5.story,style,formality,2,2,0.8485609292984009,0.8562670946121216,0.8523966073989868,0.9274596571922302,0.9220954179763794,0.9247698187828064
./cnn/stories/5c400c2b78a6b358c8f4ae01bd698b267cd6d1d5.story,style,formality,2,3,0.8514481782913208,0.8493194580078125,0.8503825068473816,0.9628102779388428,0.9543056488037109,0.9585391283035278
./cnn/stories/5c400c2b78a6b358c8f4ae01bd698b267cd6d1d5.story,style,paraphrase,0,1,0.8721274137496948,0.8478457927703857,0.8598151803016663,0.8721274137496948,0.8478457927703857,0.8598151803016663
./cnn/stories/5c400c2b78a6b358c8f4ae01bd698b267cd6d1d5.story,style,paraphrase,0,2,0.8676965236663818,0.8339465260505676,0.8504868149757385,0.9487622380256653,0.9429266452789307,0.9458354711532593
./cnn/stories/5c400c2b78a6b358c8f4ae01bd698b267cd6d1d5.story,style,paraphrase,0,3,0.8658991456031799,0.8392321467399597,0.8523571491241455,0.9519498348236084,0.9559993147850037,0.9539702534675598
./cnn/stories/5c400c2b78a6b358c8f4ae01bd698b267cd6d1d5.story,style,paraphrase,1,1,0.8648765087127686,0.8376091718673706,0.8510244488716125,0.8648765087127686,0.8376091718673706,0.8510244488716125
./cnn/stories/5c400c2b78a6b358c8f4ae01bd698b267cd6d1d5.story,style,paraphrase,1,2,0.8581448197364807,0.8328395485877991,0.8453028202056885,0.9682150483131409,0.9692339301109314,0.9687241911888123
./cnn/stories/5c400c2b78a6b358c8f4ae01bd698b267cd6d1d5.story,style,paraphrase,1,3,0.8538451194763184,0.8259304761886597,0.839655876159668,0.966666579246521,0.959885835647583,0.9632642865180969
./cnn/stories/5c400c2b78a6b358c8f4ae01bd698b267cd6d1d5.story,style,paraphrase,2,1,0.8720906972885132,0.8629661202430725,0.867504358291626,0.8720906972885132,0.8629661202430725,0.867504358291626
./cnn/stories/5c400c2b78a6b358c8f4ae01bd698b267cd6d1d5.story,style,paraphrase,2,2,0.8627171516418457,0.8505545854568481,0.8565926551818848,0.9409329295158386,0.9288115501403809,0.9348328709602356
./cnn/stories/5c400c2b78a6b358c8f4ae01bd698b267cd6d1d5.story,style,paraphrase,2,3,0.8614834547042847,0.8475610017776489,0.8544654846191406,0.9559614658355713,0.9531012773513794,0.9545292258262634
./cnn/stories/5c400c2b78a6b358c8f4ae01bd698b267cd6d1d5.story,content,shorten,0,1,0.8803231716156006,0.8455071449279785,0.8625640273094177,0.8803231716156006,0.8455071449279785,0.8625640273094177
./cnn/stories/5c400c2b78a6b358c8f4ae01bd698b267cd6d1d5.story,content,shorten,0,2,0.8770167231559753,0.8388854265213013,0.8575273752212524,0.9720616340637207,0.9576890468597412,0.9648218154907227
./cnn/stories/5c400c2b78a6b358c8f4ae01bd698b267cd6d1d5.story,content,shorten,0,3,0.8765068054199219,0.8364203572273254,0.8559945225715637,0.9865357875823975,0.9863364696502686,0.9864360690116882
./cnn/stories/5c400c2b78a6b358c8f4ae01bd698b267cd6d1d5.story,content,shorten,1,1,0.8591578006744385,0.8076635599136353,0.8326151967048645,0.8591578006744385,0.8076635599136353,0.8326151967048645
./cnn/stories/5c400c2b78a6b358c8f4ae01bd698b267cd6d1d5.story,content,shorten,1,2,0.864108145236969,0.8050885200500488,0.8335549235343933,0.9733359217643738,0.9558746814727783,0.9645262360572815
./cnn/stories/5c400c2b78a6b358c8f4ae01bd698b267cd6d1d5.story,content,shorten,1,3,0.8616114854812622,0.8014980554580688,0.8304684162139893,0.9803206920623779,0.97027188539505,0.9752704501152039
./cnn/stories/5c400c2b78a6b358c8f4ae01bd698b267cd6d1d5.story,content,shorten,2,1,0.8720034956932068,0.8586514592170715,0.8652759194374084,0.8720034956932068,0.8586514592170715,0.8652759194374084
./cnn/stories/5c400c2b78a6b358c8f4ae01bd698b267cd6d1d5.story,content,shorten,2,2,0.8625638484954834,0.8424328565597534,0.8523795008659363,0.9570491313934326,0.9493857026100159,0.9532020092010498
./cnn/stories/5c400c2b78a6b358c8f4ae01bd698b267cd6d1d5.story,content,shorten,2,3,0.8623360395431519,0.8370475172996521,0.8495036363601685,0.9718138575553894,0.9675227403640747,0.9696635603904724
./cnn/stories/5c400c2b78a6b358c8f4ae01bd698b267cd6d1d5.story,content,elaborate,0,1,0.8702523708343506,0.8755043148994446,0.8728705048561096,0.8702523708343506,0.8755043148994446,0.8728705048561096
./cnn/stories/5c400c2b78a6b358c8f4ae01bd698b267cd6d1d5.story,content,elaborate,0,2,0.863257646560669,0.8716058135032654,0.8674116134643555,0.9268755316734314,0.9315649271011353,0.929214358329773
./cnn/stories/5c400c2b78a6b358c8f4ae01bd698b267cd6d1d5.story,content,elaborate,0,3,0.8558628559112549,0.8629850745201111,0.8594091534614563,0.9302363395690918,0.9308344125747681,0.9305352568626404
./cnn/stories/5c400c2b78a6b358c8f4ae01bd698b267cd6d1d5.story,content,elaborate,1,1,0.8729186058044434,0.8610358834266663,0.8669365644454956,0.8729186058044434,0.8610358834266663,0.8669365644454956
./cnn/stories/5c400c2b78a6b358c8f4ae01bd698b267cd6d1d5.story,content,elaborate,1,2,0.8684643507003784,0.8569473028182983,0.8626673817634583,0.9502306580543518,0.9460122585296631,0.9481167793273926
./cnn/stories/5c400c2b78a6b358c8f4ae01bd698b267cd6d1d5.story,content,elaborate,1,3,0.8643681406974792,0.856372594833374,0.8603518009185791,0.9542580842971802,0.96045982837677,0.9573488831520081
./cnn/stories/5c400c2b78a6b358c8f4ae01bd698b267cd6d1d5.story,content,elaborate,2,1,0.8593858480453491,0.8653347492218018,0.8623500466346741,0.8593858480453491,0.8653347492218018,0.8623500466346741
./cnn/stories/5c400c2b78a6b358c8f4ae01bd698b267cd6d1d5.story,content,elaborate,2,2,0.8510339856147766,0.8436280488967896,0.8473147749900818,0.9436324834823608,0.9282569289207458,0.9358816146850586
./cnn/stories/5c400c2b78a6b358c8f4ae01bd698b267cd6d1d5.story,content,elaborate,2,3,0.8497466444969177,0.8479423522949219,0.848843514919281,0.9586603045463562,0.9642366170883179,0.96144038438797
./cnn/stories/4c5a0bb92951788598f436857beb5adaab9fbf33.story,style,formality,0,1,0.8880771398544312,0.8850046396255493,0.8865382075309753,0.8880771398544312,0.8850046396255493,0.8865382075309753
./cnn/stories/4c5a0bb92951788598f436857beb5adaab9fbf33.story,style,formality,0,2,0.8793624639511108,0.8761106133460999,0.8777334690093994,0.9591653943061829,0.9601960182189941,0.959680438041687
./cnn/stories/4c5a0bb92951788598f436857beb5adaab9fbf33.story,style,formality,0,3,0.8764195442199707,0.8724393844604492,0.874424934387207,0.9635971784591675,0.9630878567695618,0.9633424282073975
./cnn/stories/4c5a0bb92951788598f436857beb5adaab9fbf33.story,style,formality,1,1,0.8995745778083801,0.8934349417686462,0.8964942693710327,0.8995745778083801,0.8934349417686462,0.8964942693710327
./cnn/stories/4c5a0bb92951788598f436857beb5adaab9fbf33.story,style,formality,1,2,0.8926351070404053,0.8868367075920105,0.8897264003753662,0.9621738791465759,0.9611154794692993,0.9616444110870361
./cnn/stories/4c5a0bb92951788598f436857beb5adaab9fbf33.story,style,formality,1,3,0.8926799297332764,0.8865737915039062,0.8896164298057556,0.9721030592918396,0.9716209769248962,0.9718619585037231
./cnn/stories/4c5a0bb92951788598f436857beb5adaab9fbf33.story,style,formality,2,1,0.8955063223838806,0.8909556269645691,0.8932251930236816,0.8955063223838806,0.8909556269645691,0.8932251930236816
./cnn/stories/4c5a0bb92951788598f436857beb5adaab9fbf33.story,style,formality,2,2,0.8902233839035034,0.8848446607589722,0.8875258564949036,0.9627515077590942,0.961744487285614,0.9622477889060974
./cnn/stories/4c5a0bb92951788598f436857beb5adaab9fbf33.story,style,formality,2,3,0.8873776197433472,0.8814661502838135,0.8844120502471924,0.9706422090530396,0.9707965850830078,0.9707193970680237
./cnn/stories/4c5a0bb92951788598f436857beb5adaab9fbf33.story,style,paraphrase,0,1,0.8627102375030518,0.8505488038063049,0.8565863966941833,0.8627102375030518,0.8505488038063049,0.8565863966941833
./cnn/stories/4c5a0bb92951788598f436857beb5adaab9fbf33.story,style,paraphrase,0,2,0.8649810552597046,0.8433694839477539,0.8540385961532593,0.9282878041267395,0.9131304025650024,0.9206467270851135
./cnn/stories/4c5a0bb92951788598f436857beb5adaab9fbf33.story,style,paraphrase,0,3,0.8622373342514038,0.8384284973144531,0.8501662611961365,0.9439533352851868,0.938460111618042,0.9411987066268921
./cnn/stories/4c5a0bb92951788598f436857beb5adaab9fbf33.story,style,paraphrase,1,1,0.8795199990272522,0.8674938678741455,0.8734655380249023,0.8795199990272522,0.8674938678741455,0.8734655380249023
./cnn/stories/4c5a0bb92951788598f436857beb5adaab9fbf33.story,style,paraphrase,1,2,0.8761078119277954,0.8618271350860596,0.8689087629318237,0.9425953030586243,0.9397602081298828,0.941175639629364
./cnn/stories/4c5a0bb92951788598f436857beb5adaab9fbf33.story,style,paraphrase,1,3,0.875840425491333,0.8609123826026917,0.8683122992515564,0.9617515206336975,0.9592164158821106,0.9604822993278503
./cnn/stories/4c5a0bb92951788598f436857beb5adaab9fbf33.story,style,paraphrase,2,1,0.8928234577178955,0.8909432888031006,0.8918823599815369,0.8928234577178955,0.8909432888031006,0.8918823599815369
./cnn/stories/4c5a0bb92951788598f436857beb5adaab9fbf33.story,style,paraphrase,2,2,0.8794427514076233,0.8766614198684692,0.8780498504638672,0.9392881393432617,0.9409729242324829,0.940129816532135
./cnn/stories/4c5a0bb92951788598f436857beb5adaab9fbf33.story,style,paraphrase,2,3,0.8789374828338623,0.8755518794059753,0.8772414326667786,0.9488725662231445,0.9460886120796204,0.9474785923957825
./cnn/stories/4c5a0bb92951788598f436857beb5adaab9fbf33.story,content,shorten,0,1,0.8523603677749634,0.8260208368301392,0.8389838933944702,0.8523603677749634,0.8260208368301392,0.8389838933944702
./cnn/stories/4c5a0bb92951788598f436857beb5adaab9fbf33.story,content,shorten,0,2,0.84782874584198,0.809662401676178,0.8283061385154724,0.9373542666435242,0.901665210723877,0.9191634058952332
./cnn/stories/4c5a0bb92951788598f436857beb5adaab9fbf33.story,content,shorten,0,3,0.843413770198822,0.8081963062286377,0.8254295587539673,0.9700753092765808,0.9704318046569824,0.9702535271644592
./cnn/stories/4c5a0bb92951788598f436857beb5adaab9fbf33.story,content,shorten,1,1,0.8592469692230225,0.8047921061515808,0.8311285376548767,0.8592469692230225,0.8047921061515808,0.8311285376548767
./cnn/stories/4c5a0bb92951788598f436857beb5adaab9fbf33.story,content,shorten,1,2,0.8565006852149963,0.798771321773529,0.8266293406486511,0.9233565330505371,0.9101336002349854,0.9166973829269409
./cnn/stories/4c5a0bb92951788598f436857beb5adaab9fbf33.story,content,shorten,1,3,0.8505764603614807,0.7966800928115845,0.8227465152740479,0.9598593711853027,0.968903660774231,0.9643602967262268
./cnn/stories/4c5a0bb92951788598f436857beb5adaab9fbf33.story,content,shorten,2,1,0.849687397480011,0.8203999996185303,0.8347868919372559,0.849687397480011,0.8203999996185303,0.8347868919372559
./cnn/stories/4c5a0bb92951788598f436857beb5adaab9fbf33.story,content,shorten,2,2,0.848438024520874,0.8127688765525818,0.8302204608917236,0.9526238441467285,0.9391168355941772,0.9458221197128296
./cnn/stories/4c5a0bb92951788598f436857beb5adaab9fbf33.story,content,shorten,2,3,0.8512310981750488,0.8123064041137695,0.8313133716583252,0.967255711555481,0.9626790285110474,0.9649619460105896
./cnn/stories/4c5a0bb92951788598f436857beb5adaab9fbf33.story,content,elaborate,0,1,0.8791876435279846,0.8736140131950378,0.8763919472694397,0.8791876435279846,0.8736140131950378,0.8763919472694397
./cnn/stories/4c5a0bb92951788598f436857beb5adaab9fbf33.story,content,elaborate,0,2,0.8753196001052856,0.8693113327026367,0.8723050951957703,0.9147810339927673,0.9144067764282227,0.9145938754081726
./cnn/stories/4c5a0bb92951788598f436857beb5adaab9fbf33.story,content,elaborate,0,3,0.8687528371810913,0.8608084917068481,0.8647623658180237,0.9341189861297607,0.9345386028289795,0.9343287348747253
./cnn/stories/4c5a0bb92951788598f436857beb5adaab9fbf33.story,content,elaborate,1,1,0.8728922605514526,0.8687602877616882,0.8708214163780212,0.8728922605514526,0.8687602877616882,0.8708214163780212
./cnn/stories/4c5a0bb92951788598f436857beb5adaab9fbf33.story,content,elaborate,1,2,0.8653302192687988,0.8622006177902222,0.863762617111206,0.9179864525794983,0.9202964305877686,0.9191400408744812
./cnn/stories/4c5a0bb92951788598f436857beb5adaab9fbf33.story,content,elaborate,1,3,0.8645095229148865,0.8591922521591187,0.8618427515029907,0.9523007869720459,0.9513348340988159,0.9518175721168518
./cnn/stories/4c5a0bb92951788598f436857beb5adaab9fbf33.story,content,elaborate,2,1,0.8889122009277344,0.8854283094406128,0.8871667981147766,0.8889122009277344,0.8854283094406128,0.8871667981147766
./cnn/stories/4c5a0bb92951788598f436857beb5adaab9fbf33.story,content,elaborate,2,2,0.8839098215103149,0.8750836253166199,0.8794746398925781,0.9389530420303345,0.9362307786941528,0.9375899434089661
./cnn/stories/4c5a0bb92951788598f436857beb5adaab9fbf33.story,content,elaborate,2,3,0.8663431406021118,0.8598611354827881,0.8630899786949158,0.9109618067741394,0.9137245416641235,0.9123410582542419
./cnn/stories/731322a6d79538eb67585b609325364b3f0914bb.story,style,formality,0,1,0.9319469332695007,0.9063910841941833,0.9189913868904114,0.9319469332695007,0.9063910841941833,0.9189913868904114
./cnn/stories/731322a6d79538eb67585b609325364b3f0914bb.story,style,formality,0,2,0.9254124760627747,0.9034765958786011,0.9143129587173462,0.9740251302719116,0.9778330326080322,0.9759253859519958
./cnn/stories/731322a6d79538eb67585b609325364b3f0914bb.story,style,formality,0,3,0.9237278699874878,0.9006116390228271,0.9120233058929443,0.9784666895866394,0.9753753542900085,0.9769185781478882
./cnn/stories/731322a6d79538eb67585b609325364b3f0914bb.story,style,formality,1,1,0.933302640914917,0.930112898349762,0.9317050576210022,0.933302640914917,0.930112898349762,0.9317050576210022
./cnn/stories/731322a6d79538eb67585b609325364b3f0914bb.story,style,formality,1,2,0.9222542643547058,0.9245764017105103,0.923413872718811,0.9655308127403259,0.9717451930046082,0.9686280488967896
./cnn/stories/731322a6d79538eb67585b609325364b3f0914bb.story,style,formality,1,3,0.9132872819900513,0.9190840125083923,0.9161764979362488,0.9694847464561462,0.97392737865448,0.9717010259628296
./cnn/stories/731322a6d79538eb67585b609325364b3f0914bb.story,style,formality,2,1,0.9316479563713074,0.9241424202919006,0.9278799891471863,0.9316479563713074,0.9241424202919006,0.9278799891471863
./cnn/stories/731322a6d79538eb67585b609325364b3f0914bb.story,style,formality,2,2,0.9165040254592896,0.8977160453796387,0.9070127010345459,0.960712194442749,0.946477472782135,0.9535417556762695
./cnn/stories/731322a6d79538eb67585b609325364b3f0914bb.story,style,formality,2,3,0.9153183102607727,0.8965714573860168,0.9058479070663452,0.9723303318023682,0.9734482765197754,0.9728890061378479
./cnn/stories/731322a6d79538eb67585b609325364b3f0914bb.story,style,paraphrase,0,1,0.9190606474876404,0.8817853331565857,0.9000372290611267,0.9190606474876404,0.8817853331565857,0.9000372290611267
./cnn/stories/731322a6d79538eb67585b609325364b3f0914bb.story,style,paraphrase,0,2,0.9128878116607666,0.862138032913208,0.8867874145507812,0.9606128931045532,0.9319122433662415,0.946044921875
./cnn/stories/731322a6d79538eb67585b609325364b3f0914bb.story,style,paraphrase,0,3,0.9154007434844971,0.8536630868911743,0.8834546804428101,0.9601228833198547,0.9510539770126343,0.9555668830871582
./cnn/stories/731322a6d79538eb67585b609325364b3f0914bb.story,style,paraphrase,1,1,0.9231278896331787,0.884604275226593,0.9034556150436401,0.9231278896331787,0.884604275226593,0.9034556150436401
./cnn/stories/731322a6d79538eb67585b609325364b3f0914bb.story,style,paraphrase,1,2,0.9177902936935425,0.8783464431762695,0.897635281085968,0.9587867856025696,0.952639639377594,0.9557033181190491
./cnn/stories/731322a6d79538eb67585b609325364b3f0914bb.story,style,paraphrase,1,3,0.9169254899024963,0.8751808404922485,0.8955669403076172,0.967261791229248,0.9663788080215454,0.9668201208114624
./cnn/stories/731322a6d79538eb67585b609325364b3f0914bb.story,style,paraphrase,2,1,0.9247705936431885,0.8941824436187744,0.9092193841934204,0.9247705936431885,0.8941824436187744,0.9092193841934204
./cnn/stories/731322a6d79538eb67585b609325364b3f0914bb.story,style,paraphrase,2,2,0.9205374121665955,0.8837794065475464,0.9017840623855591,0.9522475004196167,0.9463084936141968,0.9492686986923218
./cnn/stories/731322a6d79538eb67585b609325364b3f0914bb.story,style,paraphrase,2,3,0.9162304401397705,0.8767844438552856,0.896073579788208,0.9637106657028198,0.9585052728652954,0.9611008763313293
./cnn/stories/731322a6d79538eb67585b609325364b3f0914bb.story,content,shorten,0,1,0.9025816321372986,0.8376096487045288,0.8688827753067017,0.9025816321372986,0.8376096487045288,0.8688827753067017
./cnn/stories/731322a6d79538eb67585b609325364b3f0914bb.story,content,shorten,0,2,0.9031208157539368,0.8288031816482544,0.8643674850463867,0.947998046875,0.9321686029434204,0.9400166869163513
./cnn/stories/731322a6d79538eb67585b609325364b3f0914bb.story,content,shorten,0,3,0.9013025164604187,0.8276004791259766,0.862880527973175,0.9874601364135742,0.9883120059967041,0.9878858923912048
./cnn/stories/731322a6d79538eb67585b609325364b3f0914bb.story,content,shorten,1,1,0.9150040149688721,0.8529453873634338,0.8828855156898499,0.9150040149688721,0.8529453873634338,0.8828855156898499
./cnn/stories/731322a6d79538eb67585b609325364b3f0914bb.story,content,shorten,1,2,0.9108073711395264,0.8374026417732239,0.8725639581680298,0.9635651707649231,0.9370965361595154,0.9501465559005737
./cnn/stories/731322a6d79538eb67585b609325364b3f0914bb.story,content,shorten,1,3,0.9038581848144531,0.8303655385971069,0.8655546307563782,0.9592907428741455,0.949268639087677,0.9542534351348877
./cnn/stories/731322a6d79538eb67585b609325364b3f0914bb.story,content,shorten,2,1,0.9270054697990417,0.8785573840141296,0.9021314382553101,0.9270054697990417,0.8785573840141296,0.9021314382553101
./cnn/stories/731322a6d79538eb67585b609325364b3f0914bb.story,content,shorten,2,2,0.9128383994102478,0.8621969223022461,0.8867952227592468,0.9526580572128296,0.9344982504844666,0.9434908032417297
./cnn/stories/731322a6d79538eb67585b609325364b3f0914bb.story,content,shorten,2,3,0.912851870059967,0.8627243041992188,0.8870804905891418,0.9789568185806274,0.9775662422180176,0.9782610535621643
./cnn/stories/731322a6d79538eb67585b609325364b3f0914bb.story,content,elaborate,0,1,0.9062337279319763,0.8915145397186279,0.8988138437271118,0.9062337279319763,0.8915145397186279,0.8988138437271118
./cnn/stories/731322a6d79538eb67585b609325364b3f0914bb.story,content,elaborate,0,2,0.8948796391487122,0.8851312398910522,0.8899787664413452,0.9495934844017029,0.9537169933319092,0.9516507387161255
./cnn/stories/731322a6d79538eb67585b609325364b3f0914bb.story,content,elaborate,0,3,0.8890535235404968,0.8807022571563721,0.8848581910133362,0.9615726470947266,0.9641797542572021,0.9628744125366211
./cnn/stories/731322a6d79538eb67585b609325364b3f0914bb.story,content,elaborate,1,1,0.9181166291236877,0.8940125107765198,0.905904233455658,0.9181166291236877,0.8940125107765198,0.905904233455658
./cnn/stories/731322a6d79538eb67585b609325364b3f0914bb.story,content,elaborate,1,2,0.9075259566307068,0.8909422755241394,0.8991576433181763,0.9559844136238098,0.9635747075080872,0.9597645998001099
./cnn/stories/731322a6d79538eb67585b609325364b3f0914bb.story,content,elaborate,1,3,0.9097816944122314,0.887978732585907,0.898747980594635,0.9622454643249512,0.9596536159515381,0.9609478116035461
./cnn/stories/731322a6d79538eb67585b609325364b3f0914bb.story,content,elaborate,2,1,0.9120925664901733,0.8933999538421631,0.902649462223053,0.9120925664901733,0.8933999538421631,0.902649462223053
./cnn/stories/731322a6d79538eb67585b609325364b3f0914bb.story,content,elaborate,2,2,0.8991420865058899,0.8791372179985046,0.8890271186828613,0.9444836974143982,0.9350368976593018,0.9397364854812622
./cnn/stories/731322a6d79538eb67585b609325364b3f0914bb.story,content,elaborate,2,3,0.8858951926231384,0.8755284547805786,0.8806813359260559,0.9506765604019165,0.9656772017478943,0.958118200302124
./cnn/stories/6f24dcd85a39f94d7bce582703f0743964d7a132.story,style,formality,0,1,0.9205576181411743,0.914758563041687,0.91764897108078,0.9205576181411743,0.914758563041687,0.91764897108078
./cnn/stories/6f24dcd85a39f94d7bce582703f0743964d7a132.story,style,formality,0,2,0.9135406017303467,0.9069184064865112,0.9102174639701843,0.9719319343566895,0.9702167510986328,0.971073567867279
./cnn/stories/6f24dcd85a39f94d7bce582703f0743964d7a132.story,style,formality,0,3,0.9085235595703125,0.9044439792633057,0.9064791798591614,0.9791257977485657,0.9816649556159973,0.9803937077522278
./cnn/stories/6f24dcd85a39f94d7bce582703f0743964d7a132.story,style,formality,1,1,0.9246088266372681,0.9219912886619568,0.9232982397079468,0.9246088266372681,0.9219912886619568,0.9232982397079468
./cnn/stories/6f24dcd85a39f94d7bce582703f0743964d7a132.story,style,formality,1,2,0.9118603467941284,0.9026553630828857,0.9072344899177551,0.9656451940536499,0.9564223289489746,0.9610116481781006
./cnn/stories/6f24dcd85a39f94d7bce582703f0743964d7a132.story,style,formality,1,3,0.9097258448600769,0.8993682861328125,0.904517412185669,0.9850422739982605,0.9820623397827148,0.9835500121116638
./cnn/stories/6f24dcd85a39f94d7bce582703f0743964d7a132.story,style,formality,2,1,0.9324801564216614,0.9268673658370972,0.9296652674674988,0.9324801564216614,0.9268673658370972,0.9296652674674988
./cnn/stories/6f24dcd85a39f94d7bce582703f0743964d7a132.story,style,formality,2,2,0.918887197971344,0.9037904143333435,0.9112763404846191,0.964192807674408,0.9515897631645203,0.9578498005867004
./cnn/stories/6f24dcd85a39f94d7bce582703f0743964d7a132.story,style,formality,2,3,0.91498863697052,0.8998991250991821,0.9073811173439026,0.9778470993041992,0.9756675958633423,0.9767560958862305
./cnn/stories/6f24dcd85a39f94d7bce582703f0743964d7a132.story,style,paraphrase,0,1,0.9304671883583069,0.9254266619682312,0.9279400706291199,0.9304671883583069,0.9254266619682312,0.9279400706291199
./cnn/stories/6f24dcd85a39f94d7bce582703f0743964d7a132.story,style,paraphrase,0,2,0.9258585572242737,0.9191388487815857,0.9224864840507507,0.973557710647583,0.9698508977890015,0.9717007875442505
./cnn/stories/6f24dcd85a39f94d7bce582703f0743964d7a132.story,style,paraphrase,0,3,0.9104644060134888,0.8795108795166016,0.8947200179100037,0.9446519017219543,0.9149544835090637,0.9295660257339478
./cnn/stories/6f24dcd85a39f94d7bce582703f0743964d7a132.story,style,paraphrase,1,1,0.944896936416626,0.9309430122375488,0.9378681182861328,0.944896936416626,0.9309430122375488,0.9378681182861328
./cnn/stories/6f24dcd85a39f94d7bce582703f0743964d7a132.story,style,paraphrase,1,2,0.9362920522689819,0.9178856611251831,0.9269974827766418,0.9702425003051758,0.9677129983901978,0.9689760804176331
./cnn/stories/6f24dcd85a39f94d7bce582703f0743964d7a132.story,style,paraphrase,1,3,0.9133195877075195,0.8797208070755005,0.8962054252624512,0.9388091564178467,0.909475564956665,0.9239095449447632
./cnn/stories/6f24dcd85a39f94d7bce582703f0743964d7a132.story,style,paraphrase,2,1,0.9317734241485596,0.9232414960861206,0.927487850189209,0.9317734241485596,0.9232414960861206,0.927487850189209
./cnn/stories/6f24dcd85a39f94d7bce582703f0743964d7a132.story,style,paraphrase,2,2,0.9282184839248657,0.9151434302330017,0.9216346144676208,0.9683698415756226,0.9625884890556335,0.965470552444458
./cnn/stories/6f24dcd85a39f94d7bce582703f0743964d7a132.story,style,paraphrase,2,3,0.9151171445846558,0.8941035866737366,0.9044883251190186,0.9622628688812256,0.9475887417793274,0.9548694491386414
./cnn/stories/6f24dcd85a39f94d7bce582703f0743964d7a132.story,content,shorten,0,1,0.9363315105438232,0.9049514532089233,0.9203740954399109,0.9363315105438232,0.9049514532089233,0.9203740954399109
./cnn/stories/6f24dcd85a39f94d7bce582703f0743964d7a132.story,content,shorten,0,2,0.9161028265953064,0.871701717376709,0.8933508992195129,0.9699411988258362,0.9347026348114014,0.9519959688186646
./cnn/stories/6f24dcd85a39f94d7bce582703f0743964d7a132.story,content,shorten,0,3,0.8970196843147278,0.8455793857574463,0.8705403208732605,0.9575200080871582,0.9340914487838745,0.9456606507301331
./cnn/stories/6f24dcd85a39f94d7bce582703f0743964d7a132.story,content,shorten,1,1,0.9209501147270203,0.8831643462181091,0.9016615748405457,0.9209501147270203,0.8831643462181091,0.9016615748405457
./cnn/stories/6f24dcd85a39f94d7bce582703f0743964d7a132.story,content,shorten,1,2,0.9151296615600586,0.853614091873169,0.8833021521568298,0.9551836848258972,0.919644832611084,0.9370773434638977
./cnn/stories/6f24dcd85a39f94d7bce582703f0743964d7a132.story,content,shorten,1,3,0.9111276865005493,0.8318668603897095,0.8696951270103455,0.9682167768478394,0.9315635561943054,0.9495366215705872
./cnn/stories/6f24dcd85a39f94d7bce582703f0743964d7a132.story,content,shorten,2,1,0.9223719239234924,0.9007778763771057,0.9114469885826111,0.9223719239234924,0.9007778763771057,0.9114469885826111
./cnn/stories/6f24dcd85a39f94d7bce582703f0743964d7a132.story,content,shorten,2,2,0.9132229089736938,0.8844314813613892,0.8985966444015503,0.9560933709144592,0.9453893899917603,0.9507112503051758
./cnn/stories/6f24dcd85a39f94d7bce582703f0743964d7a132.story,content,shorten,2,3,0.9123960733413696,0.8780621290206909,0.8948999047279358,0.9754692912101746,0.9618203639984131,0.9685966968536377
./cnn/stories/6f24dcd85a39f94d7bce582703f0743964d7a132.story,content,elaborate,0,1,0.9045445919036865,0.909549355506897,0.9070401191711426,0.9045445919036865,0.909549355506897,0.9070401191711426
./cnn/stories/6f24dcd85a39f94d7bce582703f0743964d7a132.story,content,elaborate,0,2,0.8961078524589539,0.8966479897499084,0.8963778614997864,0.9514992237091064,0.950809895992279,0.9511544108390808
./cnn/stories/6f24dcd85a39f94d7bce582703f0743964d7a132.story,content,elaborate,0,3,0.890781044960022,0.8928407430648804,0.8918097615242004,0.9441062211990356,0.9460443258285522,0.9450743198394775
./cnn/stories/6f24dcd85a39f94d7bce582703f0743964d7a132.story,content,elaborate,1,1,0.902714192867279,0.8941428661346436,0.898408055305481,0.902714192867279,0.8941428661346436,0.898408055305481
./cnn/stories/6f24dcd85a39f94d7bce582703f0743964d7a132.story,content,elaborate,1,2,0.8929134011268616,0.8817735910415649,0.8873084783554077,0.9404054284095764,0.9386672973632812,0.9395355582237244
./cnn/stories/6f24dcd85a39f94d7bce582703f0743964d7a132.story,content,elaborate,1,3,0.887056827545166,0.8770908117294312,0.8820456862449646,0.9515306949615479,0.9504757523536682,0.9510029554367065
./cnn/stories/6f24dcd85a39f94d7bce582703f0743964d7a132.story,content,elaborate,2,1,0.9082262516021729,0.9121536016464233,0.910185694694519,0.9082262516021729,0.9121536016464233,0.910185694694519
./cnn/stories/6f24dcd85a39f94d7bce582703f0743964d7a132.story,content,elaborate,2,2,0.8813896179199219,0.8822320699691772,0.8818106651306152,0.9310506582260132,0.9301587343215942,0.9306045174598694
./cnn/stories/6f24dcd85a39f94d7bce582703f0743964d7a132.story,content,elaborate,2,3,0.8700900077819824,0.8764455318450928,0.8732562065124512,0.9363083839416504,0.944269061088562,0.9402718544006348
./cnn/stories/4b964621a4d0a48bfb273badbade7f6dcb066365.story,style,formality,0,1,0.8519976139068604,0.8540254235267639,0.853010356426239,0.8519976139068604,0.8540254235267639,0.853010356426239
./cnn/stories/4b964621a4d0a48bfb273badbade7f6dcb066365.story,style,formality,0,2,0.8449198603630066,0.8485251665115356,0.8467186689376831,0.9594087600708008,0.9623023867607117,0.9608533382415771
./cnn/stories/4b964621a4d0a48bfb273badbade7f6dcb066365.story,style,formality,0,3,0.8462534546852112,0.8482152223587036,0.8472331762313843,0.9754350185394287,0.973396360874176,0.9744146466255188
./cnn/stories/4b964621a4d0a48bfb273badbade7f6dcb066365.story,style,formality,1,1,0.9187374114990234,0.9125761985778809,0.9156464338302612,0.9187374114990234,0.9125761985778809,0.9156464338302612
./cnn/stories/4b964621a4d0a48bfb273badbade7f6dcb066365.story,style,formality,1,2,0.9119415283203125,0.906711220741272,0.9093188643455505,0.9727205038070679,0.9742329716682434,0.9734761118888855
./cnn/stories/4b964621a4d0a48bfb273badbade7f6dcb066365.story,style,formality,1,3,0.910954475402832,0.9065306186676025,0.9087371230125427,0.9828449487686157,0.9818361401557922,0.9823402762413025
./cnn/stories/4b964621a4d0a48bfb273badbade7f6dcb066365.story,style,formality,2,1,0.8521971106529236,0.8536273241043091,0.8529115915298462,0.8521971106529236,0.8536273241043091,0.8529115915298462
./cnn/stories/4b964621a4d0a48bfb273badbade7f6dcb066365.story,style,formality,2,2,0.8473497033119202,0.8494061231613159,0.8483766317367554,0.9561461806297302,0.9558755159378052,0.9560108184814453
./cnn/stories/4b964621a4d0a48bfb273badbade7f6dcb066365.story,style,formality,2,3,0.8487907648086548,0.8495497107505798,0.8491700887680054,0.9657570123672485,0.9654074311256409,0.9655821919441223
./cnn/stories/4b964621a4d0a48bfb273badbade7f6dcb066365.story,style,paraphrase,0,1,0.8585020303726196,0.8532085418701172,0.8558470606803894,0.8585020303726196,0.8532085418701172,0.8558470606803894
./cnn/stories/4b964621a4d0a48bfb273badbade7f6dcb066365.story,style,paraphrase,0,2,0.8534010052680969,0.8475856781005859,0.8504834771156311,0.9280944466590881,0.9198293685913086,0.9239434599876404
./cnn/stories/4b964621a4d0a48bfb273badbade7f6dcb066365.story,style,paraphrase,0,3,0.855778157711029,0.8412237167358398,0.8484385013580322,0.9579257369041443,0.9459835290908813,0.9519172310829163
./cnn/stories/4b964621a4d0a48bfb273badbade7f6dcb066365.story,style,paraphrase,1,1,0.8616505861282349,0.8646059036254883,0.863125741481781,0.8616505861282349,0.8646059036254883,0.863125741481781
./cnn/stories/4b964621a4d0a48bfb273badbade7f6dcb066365.story,style,paraphrase,1,2,0.8583922386169434,0.8671720027923584,0.8627598285675049,0.9325926303863525,0.9347567558288574,0.9336734414100647
./cnn/stories/4b964621a4d0a48bfb273badbade7f6dcb066365.story,style,paraphrase,1,3,0.8573777675628662,0.8600693941116333,0.8587214946746826,0.9673327207565308,0.9645307660102844,0.9659296274185181
./cnn/stories/4b964621a4d0a48bfb273badbade7f6dcb066365.story,style,paraphrase,2,1,0.9009482264518738,0.8993083834648132,0.9001275897026062,0.9009482264518738,0.8993083834648132,0.9001275897026062
./cnn/stories/4b964621a4d0a48bfb273badbade7f6dcb066365.story,style,paraphrase,2,2,0.8820868730545044,0.8807826042175293,0.8814342617988586,0.9033911824226379,0.9000483751296997,0.9017166495323181
./cnn/stories/4b964621a4d0a48bfb273badbade7f6dcb066365.story,style,paraphrase,2,3,0.8801499009132385,0.8779433965682983,0.8790451884269714,0.9568557739257812,0.9559846520423889,0.9564200639724731
./cnn/stories/4b964621a4d0a48bfb273badbade7f6dcb066365.story,content,shorten,0,1,0.8696496486663818,0.8446786999702454,0.8569823503494263,0.8696496486663818,0.8446786999702454,0.8569823503494263
./cnn/stories/4b964621a4d0a48bfb273badbade7f6dcb066365.story,content,shorten,0,2,0.8671460151672363,0.8396190404891968,0.8531605005264282,0.9626204967498779,0.9495448470115662,0.9560379385948181
./cnn/stories/4b964621a4d0a48bfb273badbade7f6dcb066365.story,content,shorten,0,3,0.8636994361877441,0.8360046148300171,0.849626362323761,0.9744880795478821,0.9671512842178345,0.970805823802948
./cnn/stories/4b964621a4d0a48bfb273badbade7f6dcb066365.story,content,shorten,1,1,0.877137303352356,0.8454260230064392,0.8609897494316101,0.877137303352356,0.8454260230064392,0.8609897494316101
./cnn/stories/4b964621a4d0a48bfb273badbade7f6dcb066365.story,content,shorten,1,2,0.8688026070594788,0.8362424373626709,0.8522116541862488,0.9588799476623535,0.9503025412559509,0.9545719027519226
./cnn/stories/4b964621a4d0a48bfb273badbade7f6dcb066365.story,content,shorten,1,3,0.8734397888183594,0.8312324285507202,0.8518136143684387,0.9788840413093567,0.9666299819946289,0.9727184772491455
./cnn/stories/4b964621a4d0a48bfb273badbade7f6dcb066365.story,content,shorten,2,1,0.8652979135513306,0.8518210649490356,0.8585065603256226,0.8652979135513306,0.8518210649490356,0.8585065603256226
./cnn/stories/4b964621a4d0a48bfb273badbade7f6dcb066365.story,content,shorten,2,2,0.8640859127044678,0.8451586961746216,0.8545174598693848,0.9465314745903015,0.9268707036972046,0.9365979433059692
./cnn/stories/4b964621a4d0a48bfb273badbade7f6dcb066365.story,content,shorten,2,3,0.8625974059104919,0.8411553502082825,0.8517414331436157,0.9775044918060303,0.9749196767807007,0.9762104153633118
./cnn/stories/4b964621a4d0a48bfb273badbade7f6dcb066365.story,content,elaborate,0,1,0.8567925691604614,0.8592248558998108,0.8580069541931152,0.8567925691604614,0.8592248558998108,0.8580069541931152
./cnn/stories/4b964621a4d0a48bfb273badbade7f6dcb066365.story,content,elaborate,0,2,0.8564615845680237,0.8550791144371033,0.8557698130607605,0.9302039742469788,0.9265850782394409,0.9283909797668457
./cnn/stories/4b964621a4d0a48bfb273badbade7f6dcb066365.story,content,elaborate,0,3,0.8471903800964355,0.8495482802391052,0.8483676314353943,0.9368677735328674,0.938983678817749,0.9379245042800903
./cnn/stories/4b964621a4d0a48bfb273badbade7f6dcb066365.story,content,elaborate,1,1,0.8648722171783447,0.8623440265655518,0.8636062145233154,0.8648722171783447,0.8623440265655518,0.8636062145233154
./cnn/stories/4b964621a4d0a48bfb273badbade7f6dcb066365.story,content,elaborate,1,2,0.8643394708633423,0.8579630851745605,0.8611394762992859,0.9267590045928955,0.9189881086349487,0.9228572249412537
./cnn/stories/4b964621a4d0a48bfb273badbade7f6dcb066365.story,content,elaborate,1,3,0.8552448749542236,0.8483594655990601,0.8517882227897644,0.9462993144989014,0.9459675550460815,0.9461333751678467
./cnn/stories/4b964621a4d0a48bfb273badbade7f6dcb066365.story,content,elaborate,2,1,0.8634377717971802,0.8633873462677002,0.8634125590324402,0.8634377717971802,0.8633873462677002,0.8634125590324402
./cnn/stories/4b964621a4d0a48bfb273badbade7f6dcb066365.story,content,elaborate,2,2,0.8608879446983337,0.8599284291267395,0.8604079484939575,0.9530439376831055,0.9493957161903381,0.9512163996696472
./cnn/stories/4b964621a4d0a48bfb273badbade7f6dcb066365.story,content,elaborate,2,3,0.8578840494155884,0.8568439483642578,0.8573636412620544,0.9614486694335938,0.9599196910858154,0.9606835246086121
./cnn/stories/778258d1fc8480c83d5bb33ab649c368a074c537.story,style,formality,0,1,0.8973934650421143,0.894013524055481,0.8957003355026245,0.8973934650421143,0.894013524055481,0.8957003355026245
./cnn/stories/778258d1fc8480c83d5bb33ab649c368a074c537.story,style,formality,0,2,0.8924060463905334,0.8884069919586182,0.89040207862854,0.9676536917686462,0.9676977396011353,0.9676757454872131
./cnn/stories/778258d1fc8480c83d5bb33ab649c368a074c537.story,style,formality,0,3,0.8873674273490906,0.8595626950263977,0.8732438087463379,0.9355663061141968,0.9064843654632568,0.920795738697052
./cnn/stories/778258d1fc8480c83d5bb33ab649c368a074c537.story,style,formality,1,1,0.8869935870170593,0.8745579719543457,0.8807318806648254,0.8869935870170593,0.8745579719543457,0.8807318806648254
./cnn/stories/778258d1fc8480c83d5bb33ab649c368a074c537.story,style,formality,1,2,0.8858513832092285,0.8694879412651062,0.8775933384895325,0.9604026675224304,0.949614942073822,0.9549782872200012
./cnn/stories/778258d1fc8480c83d5bb33ab649c368a074c537.story,style,formality,1,3,0.8878165483474731,0.869817852973938,0.8787250518798828,0.9806822538375854,0.9801594018936157,0.9804207682609558
./cnn/stories/778258d1fc8480c83d5bb33ab649c368a074c537.story,style,formality,2,1,0.8844292759895325,0.8726369142532349,0.8784934878349304,0.8844292759895325,0.8726369142532349,0.8784934878349304
./cnn/stories/778258d1fc8480c83d5bb33ab649c368a074c537.story,style,formality,2,2,0.874970555305481,0.8645125031471252,0.8697100877761841,0.9528490304946899,0.9564960598945618,0.9546689987182617
./cnn/stories/778258d1fc8480c83d5bb33ab649c368a074c537.story,style,formality,2,3,0.8701638579368591,0.8625746965408325,0.8663526773452759,0.9605085849761963,0.9669167995452881,0.9637020230293274
./cnn/stories/778258d1fc8480c83d5bb33ab649c368a074c537.story,style,paraphrase,0,1,0.8729593753814697,0.8447825908660889,0.8586398959159851,0.8729593753814697,0.8447825908660889,0.8586398959159851
./cnn/stories/778258d1fc8480c83d5bb33ab649c368a074c537.story,style,paraphrase,0,2,0.8714643716812134,0.8341969847679138,0.8524235486984253,0.9494146108627319,0.9444940686225891,0.9469479322433472
./cnn/stories/778258d1fc8480c83d5bb33ab649c368a074c537.story,style,paraphrase,0,3,0.8731251955032349,0.8416162133216858,0.8570811748504639,0.9525802135467529,0.9514386653900146,0.9520090818405151
./cnn/stories/778258d1fc8480c83d5bb33ab649c368a074c537.story,style,paraphrase,1,1,0.8923131823539734,0.8674895763397217,0.8797262907028198,0.8923131823539734,0.8674895763397217,0.8797262907028198
./cnn/stories/778258d1fc8480c83d5bb33ab649c368a074c537.story,style,paraphrase,1,2,0.8885207176208496,0.8633751273155212,0.8757674098014832,0.9727785587310791,0.9701042771339417,0.9714395999908447
./cnn/stories/778258d1fc8480c83d5bb33ab649c368a074c537.story,style,paraphrase,1,3,0.8889431357383728,0.8652873039245605,0.8769556879997253,0.974853515625,0.9777403473854065,0.9762948155403137
./cnn/stories/778258d1fc8480c83d5bb33ab649c368a074c537.story,style,paraphrase,2,1,0.8961523771286011,0.8938156366348267,0.8949824571609497,0.8961523771286011,0.8938156366348267,0.8949824571609497
./cnn/stories/778258d1fc8480c83d5bb33ab649c368a074c537.story,style,paraphrase,2,2,0.8965357542037964,0.8893830180168152,0.8929451107978821,0.9623092412948608,0.9541146755218506,0.9581944346427917
./cnn/stories/778258d1fc8480c83d5bb33ab649c368a074c537.story,style,paraphrase,2,3,0.8920907974243164,0.8854495286941528,0.8887577652931213,0.9462422132492065,0.940223217010498,0.9432231187820435
./cnn/stories/778258d1fc8480c83d5bb33ab649c368a074c537.story,content,shorten,0,1,0.8906071186065674,0.8618319630622864,0.8759833574295044,0.8906071186065674,0.8618319630622864,0.8759833574295044
./cnn/stories/778258d1fc8480c83d5bb33ab649c368a074c537.story,content,shorten,0,2,0.8799916505813599,0.8425073623657227,0.860841691493988,0.9615346789360046,0.9457909464836121,0.9535978436470032
./cnn/stories/778258d1fc8480c83d5bb33ab649c368a074c537.story,content,shorten,0,3,0.8769181966781616,0.8391193747520447,0.8576025366783142,0.9817326664924622,0.9755604863166809,0.9786368608474731
./cnn/stories/778258d1fc8480c83d5bb33ab649c368a074c537.story,content,shorten,1,1,0.8801357746124268,0.8432009816169739,0.8612726330757141,0.8801357746124268,0.8432009816169739,0.8612726330757141
./cnn/stories/778258d1fc8480c83d5bb33ab649c368a074c537.story,content,shorten,1,2,0.8762916326522827,0.8383986949920654,0.8569265007972717,0.970150351524353,0.9620122313499451,0.9660641551017761
./cnn/stories/778258d1fc8480c83d5bb33ab649c368a074c537.story,content,shorten,1,3,0.871708333492279,0.8349641561508179,0.8529406785964966,0.9650477766990662,0.9668916463851929,0.9659688472747803
./cnn/stories/778258d1fc8480c83d5bb33ab649c368a074c537.story,content,shorten,2,1,0.8784921765327454,0.8497307300567627,0.8638721108436584,0.8784921765327454,0.8497307300567627,0.8638721108436584
./cnn/stories/778258d1fc8480c83d5bb33ab649c368a074c537.story,content,shorten,2,2,0.873282790184021,0.8364982604980469,0.8544948101043701,0.9641226530075073,0.9539268016815186,0.9589976072311401
./cnn/stories/778258d1fc8480c83d5bb33ab649c368a074c537.story,content,shorten,2,3,0.867611825466156,0.8258544206619263,0.8462183475494385,0.9635882377624512,0.9465842843055725,0.9550105929374695
./cnn/stories/778258d1fc8480c83d5bb33ab649c368a074c537.story,content,elaborate,0,1,0.8786284923553467,0.8806676268577576,0.879646897315979,0.8786284923553467,0.8806676268577576,0.879646897315979
./cnn/stories/778258d1fc8480c83d5bb33ab649c368a074c537.story,content,elaborate,0,2,0.8714569807052612,0.8705587387084961,0.8710076212882996,0.9298511147499084,0.9283032417297363,0.9290765523910522
./cnn/stories/778258d1fc8480c83d5bb33ab649c368a074c537.story,content,elaborate,0,3,0.8693274259567261,0.8661435842514038,0.867732584476471,0.9224362373352051,0.9202262163162231,0.921329915523529
./cnn/stories/778258d1fc8480c83d5bb33ab649c368a074c537.story,content,elaborate,1,1,0.8788479566574097,0.8682857155799866,0.8735349178314209,0.8788479566574097,0.8682857155799866,0.8735349178314209
./cnn/stories/778258d1fc8480c83d5bb33ab649c368a074c537.story,content,elaborate,1,2,0.8738943338394165,0.8618417978286743,0.8678262233734131,0.9538653492927551,0.9536611437797546,0.9537632465362549
./cnn/stories/778258d1fc8480c83d5bb33ab649c368a074c537.story,content,elaborate,1,3,0.8717650175094604,0.8593960404396057,0.8655363321304321,0.947046160697937,0.947864294052124,0.9474550485610962
./cnn/stories/778258d1fc8480c83d5bb33ab649c368a074c537.story,content,elaborate,2,1,0.8775591850280762,0.8785996437072754,0.8780791163444519,0.8775591850280762,0.8785996437072754,0.8780791163444519
./cnn/stories/778258d1fc8480c83d5bb33ab649c368a074c537.story,content,elaborate,2,2,0.871458888053894,0.8685182332992554,0.8699861168861389,0.9327571988105774,0.9334197640419006,0.9330883622169495
./cnn/stories/778258d1fc8480c83d5bb33ab649c368a074c537.story,content,elaborate,2,3,0.8644716739654541,0.8577366471290588,0.8610910177230835,0.9260786771774292,0.9219318628311157,0.92400062084198
./cnn/stories/706f47285f49967837e1220cf87c3cb9e9e525ee.story,style,formality,0,1,0.8778830170631409,0.8889858722686768,0.8833996057510376,0.8778830170631409,0.8889858722686768,0.8833996057510376
./cnn/stories/706f47285f49967837e1220cf87c3cb9e9e525ee.story,style,formality,0,2,0.8700927495956421,0.8703958988189697,0.8702443242073059,0.9329590797424316,0.9118980169296265,0.9223083853721619
./cnn/stories/706f47285f49967837e1220cf87c3cb9e9e525ee.story,style,formality,0,3,0.8697192668914795,0.8676499128341675,0.8686833381652832,0.9791696071624756,0.9776649475097656,0.9784167408943176
./cnn/stories/706f47285f49967837e1220cf87c3cb9e9e525ee.story,style,formality,1,1,0.895175576210022,0.8987030982971191,0.8969358801841736,0.895175576210022,0.8987030982971191,0.8969358801841736
./cnn/stories/706f47285f49967837e1220cf87c3cb9e9e525ee.story,style,formality,1,2,0.8740637302398682,0.8757448196411133,0.8749035000801086,0.947618305683136,0.9358919858932495,0.941718578338623
./cnn/stories/706f47285f49967837e1220cf87c3cb9e9e525ee.story,style,formality,1,3,0.8664542436599731,0.8559372425079346,0.8611636161804199,0.9664198160171509,0.940843939781189,0.9534603953361511
./cnn/stories/706f47285f49967837e1220cf87c3cb9e9e525ee.story,style,formality,2,1,0.8833590149879456,0.8903251886367798,0.8868284225463867,0.8833590149879456,0.8903251886367798,0.8868284225463867
./cnn/stories/706f47285f49967837e1220cf87c3cb9e9e525ee.story,style,formality,2,2,0.8794878721237183,0.8840085864067078,0.8817424774169922,0.9536800384521484,0.9505592584609985,0.9521170854568481
./cnn/stories/706f47285f49967837e1220cf87c3cb9e9e525ee.story,style,formality,2,3,0.8747081160545349,0.8678227663040161,0.8712518811225891,0.9660859107971191,0.938982367515564,0.9523413181304932
./cnn/stories/706f47285f49967837e1220cf87c3cb9e9e525ee.story,style,paraphrase,0,1,0.8827551007270813,0.8731254935264587,0.8779138922691345,0.8827551007270813,0.8731254935264587,0.8779138922691345
./cnn/stories/706f47285f49967837e1220cf87c3cb9e9e525ee.story,style,paraphrase,0,2,0.869880735874176,0.8458345532417297,0.8576891422271729,0.945228099822998,0.9309780597686768,0.9380489587783813
./cnn/stories/706f47285f49967837e1220cf87c3cb9e9e525ee.story,style,paraphrase,0,3,0.8698306083679199,0.8476285934448242,0.8585861325263977,0.9635369777679443,0.9640036821365356,0.9637702703475952
./cnn/stories/706f47285f49967837e1220cf87c3cb9e9e525ee.story,style,paraphrase,1,1,0.8716375827789307,0.8745986223220825,0.873115599155426,0.8716375827789307,0.8745986223220825,0.873115599155426
./cnn/stories/706f47285f49967837e1220cf87c3cb9e9e525ee.story,style,paraphrase,1,2,0.8698863387107849,0.8667953014373779,0.8683380484580994,0.9603924751281738,0.9507503509521484,0.9555470943450928
./cnn/stories/706f47285f49967837e1220cf87c3cb9e9e525ee.story,style,paraphrase,1,3,0.8714856505393982,0.8658543229103088,0.8686608672142029,0.9648804068565369,0.9635485410690308,0.9642140865325928
./cnn/stories/706f47285f49967837e1220cf87c3cb9e9e525ee.story,style,paraphrase,2,1,0.8684328198432922,0.8741645216941833,0.8712892532348633,0.8684328198432922,0.8741645216941833,0.8712892532348633
./cnn/stories/706f47285f49967837e1220cf87c3cb9e9e525ee.story,style,paraphrase,2,2,0.8667457103729248,0.8732410669326782,0.8699812889099121,0.9677400588989258,0.9674995541572571,0.967619776725769
./cnn/stories/706f47285f49967837e1220cf87c3cb9e9e525ee.story,style,paraphrase,2,3,0.863452672958374,0.8682639598846436,0.865851640701294,0.9662354588508606,0.9651259779930115,0.9656803607940674
./cnn/stories/706f47285f49967837e1220cf87c3cb9e9e525ee.story,content,shorten,0,1,0.8753292560577393,0.8642092943191528,0.8697337508201599,0.8753292560577393,0.8642092943191528,0.8697337508201599
./cnn/stories/706f47285f49967837e1220cf87c3cb9e9e525ee.story,content,shorten,0,2,0.8710038661956787,0.850685715675354,0.8607248663902283,0.9547572135925293,0.933316707611084,0.9439152479171753
./cnn/stories/706f47285f49967837e1220cf87c3cb9e9e525ee.story,content,shorten,0,3,0.8615604043006897,0.8398022651672363,0.8505422472953796,0.9663063883781433,0.9464139938354492,0.9562566876411438
./cnn/stories/706f47285f49967837e1220cf87c3cb9e9e525ee.story,content,shorten,1,1,0.8716373443603516,0.8506975769996643,0.8610402345657349,0.8716373443603516,0.8506975769996643,0.8610402345657349
./cnn/stories/706f47285f49967837e1220cf87c3cb9e9e525ee.story,content,shorten,1,2,0.8702259063720703,0.8458626866340637,0.8578713536262512,0.9571080803871155,0.9448614716529846,0.9509453177452087
./cnn/stories/706f47285f49967837e1220cf87c3cb9e9e525ee.story,content,shorten,1,3,0.8690776824951172,0.8440289497375488,0.8563701510429382,0.9760103821754456,0.9738276600837708,0.9749178290367126
./cnn/stories/706f47285f49967837e1220cf87c3cb9e9e525ee.story,content,shorten,2,1,0.8664900660514832,0.8531507253646851,0.8597686886787415,0.8664900660514832,0.8531507253646851,0.8597686886787415
./cnn/stories/706f47285f49967837e1220cf87c3cb9e9e525ee.story,content,shorten,2,2,0.8688417673110962,0.8516887426376343,0.8601797223091125,0.973280668258667,0.9709376096725464,0.9721077084541321
./cnn/stories/706f47285f49967837e1220cf87c3cb9e9e525ee.story,content,shorten,2,3,0.863914966583252,0.847297191619873,0.8555253744125366,0.9737303256988525,0.965330958366394,0.9695124626159668
./cnn/stories/706f47285f49967837e1220cf87c3cb9e9e525ee.story,content,elaborate,0,1,0.8700587749481201,0.8798636794090271,0.8749337196350098,0.8700587749481201,0.8798636794090271,0.8749337196350098
./cnn/stories/706f47285f49967837e1220cf87c3cb9e9e525ee.story,content,elaborate,0,2,0.8627490997314453,0.8683812618255615,0.865556001663208,0.9396747946739197,0.9368552565574646,0.9382628798484802
./cnn/stories/706f47285f49967837e1220cf87c3cb9e9e525ee.story,content,elaborate,0,3,0.8621113300323486,0.8670176863670349,0.8645575642585754,0.9481685161590576,0.9463003277778625,0.9472335577011108
./cnn/stories/706f47285f49967837e1220cf87c3cb9e9e525ee.story,content,elaborate,1,1,0.8683571219444275,0.8619741201400757,0.8651538491249084,0.8683571219444275,0.8619741201400757,0.8651538491249084
./cnn/stories/706f47285f49967837e1220cf87c3cb9e9e525ee.story,content,elaborate,1,2,0.8587279915809631,0.8564479351043701,0.8575864434242249,0.9366469979286194,0.9483053684234619,0.9424402117729187
./cnn/stories/706f47285f49967837e1220cf87c3cb9e9e525ee.story,content,elaborate,1,3,0.8607063293457031,0.8449300527572632,0.8527452349662781,0.9459763765335083,0.9201874732971191,0.9329037070274353
./cnn/stories/706f47285f49967837e1220cf87c3cb9e9e525ee.story,content,elaborate,2,1,0.8730877637863159,0.8822956085205078,0.8776675462722778,0.8730877637863159,0.8822956085205078,0.8776675462722778
./cnn/stories/706f47285f49967837e1220cf87c3cb9e9e525ee.story,content,elaborate,2,2,0.858005702495575,0.8679971098899841,0.8629724383354187,0.9333314299583435,0.9252617359161377,0.9292790293693542
./cnn/stories/706f47285f49967837e1220cf87c3cb9e9e525ee.story,content,elaborate,2,3,0.8578082919120789,0.8651449680328369,0.8614609837532043,0.961694061756134,0.9588214159011841,0.9602555632591248
./cnn/stories/87c41a0c17143a88ea8234f102c100868fe86e58.story,style,formality,0,1,0.8904377818107605,0.8912520408630371,0.8908447027206421,0.8904377818107605,0.8912520408630371,0.8908447027206421
./cnn/stories/87c41a0c17143a88ea8234f102c100868fe86e58.story,style,formality,0,2,0.8855800628662109,0.8859270811080933,0.8857535719871521,0.961807131767273,0.9610260128974915,0.9614163637161255
./cnn/stories/87c41a0c17143a88ea8234f102c100868fe86e58.story,style,formality,0,3,0.8786314725875854,0.8818496465682983,0.8802376389503479,0.9656484723091125,0.9670231938362122,0.9663352966308594
./cnn/stories/87c41a0c17143a88ea8234f102c100868fe86e58.story,style,formality,1,1,0.8961236476898193,0.8949208855628967,0.895521879196167,0.8961236476898193,0.8949208855628967,0.895521879196167
./cnn/stories/87c41a0c17143a88ea8234f102c100868fe86e58.story,style,formality,1,2,0.8876091241836548,0.8874399662017822,0.8875245451927185,0.9612555503845215,0.9601304531097412,0.9606926441192627
./cnn/stories/87c41a0c17143a88ea8234f102c100868fe86e58.story,style,formality,1,3,0.8880759477615356,0.886235773563385,0.8871549367904663,0.9636253118515015,0.9624359011650085,0.9630302786827087
./cnn/stories/87c41a0c17143a88ea8234f102c100868fe86e58.story,style,formality,2,1,0.874969482421875,0.8717010021209717,0.873332142829895,0.874969482421875,0.8717010021209717,0.873332142829895
./cnn/stories/87c41a0c17143a88ea8234f102c100868fe86e58.story,style,formality,2,2,0.8743932247161865,0.8708779215812683,0.8726320266723633,0.9547942876815796,0.9498623609542847,0.9523219466209412
./cnn/stories/87c41a0c17143a88ea8234f102c100868fe86e58.story,style,formality,2,3,0.8704177141189575,0.8683000802993774,0.8693576455116272,0.9712862372398376,0.9722894430160522,0.9717875719070435
./cnn/stories/87c41a0c17143a88ea8234f102c100868fe86e58.story,style,paraphrase,0,1,0.8790616989135742,0.8728951215744019,0.8759675621986389,0.8790616989135742,0.8728951215744019,0.8759675621986389
./cnn/stories/87c41a0c17143a88ea8234f102c100868fe86e58.story,style,paraphrase,0,2,0.8696682453155518,0.858659029006958,0.864128589630127,0.9388256072998047,0.9296891093254089,0.9342350363731384
./cnn/stories/87c41a0c17143a88ea8234f102c100868fe86e58.story,style,paraphrase,0,3,0.8702837228775024,0.8574620485305786,0.8638253211975098,0.9600189328193665,0.9574463367462158,0.958730936050415
./cnn/stories/87c41a0c17143a88ea8234f102c100868fe86e58.story,style,paraphrase,1,1,0.8872849941253662,0.8879094123840332,0.8875970840454102,0.8872849941253662,0.8879094123840332,0.8875970840454102
./cnn/stories/87c41a0c17143a88ea8234f102c100868fe86e58.story,style,paraphrase,1,2,0.8791412115097046,0.8767279386520386,0.8779329657554626,0.9307751059532166,0.9283193945884705,0.9295456409454346
./cnn/stories/87c41a0c17143a88ea8234f102c100868fe86e58.story,style,paraphrase,1,3,0.8753254413604736,0.8736718893051147,0.8744978308677673,0.9621594548225403,0.9649330973625183,0.9635443091392517
./cnn/stories/87c41a0c17143a88ea8234f102c100868fe86e58.story,style,paraphrase,2,1,0.8662944436073303,0.8691126108169556,0.8677012324333191,0.8662944436073303,0.8691126108169556,0.8677012324333191
./cnn/stories/87c41a0c17143a88ea8234f102c100868fe86e58.story,style,paraphrase,2,2,0.8702833652496338,0.8694881200790405,0.8698855638504028,0.9484452605247498,0.9435230493545532,0.9459777474403381
./cnn/stories/87c41a0c17143a88ea8234f102c100868fe86e58.story,style,paraphrase,2,3,0.862130880355835,0.8578338027000427,0.8599769473075867,0.9341203570365906,0.9299846887588501,0.932047963142395
./cnn/stories/87c41a0c17143a88ea8234f102c100868fe86e58.story,content,shorten,0,1,0.8806373476982117,0.8467303514480591,0.8633511066436768,0.8806373476982117,0.8467303514480591,0.8633511066436768
./cnn/stories/87c41a0c17143a88ea8234f102c100868fe86e58.story,content,shorten,0,2,0.8735041618347168,0.8328945636749268,0.8527161478996277,0.9654636383056641,0.94093257188797,0.9530403017997742
./cnn/stories/87c41a0c17143a88ea8234f102c100868fe86e58.story,content,shorten,0,3,0.8742967844009399,0.8285555839538574,0.8508118391036987,0.981459379196167,0.9726879596710205,0.9770539999008179
./cnn/stories/87c41a0c17143a88ea8234f102c100868fe86e58.story,content,shorten,1,1,0.8695693612098694,0.8476964235305786,0.8584935665130615,0.8695693612098694,0.8476964235305786,0.8584935665130615
./cnn/stories/87c41a0c17143a88ea8234f102c100868fe86e58.story,content,shorten,1,2,0.8583618998527527,0.8313336372375488,0.8446316123008728,0.9518551230430603,0.9305269718170166,0.9410701990127563
./cnn/stories/87c41a0c17143a88ea8234f102c100868fe86e58.story,content,shorten,1,3,0.8584619760513306,0.8274602890014648,0.8426761031150818,0.9731057286262512,0.9648856520652771,0.9689782857894897
./cnn/stories/87c41a0c17143a88ea8234f102c100868fe86e58.story,content,shorten,2,1,0.8793106079101562,0.8705965280532837,0.8749318718910217,0.8793106079101562,0.8705965280532837,0.8749318718910217
./cnn/stories/87c41a0c17143a88ea8234f102c100868fe86e58.story,content,shorten,2,2,0.8729932904243469,0.8570331931114197,0.8649395704269409,0.9602482318878174,0.9377036094665527,0.9488420486450195
./cnn/stories/87c41a0c17143a88ea8234f102c100868fe86e58.story,content,shorten,2,3,0.8730355501174927,0.855164647102356,0.8640077114105225,0.9738261699676514,0.9718759059906006,0.9728500843048096
./cnn/stories/87c41a0c17143a88ea8234f102c100868fe86e58.story,content,elaborate,0,1,0.8765113353729248,0.8731057643890381,0.874805212020874,0.8765113353729248,0.8731057643890381,0.874805212020874
./cnn/stories/87c41a0c17143a88ea8234f102c100868fe86e58.story,content,elaborate,0,2,0.8608556985855103,0.8596799373626709,0.8602674603462219,0.9294301867485046,0.9306823015213013,0.9300558567047119
./cnn/stories/87c41a0c17143a88ea8234f102c100868fe86e58.story,content,elaborate,0,3,0.8590788841247559,0.8582682013511658,0.8586732745170593,0.9448721408843994,0.9432480931282043,0.944059431552887
./cnn/stories/87c41a0c17143a88ea8234f102c100868fe86e58.story,content,elaborate,1,1,0.9098208546638489,0.9037891626358032,0.9067949652671814,0.9098208546638489,0.9037891626358032,0.9067949652671814
./cnn/stories/87c41a0c17143a88ea8234f102c100868fe86e58.story,content,elaborate,1,2,0.8907069563865662,0.8911401033401489,0.8909235000610352,0.921933114528656,0.926539957523346,0.9242308139801025
./cnn/stories/87c41a0c17143a88ea8234f102c100868fe86e58.story,content,elaborate,1,3,0.8692597150802612,0.8684657216072083,0.868862509727478,0.9234937429428101,0.9229049682617188,0.9231992363929749
./cnn/stories/87c41a0c17143a88ea8234f102c100868fe86e58.story,content,elaborate,2,1,0.8782092928886414,0.8830294609069824,0.8806127309799194,0.8782092928886414,0.8830294609069824,0.8806127309799194
./cnn/stories/87c41a0c17143a88ea8234f102c100868fe86e58.story,content,elaborate,2,2,0.8748686909675598,0.8785812854766846,0.8767210841178894,0.9505738615989685,0.9477488994598389,0.9491592049598694
./cnn/stories/87c41a0c17143a88ea8234f102c100868fe86e58.story,content,elaborate,2,3,0.8702608346939087,0.8740232586860657,0.8721379637718201,0.9537514448165894,0.9535551071166992,0.9536532759666443
./cnn/stories/3447caeafb093d967917149ac86e9ee558b018e3.story,style,formality,0,1,0.8816213607788086,0.8902102708816528,0.8858949542045593,0.8816213607788086,0.8902102708816528,0.8858949542045593
./cnn/stories/3447caeafb093d967917149ac86e9ee558b018e3.story,style,formality,0,2,0.8714184761047363,0.874888002872467,0.8731498718261719,0.9265782237052917,0.9185088276863098,0.9225258827209473
./cnn/stories/3447caeafb093d967917149ac86e9ee558b018e3.story,style,formality,0,3,0.8679448366165161,0.8727555274963379,0.8703435063362122,0.9745887517929077,0.9776915311813354,0.9761376976966858
./cnn/stories/3447caeafb093d967917149ac86e9ee558b018e3.story,style,formality,1,1,0.9106264114379883,0.9167414903640747,0.9136736989021301,0.9106264114379883,0.9167414903640747,0.9136736989021301
./cnn/stories/3447caeafb093d967917149ac86e9ee558b018e3.story,style,formality,1,2,0.8837341070175171,0.8841172456741333,0.8839256167411804,0.9264189004898071,0.9219253659248352,0.9241666197776794
./cnn/stories/3447caeafb093d967917149ac86e9ee558b018e3.story,style,formality,1,3,0.8762468695640564,0.8820457458496094,0.8791367411613464,0.9740248918533325,0.9758280515670776,0.9749256372451782
./cnn/stories/3447caeafb093d967917149ac86e9ee558b018e3.story,style,formality,2,1,0.882845401763916,0.8889615535736084,0.885892927646637,0.882845401763916,0.8889615535736084,0.885892927646637
./cnn/stories/3447caeafb093d967917149ac86e9ee558b018e3.story,style,formality,2,2,0.880059003829956,0.8855094313621521,0.8827757835388184,0.9721612930297852,0.9706510901451111,0.9714056253433228
./cnn/stories/3447caeafb093d967917149ac86e9ee558b018e3.story,style,formality,2,3,0.876632809638977,0.8821961879730225,0.879405677318573,0.9724774956703186,0.9719964861869812,0.9722369313240051
./cnn/stories/3447caeafb093d967917149ac86e9ee558b018e3.story,style,paraphrase,0,1,0.8783509731292725,0.8551822900772095,0.8666117787361145,0.8783509731292725,0.8551822900772095,0.8666117787361145
./cnn/stories/3447caeafb093d967917149ac86e9ee558b018e3.story,style,paraphrase,0,2,0.876345157623291,0.8526949882507324,0.8643583655357361,0.9658821821212769,0.9649425745010376,0.9654121398925781
./cnn/stories/3447caeafb093d967917149ac86e9ee558b018e3.story,style,paraphrase,0,3,0.8763564229011536,0.8501414060592651,0.8630498647689819,0.9685579538345337,0.9662477970123291,0.9674015045166016
./cnn/stories/3447caeafb093d967917149ac86e9ee558b018e3.story,style,paraphrase,1,1,0.8871386051177979,0.8630468249320984,0.8749268651008606,0.8871386051177979,0.8630468249320984,0.8749268651008606
./cnn/stories/3447caeafb093d967917149ac86e9ee558b018e3.story,style,paraphrase,1,2,0.8834084272384644,0.8609236478805542,0.8720211386680603,0.9639592170715332,0.9657454490661621,0.9648514986038208
./cnn/stories/3447caeafb093d967917149ac86e9ee558b018e3.story,style,paraphrase,1,3,0.878063440322876,0.8571444749832153,0.8674778938293457,0.966131865978241,0.9648258686065674,0.9654783606529236
./cnn/stories/3447caeafb093d967917149ac86e9ee558b018e3.story,style,paraphrase,2,1,0.8708216547966003,0.8620023727416992,0.8663895726203918,0.8708216547966003,0.8620023727416992,0.8663895726203918
./cnn/stories/3447caeafb093d967917149ac86e9ee558b018e3.story,style,paraphrase,2,2,0.868793249130249,0.8589385747909546,0.8638377785682678,0.9586570858955383,0.9602010846138,0.9594284296035767
./cnn/stories/3447caeafb093d967917149ac86e9ee558b018e3.story,style,paraphrase,2,3,0.864952027797699,0.85190349817276,0.8583782315254211,0.963260293006897,0.9579366445541382,0.9605910778045654
./cnn/stories/3447caeafb093d967917149ac86e9ee558b018e3.story,content,shorten,0,1,0.9025842547416687,0.8472087979316711,0.8740203380584717,0.9025842547416687,0.8472087979316711,0.8740203380584717
./cnn/stories/3447caeafb093d967917149ac86e9ee558b018e3.story,content,shorten,0,2,0.8991987109184265,0.8408476114273071,0.869044840335846,0.9859364628791809,0.9765802621841431,0.9812360405921936
./cnn/stories/3447caeafb093d967917149ac86e9ee558b018e3.story,content,shorten,0,3,0.9021027088165283,0.841309666633606,0.8706462383270264,0.9898144006729126,0.9871675372123718,0.9884892106056213
./cnn/stories/3447caeafb093d967917149ac86e9ee558b018e3.story,content,shorten,1,1,0.8948490619659424,0.8329545259475708,0.8627932071685791,0.8948490619659424,0.8329545259475708,0.8627932071685791
./cnn/stories/3447caeafb093d967917149ac86e9ee558b018e3.story,content,shorten,1,2,0.8912149667739868,0.8250519633293152,0.8568581342697144,0.972449779510498,0.9578592777252197,0.9650993943214417
./cnn/stories/3447caeafb093d967917149ac86e9ee558b018e3.story,content,shorten,1,3,0.8934677839279175,0.8226979970932007,0.8566237092018127,0.9759838581085205,0.9702650904655457,0.9731160402297974
./cnn/stories/3447caeafb093d967917149ac86e9ee558b018e3.story,content,shorten,2,1,0.8853259086608887,0.862047553062439,0.8735316395759583,0.8853259086608887,0.862047553062439,0.8735316395759583
./cnn/stories/3447caeafb093d967917149ac86e9ee558b018e3.story,content,shorten,2,2,0.8713230490684509,0.8490861058235168,0.8600608706474304,0.9505549669265747,0.9382774829864502,0.9443763494491577
./cnn/stories/3447caeafb093d967917149ac86e9ee558b018e3.story,content,shorten,2,3,0.8720294237136841,0.8506736755371094,0.8612191677093506,0.9761363863945007,0.9777340292930603,0.9769346117973328
./cnn/stories/3447caeafb093d967917149ac86e9ee558b018e3.story,content,elaborate,0,1,0.8738743662834167,0.8742674589157104,0.874070942401886,0.8738743662834167,0.8742674589157104,0.874070942401886
./cnn/stories/3447caeafb093d967917149ac86e9ee558b018e3.story,content,elaborate,0,2,0.8638728260993958,0.8690269589424133,0.8664422631263733,0.941684365272522,0.9461605548858643,0.9439171552658081
./cnn/stories/3447caeafb093d967917149ac86e9ee558b018e3.story,content,elaborate,0,3,0.8611304759979248,0.8640563488006592,0.8625909686088562,0.9539573788642883,0.9549626111984253,0.9544597268104553
./cnn/stories/3447caeafb093d967917149ac86e9ee558b018e3.story,content,elaborate,1,1,0.8817321062088013,0.8726612329483032,0.8771731853485107,0.8817321062088013,0.8726612329483032,0.8771731853485107
./cnn/stories/3447caeafb093d967917149ac86e9ee558b018e3.story,content,elaborate,1,2,0.8656644821166992,0.8650823831558228,0.8653733134269714,0.9438243508338928,0.9531965851783752,0.9484873414039612
./cnn/stories/3447caeafb093d967917149ac86e9ee558b018e3.story,content,elaborate,1,3,0.8667628765106201,0.8634459972381592,0.8651012778282166,0.955240786075592,0.9516813158988953,0.9534577131271362
./cnn/stories/3447caeafb093d967917149ac86e9ee558b018e3.story,content,elaborate,2,1,0.8738840818405151,0.8848018646240234,0.8793091177940369,0.8738840818405151,0.8848018646240234,0.8793091177940369
./cnn/stories/3447caeafb093d967917149ac86e9ee558b018e3.story,content,elaborate,2,2,0.867058277130127,0.875227689743042,0.8711237907409668,0.946213960647583,0.942994236946106,0.9446013569831848
./cnn/stories/3447caeafb093d967917149ac86e9ee558b018e3.story,content,elaborate,2,3,0.8667583465576172,0.8730453848838806,0.8698904514312744,0.9498988389968872,0.9446892142295837,0.9472869038581848
./cnn/stories/512e80a87a428d2ee0ff32b00c98c1f4abdac48f.story,style,formality,0,1,0.8988965749740601,0.9021944999694824,0.9005424976348877,0.8988965749740601,0.9021944999694824,0.9005424976348877
./cnn/stories/512e80a87a428d2ee0ff32b00c98c1f4abdac48f.story,style,formality,0,2,0.8728640079498291,0.8780462741851807,0.8754475116729736,0.9106371402740479,0.9092604517936707,0.9099482297897339
./cnn/stories/512e80a87a428d2ee0ff32b00c98c1f4abdac48f.story,style,formality,0,3,0.8717104196548462,0.8777603507041931,0.8747249841690063,0.9846513271331787,0.9847933650016785,0.9847223162651062
./cnn/stories/512e80a87a428d2ee0ff32b00c98c1f4abdac48f.story,style,formality,1,1,0.8978829383850098,0.9006628394126892,0.8992707133293152,0.8978829383850098,0.9006628394126892,0.8992707133293152
./cnn/stories/512e80a87a428d2ee0ff32b00c98c1f4abdac48f.story,style,formality,1,2,0.8974179029464722,0.8979383111000061,0.8976779580116272,0.9715826511383057,0.9702266454696655,0.9709041714668274
./cnn/stories/512e80a87a428d2ee0ff32b00c98c1f4abdac48f.story,style,formality,1,3,0.8805596232414246,0.8779653906822205,0.8792605996131897,0.944229245185852,0.9458521604537964,0.9450399875640869
./cnn/stories/512e80a87a428d2ee0ff32b00c98c1f4abdac48f.story,style,formality,2,1,0.8911551237106323,0.8830034732818604,0.8870605826377869,0.8911551237106323,0.8830034732818604,0.8870605826377869
./cnn/stories/512e80a87a428d2ee0ff32b00c98c1f4abdac48f.story,style,formality,2,2,0.880338191986084,0.8730123043060303,0.8766599297523499,0.9624254703521729,0.9640617966651917,0.9632429480552673
./cnn/stories/512e80a87a428d2ee0ff32b00c98c1f4abdac48f.story,style,formality,2,3,0.8734139800071716,0.8670015931129456,0.8701959848403931,0.9703845381736755,0.9718137383460999,0.9710986018180847
./cnn/stories/512e80a87a428d2ee0ff32b00c98c1f4abdac48f.story,style,paraphrase,0,1,0.8637028932571411,0.857826828956604,0.8607547879219055,0.8637028932571411,0.857826828956604,0.8607547879219055
./cnn/stories/512e80a87a428d2ee0ff32b00c98c1f4abdac48f.story,style,paraphrase,0,2,0.8577724695205688,0.856421709060669,0.8570965528488159,0.9570059180259705,0.9604409337043762,0.9587203860282898
./cnn/stories/512e80a87a428d2ee0ff32b00c98c1f4abdac48f.story,style,paraphrase,0,3,0.8538473844528198,0.8500406742095947,0.8519397377967834,0.9685994386672974,0.9665368795394897,0.9675670862197876
./cnn/stories/512e80a87a428d2ee0ff32b00c98c1f4abdac48f.story,style,paraphrase,1,1,0.8816204071044922,0.883530855178833,0.8825746178627014,0.8816204071044922,0.883530855178833,0.8825746178627014
./cnn/stories/512e80a87a428d2ee0ff32b00c98c1f4abdac48f.story,style,paraphrase,1,2,0.8876469135284424,0.8813064694404602,0.8844653367996216,0.9670195579528809,0.9547273516654968,0.9608340859413147
./cnn/stories/512e80a87a428d2ee0ff32b00c98c1f4abdac48f.story,style,paraphrase,1,3,0.8863216042518616,0.879833459854126,0.8830656409263611,0.9807112216949463,0.9806488752365112,0.9806800484657288
./cnn/stories/512e80a87a428d2ee0ff32b00c98c1f4abdac48f.story,style,paraphrase,2,1,0.8637572526931763,0.868078887462616,0.8659127354621887,0.8637572526931763,0.868078887462616,0.8659127354621887
./cnn/stories/512e80a87a428d2ee0ff32b00c98c1f4abdac48f.story,style,paraphrase,2,2,0.8703475594520569,0.8682780265808105,0.8693116307258606,0.9542460441589355,0.9359100461006165,0.9449891448020935
./cnn/stories/512e80a87a428d2ee0ff32b00c98c1f4abdac48f.story,style,paraphrase,2,3,0.8658221960067749,0.8634973764419556,0.8646582365036011,0.9660329818725586,0.9652522206306458,0.965642511844635
./cnn/stories/512e80a87a428d2ee0ff32b00c98c1f4abdac48f.story,content,shorten,0,1,0.8514515161514282,0.8461490869522095,0.8487920165061951,0.8514515161514282,0.8461490869522095,0.8487920165061951
./cnn/stories/512e80a87a428d2ee0ff32b00c98c1f4abdac48f.story,content,shorten,0,2,0.8507091999053955,0.8383950591087341,0.8445072174072266,0.9779269099235535,0.9690427780151367,0.9734645485877991
./cnn/stories/512e80a87a428d2ee0ff32b00c98c1f4abdac48f.story,content,shorten,0,3,0.8487071394920349,0.837372362613678,0.8430016040802002,0.991142749786377,0.9866547584533691,0.9888936281204224
./cnn/stories/512e80a87a428d2ee0ff32b00c98c1f4abdac48f.story,content,shorten,1,1,0.8626041412353516,0.8373348712921143,0.8497816920280457,0.8626041412353516,0.8373348712921143,0.8497816920280457
./cnn/stories/512e80a87a428d2ee0ff32b00c98c1f4abdac48f.story,content,shorten,1,2,0.8610656261444092,0.8345744609832764,0.8476131558418274,0.9736081957817078,0.9696135520935059,0.9716067910194397
./cnn/stories/512e80a87a428d2ee0ff32b00c98c1f4abdac48f.story,content,shorten,1,3,0.8604533672332764,0.8344665765762329,0.8472607731819153,0.9876775145530701,0.9862587451934814,0.9869676232337952
./cnn/stories/512e80a87a428d2ee0ff32b00c98c1f4abdac48f.story,content,shorten,2,1,0.8667846918106079,0.8773744702339172,0.8720474243164062,0.8667846918106079,0.8773744702339172,0.8720474243164062
./cnn/stories/512e80a87a428d2ee0ff32b00c98c1f4abdac48f.story,content,shorten,2,2,0.8482998013496399,0.8518481254577637,0.8500702381134033,0.9506347179412842,0.9284141659736633,0.9393930435180664
./cnn/stories/512e80a87a428d2ee0ff32b00c98c1f4abdac48f.story,content,shorten,2,3,0.8487229347229004,0.8487281799316406,0.8487255573272705,0.9719993472099304,0.9642010927200317,0.9680845141410828
./cnn/stories/512e80a87a428d2ee0ff32b00c98c1f4abdac48f.story,content,elaborate,0,1,0.8652451038360596,0.8678921461105347,0.8665665984153748,0.8652451038360596,0.8678921461105347,0.8665665984153748
./cnn/stories/512e80a87a428d2ee0ff32b00c98c1f4abdac48f.story,content,elaborate,0,2,0.8542492389678955,0.8562508821487427,0.8552489280700684,0.9391164183616638,0.9372260570526123,0.9381702542304993
./cnn/stories/512e80a87a428d2ee0ff32b00c98c1f4abdac48f.story,content,elaborate,0,3,0.8367186784744263,0.8376634120941162,0.8371908068656921,0.9129951000213623,0.9106802940368652,0.9118362069129944
./cnn/stories/512e80a87a428d2ee0ff32b00c98c1f4abdac48f.story,content,elaborate,1,1,0.8733206987380981,0.8789827227592468,0.8761425614356995,0.8733206987380981,0.8789827227592468,0.8761425614356995
./cnn/stories/512e80a87a428d2ee0ff32b00c98c1f4abdac48f.story,content,elaborate,1,2,0.8605525493621826,0.854708194732666,0.8576204180717468,0.9355878233909607,0.9213860034942627,0.9284325838088989
./cnn/stories/512e80a87a428d2ee0ff32b00c98c1f4abdac48f.story,content,elaborate,1,3,0.856791615486145,0.8484624624252319,0.8526067137718201,0.9245833158493042,0.9300998449325562,0.9273333549499512
./cnn/stories/512e80a87a428d2ee0ff32b00c98c1f4abdac48f.story,content,elaborate,2,1,0.9025038480758667,0.9009677171707153,0.9017350673675537,0.9025038480758667,0.9009677171707153,0.9017350673675537
./cnn/stories/512e80a87a428d2ee0ff32b00c98c1f4abdac48f.story,content,elaborate,2,2,0.8950116634368896,0.8918580412864685,0.893432080745697,0.9521245956420898,0.9484500288963318,0.9502837657928467
./cnn/stories/512e80a87a428d2ee0ff32b00c98c1f4abdac48f.story,content,elaborate,2,3,0.8775660395622253,0.8787938356399536,0.8781795501708984,0.933261513710022,0.9353218674659729,0.9342905282974243
./cnn/stories/73cb3690e5352c1c47c96ee1b2086692c4915a7c.story,style,formality,0,1,0.9210410714149475,0.9117042422294617,0.9163488745689392,0.9210410714149475,0.9117042422294617,0.9163488745689392
./cnn/stories/73cb3690e5352c1c47c96ee1b2086692c4915a7c.story,style,formality,0,2,0.9149021506309509,0.9021514654159546,0.9084821343421936,0.9608128666877747,0.956392765045166,0.9585977792739868
./cnn/stories/73cb3690e5352c1c47c96ee1b2086692c4915a7c.story,style,formality,0,3,0.9029317498207092,0.8859314918518066,0.8943508863449097,0.9517823457717896,0.9441756010055542,0.9479637145996094
./cnn/stories/73cb3690e5352c1c47c96ee1b2086692c4915a7c.story,style,formality,1,1,0.9125126004219055,0.8886012434959412,0.9003982543945312,0.9125126004219055,0.8886012434959412,0.9003982543945312
./cnn/stories/73cb3690e5352c1c47c96ee1b2086692c4915a7c.story,style,formality,1,2,0.9073836207389832,0.8831692934036255,0.8951127529144287,0.9579718112945557,0.9576561450958252,0.9578139185905457
./cnn/stories/73cb3690e5352c1c47c96ee1b2086692c4915a7c.story,style,formality,1,3,0.9022018909454346,0.8796603083610535,0.8907884955406189,0.973538875579834,0.9745185375213623,0.974028468132019
./cnn/stories/73cb3690e5352c1c47c96ee1b2086692c4915a7c.story,style,formality,2,1,0.9256582260131836,0.896493673324585,0.9108425378799438,0.9256582260131836,0.896493673324585,0.9108425378799438
./cnn/stories/73cb3690e5352c1c47c96ee1b2086692c4915a7c.story,style,formality,2,2,0.9183514714241028,0.8893324136734009,0.9036089777946472,0.9636107683181763,0.9598323106765747,0.9617178440093994
./cnn/stories/73cb3690e5352c1c47c96ee1b2086692c4915a7c.story,style,formality,2,3,0.9168785810470581,0.8889473676681519,0.902696967124939,0.9710712432861328,0.9741235971450806,0.9725950360298157
./cnn/stories/73cb3690e5352c1c47c96ee1b2086692c4915a7c.story,style,paraphrase,0,1,0.9121817946434021,0.8667057752609253,0.8888624906539917,0.9121817946434021,0.8667057752609253,0.8888624906539917
./cnn/stories/73cb3690e5352c1c47c96ee1b2086692c4915a7c.story,style,paraphrase,0,2,0.906028151512146,0.8572993278503418,0.8809904456138611,0.9642624855041504,0.9575443863868713,0.9608917236328125
./cnn/stories/73cb3690e5352c1c47c96ee1b2086692c4915a7c.story,style,paraphrase,0,3,0.9063541293144226,0.8553091883659363,0.8800921440124512,0.968378484249115,0.96696537733078,0.9676714539527893
./cnn/stories/73cb3690e5352c1c47c96ee1b2086692c4915a7c.story,style,paraphrase,1,1,0.9302193522453308,0.8801519870758057,0.9044933319091797,0.9302193522453308,0.8801519870758057,0.9044933319091797
./cnn/stories/73cb3690e5352c1c47c96ee1b2086692c4915a7c.story,style,paraphrase,1,2,0.9210764765739441,0.8672894239425659,0.8933740854263306,0.9695842266082764,0.9603415727615356,0.9649407267570496
./cnn/stories/73cb3690e5352c1c47c96ee1b2086692c4915a7c.story,style,paraphrase,1,3,0.911341667175293,0.8607852458953857,0.8853423595428467,0.9648494720458984,0.963100254535675,0.963974118232727
./cnn/stories/73cb3690e5352c1c47c96ee1b2086692c4915a7c.story,style,paraphrase,2,1,0.9132990837097168,0.8838823437690735,0.8983500003814697,0.9132990837097168,0.8838823437690735,0.8983500003814697
./cnn/stories/73cb3690e5352c1c47c96ee1b2086692c4915a7c.story,style,paraphrase,2,2,0.9147970676422119,0.8826634287834167,0.8984429836273193,0.9675227999687195,0.965051531791687,0.9662856459617615
./cnn/stories/73cb3690e5352c1c47c96ee1b2086692c4915a7c.story,style,paraphrase,2,3,0.909600019454956,0.8731090426445007,0.8909810185432434,0.9612860083580017,0.9540573358535767,0.957658052444458
./cnn/stories/73cb3690e5352c1c47c96ee1b2086692c4915a7c.story,content,shorten,0,1,0.9192773103713989,0.8535160422325134,0.8851770162582397,0.9192773103713989,0.8535160422325134,0.8851770162582397
./cnn/stories/73cb3690e5352c1c47c96ee1b2086692c4915a7c.story,content,shorten,0,2,0.9121107459068298,0.8453409075737,0.8774574995040894,0.9768954515457153,0.9681081175804138,0.9724819660186768
./cnn/stories/73cb3690e5352c1c47c96ee1b2086692c4915a7c.story,content,shorten,0,3,0.9112950563430786,0.8413692116737366,0.8749371767044067,0.9831445217132568,0.977323055267334,0.980225145816803
./cnn/stories/73cb3690e5352c1c47c96ee1b2086692c4915a7c.story,content,shorten,1,1,0.9220515489578247,0.8538351655006409,0.8866331577301025,0.9220515489578247,0.8538351655006409,0.8866331577301025
./cnn/stories/73cb3690e5352c1c47c96ee1b2086692c4915a7c.story,content,shorten,1,2,0.9099199771881104,0.8382505774497986,0.872616171836853,0.964716911315918,0.9476683735847473,0.9561166763305664
./cnn/stories/73cb3690e5352c1c47c96ee1b2086692c4915a7c.story,content,shorten,1,3,0.9047955274581909,0.834348201751709,0.8681450486183167,0.9813270568847656,0.977802038192749,0.9795613884925842
./cnn/stories/73cb3690e5352c1c47c96ee1b2086692c4915a7c.story,content,shorten,2,1,0.9225123524665833,0.8659711480140686,0.893347978591919,0.9225123524665833,0.8659711480140686,0.893347978591919
./cnn/stories/73cb3690e5352c1c47c96ee1b2086692c4915a7c.story,content,shorten,2,2,0.9171884655952454,0.8599903583526611,0.8876689672470093,0.9767311811447144,0.9684308767318726,0.9725633263587952
./cnn/stories/73cb3690e5352c1c47c96ee1b2086692c4915a7c.story,content,shorten,2,3,0.9201256036758423,0.854541003704071,0.8861214518547058,0.97906893491745,0.9716945290565491,0.9753677845001221
./cnn/stories/73cb3690e5352c1c47c96ee1b2086692c4915a7c.story,content,elaborate,0,1,0.9127762317657471,0.8868212699890137,0.8996115922927856,0.9127762317657471,0.8868212699890137,0.8996115922927856
./cnn/stories/73cb3690e5352c1c47c96ee1b2086692c4915a7c.story,content,elaborate,0,2,0.8995386362075806,0.8879431486129761,0.893703281879425,0.9391061067581177,0.9541047215461731,0.9465459585189819
./cnn/stories/73cb3690e5352c1c47c96ee1b2086692c4915a7c.story,content,elaborate,0,3,0.9001426696777344,0.8830970525741577,0.8915383815765381,0.9509308338165283,0.9432101249694824,0.9470547437667847
./cnn/stories/73cb3690e5352c1c47c96ee1b2086692c4915a7c.story,content,elaborate,1,1,0.9184311628341675,0.894859254360199,0.9064920544624329,0.9184311628341675,0.894859254360199,0.9064920544624329
./cnn/stories/73cb3690e5352c1c47c96ee1b2086692c4915a7c.story,content,elaborate,1,2,0.9017983675003052,0.8849368691444397,0.8932880163192749,0.9446545839309692,0.9516457319259644,0.9481372833251953
./cnn/stories/73cb3690e5352c1c47c96ee1b2086692c4915a7c.story,content,elaborate,1,3,0.8980538845062256,0.8785215020179749,0.8881803154945374,0.9615784883499146,0.9586818814277649,0.9601279497146606
./cnn/stories/73cb3690e5352c1c47c96ee1b2086692c4915a7c.story,content,elaborate,2,1,0.9173091650009155,0.896870493888855,0.906974732875824,0.9173091650009155,0.896870493888855,0.906974732875824
./cnn/stories/73cb3690e5352c1c47c96ee1b2086692c4915a7c.story,content,elaborate,2,2,0.898669958114624,0.8909479975700378,0.8947922587394714,0.9409816265106201,0.9569680094718933,0.9489074945449829
./cnn/stories/73cb3690e5352c1c47c96ee1b2086692c4915a7c.story,content,elaborate,2,3,0.8931891918182373,0.8870044350624084,0.8900861144065857,0.9572141766548157,0.9605460166931152,0.9588772058486938
./cnn/stories/86adf9d9437db54b725934d30fea1d9997fd2138.story,style,formality,0,1,0.8770653009414673,0.868851900100708,0.8729392886161804,0.8770653009414673,0.868851900100708,0.8729392886161804
./cnn/stories/86adf9d9437db54b725934d30fea1d9997fd2138.story,style,formality,0,2,0.8694546222686768,0.8628846406936646,0.8661571741104126,0.9670089483261108,0.9686310887336731,0.967819333076477
./cnn/stories/86adf9d9437db54b725934d30fea1d9997fd2138.story,style,formality,0,3,0.8683029413223267,0.8601747751235962,0.8642197251319885,0.9677954316139221,0.9721412658691406,0.9699634909629822
./cnn/stories/86adf9d9437db54b725934d30fea1d9997fd2138.story,style,formality,1,1,0.8740321397781372,0.868708610534668,0.8713622689247131,0.8740321397781372,0.868708610534668,0.8713622689247131
./cnn/stories/86adf9d9437db54b725934d30fea1d9997fd2138.story,style,formality,1,2,0.8726985454559326,0.8668071031570435,0.8697428703308105,0.9665907621383667,0.9679164886474609,0.9672531485557556
./cnn/stories/86adf9d9437db54b725934d30fea1d9997fd2138.story,style,formality,1,3,0.8702267408370972,0.8652925491333008,0.8677526712417603,0.9743903875350952,0.9742950201034546,0.9743427038192749
./cnn/stories/86adf9d9437db54b725934d30fea1d9997fd2138.story,style,formality,2,1,0.8861985802650452,0.8750855922698975,0.880607008934021,0.8861985802650452,0.8750855922698975,0.880607008934021
./cnn/stories/86adf9d9437db54b725934d30fea1d9997fd2138.story,style,formality,2,2,0.8836351037025452,0.8692883253097534,0.8764029741287231,0.9583898782730103,0.9536694884300232,0.9560238718986511
./cnn/stories/86adf9d9437db54b725934d30fea1d9997fd2138.story,style,formality,2,3,0.8830797672271729,0.8668913841247559,0.8749106526374817,0.9741226434707642,0.9730859994888306,0.9736040830612183
./cnn/stories/86adf9d9437db54b725934d30fea1d9997fd2138.story,style,paraphrase,0,1,0.894404947757721,0.8752491474151611,0.8847233653068542,0.894404947757721,0.8752491474151611,0.8847233653068542
./cnn/stories/86adf9d9437db54b725934d30fea1d9997fd2138.story,style,paraphrase,0,2,0.8889853954315186,0.8655955791473389,0.8771345615386963,0.94352787733078,0.9358021020889282,0.9396491646766663
./cnn/stories/86adf9d9437db54b725934d30fea1d9997fd2138.story,style,paraphrase,0,3,0.8867919445037842,0.8672378063201904,0.8769058585166931,0.9579671621322632,0.962417721748352,0.9601873159408569
./cnn/stories/86adf9d9437db54b725934d30fea1d9997fd2138.story,style,paraphrase,1,1,0.8887351751327515,0.8599571585655212,0.8741093873977661,0.8887351751327515,0.8599571585655212,0.8741093873977661
./cnn/stories/86adf9d9437db54b725934d30fea1d9997fd2138.story,style,paraphrase,1,2,0.88663649559021,0.8571198582649231,0.8716284036636353,0.9540873765945435,0.9506856799125671,0.9523835182189941
./cnn/stories/86adf9d9437db54b725934d30fea1d9997fd2138.story,style,paraphrase,1,3,0.8845124244689941,0.852471649646759,0.8681965470314026,0.9635644555091858,0.9578588008880615,0.9607031345367432
./cnn/stories/86adf9d9437db54b725934d30fea1d9997fd2138.story,style,paraphrase,2,1,0.8954765796661377,0.8862513303756714,0.8908400535583496,0.8954765796661377,0.8862513303756714,0.8908400535583496
./cnn/stories/86adf9d9437db54b725934d30fea1d9997fd2138.story,style,paraphrase,2,2,0.8896227478981018,0.8812987804412842,0.885441243648529,0.9539281725883484,0.9549976587295532,0.9544626474380493
./cnn/stories/86adf9d9437db54b725934d30fea1d9997fd2138.story,style,paraphrase,2,3,0.8827040195465088,0.872923731803894,0.8777866363525391,0.9572099447250366,0.955322265625,0.9562651515007019
./cnn/stories/86adf9d9437db54b725934d30fea1d9997fd2138.story,content,shorten,0,1,0.8943682909011841,0.8540335297584534,0.8737356662750244,0.8943682909011841,0.8540335297584534,0.8737356662750244
./cnn/stories/86adf9d9437db54b725934d30fea1d9997fd2138.story,content,shorten,0,2,0.8771543502807617,0.8294740319252014,0.852648138999939,0.9487887024879456,0.9216076135635376,0.9350005984306335
./cnn/stories/86adf9d9437db54b725934d30fea1d9997fd2138.story,content,shorten,0,3,0.8709003925323486,0.8232235312461853,0.8463910818099976,0.9704809784889221,0.958999514579773,0.9647060632705688
./cnn/stories/86adf9d9437db54b725934d30fea1d9997fd2138.story,content,shorten,1,1,0.8957785367965698,0.8503508567810059,0.8724737167358398,0.8957785367965698,0.8503508567810059,0.8724737167358398
./cnn/stories/86adf9d9437db54b725934d30fea1d9997fd2138.story,content,shorten,1,2,0.8807224035263062,0.8137027621269226,0.8458871841430664,0.942328691482544,0.8971726894378662,0.9191964268684387
./cnn/stories/86adf9d9437db54b725934d30fea1d9997fd2138.story,content,shorten,1,3,0.884427547454834,0.810818076133728,0.846024751663208,0.97263503074646,0.9498139023780823,0.9610890746116638
./cnn/stories/86adf9d9437db54b725934d30fea1d9997fd2138.story,content,shorten,2,1,0.8736373782157898,0.8393945097923279,0.8561736941337585,0.8736373782157898,0.8393945097923279,0.8561736941337585
./cnn/stories/86adf9d9437db54b725934d30fea1d9997fd2138.story,content,shorten,2,2,0.8712228536605835,0.8370972871780396,0.8538192510604858,0.9656012058258057,0.9585075378417969,0.9620413184165955
./cnn/stories/86adf9d9437db54b725934d30fea1d9997fd2138.story,content,shorten,2,3,0.8691153526306152,0.8370815515518188,0.8527976870536804,0.9638379812240601,0.9651800990104675,0.964508593082428
./cnn/stories/86adf9d9437db54b725934d30fea1d9997fd2138.story,content,elaborate,0,1,0.8709571361541748,0.8687757849693298,0.8698650598526001,0.8709571361541748,0.8687757849693298,0.8698650598526001
./cnn/stories/86adf9d9437db54b725934d30fea1d9997fd2138.story,content,elaborate,0,2,0.856899082660675,0.8567657470703125,0.8568324446678162,0.9440312385559082,0.9464514851570129,0.9452398419380188
./cnn/stories/86adf9d9437db54b725934d30fea1d9997fd2138.story,content,elaborate,0,3,0.8514840602874756,0.8502317667007446,0.8508574366569519,0.9251083731651306,0.923359215259552,0.9242329597473145
./cnn/stories/86adf9d9437db54b725934d30fea1d9997fd2138.story,content,elaborate,1,1,0.9059770703315735,0.8833996057510376,0.89454585313797,0.9059770703315735,0.8833996057510376,0.89454585313797
./cnn/stories/86adf9d9437db54b725934d30fea1d9997fd2138.story,content,elaborate,1,2,0.8905373811721802,0.8734414577484131,0.8819065690040588,0.9382374286651611,0.9485940337181091,0.9433872699737549
./cnn/stories/86adf9d9437db54b725934d30fea1d9997fd2138.story,content,elaborate,1,3,0.8889305591583252,0.8706978559494019,0.8797197341918945,0.9546745419502258,0.9515976309776306,0.9531335830688477
./cnn/stories/86adf9d9437db54b725934d30fea1d9997fd2138.story,content,elaborate,2,1,0.8846602439880371,0.8821730613708496,0.8834149241447449,0.8846602439880371,0.8821730613708496,0.8834149241447449
./cnn/stories/86adf9d9437db54b725934d30fea1d9997fd2138.story,content,elaborate,2,2,0.8798376321792603,0.8724439740180969,0.8761252164840698,0.9378529191017151,0.9332729578018188,0.9355573058128357
./cnn/stories/86adf9d9437db54b725934d30fea1d9997fd2138.story,content,elaborate,2,3,0.8795373439788818,0.8729385137557983,0.8762255311012268,0.9452318549156189,0.9430596828460693,0.9441444873809814
./cnn/stories/97ed47519371db40473f71f77a52a7beb5f0a7ef.story,style,formality,0,1,0.8379467725753784,0.8431522846221924,0.8405414819717407,0.8379467725753784,0.8431522846221924,0.8405414819717407
./cnn/stories/97ed47519371db40473f71f77a52a7beb5f0a7ef.story,style,formality,0,2,0.8343571424484253,0.8321577310562134,0.8332560062408447,0.9171806573867798,0.898252010345459,0.9076176881790161
./cnn/stories/97ed47519371db40473f71f77a52a7beb5f0a7ef.story,style,formality,0,3,0.8311589360237122,0.8302429914474487,0.830700695514679,0.9594470858573914,0.9639431238174438,0.9616898894309998
./cnn/stories/97ed47519371db40473f71f77a52a7beb5f0a7ef.story,style,formality,1,1,0.8371276259422302,0.8390809297561646,0.838103175163269,0.8371276259422302,0.8390809297561646,0.838103175163269
./cnn/stories/97ed47519371db40473f71f77a52a7beb5f0a7ef.story,style,formality,1,2,0.8369313478469849,0.8361072540283203,0.8365191221237183,0.948637843132019,0.946414053440094,0.9475246071815491
./cnn/stories/97ed47519371db40473f71f77a52a7beb5f0a7ef.story,style,formality,1,3,0.8367681503295898,0.8351051807403564,0.8359358310699463,0.9721752405166626,0.9726405143737793,0.9724078178405762
./cnn/stories/97ed47519371db40473f71f77a52a7beb5f0a7ef.story,style,formality,2,1,0.8346273899078369,0.839818000793457,0.8372146487236023,0.8346273899078369,0.839818000793457,0.8372146487236023
./cnn/stories/97ed47519371db40473f71f77a52a7beb5f0a7ef.story,style,formality,2,2,0.8351889252662659,0.8407424688339233,0.837956428527832,0.9622224569320679,0.9596326947212219,0.960925817489624
./cnn/stories/97ed47519371db40473f71f77a52a7beb5f0a7ef.story,style,formality,2,3,0.8318189978599548,0.8367148637771606,0.8342598080635071,0.9596000909805298,0.9598901271820068,0.9597450494766235
./cnn/stories/97ed47519371db40473f71f77a52a7beb5f0a7ef.story,style,paraphrase,0,1,0.8450385332107544,0.8349499702453613,0.839963972568512,0.8450385332107544,0.8349499702453613,0.839963972568512
./cnn/stories/97ed47519371db40473f71f77a52a7beb5f0a7ef.story,style,paraphrase,0,2,0.8441162109375,0.8269758224487305,0.8354580998420715,0.934485912322998,0.9252946972846985,0.9298676252365112
./cnn/stories/97ed47519371db40473f71f77a52a7beb5f0a7ef.story,style,paraphrase,0,3,0.843961238861084,0.8270443677902222,0.8354172110557556,0.9460757374763489,0.9501680135726929,0.9481174349784851
./cnn/stories/97ed47519371db40473f71f77a52a7beb5f0a7ef.story,style,paraphrase,1,1,0.8494235277175903,0.8467870950698853,0.8481032848358154,0.8494235277175903,0.8467870950698853,0.8481032848358154
./cnn/stories/97ed47519371db40473f71f77a52a7beb5f0a7ef.story,style,paraphrase,1,2,0.8458151817321777,0.8375486135482788,0.8416616320610046,0.9246323108673096,0.9086517095565796,0.9165723323822021
./cnn/stories/97ed47519371db40473f71f77a52a7beb5f0a7ef.story,style,paraphrase,1,3,0.8498417735099792,0.8373051881790161,0.8435269594192505,0.9614124298095703,0.9556030035018921,0.9584988951683044
./cnn/stories/97ed47519371db40473f71f77a52a7beb5f0a7ef.story,style,paraphrase,2,1,0.8454640507698059,0.8479740619659424,0.8467172384262085,0.8454640507698059,0.8479740619659424,0.8467172384262085
./cnn/stories/97ed47519371db40473f71f77a52a7beb5f0a7ef.story,style,paraphrase,2,2,0.8480656147003174,0.8466453552246094,0.8473549485206604,0.9237473011016846,0.9138803482055664,0.9187873601913452
./cnn/stories/97ed47519371db40473f71f77a52a7beb5f0a7ef.story,style,paraphrase,2,3,0.8489364385604858,0.8467111587524414,0.8478223085403442,0.9407681822776794,0.9396814107894897,0.9402244687080383
./cnn/stories/97ed47519371db40473f71f77a52a7beb5f0a7ef.story,content,shorten,0,1,0.864453911781311,0.8263334631919861,0.8449640274047852,0.864453911781311,0.8263334631919861,0.8449640274047852
./cnn/stories/97ed47519371db40473f71f77a52a7beb5f0a7ef.story,content,shorten,0,2,0.8673712015151978,0.8253867626190186,0.8458583354949951,0.9717466235160828,0.967186450958252,0.9694611430168152
./cnn/stories/97ed47519371db40473f71f77a52a7beb5f0a7ef.story,content,shorten,0,3,0.8618536591529846,0.8203355073928833,0.8405821919441223,0.9709666967391968,0.964592695236206,0.967769205570221
./cnn/stories/97ed47519371db40473f71f77a52a7beb5f0a7ef.story,content,shorten,1,1,0.8435328602790833,0.8159708976745605,0.8295230269432068,0.8435328602790833,0.8159708976745605,0.8295230269432068
./cnn/stories/97ed47519371db40473f71f77a52a7beb5f0a7ef.story,content,shorten,1,2,0.8507322072982788,0.8100965023040771,0.8299172520637512,0.9412791728973389,0.9228208661079407,0.9319586753845215
./cnn/stories/97ed47519371db40473f71f77a52a7beb5f0a7ef.story,content,shorten,1,3,0.8510479927062988,0.8129447102546692,0.8315601348876953,0.9610253572463989,0.9643909931182861,0.9627051949501038
./cnn/stories/97ed47519371db40473f71f77a52a7beb5f0a7ef.story,content,shorten,2,1,0.8371361494064331,0.8378525972366333,0.8374942541122437,0.8371361494064331,0.8378525972366333,0.8374942541122437
./cnn/stories/97ed47519371db40473f71f77a52a7beb5f0a7ef.story,content,shorten,2,2,0.8381389379501343,0.8343538045883179,0.8362420797348022,0.9570261240005493,0.9477962255477905,0.9523888230323792
./cnn/stories/97ed47519371db40473f71f77a52a7beb5f0a7ef.story,content,shorten,2,3,0.8435983061790466,0.8323287963867188,0.8379256725311279,0.9512332677841187,0.9293038249015808,0.9401406645774841
./cnn/stories/97ed47519371db40473f71f77a52a7beb5f0a7ef.story,content,elaborate,0,1,0.8320283889770508,0.8400192856788635,0.8360047936439514,0.8320283889770508,0.8400192856788635,0.8360047936439514
./cnn/stories/97ed47519371db40473f71f77a52a7beb5f0a7ef.story,content,elaborate,0,2,0.833380937576294,0.8385705351829529,0.8359676599502563,0.9124661684036255,0.907596230506897,0.9100247025489807
./cnn/stories/97ed47519371db40473f71f77a52a7beb5f0a7ef.story,content,elaborate,0,3,0.8315871953964233,0.839707612991333,0.8356276750564575,0.9446583986282349,0.9444432258605957,0.9445508122444153
./cnn/stories/97ed47519371db40473f71f77a52a7beb5f0a7ef.story,content,elaborate,1,1,0.8457317352294922,0.843193531036377,0.8444607257843018,0.8457317352294922,0.843193531036377,0.8444607257843018
./cnn/stories/97ed47519371db40473f71f77a52a7beb5f0a7ef.story,content,elaborate,1,2,0.8376430869102478,0.8403401970863342,0.8389894962310791,0.9115869998931885,0.9167864322662354,0.9141793251037598
./cnn/stories/97ed47519371db40473f71f77a52a7beb5f0a7ef.story,content,elaborate,1,3,0.8346328735351562,0.8368107080459595,0.8357203602790833,0.9241888523101807,0.9249496459960938,0.9245691299438477
./cnn/stories/97ed47519371db40473f71f77a52a7beb5f0a7ef.story,content,elaborate,2,1,0.8406068086624146,0.8432132601737976,0.8419080376625061,0.8406068086624146,0.8432132601737976,0.8419080376625061
./cnn/stories/97ed47519371db40473f71f77a52a7beb5f0a7ef.story,content,elaborate,2,2,0.8360050916671753,0.8376674056053162,0.8368354439735413,0.9206047058105469,0.9178241491317749,0.9192123413085938
./cnn/stories/97ed47519371db40473f71f77a52a7beb5f0a7ef.story,content,elaborate,2,3,0.833104133605957,0.8361150026321411,0.8346068859100342,0.9462553262710571,0.9448287487030029,0.945541501045227
./cnn/stories/589d86e3c38ce73de86525181be2b9fc95bbddab.story,style,formality,0,1,0.8976985812187195,0.8971147537231445,0.8974065184593201,0.8976985812187195,0.8971147537231445,0.8974065184593201
./cnn/stories/589d86e3c38ce73de86525181be2b9fc95bbddab.story,style,formality,0,2,0.8976536393165588,0.893001914024353,0.8953217267990112,0.9577867388725281,0.9554579854011536,0.956620991230011
./cnn/stories/589d86e3c38ce73de86525181be2b9fc95bbddab.story,style,formality,0,3,0.8882803916931152,0.8858388662338257,0.8870579600334167,0.9561039209365845,0.9587002396583557,0.9574002623558044
./cnn/stories/589d86e3c38ce73de86525181be2b9fc95bbddab.story,style,formality,1,1,0.9000227451324463,0.8993434906005859,0.8996829986572266,0.9000227451324463,0.8993434906005859,0.8996829986572266
./cnn/stories/589d86e3c38ce73de86525181be2b9fc95bbddab.story,style,formality,1,2,0.8990457057952881,0.8970449566841125,0.898044228553772,0.9568027257919312,0.9534701108932495,0.9551335573196411
./cnn/stories/589d86e3c38ce73de86525181be2b9fc95bbddab.story,style,formality,1,3,0.8936431407928467,0.891357421875,0.8924988508224487,0.9677449464797974,0.9672852158546448,0.9675149917602539
./cnn/stories/589d86e3c38ce73de86525181be2b9fc95bbddab.story,style,formality,2,1,0.9012213349342346,0.8953666090965271,0.8982844352722168,0.9012213349342346,0.8953666090965271,0.8982844352722168
./cnn/stories/589d86e3c38ce73de86525181be2b9fc95bbddab.story,style,formality,2,2,0.896507203578949,0.8920094966888428,0.8942526578903198,0.9571470022201538,0.9576376676559448,0.9573922753334045
./cnn/stories/589d86e3c38ce73de86525181be2b9fc95bbddab.story,style,formality,2,3,0.8938878178596497,0.888933539390564,0.8914037942886353,0.9606627225875854,0.9609887599945068,0.9608256816864014
./cnn/stories/589d86e3c38ce73de86525181be2b9fc95bbddab.story,style,paraphrase,0,1,0.888879656791687,0.8710123300552368,0.8798552751541138,0.888879656791687,0.8710123300552368,0.8798552751541138
./cnn/stories/589d86e3c38ce73de86525181be2b9fc95bbddab.story,style,paraphrase,0,2,0.8819413781166077,0.8653579354286194,0.87357097864151,0.9525878429412842,0.9536042213439941,0.9530957341194153
./cnn/stories/589d86e3c38ce73de86525181be2b9fc95bbddab.story,style,paraphrase,0,3,0.880058228969574,0.8636763095855713,0.8717902898788452,0.9484522342681885,0.949580729007721,0.9490161538124084
./cnn/stories/589d86e3c38ce73de86525181be2b9fc95bbddab.story,style,paraphrase,1,1,0.8819862008094788,0.881172239780426,0.8815790414810181,0.8819862008094788,0.881172239780426,0.8815790414810181
./cnn/stories/589d86e3c38ce73de86525181be2b9fc95bbddab.story,style,paraphrase,1,2,0.8720389008522034,0.8669705390930176,0.8694973587989807,0.9375104904174805,0.9324982762336731,0.9349977374076843
./cnn/stories/589d86e3c38ce73de86525181be2b9fc95bbddab.story,style,paraphrase,1,3,0.8673411011695862,0.8615744709968567,0.8644481301307678,0.9536012411117554,0.9487423896789551,0.9511656165122986
./cnn/stories/589d86e3c38ce73de86525181be2b9fc95bbddab.story,style,paraphrase,2,1,0.9054642915725708,0.9033056497573853,0.9043837189674377,0.9054642915725708,0.9033056497573853,0.9043837189674377
./cnn/stories/589d86e3c38ce73de86525181be2b9fc95bbddab.story,style,paraphrase,2,2,0.8908400535583496,0.8812490701675415,0.8860185742378235,0.9300669431686401,0.9229073524475098,0.9264732599258423
./cnn/stories/589d86e3c38ce73de86525181be2b9fc95bbddab.story,style,paraphrase,2,3,0.8877079486846924,0.8812164068222046,0.8844502568244934,0.9500993490219116,0.9525824785232544,0.9513393044471741
./cnn/stories/589d86e3c38ce73de86525181be2b9fc95bbddab.story,content,shorten,0,1,0.8881993889808655,0.8567848205566406,0.872209370136261,0.8881993889808655,0.8567848205566406,0.872209370136261
./cnn/stories/589d86e3c38ce73de86525181be2b9fc95bbddab.story,content,shorten,0,2,0.876000165939331,0.8229272365570068,0.8486347198486328,0.9439887404441833,0.9065170288085938,0.9248734712600708
./cnn/stories/589d86e3c38ce73de86525181be2b9fc95bbddab.story,content,shorten,0,3,0.8755080699920654,0.8202129006385803,0.8469589352607727,0.9763236045837402,0.9729214906692505,0.9746195673942566
./cnn/stories/589d86e3c38ce73de86525181be2b9fc95bbddab.story,content,shorten,1,1,0.8766756057739258,0.8450005054473877,0.8605466485023499,0.8766756057739258,0.8450005054473877,0.8605466485023499
./cnn/stories/589d86e3c38ce73de86525181be2b9fc95bbddab.story,content,shorten,1,2,0.8765712976455688,0.8438911437988281,0.859920859336853,0.9716441631317139,0.9666079878807068,0.9691195487976074
./cnn/stories/589d86e3c38ce73de86525181be2b9fc95bbddab.story,content,shorten,1,3,0.8767915964126587,0.8354936838150024,0.8556446433067322,0.9678846597671509,0.9573750495910645,0.9626011848449707
./cnn/stories/589d86e3c38ce73de86525181be2b9fc95bbddab.story,content,shorten,2,1,0.8810520768165588,0.8601098656654358,0.8704550266265869,0.8810520768165588,0.8601098656654358,0.8704550266265869
./cnn/stories/589d86e3c38ce73de86525181be2b9fc95bbddab.story,content,shorten,2,2,0.8800579309463501,0.8549033403396606,0.8672982454299927,0.9593677520751953,0.9516285061836243,0.9554824829101562
./cnn/stories/589d86e3c38ce73de86525181be2b9fc95bbddab.story,content,shorten,2,3,0.8794772028923035,0.8544588088989258,0.8667874932289124,0.9747473001480103,0.9736267328262329,0.9741867184638977
./cnn/stories/589d86e3c38ce73de86525181be2b9fc95bbddab.story,content,elaborate,0,1,0.9030005931854248,0.8965634703636169,0.8997704982757568,0.9030005931854248,0.8965634703636169,0.8997704982757568
./cnn/stories/589d86e3c38ce73de86525181be2b9fc95bbddab.story,content,elaborate,0,2,0.8803702592849731,0.8677998781204224,0.874039888381958,0.9167964458465576,0.9100513458251953,0.9134114384651184
./cnn/stories/589d86e3c38ce73de86525181be2b9fc95bbddab.story,content,elaborate,0,3,0.8697707056999207,0.8632352352142334,0.8664906024932861,0.9292253255844116,0.9348720908164978,0.9320401549339294
./cnn/stories/589d86e3c38ce73de86525181be2b9fc95bbddab.story,content,elaborate,1,1,0.9023174047470093,0.9003070592880249,0.9013110995292664,0.9023174047470093,0.9003070592880249,0.9013110995292664
./cnn/stories/589d86e3c38ce73de86525181be2b9fc95bbddab.story,content,elaborate,1,2,0.89406418800354,0.8925632238388062,0.8933130502700806,0.9376587271690369,0.9386367797851562,0.9381474852561951
./cnn/stories/589d86e3c38ce73de86525181be2b9fc95bbddab.story,content,elaborate,1,3,0.8768281936645508,0.8772507905960083,0.8770394325256348,0.9314287900924683,0.9303621053695679,0.9308951497077942
./cnn/stories/589d86e3c38ce73de86525181be2b9fc95bbddab.story,content,elaborate,2,1,0.8928765654563904,0.8864022493362427,0.8896276950836182,0.8928765654563904,0.8864022493362427,0.8896276950836182
./cnn/stories/589d86e3c38ce73de86525181be2b9fc95bbddab.story,content,elaborate,2,2,0.8805158138275146,0.8758676648139954,0.8781856298446655,0.9307673573493958,0.9283891916275024,0.9295766949653625
./cnn/stories/589d86e3c38ce73de86525181be2b9fc95bbddab.story,content,elaborate,2,3,0.8725050687789917,0.8675893545150757,0.8700402975082397,0.9563711881637573,0.9567313194274902,0.956551194190979
./cnn/stories/b311d3d123093547a9aefcd48485e07d2d494bec.story,style,formality,0,1,0.8642340302467346,0.867701530456543,0.8659643530845642,0.8642340302467346,0.867701530456543,0.8659643530845642
./cnn/stories/b311d3d123093547a9aefcd48485e07d2d494bec.story,style,formality,0,2,0.8585841655731201,0.8640203475952148,0.8612936735153198,0.9541794657707214,0.9550691843032837,0.9546241164207458
./cnn/stories/b311d3d123093547a9aefcd48485e07d2d494bec.story,style,formality,0,3,0.8459333181381226,0.8519024848937988,0.8489074110984802,0.9311394095420837,0.9319397211074829,0.9315394163131714
./cnn/stories/b311d3d123093547a9aefcd48485e07d2d494bec.story,style,formality,1,1,0.8776074051856995,0.8796831369400024,0.8786439895629883,0.8776074051856995,0.8796831369400024,0.8786439895629883
./cnn/stories/b311d3d123093547a9aefcd48485e07d2d494bec.story,style,formality,1,2,0.8660053014755249,0.8728784322738647,0.8694283366203308,0.9518280029296875,0.9524466395378113,0.9521371722221375
./cnn/stories/b311d3d123093547a9aefcd48485e07d2d494bec.story,style,formality,1,3,0.8656247854232788,0.8699038624763489,0.8677589893341064,0.9678970575332642,0.9667559266090393,0.9673261046409607
./cnn/stories/b311d3d123093547a9aefcd48485e07d2d494bec.story,style,formality,2,1,0.8532253503799438,0.8607499599456787,0.8569711446762085,0.8532253503799438,0.8607499599456787,0.8569711446762085
./cnn/stories/b311d3d123093547a9aefcd48485e07d2d494bec.story,style,formality,2,2,0.8491827249526978,0.853149950504303,0.8511617183685303,0.9551823139190674,0.9518340826034546,0.953505277633667
./cnn/stories/b311d3d123093547a9aefcd48485e07d2d494bec.story,style,formality,2,3,0.8487176895141602,0.8504345417022705,0.8495752215385437,0.9717776775360107,0.9721168875694275,0.971947193145752
./cnn/stories/b311d3d123093547a9aefcd48485e07d2d494bec.story,style,paraphrase,0,1,0.8566540479660034,0.8506875038146973,0.8536603450775146,0.8566540479660034,0.8506875038146973,0.8536603450775146
./cnn/stories/b311d3d123093547a9aefcd48485e07d2d494bec.story,style,paraphrase,0,2,0.8590670228004456,0.8492013216018677,0.8541056513786316,0.954399824142456,0.9464812278747559,0.9504240155220032
./cnn/stories/b311d3d123093547a9aefcd48485e07d2d494bec.story,style,paraphrase,0,3,0.858893632888794,0.8488732576370239,0.8538540601730347,0.9546071887016296,0.9582778215408325,0.9564390182495117
./cnn/stories/b311d3d123093547a9aefcd48485e07d2d494bec.story,style,paraphrase,1,1,0.8736668229103088,0.8749551773071289,0.8743105530738831,0.8736668229103088,0.8749551773071289,0.8743105530738831
./cnn/stories/b311d3d123093547a9aefcd48485e07d2d494bec.story,style,paraphrase,1,2,0.8703935742378235,0.8696057796478271,0.8699995279312134,0.9422216415405273,0.9387137293815613,0.9404643774032593
./cnn/stories/b311d3d123093547a9aefcd48485e07d2d494bec.story,style,paraphrase,1,3,0.8621644973754883,0.8393256664276123,0.8505918383598328,0.909111499786377,0.877526044845581,0.8930395841598511
./cnn/stories/b311d3d123093547a9aefcd48485e07d2d494bec.story,style,paraphrase,2,1,0.8624067306518555,0.8686816692352295,0.8655328154563904,0.8624067306518555,0.8686816692352295,0.8655328154563904
./cnn/stories/b311d3d123093547a9aefcd48485e07d2d494bec.story,style,paraphrase,2,2,0.864037036895752,0.8628424406051636,0.8634393215179443,0.9462958574295044,0.9389285445213318,0.9425978660583496
./cnn/stories/b311d3d123093547a9aefcd48485e07d2d494bec.story,style,paraphrase,2,3,0.8613995313644409,0.8632246851921082,0.8623111844062805,0.9513049125671387,0.9537889957427979,0.9525453448295593
./cnn/stories/b311d3d123093547a9aefcd48485e07d2d494bec.story,content,shorten,0,1,0.8802649974822998,0.8590394258499146,0.8695226907730103,0.8802649974822998,0.8590394258499146,0.8695226907730103
./cnn/stories/b311d3d123093547a9aefcd48485e07d2d494bec.story,content,shorten,0,2,0.8860768675804138,0.8562743067741394,0.870920717716217,0.9706741571426392,0.9569693803787231,0.9637730121612549
./cnn/stories/b311d3d123093547a9aefcd48485e07d2d494bec.story,content,shorten,0,3,0.8825916051864624,0.8498767614364624,0.8659253120422363,0.9757662415504456,0.9701074361801147,0.9729285836219788
./cnn/stories/b311d3d123093547a9aefcd48485e07d2d494bec.story,content,shorten,1,1,0.8786827325820923,0.8606389760971069,0.8695672750473022,0.8786827325820923,0.8606389760971069,0.8695672750473022
./cnn/stories/b311d3d123093547a9aefcd48485e07d2d494bec.story,content,shorten,1,2,0.8765166401863098,0.8577597737312317,0.867036759853363,0.9654107093811035,0.95791095495224,0.9616461992263794
./cnn/stories/b311d3d123093547a9aefcd48485e07d2d494bec.story,content,shorten,1,3,0.8664035797119141,0.8518068194389343,0.8590431809425354,0.9594605565071106,0.9586663246154785,0.9590633511543274
./cnn/stories/b311d3d123093547a9aefcd48485e07d2d494bec.story,content,shorten,2,1,0.8708184361457825,0.858258068561554,0.8644925951957703,0.8708184361457825,0.858258068561554,0.8644925951957703
./cnn/stories/b311d3d123093547a9aefcd48485e07d2d494bec.story,content,shorten,2,2,0.8630954027175903,0.8459639549255371,0.8544437885284424,0.9556623697280884,0.9446529746055603,0.9501258134841919
./cnn/stories/b311d3d123093547a9aefcd48485e07d2d494bec.story,content,shorten,2,3,0.8652828931808472,0.8451536893844604,0.8550998568534851,0.9700586795806885,0.9623739123344421,0.9662010073661804
./cnn/stories/b311d3d123093547a9aefcd48485e07d2d494bec.story,content,elaborate,0,1,0.8663685917854309,0.8720324635505676,0.8691912889480591,0.8663685917854309,0.8720324635505676,0.8691912889480591
./cnn/stories/b311d3d123093547a9aefcd48485e07d2d494bec.story,content,elaborate,0,2,0.8576920032501221,0.861963152885437,0.8598222732543945,0.9244420528411865,0.9210351705551147,0.9227354526519775
./cnn/stories/b311d3d123093547a9aefcd48485e07d2d494bec.story,content,elaborate,0,3,0.8399796485900879,0.8471226692199707,0.8435360193252563,0.9018427133560181,0.9083442687988281,0.9050818085670471
./cnn/stories/b311d3d123093547a9aefcd48485e07d2d494bec.story,content,elaborate,1,1,0.8594403266906738,0.8589566946029663,0.8591983914375305,0.8594403266906738,0.8589566946029663,0.8591983914375305
./cnn/stories/b311d3d123093547a9aefcd48485e07d2d494bec.story,content,elaborate,1,2,0.8494957685470581,0.8550921082496643,0.8522847294807434,0.927125096321106,0.9300326704978943,0.928576648235321
./cnn/stories/b311d3d123093547a9aefcd48485e07d2d494bec.story,content,elaborate,1,3,0.8514873385429382,0.8520997762680054,0.8517934679985046,0.9524341821670532,0.949920654296875,0.9511757493019104
./cnn/stories/b311d3d123093547a9aefcd48485e07d2d494bec.story,content,elaborate,2,1,0.8550262451171875,0.8619211912155151,0.8584598898887634,0.8550262451171875,0.8619211912155151,0.8584598898887634
./cnn/stories/b311d3d123093547a9aefcd48485e07d2d494bec.story,content,elaborate,2,2,0.8549234867095947,0.8565870523452759,0.8557544350624084,0.9167999029159546,0.9166423678398132,0.9167211651802063
./cnn/stories/b311d3d123093547a9aefcd48485e07d2d494bec.story,content,elaborate,2,3,0.8355217576026917,0.8345263004302979,0.835023820400238,0.8885428309440613,0.8883448839187622,0.8884438276290894
./cnn/stories/f3f934ef7f19642d44da7678c06a859f103363b1.story,style,formality,0,1,0.902077317237854,0.8887184858322144,0.895348072052002,0.902077317237854,0.8887184858322144,0.895348072052002
./cnn/stories/f3f934ef7f19642d44da7678c06a859f103363b1.story,style,formality,0,2,0.8882688283920288,0.8766485452651978,0.8824204206466675,0.9579628705978394,0.9599175453186035,0.958939254283905
./cnn/stories/f3f934ef7f19642d44da7678c06a859f103363b1.story,style,formality,0,3,0.8832661509513855,0.8696293830871582,0.8763946890830994,0.9676330089569092,0.9636557698249817,0.9656403064727783
./cnn/stories/f3f934ef7f19642d44da7678c06a859f103363b1.story,style,formality,1,1,0.9081225395202637,0.8750823736190796,0.89129638671875,0.9081225395202637,0.8750823736190796,0.89129638671875
./cnn/stories/f3f934ef7f19642d44da7678c06a859f103363b1.story,style,formality,1,2,0.9003419876098633,0.8689594864845276,0.8843724727630615,0.9619160294532776,0.9658876657485962,0.9638977646827698
./cnn/stories/f3f934ef7f19642d44da7678c06a859f103363b1.story,style,formality,1,3,0.8963169455528259,0.8684673309326172,0.8821724057197571,0.9629900455474854,0.966465950012207,0.9647248387336731
./cnn/stories/f3f934ef7f19642d44da7678c06a859f103363b1.story,style,formality,2,1,0.9046623110771179,0.877861738204956,0.891060471534729,0.9046623110771179,0.877861738204956,0.891060471534729
./cnn/stories/f3f934ef7f19642d44da7678c06a859f103363b1.story,style,formality,2,2,0.8917466402053833,0.8672647476196289,0.8793352842330933,0.959037184715271,0.9618212580680847,0.9604272246360779
./cnn/stories/f3f934ef7f19642d44da7678c06a859f103363b1.story,style,formality,2,3,0.8876388669013977,0.8630330562591553,0.8751630783081055,0.9630005359649658,0.9639168977737427,0.9634585380554199
./cnn/stories/f3f934ef7f19642d44da7678c06a859f103363b1.story,style,paraphrase,0,1,0.8908838033676147,0.8177722692489624,0.852763831615448,0.8908838033676147,0.8177722692489624,0.852763831615448
./cnn/stories/f3f934ef7f19642d44da7678c06a859f103363b1.story,style,paraphrase,0,2,0.8938793540000916,0.817995548248291,0.8542554974555969,0.9645184874534607,0.9631338119506836,0.9638256430625916
./cnn/stories/f3f934ef7f19642d44da7678c06a859f103363b1.story,style,paraphrase,0,3,0.8942809104919434,0.8190827369689941,0.8550316095352173,0.9626333713531494,0.962752103805542,0.9626927375793457
./cnn/stories/f3f934ef7f19642d44da7678c06a859f103363b1.story,style,paraphrase,1,1,0.9140448570251465,0.8630216121673584,0.8878007531166077,0.9140448570251465,0.8630216121673584,0.8878007531166077
./cnn/stories/f3f934ef7f19642d44da7678c06a859f103363b1.story,style,paraphrase,1,2,0.9029488563537598,0.8418535590171814,0.8713315725326538,0.957718551158905,0.9330446720123291,0.9452205896377563
./cnn/stories/f3f934ef7f19642d44da7678c06a859f103363b1.story,style,paraphrase,1,3,0.8985509276390076,0.8358581066131592,0.8660714030265808,0.9678003787994385,0.970191240310669,0.9689943194389343
./cnn/stories/f3f934ef7f19642d44da7678c06a859f103363b1.story,style,paraphrase,2,1,0.9009992480278015,0.8659530878067017,0.8831286430358887,0.9009992480278015,0.8659530878067017,0.8831286430358887
./cnn/stories/f3f934ef7f19642d44da7678c06a859f103363b1.story,style,paraphrase,2,2,0.9013601541519165,0.8692226409912109,0.8849997520446777,0.9572873115539551,0.9618803858757019,0.9595783352851868
./cnn/stories/f3f934ef7f19642d44da7678c06a859f103363b1.story,style,paraphrase,2,3,0.8972486853599548,0.866500735282898,0.8816067576408386,0.9619923233985901,0.9611738324165344,0.9615828990936279
./cnn/stories/f3f934ef7f19642d44da7678c06a859f103363b1.story,content,shorten,0,1,0.9058917164802551,0.8326534628868103,0.8677299618721008,0.9058917164802551,0.8326534628868103,0.8677299618721008
./cnn/stories/f3f934ef7f19642d44da7678c06a859f103363b1.story,content,shorten,0,2,0.9017080068588257,0.8040975332260132,0.8501099944114685,0.9542651176452637,0.9181337356567383,0.9358507990837097
./cnn/stories/f3f934ef7f19642d44da7678c06a859f103363b1.story,content,shorten,0,3,0.9063750505447388,0.8061971664428711,0.853356122970581,0.9893101453781128,0.9865700006484985,0.9879382252693176
./cnn/stories/f3f934ef7f19642d44da7678c06a859f103363b1.story,content,shorten,1,1,0.910338282585144,0.8189544677734375,0.8622317910194397,0.910338282585144,0.8189544677734375,0.8622317910194397
./cnn/stories/f3f934ef7f19642d44da7678c06a859f103363b1.story,content,shorten,1,2,0.9082180857658386,0.8144553899765015,0.858785092830658,0.9814907908439636,0.9724106788635254,0.9769296050071716
./cnn/stories/f3f934ef7f19642d44da7678c06a859f103363b1.story,content,shorten,1,3,0.9038217067718506,0.811279833316803,0.8550541996955872,0.976803719997406,0.9687983393669128,0.9727845788002014
./cnn/stories/f3f934ef7f19642d44da7678c06a859f103363b1.story,content,shorten,2,1,0.9025475382804871,0.8576624393463135,0.8795326352119446,0.9025475382804871,0.8576624393463135,0.8795326352119446
./cnn/stories/f3f934ef7f19642d44da7678c06a859f103363b1.story,content,shorten,2,2,0.898086428642273,0.8542406558990479,0.8756150007247925,0.972905158996582,0.9713185429573059,0.9721112251281738
./cnn/stories/f3f934ef7f19642d44da7678c06a859f103363b1.story,content,shorten,2,3,0.8961620330810547,0.832413375377655,0.863112211227417,0.9581869840621948,0.9404526948928833,0.949237048625946
./cnn/stories/f3f934ef7f19642d44da7678c06a859f103363b1.story,content,elaborate,0,1,0.8960546851158142,0.8620292544364929,0.8787127137184143,0.8960546851158142,0.8620292544364929,0.8787127137184143
./cnn/stories/f3f934ef7f19642d44da7678c06a859f103363b1.story,content,elaborate,0,2,0.8778175711631775,0.8474339842796326,0.8623582124710083,0.9326805472373962,0.9348641633987427,0.9337711334228516
./cnn/stories/f3f934ef7f19642d44da7678c06a859f103363b1.story,content,elaborate,0,3,0.8669349551200867,0.8420584201812744,0.8543155789375305,0.9441285133361816,0.9447169303894043,0.9444226622581482
./cnn/stories/f3f934ef7f19642d44da7678c06a859f103363b1.story,content,elaborate,1,1,0.9054901003837585,0.8740062713623047,0.8894696235656738,0.9054901003837585,0.8740062713623047,0.8894696235656738
./cnn/stories/f3f934ef7f19642d44da7678c06a859f103363b1.story,content,elaborate,1,2,0.8799384236335754,0.8539319634437561,0.8667401671409607,0.9269887804985046,0.920434832572937,0.923700213432312
./cnn/stories/f3f934ef7f19642d44da7678c06a859f103363b1.story,content,elaborate,1,3,0.8768690228462219,0.8504248261451721,0.8634445071220398,0.9555066823959351,0.9568110704421997,0.9561583995819092
./cnn/stories/f3f934ef7f19642d44da7678c06a859f103363b1.story,content,elaborate,2,1,0.909019947052002,0.9042694568634033,0.9066384434700012,0.909019947052002,0.9042694568634033,0.9066384434700012
./cnn/stories/f3f934ef7f19642d44da7678c06a859f103363b1.story,content,elaborate,2,2,0.8954258561134338,0.8908889889717102,0.8931516408920288,0.9468841552734375,0.9466503858566284,0.946767270565033
./cnn/stories/f3f934ef7f19642d44da7678c06a859f103363b1.story,content,elaborate,2,3,0.8832643032073975,0.8799646496772766,0.8816114068031311,0.9512642621994019,0.9481356739997864,0.9496973752975464
./cnn/stories/ade5e1bbb4c4f22a27be5cbee812488ae34673f0.story,style,formality,0,1,0.8712834715843201,0.8752243518829346,0.8732494711875916,0.8712834715843201,0.8752243518829346,0.8732494711875916
./cnn/stories/ade5e1bbb4c4f22a27be5cbee812488ae34673f0.story,style,formality,0,2,0.8673558235168457,0.8734146356582642,0.8703746795654297,0.9659885764122009,0.9668169617652893,0.9664025902748108
./cnn/stories/ade5e1bbb4c4f22a27be5cbee812488ae34673f0.story,style,formality,0,3,0.8657236099243164,0.8724000453948975,0.8690490126609802,0.974698543548584,0.9735586643218994,0.974128246307373
./cnn/stories/ade5e1bbb4c4f22a27be5cbee812488ae34673f0.story,style,formality,1,1,0.8686312437057495,0.8705072402954102,0.8695682287216187,0.8686312437057495,0.8705072402954102,0.8695682287216187
./cnn/stories/ade5e1bbb4c4f22a27be5cbee812488ae34673f0.story,style,formality,1,2,0.8602080345153809,0.861946702003479,0.8610764741897583,0.9549213647842407,0.9559288620948792,0.9554248452186584
./cnn/stories/ade5e1bbb4c4f22a27be5cbee812488ae34673f0.story,style,formality,1,3,0.8572636246681213,0.8603450655937195,0.858801543712616,0.9670119285583496,0.9656172394752502,0.9663140773773193
./cnn/stories/ade5e1bbb4c4f22a27be5cbee812488ae34673f0.story,style,formality,2,1,0.8736972808837891,0.8711681365966797,0.8724309206008911,0.8736972808837891,0.8711681365966797,0.8724309206008911
./cnn/stories/ade5e1bbb4c4f22a27be5cbee812488ae34673f0.story,style,formality,2,2,0.8707796335220337,0.8656018376350403,0.8681830167770386,0.96092289686203,0.9602320790290833,0.9605773687362671
./cnn/stories/ade5e1bbb4c4f22a27be5cbee812488ae34673f0.story,style,formality,2,3,0.8673095107078552,0.8655182123184204,0.8664129376411438,0.9711339473724365,0.9732230305671692,0.9721773862838745
./cnn/stories/ade5e1bbb4c4f22a27be5cbee812488ae34673f0.story,style,paraphrase,0,1,0.8500869274139404,0.8545418977737427,0.8523085713386536,0.8500869274139404,0.8545418977737427,0.8523085713386536
./cnn/stories/ade5e1bbb4c4f22a27be5cbee812488ae34673f0.story,style,paraphrase,0,2,0.8489981889724731,0.8505101203918457,0.8497534990310669,0.9395967721939087,0.9321143627166748,0.9358406066894531
./cnn/stories/ade5e1bbb4c4f22a27be5cbee812488ae34673f0.story,style,paraphrase,0,3,0.8485498428344727,0.8484680652618408,0.8485089540481567,0.9659402966499329,0.9653553366661072,0.9656477570533752
./cnn/stories/ade5e1bbb4c4f22a27be5cbee812488ae34673f0.story,style,paraphrase,1,1,0.8613147735595703,0.8582805395126343,0.8597949743270874,0.8613147735595703,0.8582805395126343,0.8597949743270874
./cnn/stories/ade5e1bbb4c4f22a27be5cbee812488ae34673f0.story,style,paraphrase,1,2,0.8542922735214233,0.8471459150314331,0.8507041335105896,0.9505531787872314,0.9391337633132935,0.9448089599609375
./cnn/stories/ade5e1bbb4c4f22a27be5cbee812488ae34673f0.story,style,paraphrase,1,3,0.856818675994873,0.8481127023696899,0.8524434566497803,0.9658441543579102,0.9692269563674927,0.9675325751304626
./cnn/stories/ade5e1bbb4c4f22a27be5cbee812488ae34673f0.story,style,paraphrase,2,1,0.8604713678359985,0.8608664274215698,0.8606688380241394,0.8604713678359985,0.8608664274215698,0.8606688380241394
./cnn/stories/ade5e1bbb4c4f22a27be5cbee812488ae34673f0.story,style,paraphrase,2,2,0.8594578504562378,0.8613842129707336,0.8604199290275574,0.9521623849868774,0.9525186419487,0.9523405432701111
./cnn/stories/ade5e1bbb4c4f22a27be5cbee812488ae34673f0.story,style,paraphrase,2,3,0.8603821992874146,0.8611479997634888,0.8607649803161621,0.9587354063987732,0.9578946828842163,0.9583148956298828
./cnn/stories/ade5e1bbb4c4f22a27be5cbee812488ae34673f0.story,content,shorten,0,1,0.8656641244888306,0.8521413803100586,0.8588495254516602,0.8656641244888306,0.8521413803100586,0.8588495254516602
./cnn/stories/ade5e1bbb4c4f22a27be5cbee812488ae34673f0.story,content,shorten,0,2,0.8566146492958069,0.8365059494972229,0.846440851688385,0.9509884119033813,0.9312422275543213,0.9410117268562317
./cnn/stories/ade5e1bbb4c4f22a27be5cbee812488ae34673f0.story,content,shorten,0,3,0.8521759510040283,0.827759861946106,0.8397905230522156,0.9644511342048645,0.9531345367431641,0.9587594866752625
./cnn/stories/ade5e1bbb4c4f22a27be5cbee812488ae34673f0.story,content,shorten,1,1,0.8664312958717346,0.8570430278778076,0.8617116212844849,0.8664312958717346,0.8570430278778076,0.8617116212844849
./cnn/stories/ade5e1bbb4c4f22a27be5cbee812488ae34673f0.story,content,shorten,1,2,0.8638761043548584,0.8452266454696655,0.8544496297836304,0.9531478881835938,0.9294066429138184,0.941127598285675
./cnn/stories/ade5e1bbb4c4f22a27be5cbee812488ae34673f0.story,content,shorten,1,3,0.8623908162117004,0.8427809476852417,0.8524730801582336,0.9728135466575623,0.9674380421638489,0.9701183438301086
./cnn/stories/ade5e1bbb4c4f22a27be5cbee812488ae34673f0.story,content,shorten,2,1,0.8651860952377319,0.857384204864502,0.8612675070762634,0.8651860952377319,0.857384204864502,0.8612675070762634
./cnn/stories/ade5e1bbb4c4f22a27be5cbee812488ae34673f0.story,content,shorten,2,2,0.8638439774513245,0.8524974584579468,0.8581331968307495,0.9557963609695435,0.949427604675293,0.9526013135910034
./cnn/stories/ade5e1bbb4c4f22a27be5cbee812488ae34673f0.story,content,shorten,2,3,0.8669558763504028,0.8472296595573425,0.8569793105125427,0.9537007808685303,0.935666561126709,0.944597601890564
./cnn/stories/ade5e1bbb4c4f22a27be5cbee812488ae34673f0.story,content,elaborate,0,1,0.8747762441635132,0.8782535195350647,0.8765113949775696,0.8747762441635132,0.8782535195350647,0.8765113949775696
./cnn/stories/ade5e1bbb4c4f22a27be5cbee812488ae34673f0.story,content,elaborate,0,2,0.8690035343170166,0.8714792728424072,0.8702396154403687,0.9443908333778381,0.9437820911407471,0.9440863728523254
./cnn/stories/ade5e1bbb4c4f22a27be5cbee812488ae34673f0.story,content,elaborate,0,3,0.864540696144104,0.8668172359466553,0.8656774759292603,0.9387171864509583,0.9420479536056519,0.9403796195983887
./cnn/stories/ade5e1bbb4c4f22a27be5cbee812488ae34673f0.story,content,elaborate,1,1,0.8749809861183167,0.8754503726959229,0.8752156496047974,0.8749809861183167,0.8754503726959229,0.8752156496047974
./cnn/stories/ade5e1bbb4c4f22a27be5cbee812488ae34673f0.story,content,elaborate,1,2,0.868294358253479,0.8714954853057861,0.8698920011520386,0.9435986280441284,0.9439233541488647,0.9437609910964966
./cnn/stories/ade5e1bbb4c4f22a27be5cbee812488ae34673f0.story,content,elaborate,1,3,0.8637796640396118,0.8636989593505859,0.8637393116950989,0.9493080377578735,0.9495303630828857,0.9494192004203796
./cnn/stories/ade5e1bbb4c4f22a27be5cbee812488ae34673f0.story,content,elaborate,2,1,0.8857473134994507,0.8838720917701721,0.8848086595535278,0.8857473134994507,0.8838720917701721,0.8848086595535278
./cnn/stories/ade5e1bbb4c4f22a27be5cbee812488ae34673f0.story,content,elaborate,2,2,0.8763902187347412,0.8776102662086487,0.8769998550415039,0.9337410926818848,0.9380086064338684,0.9358699917793274
./cnn/stories/ade5e1bbb4c4f22a27be5cbee812488ae34673f0.story,content,elaborate,2,3,0.8699851632118225,0.8742120862007141,0.8720935583114624,0.9471778869628906,0.9490021467208862,0.9480891823768616
./cnn/stories/15fa2ce55cc9e864666325840d8799e033b30745.story,style,formality,0,1,0.8521188497543335,0.8677414655685425,0.8598592281341553,0.8521188497543335,0.8677414655685425,0.8598592281341553
./cnn/stories/15fa2ce55cc9e864666325840d8799e033b30745.story,style,formality,0,2,0.8529627323150635,0.862958550453186,0.8579314947128296,0.9469939470291138,0.9396988749504089,0.943332314491272
./cnn/stories/15fa2ce55cc9e864666325840d8799e033b30745.story,style,formality,0,3,0.8476649522781372,0.8591138124465942,0.8533509969711304,0.9500035047531128,0.9506275057792664,0.9503154754638672
./cnn/stories/15fa2ce55cc9e864666325840d8799e033b30745.story,style,formality,1,1,0.8501827716827393,0.8630244135856628,0.8565554022789001,0.8501827716827393,0.8630244135856628,0.8565554022789001
./cnn/stories/15fa2ce55cc9e864666325840d8799e033b30745.story,style,formality,1,2,0.8435850739479065,0.8556101322174072,0.8495550751686096,0.9403517246246338,0.9414463639259338,0.9408987164497375
./cnn/stories/15fa2ce55cc9e864666325840d8799e033b30745.story,style,formality,1,3,0.843730092048645,0.8579782247543335,0.8507944941520691,0.9590600728988647,0.9584011435508728,0.9587305784225464
./cnn/stories/15fa2ce55cc9e864666325840d8799e033b30745.story,style,formality,2,1,0.8585032224655151,0.873662531375885,0.8660165071487427,0.8585032224655151,0.873662531375885,0.8660165071487427
./cnn/stories/15fa2ce55cc9e864666325840d8799e033b30745.story,style,formality,2,2,0.8438384532928467,0.8641750812530518,0.8538856506347656,0.9478789567947388,0.9510543346405029,0.949463963508606
./cnn/stories/15fa2ce55cc9e864666325840d8799e033b30745.story,style,formality,2,3,0.8429750204086304,0.8575695753097534,0.8502097129821777,0.9613715410232544,0.9589440822601318,0.960156261920929
./cnn/stories/15fa2ce55cc9e864666325840d8799e033b30745.story,style,paraphrase,0,1,0.8635878562927246,0.8549273014068604,0.8592357635498047,0.8635878562927246,0.8549273014068604,0.8592357635498047
./cnn/stories/15fa2ce55cc9e864666325840d8799e033b30745.story,style,paraphrase,0,2,0.862082839012146,0.848474383354187,0.8552244901657104,0.9318991899490356,0.9221593141555786,0.9270036816596985
./cnn/stories/15fa2ce55cc9e864666325840d8799e033b30745.story,style,paraphrase,0,3,0.8557065725326538,0.8366277813911438,0.8460595607757568,0.9492627382278442,0.9400802254676819,0.9446491599082947
./cnn/stories/15fa2ce55cc9e864666325840d8799e033b30745.story,style,paraphrase,1,1,0.8577708005905151,0.8598955869674683,0.8588318824768066,0.8577708005905151,0.8598955869674683,0.8588318824768066
./cnn/stories/15fa2ce55cc9e864666325840d8799e033b30745.story,style,paraphrase,1,2,0.8516760468482971,0.8412918448448181,0.8464520573616028,0.9314041137695312,0.9063392877578735,0.9187007546424866
./cnn/stories/15fa2ce55cc9e864666325840d8799e033b30745.story,style,paraphrase,1,3,0.8485106825828552,0.8406763672828674,0.8445753455162048,0.9628846049308777,0.960878849029541,0.961880624294281
./cnn/stories/15fa2ce55cc9e864666325840d8799e033b30745.story,style,paraphrase,2,1,0.8591813445091248,0.8660666942596436,0.8626102209091187,0.8591813445091248,0.8660666942596436,0.8626102209091187
./cnn/stories/15fa2ce55cc9e864666325840d8799e033b30745.story,style,paraphrase,2,2,0.8569080829620361,0.8622558116912842,0.8595736026763916,0.9466513991355896,0.945249080657959,0.9459496736526489
./cnn/stories/15fa2ce55cc9e864666325840d8799e033b30745.story,style,paraphrase,2,3,0.8544493913650513,0.8590162992477417,0.8567267656326294,0.957802414894104,0.9576436877250671,0.9577230215072632
./cnn/stories/15fa2ce55cc9e864666325840d8799e033b30745.story,content,shorten,0,1,0.8787417411804199,0.8578777313232422,0.8681843876838684,0.8787417411804199,0.8578777313232422,0.8681843876838684
./cnn/stories/15fa2ce55cc9e864666325840d8799e033b30745.story,content,shorten,0,2,0.8748040199279785,0.8464561700820923,0.860396683216095,0.94696444272995,0.9290026426315308,0.9378976225852966
./cnn/stories/15fa2ce55cc9e864666325840d8799e033b30745.story,content,shorten,0,3,0.8687342405319214,0.8431280851364136,0.8557396531105042,0.9641555547714233,0.962617039680481,0.9633857011795044
./cnn/stories/15fa2ce55cc9e864666325840d8799e033b30745.story,content,shorten,1,1,0.8632779121398926,0.8506571054458618,0.8569210171699524,0.8632779121398926,0.8506571054458618,0.8569210171699524
./cnn/stories/15fa2ce55cc9e864666325840d8799e033b30745.story,content,shorten,1,2,0.8602218627929688,0.8467379808425903,0.8534266948699951,0.9578362703323364,0.9565024375915527,0.9571688771247864
./cnn/stories/15fa2ce55cc9e864666325840d8799e033b30745.story,content,shorten,1,3,0.8650133609771729,0.8438646793365479,0.8543081879615784,0.9650110006332397,0.9459879398345947,0.9554047584533691
./cnn/stories/15fa2ce55cc9e864666325840d8799e033b30745.story,content,shorten,2,1,0.8625650405883789,0.8559666872024536,0.8592532277107239,0.8625650405883789,0.8559666872024536,0.8592532277107239
./cnn/stories/15fa2ce55cc9e864666325840d8799e033b30745.story,content,shorten,2,2,0.8587336540222168,0.8508473634719849,0.8547723293304443,0.9582892656326294,0.9511410593986511,0.954701840877533
./cnn/stories/15fa2ce55cc9e864666325840d8799e033b30745.story,content,shorten,2,3,0.8651541471481323,0.8431395888328552,0.8540050387382507,0.9623353481292725,0.932205319404602,0.9470307230949402
./cnn/stories/15fa2ce55cc9e864666325840d8799e033b30745.story,content,elaborate,0,1,0.8562513589859009,0.8641886115074158,0.8602017164230347,0.8562513589859009,0.8641886115074158,0.8602017164230347
./cnn/stories/15fa2ce55cc9e864666325840d8799e033b30745.story,content,elaborate,0,2,0.8515585064888,0.8582921028137207,0.8549120426177979,0.9294657707214355,0.9266959428787231,0.928078830242157
./cnn/stories/15fa2ce55cc9e864666325840d8799e033b30745.story,content,elaborate,0,3,0.846579909324646,0.8551111221313477,0.8508241176605225,0.935346782207489,0.9349499940872192,0.9351484179496765
./cnn/stories/15fa2ce55cc9e864666325840d8799e033b30745.story,content,elaborate,1,1,0.8620253801345825,0.8709893226623535,0.8664841651916504,0.8620253801345825,0.8709893226623535,0.8664841651916504
./cnn/stories/15fa2ce55cc9e864666325840d8799e033b30745.story,content,elaborate,1,2,0.8547810316085815,0.8638758659362793,0.8593044281005859,0.9291213750839233,0.9302313327789307,0.9296759963035583
./cnn/stories/15fa2ce55cc9e864666325840d8799e033b30745.story,content,elaborate,1,3,0.8586297631263733,0.8653673529624939,0.861985445022583,0.938164472579956,0.9333030581474304,0.9357274174690247
./cnn/stories/15fa2ce55cc9e864666325840d8799e033b30745.story,content,elaborate,2,1,0.8535841703414917,0.8661383390426636,0.8598154187202454,0.8535841703414917,0.8661383390426636,0.8598154187202454
./cnn/stories/15fa2ce55cc9e864666325840d8799e033b30745.story,content,elaborate,2,2,0.8359724879264832,0.8510289788246155,0.8434335589408875,0.9000295400619507,0.9023360013961792,0.9011813402175903
./cnn/stories/15fa2ce55cc9e864666325840d8799e033b30745.story,content,elaborate,2,3,0.8404726982116699,0.8541414737701416,0.8472519516944885,0.8909839391708374,0.894526481628418,0.8927517533302307
./cnn/stories/fd32589b6eec37be799b1e103b1cd01d7969ce0f.story,style,formality,0,1,0.903706967830658,0.8948135375976562,0.8992382287979126,0.903706967830658,0.8948135375976562,0.8992382287979126
./cnn/stories/fd32589b6eec37be799b1e103b1cd01d7969ce0f.story,style,formality,0,2,0.8967244625091553,0.8911659717559814,0.8939365744590759,0.9695883989334106,0.9716302156448364,0.9706082344055176
./cnn/stories/fd32589b6eec37be799b1e103b1cd01d7969ce0f.story,style,formality,0,3,0.8933556079864502,0.8896815180778503,0.8915147185325623,0.966938853263855,0.9699914455413818,0.9684627652168274
./cnn/stories/fd32589b6eec37be799b1e103b1cd01d7969ce0f.story,style,formality,1,1,0.9053834676742554,0.8930010795593262,0.8991495966911316,0.9053834676742554,0.8930010795593262,0.8991495966911316
./cnn/stories/fd32589b6eec37be799b1e103b1cd01d7969ce0f.story,style,formality,1,2,0.8967192769050598,0.8853642344474792,0.8910056352615356,0.9563348889350891,0.9565005302429199,0.9564177393913269
./cnn/stories/fd32589b6eec37be799b1e103b1cd01d7969ce0f.story,style,formality,1,3,0.8979398608207703,0.8869683742523193,0.8924203515052795,0.9727853536605835,0.9750767946243286,0.973929762840271
./cnn/stories/fd32589b6eec37be799b1e103b1cd01d7969ce0f.story,style,formality,2,1,0.9083608984947205,0.9008854627609253,0.9046077728271484,0.9083608984947205,0.9008854627609253,0.9046077728271484
./cnn/stories/fd32589b6eec37be799b1e103b1cd01d7969ce0f.story,style,formality,2,2,0.8979119062423706,0.8940590620040894,0.8959813714027405,0.9635811448097229,0.9693337082862854,0.9664488434791565
./cnn/stories/fd32589b6eec37be799b1e103b1cd01d7969ce0f.story,style,formality,2,3,0.8965657949447632,0.8913187980651855,0.8939346075057983,0.9671425223350525,0.9645191431045532,0.965829074382782
./cnn/stories/fd32589b6eec37be799b1e103b1cd01d7969ce0f.story,style,paraphrase,0,1,0.8995904922485352,0.8664059638977051,0.8826864361763,0.8995904922485352,0.8664059638977051,0.8826864361763
./cnn/stories/fd32589b6eec37be799b1e103b1cd01d7969ce0f.story,style,paraphrase,0,2,0.8995360136032104,0.863650381565094,0.881227970123291,0.9540173411369324,0.9492894411087036,0.9516475200653076
./cnn/stories/fd32589b6eec37be799b1e103b1cd01d7969ce0f.story,style,paraphrase,0,3,0.8916060924530029,0.8587135076522827,0.8748506903648376,0.9619187116622925,0.9642497301101685,0.9630828499794006
./cnn/stories/fd32589b6eec37be799b1e103b1cd01d7969ce0f.story,style,paraphrase,1,1,0.9095405340194702,0.8845950961112976,0.8968943953514099,0.9095405340194702,0.8845950961112976,0.8968943953514099
./cnn/stories/fd32589b6eec37be799b1e103b1cd01d7969ce0f.story,style,paraphrase,1,2,0.9043272733688354,0.8782672882080078,0.8911067843437195,0.963412880897522,0.9558423161506653,0.9596126079559326
./cnn/stories/fd32589b6eec37be799b1e103b1cd01d7969ce0f.story,style,paraphrase,1,3,0.9066051244735718,0.8775644302368164,0.8918484449386597,0.9631524682044983,0.9593906402587891,0.9612679481506348
./cnn/stories/fd32589b6eec37be799b1e103b1cd01d7969ce0f.story,style,paraphrase,2,1,0.9088134169578552,0.8951576948165894,0.9019339084625244,0.9088134169578552,0.8951576948165894,0.9019339084625244
./cnn/stories/fd32589b6eec37be799b1e103b1cd01d7969ce0f.story,style,paraphrase,2,2,0.9036816954612732,0.8840575218200684,0.8937618732452393,0.956931471824646,0.9490652084350586,0.9529821276664734
./cnn/stories/fd32589b6eec37be799b1e103b1cd01d7969ce0f.story,style,paraphrase,2,3,0.8966917395591736,0.8763551712036133,0.8864067792892456,0.9520536661148071,0.9503580331802368,0.9512050747871399
./cnn/stories/fd32589b6eec37be799b1e103b1cd01d7969ce0f.story,content,shorten,0,1,0.9107764959335327,0.8551148176193237,0.8820684552192688,0.9107764959335327,0.8551148176193237,0.8820684552192688
./cnn/stories/fd32589b6eec37be799b1e103b1cd01d7969ce0f.story,content,shorten,0,2,0.9050567746162415,0.8446329832077026,0.8738014698028564,0.9762086868286133,0.9598742723464966,0.9679725766181946
./cnn/stories/fd32589b6eec37be799b1e103b1cd01d7969ce0f.story,content,shorten,0,3,0.8991000056266785,0.8367002010345459,0.8667784333229065,0.9815874099731445,0.9700273275375366,0.9757731556892395
./cnn/stories/fd32589b6eec37be799b1e103b1cd01d7969ce0f.story,content,shorten,1,1,0.9064745306968689,0.857480525970459,0.8812971115112305,0.9064745306968689,0.857480525970459,0.8812971115112305
./cnn/stories/fd32589b6eec37be799b1e103b1cd01d7969ce0f.story,content,shorten,1,2,0.9015880823135376,0.8540737628936768,0.8771880269050598,0.9559271335601807,0.9567633867263794,0.9563450813293457
./cnn/stories/fd32589b6eec37be799b1e103b1cd01d7969ce0f.story,content,shorten,1,3,0.9005812406539917,0.8531186580657959,0.876207709312439,0.980523943901062,0.9782668352127075,0.9793940782546997
./cnn/stories/fd32589b6eec37be799b1e103b1cd01d7969ce0f.story,content,shorten,2,1,0.908216118812561,0.852054238319397,0.8792392015457153,0.908216118812561,0.852054238319397,0.8792392015457153
./cnn/stories/fd32589b6eec37be799b1e103b1cd01d7969ce0f.story,content,shorten,2,2,0.9054596424102783,0.848095178604126,0.875839114189148,0.9667126536369324,0.965709388256073,0.9662107229232788
./cnn/stories/fd32589b6eec37be799b1e103b1cd01d7969ce0f.story,content,shorten,2,3,0.9039043188095093,0.8472974300384521,0.8746860027313232,0.9787403345108032,0.9790299534797668,0.9788851141929626
./cnn/stories/fd32589b6eec37be799b1e103b1cd01d7969ce0f.story,content,elaborate,0,1,0.8892666101455688,0.8973985910415649,0.8933141231536865,0.8892666101455688,0.8973985910415649,0.8933141231536865
./cnn/stories/fd32589b6eec37be799b1e103b1cd01d7969ce0f.story,content,elaborate,0,2,0.8714066743850708,0.8837169408798218,0.8775185942649841,0.9206495881080627,0.9284091591835022,0.924513041973114
./cnn/stories/fd32589b6eec37be799b1e103b1cd01d7969ce0f.story,content,elaborate,0,3,0.8638502359390259,0.8756185173988342,0.8696945309638977,0.9384759068489075,0.9391011595726013,0.9387884140014648
./cnn/stories/fd32589b6eec37be799b1e103b1cd01d7969ce0f.story,content,elaborate,1,1,0.8874925971031189,0.8622438311576843,0.8746860027313232,0.8874925971031189,0.8622438311576843,0.8746860027313232
./cnn/stories/fd32589b6eec37be799b1e103b1cd01d7969ce0f.story,content,elaborate,1,2,0.8750135898590088,0.8556837439537048,0.8652406930923462,0.9376734495162964,0.9453262090682983,0.9414843320846558
./cnn/stories/fd32589b6eec37be799b1e103b1cd01d7969ce0f.story,content,elaborate,1,3,0.8739363551139832,0.8551152944564819,0.8644234538078308,0.9540469646453857,0.9554862380027771,0.954766035079956
./cnn/stories/fd32589b6eec37be799b1e103b1cd01d7969ce0f.story,content,elaborate,2,1,0.884271502494812,0.8641388416290283,0.874089241027832,0.884271502494812,0.8641388416290283,0.874089241027832
./cnn/stories/fd32589b6eec37be799b1e103b1cd01d7969ce0f.story,content,elaborate,2,2,0.8768181204795837,0.8625772595405579,0.8696393966674805,0.9354369044303894,0.9466737508773804,0.9410218000411987
./cnn/stories/fd32589b6eec37be799b1e103b1cd01d7969ce0f.story,content,elaborate,2,3,0.8714306354522705,0.8654166460037231,0.8684132099151611,0.922783374786377,0.935446560382843,0.929071843624115
./cnn/stories/00ae31ff5ede1de6cd39eccf36bae935c882527b.story,style,formality,0,1,0.8790087103843689,0.8838199377059937,0.8814077973365784,0.8790087103843689,0.8838199377059937,0.8814077973365784
./cnn/stories/00ae31ff5ede1de6cd39eccf36bae935c882527b.story,style,formality,0,2,0.8719252943992615,0.8735939264297485,0.8727588057518005,0.9567949175834656,0.9555878639221191,0.9561910033226013
./cnn/stories/00ae31ff5ede1de6cd39eccf36bae935c882527b.story,style,formality,0,3,0.8646671772003174,0.8700308799743652,0.8673407435417175,0.9636660814285278,0.9639486074447632,0.9638072848320007
./cnn/stories/00ae31ff5ede1de6cd39eccf36bae935c882527b.story,style,formality,1,1,0.8922176957130432,0.8933647871017456,0.8927908539772034,0.8922176957130432,0.8933647871017456,0.8927908539772034
./cnn/stories/00ae31ff5ede1de6cd39eccf36bae935c882527b.story,style,formality,1,2,0.8793045282363892,0.8685712218284607,0.8739050030708313,0.9337634444236755,0.911880373954773,0.9226921796798706
./cnn/stories/00ae31ff5ede1de6cd39eccf36bae935c882527b.story,style,formality,1,3,0.8762205839157104,0.8671318292617798,0.8716525435447693,0.9721742868423462,0.9730268716812134,0.9726004004478455
./cnn/stories/00ae31ff5ede1de6cd39eccf36bae935c882527b.story,style,formality,2,1,0.8903821706771851,0.8907308578491211,0.8905565142631531,0.8903821706771851,0.8907308578491211,0.8905565142631531
./cnn/stories/00ae31ff5ede1de6cd39eccf36bae935c882527b.story,style,formality,2,2,0.8793613314628601,0.8811203241348267,0.8802399635314941,0.9519511461257935,0.9518941640853882,0.9519226551055908
./cnn/stories/00ae31ff5ede1de6cd39eccf36bae935c882527b.story,style,formality,2,3,0.8755226135253906,0.8775714635848999,0.8765458464622498,0.9468672275543213,0.9471487998962402,0.9470080137252808
./cnn/stories/00ae31ff5ede1de6cd39eccf36bae935c882527b.story,style,paraphrase,0,1,0.902468204498291,0.9041401147842407,0.9033033847808838,0.902468204498291,0.9041401147842407,0.9033033847808838
./cnn/stories/00ae31ff5ede1de6cd39eccf36bae935c882527b.story,style,paraphrase,0,2,0.8915942907333374,0.8732135891914368,0.8823081851005554,0.9212279319763184,0.8950573205947876,0.9079540967941284
./cnn/stories/00ae31ff5ede1de6cd39eccf36bae935c882527b.story,style,paraphrase,0,3,0.88558030128479,0.8628298044204712,0.8740570545196533,0.9540456533432007,0.9441744089126587,0.9490844011306763
./cnn/stories/00ae31ff5ede1de6cd39eccf36bae935c882527b.story,style,paraphrase,1,1,0.8915747404098511,0.8935216069221497,0.892547070980072,0.8915747404098511,0.8935216069221497,0.892547070980072
./cnn/stories/00ae31ff5ede1de6cd39eccf36bae935c882527b.story,style,paraphrase,1,2,0.8836380839347839,0.8838404417037964,0.8837392926216125,0.9537591338157654,0.9497092962265015,0.951729953289032
./cnn/stories/00ae31ff5ede1de6cd39eccf36bae935c882527b.story,style,paraphrase,1,3,0.8961377143859863,0.8832427263259888,0.8896434903144836,0.9658690690994263,0.946714460849762,0.9561957716941833
./cnn/stories/00ae31ff5ede1de6cd39eccf36bae935c882527b.story,style,paraphrase,2,1,0.9264671206474304,0.9223806262016296,0.9244193434715271,0.9264671206474304,0.9223806262016296,0.9244193434715271
./cnn/stories/00ae31ff5ede1de6cd39eccf36bae935c882527b.story,style,paraphrase,2,2,0.8875601291656494,0.8873003721237183,0.8874302506446838,0.9054925441741943,0.908473014831543,0.9069803357124329
./cnn/stories/00ae31ff5ede1de6cd39eccf36bae935c882527b.story,style,paraphrase,2,3,0.8744931817054749,0.8690122365951538,0.8717440366744995,0.9353716373443604,0.9228318929672241,0.9290594458580017
./cnn/stories/00ae31ff5ede1de6cd39eccf36bae935c882527b.story,content,shorten,0,1,0.887708842754364,0.8754714727401733,0.8815476894378662,0.887708842754364,0.8754714727401733,0.8815476894378662
./cnn/stories/00ae31ff5ede1de6cd39eccf36bae935c882527b.story,content,shorten,0,2,0.8998320698738098,0.8620582818984985,0.8805401921272278,0.935231626033783,0.8971227407455444,0.9157809615135193
./cnn/stories/00ae31ff5ede1de6cd39eccf36bae935c882527b.story,content,shorten,0,3,0.9056500792503357,0.8602432608604431,0.8823629021644592,0.9800823926925659,0.9716923236846924,0.9758692979812622
./cnn/stories/00ae31ff5ede1de6cd39eccf36bae935c882527b.story,content,shorten,1,1,0.8918547630310059,0.8606940507888794,0.8759973645210266,0.8918547630310059,0.8606940507888794,0.8759973645210266
./cnn/stories/00ae31ff5ede1de6cd39eccf36bae935c882527b.story,content,shorten,1,2,0.8954558372497559,0.8460485935211182,0.870051383972168,0.9486439824104309,0.9283398389816284,0.9383820295333862
./cnn/stories/00ae31ff5ede1de6cd39eccf36bae935c882527b.story,content,shorten,1,3,0.8897584676742554,0.8255775570869446,0.8564672470092773,0.9570348262786865,0.929726243019104,0.9431828856468201
./cnn/stories/00ae31ff5ede1de6cd39eccf36bae935c882527b.story,content,shorten,2,1,0.8877444267272949,0.8666185140609741,0.8770542740821838,0.8877444267272949,0.8666185140609741,0.8770542740821838
./cnn/stories/00ae31ff5ede1de6cd39eccf36bae935c882527b.story,content,shorten,2,2,0.8865927457809448,0.8618850708007812,0.8740643262863159,0.9662169218063354,0.9613263010978699,0.9637654423713684
./cnn/stories/00ae31ff5ede1de6cd39eccf36bae935c882527b.story,content,shorten,2,3,0.8871605396270752,0.8589082956314087,0.8728058338165283,0.9768780469894409,0.9737353920936584,0.9753041863441467
./cnn/stories/00ae31ff5ede1de6cd39eccf36bae935c882527b.story,content,elaborate,0,1,0.887354850769043,0.8895224332809448,0.8884372711181641,0.887354850769043,0.8895224332809448,0.8884372711181641
./cnn/stories/00ae31ff5ede1de6cd39eccf36bae935c882527b.story,content,elaborate,0,2,0.8629175424575806,0.8625015616416931,0.8627095222473145,0.8926030397415161,0.8930388689041138,0.8928208947181702
./cnn/stories/00ae31ff5ede1de6cd39eccf36bae935c882527b.story,content,elaborate,0,3,0.8540202379226685,0.8544058799743652,0.8542130589485168,0.931776762008667,0.9291826486587524,0.9304778575897217
./cnn/stories/00ae31ff5ede1de6cd39eccf36bae935c882527b.story,content,elaborate,1,1,0.8697079420089722,0.8717228174209595,0.8707141876220703,0.8697079420089722,0.8717228174209595,0.8707141876220703
./cnn/stories/00ae31ff5ede1de6cd39eccf36bae935c882527b.story,content,elaborate,1,2,0.857373833656311,0.8529319167137146,0.855147123336792,0.9130027890205383,0.9053120613098145,0.9091411828994751
./cnn/stories/00ae31ff5ede1de6cd39eccf36bae935c882527b.story,content,elaborate,1,3,0.8563039302825928,0.8493399620056152,0.8528077006340027,0.9492510557174683,0.9447158575057983,0.9469780325889587
./cnn/stories/00ae31ff5ede1de6cd39eccf36bae935c882527b.story,content,elaborate,2,1,0.8671967387199402,0.8735840320587158,0.8703786134719849,0.8671967387199402,0.8735840320587158,0.8703786134719849
./cnn/stories/00ae31ff5ede1de6cd39eccf36bae935c882527b.story,content,elaborate,2,2,0.8593305349349976,0.8614768981933594,0.8604023456573486,0.9114809036254883,0.9060022830963135,0.9087333083152771
./cnn/stories/00ae31ff5ede1de6cd39eccf36bae935c882527b.story,content,elaborate,2,3,0.8535984754562378,0.8585797548294067,0.8560819029808044,0.9562453031539917,0.9571278095245361,0.9566863775253296
./cnn/stories/a175918a73063a9f515ea29e512917497335e817.story,style,formality,0,1,0.9061709642410278,0.8950101137161255,0.9005559682846069,0.9061709642410278,0.8950101137161255,0.9005559682846069
./cnn/stories/a175918a73063a9f515ea29e512917497335e817.story,style,formality,0,2,0.8983427882194519,0.8912532925605774,0.8947839736938477,0.9683908224105835,0.9739124774932861,0.9711438417434692
./cnn/stories/a175918a73063a9f515ea29e512917497335e817.story,style,formality,0,3,0.8941879272460938,0.8898552060127258,0.8920163512229919,0.9714966416358948,0.974826455116272,0.9731586575508118
./cnn/stories/a175918a73063a9f515ea29e512917497335e817.story,style,formality,1,1,0.907740592956543,0.8852641582489014,0.8963615298271179,0.907740592956543,0.8852641582489014,0.8963615298271179
./cnn/stories/a175918a73063a9f515ea29e512917497335e817.story,style,formality,1,2,0.8948081731796265,0.8719274401664734,0.8832196593284607,0.9735827445983887,0.9623230695724487,0.967920184135437
./cnn/stories/a175918a73063a9f515ea29e512917497335e817.story,style,formality,1,3,0.8956260085105896,0.8725323677062988,0.8839283585548401,0.9848536252975464,0.9844720363616943,0.9846628308296204
./cnn/stories/a175918a73063a9f515ea29e512917497335e817.story,style,formality,2,1,0.9086260795593262,0.8917288780212402,0.9000982046127319,0.9086260795593262,0.8917288780212402,0.9000982046127319
./cnn/stories/a175918a73063a9f515ea29e512917497335e817.story,style,formality,2,2,0.8952867388725281,0.8760733008384705,0.8855758309364319,0.9657102823257446,0.9573051333427429,0.9614893794059753
./cnn/stories/a175918a73063a9f515ea29e512917497335e817.story,style,formality,2,3,0.8922029733657837,0.8707283735275269,0.8813349008560181,0.976744532585144,0.974916934967041,0.9758298397064209
./cnn/stories/a175918a73063a9f515ea29e512917497335e817.story,style,paraphrase,0,1,0.8916327357292175,0.8410630226135254,0.865609884262085,0.8916327357292175,0.8410630226135254,0.865609884262085
./cnn/stories/a175918a73063a9f515ea29e512917497335e817.story,style,paraphrase,0,2,0.8877506852149963,0.8356465101242065,0.860910952091217,0.9607675671577454,0.9548753499984741,0.9578123688697815
./cnn/stories/a175918a73063a9f515ea29e512917497335e817.story,style,paraphrase,0,3,0.8822329044342041,0.8327220678329468,0.8567627668380737,0.95871502161026,0.9604656100273132,0.9595894813537598
./cnn/stories/a175918a73063a9f515ea29e512917497335e817.story,style,paraphrase,1,1,0.9085325002670288,0.8830471038818359,0.8956084847450256,0.9085325002670288,0.8830471038818359,0.8956084847450256
./cnn/stories/a175918a73063a9f515ea29e512917497335e817.story,style,paraphrase,1,2,0.901898205280304,0.8790249824523926,0.8903147578239441,0.9658252000808716,0.9680644273757935,0.9669435620307922
./cnn/stories/a175918a73063a9f515ea29e512917497335e817.story,style,paraphrase,1,3,0.8985062837600708,0.8761466145515442,0.8871855139732361,0.9759525656700134,0.9743220210075378,0.9751366376876831
./cnn/stories/a175918a73063a9f515ea29e512917497335e817.story,style,paraphrase,2,1,0.8919122219085693,0.8684211373329163,0.8800100088119507,0.8919122219085693,0.8684211373329163,0.8800100088119507
./cnn/stories/a175918a73063a9f515ea29e512917497335e817.story,style,paraphrase,2,2,0.8858445882797241,0.8635988831520081,0.8745802640914917,0.9521081447601318,0.9507267475128174,0.9514169692993164
./cnn/stories/a175918a73063a9f515ea29e512917497335e817.story,style,paraphrase,2,3,0.8822703957557678,0.860100269317627,0.8710442781448364,0.9579296112060547,0.9575403928756714,0.9577349424362183
./cnn/stories/a175918a73063a9f515ea29e512917497335e817.story,content,shorten,0,1,0.9028162956237793,0.839544951915741,0.8700317740440369,0.9028162956237793,0.839544951915741,0.8700317740440369
./cnn/stories/a175918a73063a9f515ea29e512917497335e817.story,content,shorten,0,2,0.8929717540740967,0.8321408033370972,0.8614837527275085,0.9730856418609619,0.9628105163574219,0.9679208397865295
./cnn/stories/a175918a73063a9f515ea29e512917497335e817.story,content,shorten,0,3,0.8921802639961243,0.8243355751037598,0.8569172024726868,0.9811848998069763,0.968169093132019,0.9746335744857788
./cnn/stories/a175918a73063a9f515ea29e512917497335e817.story,content,shorten,1,1,0.8868569731712341,0.8405666351318359,0.8630915284156799,0.8868569731712341,0.8405666351318359,0.8630915284156799
./cnn/stories/a175918a73063a9f515ea29e512917497335e817.story,content,shorten,1,2,0.8797306418418884,0.8241517543792725,0.8510347008705139,0.9592266082763672,0.9520338773727417,0.9556167125701904
./cnn/stories/a175918a73063a9f515ea29e512917497335e817.story,content,shorten,1,3,0.878454864025116,0.8168370127677917,0.8465261459350586,0.9750211238861084,0.9506520628929138,0.9626824259757996
./cnn/stories/a175918a73063a9f515ea29e512917497335e817.story,content,shorten,2,1,0.9070695638656616,0.8675171136856079,0.8868525624275208,0.9070695638656616,0.8675171136856079,0.8868525624275208
./cnn/stories/a175918a73063a9f515ea29e512917497335e817.story,content,shorten,2,2,0.897034764289856,0.8625316619873047,0.8794448971748352,0.9686954617500305,0.9678213596343994,0.9682582020759583
./cnn/stories/a175918a73063a9f515ea29e512917497335e817.story,content,shorten,2,3,0.8960614204406738,0.8607172966003418,0.8780338168144226,0.983088493347168,0.9823064804077148,0.9826973080635071
./cnn/stories/a175918a73063a9f515ea29e512917497335e817.story,content,elaborate,0,1,0.9090557098388672,0.8926339149475098,0.9007699489593506,0.9090557098388672,0.8926339149475098,0.9007699489593506
./cnn/stories/a175918a73063a9f515ea29e512917497335e817.story,content,elaborate,0,2,0.8894434571266174,0.8719396591186523,0.88060462474823,0.94805508852005,0.9430509805679321,0.9455463886260986
./cnn/stories/a175918a73063a9f515ea29e512917497335e817.story,content,elaborate,0,3,0.883396327495575,0.8687416911125183,0.8760077357292175,0.948447585105896,0.9531060457229614,0.9507710933685303
./cnn/stories/a175918a73063a9f515ea29e512917497335e817.story,content,elaborate,1,1,0.8907279968261719,0.8542729020118713,0.8721197247505188,0.8907279968261719,0.8542729020118713,0.8721197247505188
./cnn/stories/a175918a73063a9f515ea29e512917497335e817.story,content,elaborate,1,2,0.8838679194450378,0.8513229489326477,0.867290198802948,0.9514082670211792,0.9570471048355103,0.954219400882721
./cnn/stories/a175918a73063a9f515ea29e512917497335e817.story,content,elaborate,1,3,0.8798332810401917,0.8503977060317993,0.8648651242256165,0.9614603519439697,0.9621061682701111,0.9617831110954285
./cnn/stories/a175918a73063a9f515ea29e512917497335e817.story,content,elaborate,2,1,0.9079107642173767,0.896708071231842,0.9022746086120605,0.9079107642173767,0.896708071231842,0.9022746086120605
./cnn/stories/a175918a73063a9f515ea29e512917497335e817.story,content,elaborate,2,2,0.8907545208930969,0.8885002136230469,0.8896259665489197,0.9454382061958313,0.9575470685958862,0.9514540433883667
./cnn/stories/a175918a73063a9f515ea29e512917497335e817.story,content,elaborate,2,3,0.8887642025947571,0.8847824335098267,0.8867688179016113,0.9614107608795166,0.9616042375564575,0.9615074992179871
./cnn/stories/f05838711d8ba0643a6cdc6fc9858a3e6381515c.story,style,formality,0,1,0.8612477779388428,0.8630802631378174,0.8621630072593689,0.8612477779388428,0.8630802631378174,0.8621630072593689
./cnn/stories/f05838711d8ba0643a6cdc6fc9858a3e6381515c.story,style,formality,0,2,0.8523406982421875,0.8508081436157227,0.8515737652778625,0.948481559753418,0.9477653503417969,0.9481232762336731
./cnn/stories/f05838711d8ba0643a6cdc6fc9858a3e6381515c.story,style,formality,0,3,0.8541470170021057,0.8520275950431824,0.853085994720459,0.960740327835083,0.9586923122406006,0.9597152471542358
./cnn/stories/f05838711d8ba0643a6cdc6fc9858a3e6381515c.story,style,formality,1,1,0.8659363985061646,0.8667924404144287,0.8663641810417175,0.8659363985061646,0.8667924404144287,0.8663641810417175
./cnn/stories/f05838711d8ba0643a6cdc6fc9858a3e6381515c.story,style,formality,1,2,0.8577848076820374,0.8585622906684875,0.8581733703613281,0.9538596868515015,0.9541110992431641,0.9539853930473328
./cnn/stories/f05838711d8ba0643a6cdc6fc9858a3e6381515c.story,style,formality,1,3,0.8582794666290283,0.8590709567070007,0.8586750030517578,0.9633728265762329,0.9632068872451782,0.9632897973060608
./cnn/stories/f05838711d8ba0643a6cdc6fc9858a3e6381515c.story,style,formality,2,1,0.8599187135696411,0.8597511053085327,0.8598349094390869,0.8599187135696411,0.8597511053085327,0.8598349094390869
./cnn/stories/f05838711d8ba0643a6cdc6fc9858a3e6381515c.story,style,formality,2,2,0.8499013185501099,0.8440380096435547,0.8469594717025757,0.9464440941810608,0.9467155933380127,0.9465798735618591
./cnn/stories/f05838711d8ba0643a6cdc6fc9858a3e6381515c.story,style,formality,2,3,0.8497354984283447,0.8436684608459473,0.8466911315917969,0.9608114361763,0.9583230018615723,0.9595656394958496
./cnn/stories/f05838711d8ba0643a6cdc6fc9858a3e6381515c.story,style,paraphrase,0,1,0.8598077297210693,0.8384488821029663,0.8489940166473389,0.8598077297210693,0.8384488821029663,0.8489940166473389
./cnn/stories/f05838711d8ba0643a6cdc6fc9858a3e6381515c.story,style,paraphrase,0,2,0.8608357906341553,0.8349292278289795,0.8476846218109131,0.9469820261001587,0.9428337812423706,0.9449033737182617
./cnn/stories/f05838711d8ba0643a6cdc6fc9858a3e6381515c.story,style,paraphrase,0,3,0.8588303327560425,0.8358528017997742,0.8471858501434326,0.9361759424209595,0.9376909136772156,0.9369328618049622
./cnn/stories/f05838711d8ba0643a6cdc6fc9858a3e6381515c.story,style,paraphrase,1,1,0.8549890518188477,0.8419091701507568,0.8483986854553223,0.8549890518188477,0.8419091701507568,0.8483986854553223
./cnn/stories/f05838711d8ba0643a6cdc6fc9858a3e6381515c.story,style,paraphrase,1,2,0.8515149354934692,0.834774374961853,0.8430615067481995,0.9527586698532104,0.9478429555892944,0.9502944946289062
./cnn/stories/f05838711d8ba0643a6cdc6fc9858a3e6381515c.story,style,paraphrase,1,3,0.8505464792251587,0.8330304026603699,0.8416973352432251,0.95556640625,0.9500432014465332,0.9527967572212219
./cnn/stories/f05838711d8ba0643a6cdc6fc9858a3e6381515c.story,style,paraphrase,2,1,0.8616939783096313,0.8523751497268677,0.85700923204422,0.8616939783096313,0.8523751497268677,0.85700923204422
./cnn/stories/f05838711d8ba0643a6cdc6fc9858a3e6381515c.story,style,paraphrase,2,2,0.854265570640564,0.8465704321861267,0.8504006266593933,0.9458909034729004,0.9452441334724426,0.9455674290657043
./cnn/stories/f05838711d8ba0643a6cdc6fc9858a3e6381515c.story,style,paraphrase,2,3,0.8570238351821899,0.84666508436203,0.851813018321991,0.9363210201263428,0.9327435493469238,0.9345288872718811
./cnn/stories/f05838711d8ba0643a6cdc6fc9858a3e6381515c.story,content,shorten,0,1,0.8712721467018127,0.8096579313278198,0.8393357992172241,0.8712721467018127,0.8096579313278198,0.8393357992172241
./cnn/stories/f05838711d8ba0643a6cdc6fc9858a3e6381515c.story,content,shorten,0,2,0.8805625438690186,0.8064472079277039,0.8418768048286438,0.9786783456802368,0.9548608064651489,0.9666228890419006
./cnn/stories/f05838711d8ba0643a6cdc6fc9858a3e6381515c.story,content,shorten,0,3,0.8821715116500854,0.8032755255699158,0.8408769965171814,0.9718106389045715,0.9649530649185181,0.9683696627616882
./cnn/stories/f05838711d8ba0643a6cdc6fc9858a3e6381515c.story,content,shorten,1,1,0.862214982509613,0.8261823654174805,0.8438141345977783,0.862214982509613,0.8261823654174805,0.8438141345977783
./cnn/stories/f05838711d8ba0643a6cdc6fc9858a3e6381515c.story,content,shorten,1,2,0.8661445379257202,0.8066955804824829,0.8353637456893921,0.9503699541091919,0.9082777500152588,0.9288472533226013
./cnn/stories/f05838711d8ba0643a6cdc6fc9858a3e6381515c.story,content,shorten,1,3,0.8638949394226074,0.8006559610366821,0.8310741782188416,0.9518571496009827,0.9325809478759766,0.9421204924583435
./cnn/stories/f05838711d8ba0643a6cdc6fc9858a3e6381515c.story,content,shorten,2,1,0.8654181361198425,0.8297094106674194,0.8471876978874207,0.8654181361198425,0.8297094106674194,0.8471876978874207
./cnn/stories/f05838711d8ba0643a6cdc6fc9858a3e6381515c.story,content,shorten,2,2,0.8700608015060425,0.8282428979873657,0.848637044429779,0.9700514078140259,0.9623249769210815,0.9661727547645569
./cnn/stories/f05838711d8ba0643a6cdc6fc9858a3e6381515c.story,content,shorten,2,3,0.866830050945282,0.8239837288856506,0.844864010810852,0.9752048850059509,0.9749720096588135,0.975088357925415
./cnn/stories/f05838711d8ba0643a6cdc6fc9858a3e6381515c.story,content,elaborate,0,1,0.8694128394126892,0.8648031949996948,0.8671019077301025,0.8694128394126892,0.8648031949996948,0.8671019077301025
./cnn/stories/f05838711d8ba0643a6cdc6fc9858a3e6381515c.story,content,elaborate,0,2,0.863180935382843,0.8614265322685242,0.8623027801513672,0.9087679982185364,0.9061523675918579,0.9074582457542419
./cnn/stories/f05838711d8ba0643a6cdc6fc9858a3e6381515c.story,content,elaborate,0,3,0.8491275906562805,0.8470941781997681,0.8481096029281616,0.9122231006622314,0.914109468460083,0.9131653308868408
./cnn/stories/f05838711d8ba0643a6cdc6fc9858a3e6381515c.story,content,elaborate,1,1,0.8571150898933411,0.8566253185272217,0.8568701148033142,0.8571150898933411,0.8566253185272217,0.8568701148033142
./cnn/stories/f05838711d8ba0643a6cdc6fc9858a3e6381515c.story,content,elaborate,1,2,0.856662392616272,0.8548610806465149,0.8557607531547546,0.9379955530166626,0.9359111785888672,0.9369521737098694
./cnn/stories/f05838711d8ba0643a6cdc6fc9858a3e6381515c.story,content,elaborate,1,3,0.8550947308540344,0.8500693440437317,0.8525745868682861,0.9440603852272034,0.9413415193557739,0.9426990151405334
./cnn/stories/f05838711d8ba0643a6cdc6fc9858a3e6381515c.story,content,elaborate,2,1,0.8652867674827576,0.8608807921409607,0.8630781769752502,0.8652867674827576,0.8608807921409607,0.8630781769752502
./cnn/stories/f05838711d8ba0643a6cdc6fc9858a3e6381515c.story,content,elaborate,2,2,0.8562554121017456,0.8532801866531372,0.8547651767730713,0.9386652708053589,0.9375267028808594,0.9380956888198853
./cnn/stories/f05838711d8ba0643a6cdc6fc9858a3e6381515c.story,content,elaborate,2,3,0.8590969443321228,0.8554364442825317,0.8572628498077393,0.9379516839981079,0.9357631206512451,0.9368560910224915
./cnn/stories/e33770be4a9171047560f037832fd8cccdd079ee.story,style,formality,0,1,0.927586555480957,0.9281755089759827,0.9278809428215027,0.927586555480957,0.9281755089759827,0.9278809428215027
./cnn/stories/e33770be4a9171047560f037832fd8cccdd079ee.story,style,formality,0,2,0.9071009755134583,0.9092943072319031,0.9081963300704956,0.9511850476264954,0.9480566382408142,0.9496182799339294
./cnn/stories/e33770be4a9171047560f037832fd8cccdd079ee.story,style,formality,0,3,0.9130839705467224,0.9083645343780518,0.9107181429862976,0.9622089862823486,0.9580261707305908,0.9601130485534668
./cnn/stories/e33770be4a9171047560f037832fd8cccdd079ee.story,style,formality,1,1,0.9321159720420837,0.9244027137756348,0.9282432794570923,0.9321159720420837,0.9244027137756348,0.9282432794570923
./cnn/stories/e33770be4a9171047560f037832fd8cccdd079ee.story,style,formality,1,2,0.91701340675354,0.9135026931762695,0.9152547121047974,0.9611594676971436,0.9650729894638062,0.9631122946739197
./cnn/stories/e33770be4a9171047560f037832fd8cccdd079ee.story,style,formality,1,3,0.9127020835876465,0.9101457595825195,0.9114221334457397,0.9709870219230652,0.9733923673629761,0.9721882343292236
./cnn/stories/e33770be4a9171047560f037832fd8cccdd079ee.story,style,formality,2,1,0.9116489291191101,0.9022270441055298,0.9069135189056396,0.9116489291191101,0.9022270441055298,0.9069135189056396
./cnn/stories/e33770be4a9171047560f037832fd8cccdd079ee.story,style,formality,2,2,0.9025866389274597,0.8966233730316162,0.8995950818061829,0.958687424659729,0.9605611562728882,0.9596233367919922
./cnn/stories/e33770be4a9171047560f037832fd8cccdd079ee.story,style,formality,2,3,0.8979078531265259,0.8941435813903809,0.8960217237472534,0.9638145565986633,0.9659232497215271,0.9648677706718445
./cnn/stories/e33770be4a9171047560f037832fd8cccdd079ee.story,style,paraphrase,0,1,0.9105166792869568,0.8887108564376831,0.8994816541671753,0.9105166792869568,0.8887108564376831,0.8994816541671753
./cnn/stories/e33770be4a9171047560f037832fd8cccdd079ee.story,style,paraphrase,0,2,0.9072542190551758,0.8857352137565613,0.8963655829429626,0.9583522081375122,0.9592753052711487,0.9588135480880737
./cnn/stories/e33770be4a9171047560f037832fd8cccdd079ee.story,style,paraphrase,0,3,0.899803638458252,0.8782786726951599,0.8889108300209045,0.9641546010971069,0.9614356756210327,0.962793231010437
./cnn/stories/e33770be4a9171047560f037832fd8cccdd079ee.story,style,paraphrase,1,1,0.9002394080162048,0.858220636844635,0.8787280321121216,0.9002394080162048,0.858220636844635,0.8787280321121216
./cnn/stories/e33770be4a9171047560f037832fd8cccdd079ee.story,style,paraphrase,1,2,0.8896869421005249,0.8517910242080688,0.8703266382217407,0.9598416090011597,0.9579333066940308,0.9588865041732788
./cnn/stories/e33770be4a9171047560f037832fd8cccdd079ee.story,style,paraphrase,1,3,0.8902305364608765,0.8502005934715271,0.869755208492279,0.9718030691146851,0.9677305817604065,0.9697625637054443
./cnn/stories/e33770be4a9171047560f037832fd8cccdd079ee.story,style,paraphrase,2,1,0.92133629322052,0.90940260887146,0.9153305888175964,0.92133629322052,0.90940260887146,0.9153305888175964
./cnn/stories/e33770be4a9171047560f037832fd8cccdd079ee.story,style,paraphrase,2,2,0.914682149887085,0.9031001329421997,0.9088542461395264,0.9627490043640137,0.9626021385192871,0.9626755118370056
./cnn/stories/e33770be4a9171047560f037832fd8cccdd079ee.story,style,paraphrase,2,3,0.9104601740837097,0.8992735147476196,0.9048323035240173,0.9611909985542297,0.9612014293670654,0.96119624376297
./cnn/stories/e33770be4a9171047560f037832fd8cccdd079ee.story,content,shorten,0,1,0.9044147729873657,0.8479167222976685,0.8752549290657043,0.9044147729873657,0.8479167222976685,0.8752549290657043
./cnn/stories/e33770be4a9171047560f037832fd8cccdd079ee.story,content,shorten,0,2,0.8935826420783997,0.8410753011703491,0.8665342330932617,0.9673503041267395,0.9555675387382507,0.961422860622406
./cnn/stories/e33770be4a9171047560f037832fd8cccdd079ee.story,content,shorten,0,3,0.8940393328666687,0.8392505049705505,0.8657789826393127,0.9901353716850281,0.9857184290885925,0.9879220128059387
./cnn/stories/e33770be4a9171047560f037832fd8cccdd079ee.story,content,shorten,1,1,0.8964554071426392,0.8522307872772217,0.8737838864326477,0.8964554071426392,0.8522307872772217,0.8737838864326477
./cnn/stories/e33770be4a9171047560f037832fd8cccdd079ee.story,content,shorten,1,2,0.8904533982276917,0.8446536064147949,0.8669490814208984,0.965301513671875,0.9540733098983765,0.9596545696258545
./cnn/stories/e33770be4a9171047560f037832fd8cccdd079ee.story,content,shorten,1,3,0.8901797533035278,0.8401157855987549,0.8644235134124756,0.9771638512611389,0.9696378111839294,0.973386287689209
./cnn/stories/e33770be4a9171047560f037832fd8cccdd079ee.story,content,shorten,2,1,0.9152685403823853,0.8884890079498291,0.9016799330711365,0.9152685403823853,0.8884890079498291,0.9016799330711365
./cnn/stories/e33770be4a9171047560f037832fd8cccdd079ee.story,content,shorten,2,2,0.9005913734436035,0.8598567843437195,0.8797527551651001,0.951593279838562,0.9260146021842957,0.9386297464370728
./cnn/stories/e33770be4a9171047560f037832fd8cccdd079ee.story,content,shorten,2,3,0.8994853496551514,0.859320342540741,0.8789442181587219,0.9695854187011719,0.9717556834220886,0.9706692695617676
./cnn/stories/e33770be4a9171047560f037832fd8cccdd079ee.story,content,elaborate,0,1,0.904926061630249,0.8992748260498047,0.9020915627479553,0.904926061630249,0.8992748260498047,0.9020915627479553
./cnn/stories/e33770be4a9171047560f037832fd8cccdd079ee.story,content,elaborate,0,2,0.8924667835235596,0.8907483816146851,0.8916067481040955,0.9186786413192749,0.9245852828025818,0.9216225147247314
./cnn/stories/e33770be4a9171047560f037832fd8cccdd079ee.story,content,elaborate,0,3,0.8777528405189514,0.879460334777832,0.8786057829856873,0.9269932508468628,0.9291254281997681,0.9280581474304199
./cnn/stories/e33770be4a9171047560f037832fd8cccdd079ee.story,content,elaborate,1,1,0.9035258293151855,0.8749911785125732,0.8890295624732971,0.9035258293151855,0.8749911785125732,0.8890295624732971
./cnn/stories/e33770be4a9171047560f037832fd8cccdd079ee.story,content,elaborate,1,2,0.902084469795227,0.877766489982605,0.889759361743927,0.9442877769470215,0.9484963417053223,0.9463873505592346
./cnn/stories/e33770be4a9171047560f037832fd8cccdd079ee.story,content,elaborate,1,3,0.8913967609405518,0.8683654069900513,0.8797303438186646,0.9494125247001648,0.9463084936141968,0.9478579759597778
./cnn/stories/e33770be4a9171047560f037832fd8cccdd079ee.story,content,elaborate,2,1,0.9221166968345642,0.9048687219619751,0.9134113192558289,0.9221166968345642,0.9048687219619751,0.9134113192558289
./cnn/stories/e33770be4a9171047560f037832fd8cccdd079ee.story,content,elaborate,2,2,0.9022917747497559,0.8940900564193726,0.8981721997261047,0.9417409896850586,0.9514120817184448,0.9465518593788147
./cnn/stories/e33770be4a9171047560f037832fd8cccdd079ee.story,content,elaborate,2,3,0.8914899826049805,0.8868997097015381,0.8891889452934265,0.9391999244689941,0.9457472562789917,0.9424622058868408
./cnn/stories/eb36fc1a10215db3b049a6b1de5ca225cda64992.story,style,formality,0,1,0.8927035331726074,0.8917880058288574,0.8922455310821533,0.8927035331726074,0.8917880058288574,0.8922455310821533
./cnn/stories/eb36fc1a10215db3b049a6b1de5ca225cda64992.story,style,formality,0,2,0.8888132572174072,0.8880544304847717,0.8884337544441223,0.9489113092422485,0.9472421407699585,0.9480760097503662
./cnn/stories/eb36fc1a10215db3b049a6b1de5ca225cda64992.story,style,formality,0,3,0.8860118985176086,0.8834022879600525,0.8847051858901978,0.9696129560470581,0.9680930972099304,0.9688524603843689
./cnn/stories/eb36fc1a10215db3b049a6b1de5ca225cda64992.story,style,formality,1,1,0.8694734573364258,0.8712725639343262,0.8703721165657043,0.8694734573364258,0.8712725639343262,0.8703721165657043
./cnn/stories/eb36fc1a10215db3b049a6b1de5ca225cda64992.story,style,formality,1,2,0.8623844385147095,0.8644046187400818,0.8633933663368225,0.9410320520401001,0.9397146105766296,0.940372884273529
./cnn/stories/eb36fc1a10215db3b049a6b1de5ca225cda64992.story,style,formality,1,3,0.8597221374511719,0.8609006404876709,0.860310971736908,0.9717662334442139,0.9725238084793091,0.9721448421478271
./cnn/stories/eb36fc1a10215db3b049a6b1de5ca225cda64992.story,style,formality,2,1,0.8697329759597778,0.8725811243057251,0.8711547255516052,0.8697329759597778,0.8725811243057251,0.8711547255516052
./cnn/stories/eb36fc1a10215db3b049a6b1de5ca225cda64992.story,style,formality,2,2,0.8581862449645996,0.8630979061126709,0.8606351017951965,0.9478827118873596,0.9486510753631592,0.9482668042182922
./cnn/stories/eb36fc1a10215db3b049a6b1de5ca225cda64992.story,style,formality,2,3,0.8591740131378174,0.8632568717002869,0.8612105846405029,0.9642874002456665,0.9629449248313904,0.9636157155036926
./cnn/stories/eb36fc1a10215db3b049a6b1de5ca225cda64992.story,style,paraphrase,0,1,0.8551537990570068,0.8247525691986084,0.8396781086921692,0.8551537990570068,0.8247525691986084,0.8396781086921692
./cnn/stories/eb36fc1a10215db3b049a6b1de5ca225cda64992.story,style,paraphrase,0,2,0.8436310291290283,0.8208110332489014,0.8320646286010742,0.930221438407898,0.9389159679412842,0.9345484375953674
./cnn/stories/eb36fc1a10215db3b049a6b1de5ca225cda64992.story,style,paraphrase,0,3,0.8506245613098145,0.820569634437561,0.8353268504142761,0.9481561183929443,0.9420057535171509,0.9450709223747253
./cnn/stories/eb36fc1a10215db3b049a6b1de5ca225cda64992.story,style,paraphrase,1,1,0.846824049949646,0.8387420177459717,0.8427636027336121,0.846824049949646,0.8387420177459717,0.8427636027336121
./cnn/stories/eb36fc1a10215db3b049a6b1de5ca225cda64992.story,style,paraphrase,1,2,0.848768949508667,0.8380341529846191,0.8433673977851868,0.9533103704452515,0.950056254863739,0.9516805410385132
./cnn/stories/eb36fc1a10215db3b049a6b1de5ca225cda64992.story,style,paraphrase,1,3,0.8458625674247742,0.8386613130569458,0.8422465324401855,0.9608997106552124,0.9647293090820312,0.9628106951713562
./cnn/stories/eb36fc1a10215db3b049a6b1de5ca225cda64992.story,style,paraphrase,2,1,0.8457282781600952,0.85040682554245,0.8480611443519592,0.8457282781600952,0.85040682554245,0.8480611443519592
./cnn/stories/eb36fc1a10215db3b049a6b1de5ca225cda64992.story,style,paraphrase,2,2,0.8436940908432007,0.8486947417259216,0.8461871147155762,0.9420556426048279,0.9446249604225159,0.9433385729789734
./cnn/stories/eb36fc1a10215db3b049a6b1de5ca225cda64992.story,style,paraphrase,2,3,0.8404927253723145,0.8437802195549011,0.8421332240104675,0.9413378834724426,0.9374755620956421,0.9394027590751648
./cnn/stories/eb36fc1a10215db3b049a6b1de5ca225cda64992.story,content,shorten,0,1,0.8577499389648438,0.8170864582061768,0.8369245529174805,0.8577499389648438,0.8170864582061768,0.8369245529174805
./cnn/stories/eb36fc1a10215db3b049a6b1de5ca225cda64992.story,content,shorten,0,2,0.853992223739624,0.8108175992965698,0.8318451046943665,0.9710243344306946,0.9621697664260864,0.9665766954421997
./cnn/stories/eb36fc1a10215db3b049a6b1de5ca225cda64992.story,content,shorten,0,3,0.8535276055335999,0.8102996945381165,0.8313520550727844,0.986508846282959,0.9845705628395081,0.9855387806892395
./cnn/stories/eb36fc1a10215db3b049a6b1de5ca225cda64992.story,content,shorten,1,1,0.8523296117782593,0.8327642679214478,0.8424333333969116,0.8523296117782593,0.8327642679214478,0.8424333333969116
./cnn/stories/eb36fc1a10215db3b049a6b1de5ca225cda64992.story,content,shorten,1,2,0.8521377444267273,0.8318195939064026,0.8418561220169067,0.9477413892745972,0.9391804933547974,0.9434415102005005
./cnn/stories/eb36fc1a10215db3b049a6b1de5ca225cda64992.story,content,shorten,1,3,0.8535803556442261,0.8278923630714417,0.8405401110649109,0.9571331143379211,0.9537294507026672,0.9554282426834106
./cnn/stories/eb36fc1a10215db3b049a6b1de5ca225cda64992.story,content,shorten,2,1,0.8448033332824707,0.8312046527862549,0.8379488587379456,0.8448033332824707,0.8312046527862549,0.8379488587379456
./cnn/stories/eb36fc1a10215db3b049a6b1de5ca225cda64992.story,content,shorten,2,2,0.8424515724182129,0.8298623561859131,0.8361095786094666,0.9479616284370422,0.948266327381134,0.9481139779090881
./cnn/stories/eb36fc1a10215db3b049a6b1de5ca225cda64992.story,content,shorten,2,3,0.8443682789802551,0.829170823097229,0.8367004990577698,0.9623669385910034,0.9546048641204834,0.9584701657295227
./cnn/stories/eb36fc1a10215db3b049a6b1de5ca225cda64992.story,content,elaborate,0,1,0.8513720035552979,0.8536965250968933,0.8525326251983643,0.8513720035552979,0.8536965250968933,0.8525326251983643
./cnn/stories/eb36fc1a10215db3b049a6b1de5ca225cda64992.story,content,elaborate,0,2,0.8537659645080566,0.8509974479675293,0.8523794412612915,0.9141838550567627,0.9116308689117432,0.9129055738449097
./cnn/stories/eb36fc1a10215db3b049a6b1de5ca225cda64992.story,content,elaborate,0,3,0.845509946346283,0.8467360734939575,0.8461226224899292,0.9348068237304688,0.935226559638977,0.9350166916847229
./cnn/stories/eb36fc1a10215db3b049a6b1de5ca225cda64992.story,content,elaborate,1,1,0.8518869280815125,0.846795916557312,0.8493338227272034,0.8518869280815125,0.846795916557312,0.8493338227272034
./cnn/stories/eb36fc1a10215db3b049a6b1de5ca225cda64992.story,content,elaborate,1,2,0.8420153260231018,0.841094970703125,0.8415549397468567,0.9187308549880981,0.9254146218299866,0.9220606088638306
./cnn/stories/eb36fc1a10215db3b049a6b1de5ca225cda64992.story,content,elaborate,1,3,0.8420558571815491,0.8408728837966919,0.8414639234542847,0.9387017488479614,0.9390227794647217,0.9388622641563416
./cnn/stories/eb36fc1a10215db3b049a6b1de5ca225cda64992.story,content,elaborate,2,1,0.8537264466285706,0.8599587678909302,0.8568312525749207,0.8537264466285706,0.8599587678909302,0.8568312525749207
./cnn/stories/eb36fc1a10215db3b049a6b1de5ca225cda64992.story,content,elaborate,2,2,0.8441053628921509,0.845421552658081,0.8447629809379578,0.9280112385749817,0.9231311082839966,0.925564706325531
./cnn/stories/eb36fc1a10215db3b049a6b1de5ca225cda64992.story,content,elaborate,2,3,0.8405971527099609,0.8456513285636902,0.8431166410446167,0.925490140914917,0.9232824444770813,0.9243850111961365
./cnn/stories/dd0c91321b10ce166b82bc566994556b334c9f19.story,style,formality,0,1,0.8639746308326721,0.8664841651916504,0.8652275800704956,0.8639746308326721,0.8664841651916504,0.8652275800704956
./cnn/stories/dd0c91321b10ce166b82bc566994556b334c9f19.story,style,formality,0,2,0.8556971549987793,0.8576041460037231,0.8566495776176453,0.9527180790901184,0.9527658820152283,0.9527419805526733
./cnn/stories/dd0c91321b10ce166b82bc566994556b334c9f19.story,style,formality,0,3,0.8563610315322876,0.8565973043441772,0.8564791679382324,0.9668872952461243,0.9654179215431213,0.9661520719528198
./cnn/stories/dd0c91321b10ce166b82bc566994556b334c9f19.story,style,formality,1,1,0.8640093207359314,0.8669822216033936,0.8654931783676147,0.8640093207359314,0.8669822216033936,0.8654931783676147
./cnn/stories/dd0c91321b10ce166b82bc566994556b334c9f19.story,style,formality,1,2,0.8577067852020264,0.8586451411247253,0.8581756353378296,0.9452072381973267,0.9443677067756653,0.9447872638702393
./cnn/stories/dd0c91321b10ce166b82bc566994556b334c9f19.story,style,formality,1,3,0.8545709848403931,0.8568137288093567,0.8556908369064331,0.9634014368057251,0.9640371799468994,0.9637191891670227
./cnn/stories/dd0c91321b10ce166b82bc566994556b334c9f19.story,style,formality,2,1,0.8678448796272278,0.8631184697151184,0.8654752373695374,0.8678448796272278,0.8631184697151184,0.8654752373695374
./cnn/stories/dd0c91321b10ce166b82bc566994556b334c9f19.story,style,formality,2,2,0.8604534864425659,0.8560060262680054,0.8582239747047424,0.9609347581863403,0.9621210098266602,0.9615275263786316
./cnn/stories/dd0c91321b10ce166b82bc566994556b334c9f19.story,style,formality,2,3,0.8583731651306152,0.853759765625,0.856060266494751,0.9729918837547302,0.9726666212081909,0.9728292226791382
./cnn/stories/dd0c91321b10ce166b82bc566994556b334c9f19.story,style,paraphrase,0,1,0.8694597482681274,0.8597681522369385,0.8645867705345154,0.8694597482681274,0.8597681522369385,0.8645867705345154
./cnn/stories/dd0c91321b10ce166b82bc566994556b334c9f19.story,style,paraphrase,0,2,0.8626816868782043,0.8504422307014465,0.8565182089805603,0.9482808709144592,0.9406228065490723,0.9444363713264465
./cnn/stories/dd0c91321b10ce166b82bc566994556b334c9f19.story,style,paraphrase,0,3,0.8617287874221802,0.8502882719039917,0.8559702634811401,0.9531446695327759,0.9501649141311646,0.9516524076461792
./cnn/stories/dd0c91321b10ce166b82bc566994556b334c9f19.story,style,paraphrase,1,1,0.8697423934936523,0.8608377575874329,0.8652672171592712,0.8697423934936523,0.8608377575874329,0.8652672171592712
./cnn/stories/dd0c91321b10ce166b82bc566994556b334c9f19.story,style,paraphrase,1,2,0.8579253554344177,0.8522433042526245,0.8550748825073242,0.9455569982528687,0.9490826725959778,0.9473165273666382
./cnn/stories/dd0c91321b10ce166b82bc566994556b334c9f19.story,style,paraphrase,1,3,0.8554238080978394,0.8499013185501099,0.8526536226272583,0.9591860771179199,0.9540630578994751,0.9566177129745483
./cnn/stories/dd0c91321b10ce166b82bc566994556b334c9f19.story,style,paraphrase,2,1,0.8720491528511047,0.8715282678604126,0.8717886209487915,0.8720491528511047,0.8715282678604126,0.8717886209487915
./cnn/stories/dd0c91321b10ce166b82bc566994556b334c9f19.story,style,paraphrase,2,2,0.8613379597663879,0.8600502610206604,0.860693633556366,0.9403671026229858,0.9390060901641846,0.939686119556427
./cnn/stories/dd0c91321b10ce166b82bc566994556b334c9f19.story,style,paraphrase,2,3,0.8558945059776306,0.8534765243530273,0.8546837568283081,0.9397788047790527,0.9384126663208008,0.9390951991081238
./cnn/stories/dd0c91321b10ce166b82bc566994556b334c9f19.story,content,shorten,0,1,0.8580260276794434,0.8355820775032043,0.8466553688049316,0.8580260276794434,0.8355820775032043,0.8466553688049316
./cnn/stories/dd0c91321b10ce166b82bc566994556b334c9f19.story,content,shorten,0,2,0.8579609394073486,0.8283344507217407,0.8428874015808105,0.9671190977096558,0.9577481150627136,0.9624108076095581
./cnn/stories/dd0c91321b10ce166b82bc566994556b334c9f19.story,content,shorten,0,3,0.8605501651763916,0.8269076347351074,0.8433935046195984,0.9768043756484985,0.9645481109619141,0.9706375598907471
./cnn/stories/dd0c91321b10ce166b82bc566994556b334c9f19.story,content,shorten,1,1,0.8635987639427185,0.8229700326919556,0.8427950739860535,0.8635987639427185,0.8229700326919556,0.8427950739860535
./cnn/stories/dd0c91321b10ce166b82bc566994556b334c9f19.story,content,shorten,1,2,0.8626663088798523,0.8134554028511047,0.8373384475708008,0.9546864032745361,0.934820294380188,0.9446489214897156
./cnn/stories/dd0c91321b10ce166b82bc566994556b334c9f19.story,content,shorten,1,3,0.861120343208313,0.8121044039726257,0.8358944058418274,0.9721731543540955,0.9658100605010986,0.968981146812439
./cnn/stories/dd0c91321b10ce166b82bc566994556b334c9f19.story,content,shorten,2,1,0.8558311462402344,0.8482241630554199,0.8520106673240662,0.8558311462402344,0.8482241630554199,0.8520106673240662
./cnn/stories/dd0c91321b10ce166b82bc566994556b334c9f19.story,content,shorten,2,2,0.8541114330291748,0.8358584642410278,0.8448863625526428,0.9438430666923523,0.9267205595970154,0.935203492641449
./cnn/stories/dd0c91321b10ce166b82bc566994556b334c9f19.story,content,shorten,2,3,0.8530383706092834,0.8343213200569153,0.8435760736465454,0.9703845977783203,0.964570164680481,0.9674686789512634
./cnn/stories/dd0c91321b10ce166b82bc566994556b334c9f19.story,content,elaborate,0,1,0.8538495302200317,0.8671723008155823,0.8604593276977539,0.8538495302200317,0.8671723008155823,0.8604593276977539
./cnn/stories/dd0c91321b10ce166b82bc566994556b334c9f19.story,content,elaborate,0,2,0.8395257592201233,0.8452631235122681,0.8423846364021301,0.8929297924041748,0.8915916681289673,0.8922601938247681
./cnn/stories/dd0c91321b10ce166b82bc566994556b334c9f19.story,content,elaborate,0,3,0.8381880521774292,0.8414233326911926,0.8398025631904602,0.9375801682472229,0.9347264170646667,0.9361511468887329
./cnn/stories/dd0c91321b10ce166b82bc566994556b334c9f19.story,content,elaborate,1,1,0.8726533651351929,0.8726140260696411,0.872633695602417,0.8726533651351929,0.8726140260696411,0.872633695602417
./cnn/stories/dd0c91321b10ce166b82bc566994556b334c9f19.story,content,elaborate,1,2,0.866226315498352,0.8654655814170837,0.865845799446106,0.9443955421447754,0.9422421455383301,0.9433176517486572
./cnn/stories/dd0c91321b10ce166b82bc566994556b334c9f19.story,content,elaborate,1,3,0.8628513813018799,0.8610223531723022,0.8619359135627747,0.9329690933227539,0.9281957745552063,0.9305763244628906
./cnn/stories/dd0c91321b10ce166b82bc566994556b334c9f19.story,content,elaborate,2,1,0.8639068603515625,0.8635414838790894,0.8637241721153259,0.8639068603515625,0.8635414838790894,0.8637241721153259
./cnn/stories/dd0c91321b10ce166b82bc566994556b334c9f19.story,content,elaborate,2,2,0.8515461087226868,0.8562912940979004,0.8539121150970459,0.9368539452552795,0.9392735958099365,0.9380621910095215
./cnn/stories/dd0c91321b10ce166b82bc566994556b334c9f19.story,content,elaborate,2,3,0.8513540029525757,0.8524748086929321,0.8519140481948853,0.9399484395980835,0.9364651441574097,0.9382035732269287
./cnn/stories/43ba8c49ed06c4732f3c67be1dcce1303c947eed.story,style,formality,0,1,0.8536655902862549,0.8509145975112915,0.8522878885269165,0.8536655902862549,0.8509145975112915,0.8522878885269165
./cnn/stories/43ba8c49ed06c4732f3c67be1dcce1303c947eed.story,style,formality,0,2,0.8460044860839844,0.8450098037719727,0.8455068469047546,0.9597679376602173,0.9589716792106628,0.9593696594238281
./cnn/stories/43ba8c49ed06c4732f3c67be1dcce1303c947eed.story,style,formality,0,3,0.8444156050682068,0.8427393436431885,0.8435766100883484,0.951266348361969,0.9520243406295776,0.9516451954841614
./cnn/stories/43ba8c49ed06c4732f3c67be1dcce1303c947eed.story,style,formality,1,1,0.8483762741088867,0.8439037203788757,0.8461340069770813,0.8483762741088867,0.8439037203788757,0.8461340069770813
./cnn/stories/43ba8c49ed06c4732f3c67be1dcce1303c947eed.story,style,formality,1,2,0.8426275253295898,0.8427555561065674,0.8426915407180786,0.93937087059021,0.9404694437980652,0.9399198293685913
./cnn/stories/43ba8c49ed06c4732f3c67be1dcce1303c947eed.story,style,formality,1,3,0.8436816334724426,0.8426076173782349,0.8431442379951477,0.9642727375030518,0.9637998342514038,0.9640362858772278
./cnn/stories/43ba8c49ed06c4732f3c67be1dcce1303c947eed.story,style,formality,2,1,0.84615159034729,0.832624077796936,0.8393333554267883,0.84615159034729,0.832624077796936,0.8393333554267883
./cnn/stories/43ba8c49ed06c4732f3c67be1dcce1303c947eed.story,style,formality,2,2,0.8386774659156799,0.8284183740615845,0.8335162997245789,0.9432988166809082,0.9436506032943726,0.9434747099876404
./cnn/stories/43ba8c49ed06c4732f3c67be1dcce1303c947eed.story,style,formality,2,3,0.8397008776664734,0.8285024762153625,0.8340641260147095,0.9589767456054688,0.9564886093139648,0.9577310681343079
./cnn/stories/43ba8c49ed06c4732f3c67be1dcce1303c947eed.story,style,paraphrase,0,1,0.8402037620544434,0.8205016851425171,0.8302358388900757,0.8402037620544434,0.8205016851425171,0.8302358388900757
./cnn/stories/43ba8c49ed06c4732f3c67be1dcce1303c947eed.story,style,paraphrase,0,2,0.8355268239974976,0.8165042400360107,0.8259060382843018,0.9361198544502258,0.9327101111412048,0.934411883354187
./cnn/stories/43ba8c49ed06c4732f3c67be1dcce1303c947eed.story,style,paraphrase,0,3,0.8318475484848022,0.8021051287651062,0.8167056441307068,0.919110119342804,0.8967543840408325,0.9077945947647095
./cnn/stories/43ba8c49ed06c4732f3c67be1dcce1303c947eed.story,style,paraphrase,1,1,0.8552748560905457,0.8196598887443542,0.8370887041091919,0.8552748560905457,0.8196598887443542,0.8370887041091919
./cnn/stories/43ba8c49ed06c4732f3c67be1dcce1303c947eed.story,style,paraphrase,1,2,0.849976658821106,0.8069565892219543,0.8279080986976624,0.9292179346084595,0.920927882194519,0.9250543117523193
./cnn/stories/43ba8c49ed06c4732f3c67be1dcce1303c947eed.story,style,paraphrase,1,3,0.8466105461120605,0.8053520917892456,0.8254660964012146,0.9481147527694702,0.9426350593566895,0.9453669786453247
./cnn/stories/43ba8c49ed06c4732f3c67be1dcce1303c947eed.story,style,paraphrase,2,1,0.8445467948913574,0.8358739614486694,0.8401880264282227,0.8445467948913574,0.8358739614486694,0.8401880264282227
./cnn/stories/43ba8c49ed06c4732f3c67be1dcce1303c947eed.story,style,paraphrase,2,2,0.841672420501709,0.8262416124343872,0.833885669708252,0.9222404956817627,0.905902624130249,0.913998544216156
./cnn/stories/43ba8c49ed06c4732f3c67be1dcce1303c947eed.story,style,paraphrase,2,3,0.8396613597869873,0.8254229426383972,0.8324812650680542,0.9476853013038635,0.95069420337677,0.9491873383522034
./cnn/stories/43ba8c49ed06c4732f3c67be1dcce1303c947eed.story,content,shorten,0,1,0.8610204458236694,0.8146257400512695,0.8371807932853699,0.8610204458236694,0.8146257400512695,0.8371807932853699
./cnn/stories/43ba8c49ed06c4732f3c67be1dcce1303c947eed.story,content,shorten,0,2,0.8741543889045715,0.8064009547233582,0.8389118909835815,0.9535955786705017,0.9165891408920288,0.9347262382507324
./cnn/stories/43ba8c49ed06c4732f3c67be1dcce1303c947eed.story,content,shorten,0,3,0.8721994757652283,0.8039059638977051,0.8366613388061523,0.9846413731575012,0.9819768071174622,0.9833073019981384
./cnn/stories/43ba8c49ed06c4732f3c67be1dcce1303c947eed.story,content,shorten,1,1,0.8590599894523621,0.8060381412506104,0.83170485496521,0.8590599894523621,0.8060381412506104,0.83170485496521
./cnn/stories/43ba8c49ed06c4732f3c67be1dcce1303c947eed.story,content,shorten,1,2,0.8488349914550781,0.7994503378868103,0.8234028220176697,0.9467706680297852,0.9332990646362305,0.9399866461753845
./cnn/stories/43ba8c49ed06c4732f3c67be1dcce1303c947eed.story,content,shorten,1,3,0.8483434915542603,0.7997597455978394,0.8233355283737183,0.9672533273696899,0.9689005613327026,0.968076229095459
./cnn/stories/43ba8c49ed06c4732f3c67be1dcce1303c947eed.story,content,shorten,2,1,0.8507052659988403,0.8180941343307495,0.8340810537338257,0.8507052659988403,0.8180941343307495,0.8340810537338257
./cnn/stories/43ba8c49ed06c4732f3c67be1dcce1303c947eed.story,content,shorten,2,2,0.85612553358078,0.8044045567512512,0.829459547996521,0.9396491050720215,0.9020718336105347,0.9204770922660828
./cnn/stories/43ba8c49ed06c4732f3c67be1dcce1303c947eed.story,content,shorten,2,3,0.8564785122871399,0.8027217984199524,0.8287292718887329,0.9665292501449585,0.9636778831481934,0.9651014804840088
./cnn/stories/43ba8c49ed06c4732f3c67be1dcce1303c947eed.story,content,elaborate,0,1,0.8449678421020508,0.8303213119506836,0.8375805616378784,0.8449678421020508,0.8303213119506836,0.8375805616378784
./cnn/stories/43ba8c49ed06c4732f3c67be1dcce1303c947eed.story,content,elaborate,0,2,0.8347246646881104,0.8255255222320557,0.8300995826721191,0.901074230670929,0.9108850955963135,0.9059531092643738
./cnn/stories/43ba8c49ed06c4732f3c67be1dcce1303c947eed.story,content,elaborate,0,3,0.8341188430786133,0.8274574875831604,0.8307748436927795,0.9229426383972168,0.9273709058761597,0.9251514673233032
./cnn/stories/43ba8c49ed06c4732f3c67be1dcce1303c947eed.story,content,elaborate,1,1,0.8467620611190796,0.8202410936355591,0.8332905769348145,0.8467620611190796,0.8202410936355591,0.8332905769348145
./cnn/stories/43ba8c49ed06c4732f3c67be1dcce1303c947eed.story,content,elaborate,1,2,0.8382956385612488,0.8161424398422241,0.8270707130432129,0.9078434109687805,0.9117650985717773,0.9098000526428223
./cnn/stories/43ba8c49ed06c4732f3c67be1dcce1303c947eed.story,content,elaborate,1,3,0.8366661667823792,0.8158401250839233,0.8261218667030334,0.9279268980026245,0.925976574420929,0.9269506931304932
./cnn/stories/43ba8c49ed06c4732f3c67be1dcce1303c947eed.story,content,elaborate,2,1,0.8434357643127441,0.8384683132171631,0.8409447073936462,0.8434357643127441,0.8384683132171631,0.8409447073936462
./cnn/stories/43ba8c49ed06c4732f3c67be1dcce1303c947eed.story,content,elaborate,2,2,0.8337385654449463,0.8338173627853394,0.8337780237197876,0.9210017919540405,0.9243529438972473,0.922674298286438
./cnn/stories/43ba8c49ed06c4732f3c67be1dcce1303c947eed.story,content,elaborate,2,3,0.8324542045593262,0.8289980292320251,0.830722451210022,0.9247589707374573,0.9253219366073608,0.9250403642654419
./cnn/stories/420019ac8213b5133922d89549961ead6a1a9ec9.story,style,formality,0,1,0.8697419166564941,0.8755548000335693,0.8726387023925781,0.8697419166564941,0.8755548000335693,0.8726387023925781
./cnn/stories/420019ac8213b5133922d89549961ead6a1a9ec9.story,style,formality,0,2,0.8739712238311768,0.8733648061752319,0.8736678957939148,0.9607591032981873,0.9495856761932373,0.9551396369934082
./cnn/stories/420019ac8213b5133922d89549961ead6a1a9ec9.story,style,formality,0,3,0.8609129190444946,0.8594735860824585,0.8601926565170288,0.9586102366447449,0.9551183581352234,0.956861138343811
./cnn/stories/420019ac8213b5133922d89549961ead6a1a9ec9.story,style,formality,1,1,0.875442624092102,0.8777203559875488,0.876579999923706,0.875442624092102,0.8777203559875488,0.876579999923706
./cnn/stories/420019ac8213b5133922d89549961ead6a1a9ec9.story,style,formality,1,2,0.8671520948410034,0.8533315062522888,0.8601862788200378,0.9484854936599731,0.9227719306945801,0.9354520440101624
./cnn/stories/420019ac8213b5133922d89549961ead6a1a9ec9.story,style,formality,1,3,0.8656063675880432,0.853299617767334,0.859408974647522,0.9796394109725952,0.9796267747879028,0.979633092880249
./cnn/stories/420019ac8213b5133922d89549961ead6a1a9ec9.story,style,formality,2,1,0.8759158253669739,0.8765420913696289,0.8762288689613342,0.8759158253669739,0.8765420913696289,0.8762288689613342
./cnn/stories/420019ac8213b5133922d89549961ead6a1a9ec9.story,style,formality,2,2,0.8670863509178162,0.8684793710708618,0.8677823543548584,0.9710842370986938,0.9729382991790771,0.9720103740692139
./cnn/stories/420019ac8213b5133922d89549961ead6a1a9ec9.story,style,formality,2,3,0.8645181655883789,0.8663713932037354,0.865443766117096,0.9701952338218689,0.9688887000083923,0.9695415496826172
./cnn/stories/420019ac8213b5133922d89549961ead6a1a9ec9.story,style,paraphrase,0,1,0.8842703104019165,0.858183741569519,0.8710317611694336,0.8842703104019165,0.858183741569519,0.8710317611694336
./cnn/stories/420019ac8213b5133922d89549961ead6a1a9ec9.story,style,paraphrase,0,2,0.8850168585777283,0.8574129343032837,0.8709962368011475,0.9738741517066956,0.9732668995857239,0.9735704660415649
./cnn/stories/420019ac8213b5133922d89549961ead6a1a9ec9.story,style,paraphrase,0,3,0.8832903504371643,0.8550257682800293,0.8689283132553101,0.9751491546630859,0.9775073528289795,0.9763268232345581
./cnn/stories/420019ac8213b5133922d89549961ead6a1a9ec9.story,style,paraphrase,1,1,0.8872453570365906,0.862289309501648,0.8745893836021423,0.8872453570365906,0.862289309501648,0.8745893836021423
./cnn/stories/420019ac8213b5133922d89549961ead6a1a9ec9.story,style,paraphrase,1,2,0.8821871876716614,0.8591235876083374,0.8705025911331177,0.9655821323394775,0.9635614156723022,0.9645707011222839
./cnn/stories/420019ac8213b5133922d89549961ead6a1a9ec9.story,style,paraphrase,1,3,0.8874202966690063,0.8371241092681885,0.8615387678146362,0.9574264287948608,0.9262129068374634,0.9415611028671265
./cnn/stories/420019ac8213b5133922d89549961ead6a1a9ec9.story,style,paraphrase,2,1,0.8821278810501099,0.8661783337593079,0.8740803003311157,0.8821278810501099,0.8661783337593079,0.8740803003311157
./cnn/stories/420019ac8213b5133922d89549961ead6a1a9ec9.story,style,paraphrase,2,2,0.8765366673469543,0.8578893542289734,0.8671127557754517,0.9536893367767334,0.946519136428833,0.9500907063484192
./cnn/stories/420019ac8213b5133922d89549961ead6a1a9ec9.story,style,paraphrase,2,3,0.8696691393852234,0.8525019884109497,0.8610000610351562,0.9604789614677429,0.9590023159980774,0.9597401022911072
./cnn/stories/420019ac8213b5133922d89549961ead6a1a9ec9.story,content,shorten,0,1,0.8964584469795227,0.8146122694015503,0.8535778522491455,0.8964584469795227,0.8146122694015503,0.8535778522491455
./cnn/stories/420019ac8213b5133922d89549961ead6a1a9ec9.story,content,shorten,0,2,0.8997399210929871,0.806260347366333,0.8504390716552734,0.9819496870040894,0.9508020877838135,0.9661248922348022
./cnn/stories/420019ac8213b5133922d89549961ead6a1a9ec9.story,content,shorten,0,3,0.9008891582489014,0.8035063743591309,0.8494157195091248,0.9942907094955444,0.9886746406555176,0.9914747476577759
./cnn/stories/420019ac8213b5133922d89549961ead6a1a9ec9.story,content,shorten,1,1,0.8864767551422119,0.8213759660720825,0.8526855707168579,0.8864767551422119,0.8213759660720825,0.8526855707168579
./cnn/stories/420019ac8213b5133922d89549961ead6a1a9ec9.story,content,shorten,1,2,0.891757607460022,0.8152488470077515,0.8517886400222778,0.9654862880706787,0.9525470733642578,0.9589729905128479
./cnn/stories/420019ac8213b5133922d89549961ead6a1a9ec9.story,content,shorten,1,3,0.8940431475639343,0.8131959438323975,0.8517051935195923,0.985406219959259,0.9770944714546204,0.9812327027320862
./cnn/stories/420019ac8213b5133922d89549961ead6a1a9ec9.story,content,shorten,2,1,0.8755167722702026,0.8508521914482117,0.8630083799362183,0.8755167722702026,0.8508521914482117,0.8630083799362183
./cnn/stories/420019ac8213b5133922d89549961ead6a1a9ec9.story,content,shorten,2,2,0.8823651671409607,0.8330942392349243,0.8570221662521362,0.9619570970535278,0.9340389966964722,0.9477925300598145
./cnn/stories/420019ac8213b5133922d89549961ead6a1a9ec9.story,content,shorten,2,3,0.8784969449043274,0.8310377597808838,0.8541086316108704,0.9767128229141235,0.9751405715942383,0.9759260416030884
./cnn/stories/420019ac8213b5133922d89549961ead6a1a9ec9.story,content,elaborate,0,1,0.8752354383468628,0.8579475283622742,0.8665053248405457,0.8752354383468628,0.8579475283622742,0.8665053248405457
./cnn/stories/420019ac8213b5133922d89549961ead6a1a9ec9.story,content,elaborate,0,2,0.8694188594818115,0.8455817699432373,0.8573346734046936,0.9361943602561951,0.9328693151473999,0.9345288872718811
./cnn/stories/420019ac8213b5133922d89549961ead6a1a9ec9.story,content,elaborate,0,3,0.8627364635467529,0.8532667756080627,0.8579755425453186,0.9351921081542969,0.9484923481941223,0.941795289516449
./cnn/stories/420019ac8213b5133922d89549961ead6a1a9ec9.story,content,elaborate,1,1,0.8700950145721436,0.8636237978935242,0.8668472766876221,0.8700950145721436,0.8636237978935242,0.8668472766876221
./cnn/stories/420019ac8213b5133922d89549961ead6a1a9ec9.story,content,elaborate,1,2,0.8682160377502441,0.8608971834182739,0.8645411133766174,0.9578232765197754,0.9546400308609009,0.9562289714813232
./cnn/stories/420019ac8213b5133922d89549961ead6a1a9ec9.story,content,elaborate,1,3,0.8641975522041321,0.8554880619049072,0.8598207831382751,0.9609947800636292,0.9600005149841309,0.9604974389076233
./cnn/stories/420019ac8213b5133922d89549961ead6a1a9ec9.story,content,elaborate,2,1,0.8705459237098694,0.865179181098938,0.8678542375564575,0.8705459237098694,0.865179181098938,0.8678542375564575
./cnn/stories/420019ac8213b5133922d89549961ead6a1a9ec9.story,content,elaborate,2,2,0.8661484718322754,0.852551281452179,0.8592961430549622,0.9513740539550781,0.937984824180603,0.9446319937705994
./cnn/stories/420019ac8213b5133922d89549961ead6a1a9ec9.story,content,elaborate,2,3,0.8644109964370728,0.8553054332733154,0.8598340749740601,0.9701521396636963,0.9737653732299805,0.9719553589820862
./cnn/stories/137c5c29cca8405f8893056d739814ec2afb66bf.story,style,formality,0,1,0.9272305369377136,0.9184114933013916,0.9227999448776245,0.9272305369377136,0.9184114933013916,0.9227999448776245
./cnn/stories/137c5c29cca8405f8893056d739814ec2afb66bf.story,style,formality,0,2,0.9063489437103271,0.8993609547615051,0.9028414487838745,0.9532137513160706,0.9528881311416626,0.9530508518218994
./cnn/stories/137c5c29cca8405f8893056d739814ec2afb66bf.story,style,formality,0,3,0.9080803394317627,0.8991574645042419,0.9035968780517578,0.9735132455825806,0.9708544015884399,0.972182035446167
./cnn/stories/137c5c29cca8405f8893056d739814ec2afb66bf.story,style,formality,1,1,0.9280233383178711,0.9213117957115173,0.9246553182601929,0.9280233383178711,0.9213117957115173,0.9246553182601929
./cnn/stories/137c5c29cca8405f8893056d739814ec2afb66bf.story,style,formality,1,2,0.9207531213760376,0.9141385555267334,0.9174339175224304,0.9666427969932556,0.9710373878479004,0.9688351154327393
./cnn/stories/137c5c29cca8405f8893056d739814ec2afb66bf.story,style,formality,1,3,0.9197955131530762,0.9132843017578125,0.9165283441543579,0.9759417176246643,0.9774572253227234,0.9766988754272461
./cnn/stories/137c5c29cca8405f8893056d739814ec2afb66bf.story,style,formality,2,1,0.9161381125450134,0.9084477424621582,0.9122766852378845,0.9161381125450134,0.9084477424621582,0.9122766852378845
./cnn/stories/137c5c29cca8405f8893056d739814ec2afb66bf.story,style,formality,2,2,0.9110519886016846,0.9024054408073425,0.9067080616950989,0.9706202149391174,0.9725666046142578,0.9715924263000488
./cnn/stories/137c5c29cca8405f8893056d739814ec2afb66bf.story,style,formality,2,3,0.9076640605926514,0.8976970314979553,0.9026530981063843,0.9720317125320435,0.9720075130462646,0.972019612789154
./cnn/stories/137c5c29cca8405f8893056d739814ec2afb66bf.story,style,paraphrase,0,1,0.9148043394088745,0.8797059059143066,0.8969118595123291,0.9148043394088745,0.8797059059143066,0.8969118595123291
./cnn/stories/137c5c29cca8405f8893056d739814ec2afb66bf.story,style,paraphrase,0,2,0.9065886735916138,0.8727782964706421,0.8893622756004333,0.9638871550559998,0.9622388482093811,0.9630622863769531
./cnn/stories/137c5c29cca8405f8893056d739814ec2afb66bf.story,style,paraphrase,0,3,0.9063121676445007,0.8723467588424683,0.889005184173584,0.9712716341018677,0.9688848257064819,0.9700767397880554
./cnn/stories/137c5c29cca8405f8893056d739814ec2afb66bf.story,style,paraphrase,1,1,0.9286630153656006,0.8917686939239502,0.9098419547080994,0.9286630153656006,0.8917686939239502,0.9098419547080994
./cnn/stories/137c5c29cca8405f8893056d739814ec2afb66bf.story,style,paraphrase,1,2,0.9218673706054688,0.8863863945007324,0.9037787914276123,0.9671229720115662,0.9634934663772583,0.9653047919273376
./cnn/stories/137c5c29cca8405f8893056d739814ec2afb66bf.story,style,paraphrase,1,3,0.9140331745147705,0.8821371793746948,0.8978019952774048,0.9698271751403809,0.9718390703201294,0.970832109451294
./cnn/stories/137c5c29cca8405f8893056d739814ec2afb66bf.story,style,paraphrase,2,1,0.9243123531341553,0.9107945561408997,0.9175037145614624,0.9243123531341553,0.9107945561408997,0.9175037145614624
./cnn/stories/137c5c29cca8405f8893056d739814ec2afb66bf.story,style,paraphrase,2,2,0.911392092704773,0.8880519866943359,0.899570643901825,0.9433215856552124,0.9325958490371704,0.9379280805587769
./cnn/stories/137c5c29cca8405f8893056d739814ec2afb66bf.story,style,paraphrase,2,3,0.903825044631958,0.8812907934188843,0.8924157023429871,0.9575231075286865,0.9516260623931885,0.9545654654502869
./cnn/stories/137c5c29cca8405f8893056d739814ec2afb66bf.story,content,shorten,0,1,0.9237908124923706,0.8626764416694641,0.8921882510185242,0.9237908124923706,0.8626764416694641,0.8921882510185242
./cnn/stories/137c5c29cca8405f8893056d739814ec2afb66bf.story,content,shorten,0,2,0.9123539924621582,0.8466262817382812,0.8782621026039124,0.9674951434135437,0.9432355165481567,0.955211341381073
./cnn/stories/137c5c29cca8405f8893056d739814ec2afb66bf.story,content,shorten,0,3,0.9076911211013794,0.8421452641487122,0.8736905455589294,0.9873673319816589,0.9810053110122681,0.9841760993003845
./cnn/stories/137c5c29cca8405f8893056d739814ec2afb66bf.story,content,shorten,1,1,0.9180500507354736,0.8618453145027161,0.8890603184700012,0.9180500507354736,0.8618453145027161,0.8890603184700012
./cnn/stories/137c5c29cca8405f8893056d739814ec2afb66bf.story,content,shorten,1,2,0.898819088935852,0.8374512195587158,0.8670506477355957,0.9490804076194763,0.9264700412750244,0.9376389384269714
./cnn/stories/137c5c29cca8405f8893056d739814ec2afb66bf.story,content,shorten,1,3,0.9014099836349487,0.8307768106460571,0.8646532893180847,0.9690426588058472,0.9408472776412964,0.9547368884086609
./cnn/stories/137c5c29cca8405f8893056d739814ec2afb66bf.story,content,shorten,2,1,0.9271711111068726,0.8843721747398376,0.9052661061286926,0.9271711111068726,0.8843721747398376,0.9052661061286926
./cnn/stories/137c5c29cca8405f8893056d739814ec2afb66bf.story,content,shorten,2,2,0.9170238971710205,0.8799400329589844,0.8980993032455444,0.9706469178199768,0.974118709564209,0.972379744052887
./cnn/stories/137c5c29cca8405f8893056d739814ec2afb66bf.story,content,shorten,2,3,0.9168425798416138,0.8770204782485962,0.8964895009994507,0.9835379123687744,0.9783782958984375,0.9809513688087463
./cnn/stories/137c5c29cca8405f8893056d739814ec2afb66bf.story,content,elaborate,0,1,0.8987867832183838,0.8623424172401428,0.8801875710487366,0.8987867832183838,0.8623424172401428,0.8801875710487366
./cnn/stories/137c5c29cca8405f8893056d739814ec2afb66bf.story,content,elaborate,0,2,0.8772904276847839,0.8600268959999084,0.8685728907585144,0.9200162291526794,0.9441236853599548,0.9319140911102295
./cnn/stories/137c5c29cca8405f8893056d739814ec2afb66bf.story,content,elaborate,0,3,0.8671402335166931,0.8568696975708008,0.8619743585586548,0.9328799247741699,0.9427513480186462,0.9377896189689636
./cnn/stories/137c5c29cca8405f8893056d739814ec2afb66bf.story,content,elaborate,1,1,0.9252720475196838,0.917988657951355,0.9216159582138062,0.9252720475196838,0.917988657951355,0.9216159582138062
./cnn/stories/137c5c29cca8405f8893056d739814ec2afb66bf.story,content,elaborate,1,2,0.8963505625724792,0.8812118768692017,0.8887167572975159,0.9299886226654053,0.9287222623825073,0.9293550252914429
./cnn/stories/137c5c29cca8405f8893056d739814ec2afb66bf.story,content,elaborate,1,3,0.8852031230926514,0.8788183331489563,0.8819991946220398,0.9337781071662903,0.9438790082931519,0.9388013482093811
./cnn/stories/137c5c29cca8405f8893056d739814ec2afb66bf.story,content,elaborate,2,1,0.9163075685501099,0.8869457840919495,0.9013875722885132,0.9163075685501099,0.8869457840919495,0.9013875722885132
./cnn/stories/137c5c29cca8405f8893056d739814ec2afb66bf.story,content,elaborate,2,2,0.904264509677887,0.8844350576400757,0.8942398428916931,0.9562778472900391,0.9657933712005615,0.961012065410614
./cnn/stories/137c5c29cca8405f8893056d739814ec2afb66bf.story,content,elaborate,2,3,0.8867936730384827,0.8723228573799133,0.8794987797737122,0.9416263103485107,0.9454704523086548,0.9435444474220276
./cnn/stories/ed723854f13a94904622009218cb2baa11efd6a7.story,style,formality,0,1,0.9189878702163696,0.9103593826293945,0.9146533012390137,0.9189878702163696,0.9103593826293945,0.9146533012390137
./cnn/stories/ed723854f13a94904622009218cb2baa11efd6a7.story,style,formality,0,2,0.9069492816925049,0.8973581194877625,0.9021282196044922,0.9608020782470703,0.961903989315033,0.9613527059555054
./cnn/stories/ed723854f13a94904622009218cb2baa11efd6a7.story,style,formality,0,3,0.8988918662071228,0.8938701748847961,0.896373987197876,0.9654538631439209,0.9714052677154541,0.9684203863143921
./cnn/stories/ed723854f13a94904622009218cb2baa11efd6a7.story,style,formality,1,1,0.9257190823554993,0.879848062992096,0.9022009372711182,0.9257190823554993,0.879848062992096,0.9022009372711182
./cnn/stories/ed723854f13a94904622009218cb2baa11efd6a7.story,style,formality,1,2,0.9163806438446045,0.8737580180168152,0.8945618867874146,0.9692144989967346,0.9733089208602905,0.9712573885917664
./cnn/stories/ed723854f13a94904622009218cb2baa11efd6a7.story,style,formality,1,3,0.9145482778549194,0.8718777894973755,0.8927034139633179,0.9805212020874023,0.9791065454483032,0.9798133373260498
./cnn/stories/ed723854f13a94904622009218cb2baa11efd6a7.story,style,formality,2,1,0.9182068109512329,0.8794116973876953,0.8983906507492065,0.9182068109512329,0.8794116973876953,0.8983906507492065
./cnn/stories/ed723854f13a94904622009218cb2baa11efd6a7.story,style,formality,2,2,0.9137009978294373,0.8762488961219788,0.8945831656455994,0.9687438607215881,0.9706430435180664,0.969692587852478
./cnn/stories/ed723854f13a94904622009218cb2baa11efd6a7.story,style,formality,2,3,0.9068971872329712,0.8744568824768066,0.8903816342353821,0.9699519872665405,0.9741363525390625,0.9720396399497986
./cnn/stories/ed723854f13a94904622009218cb2baa11efd6a7.story,style,paraphrase,0,1,0.9234462976455688,0.8772451877593994,0.8997530341148376,0.9234462976455688,0.8772451877593994,0.8997530341148376
./cnn/stories/ed723854f13a94904622009218cb2baa11efd6a7.story,style,paraphrase,0,2,0.9156618714332581,0.8538550734519958,0.8836790323257446,0.9527661204338074,0.930618405342102,0.9415621161460876
./cnn/stories/ed723854f13a94904622009218cb2baa11efd6a7.story,style,paraphrase,0,3,0.9051300883293152,0.8526724576950073,0.8781185150146484,0.955217182636261,0.9610747694969177,0.958137035369873
./cnn/stories/ed723854f13a94904622009218cb2baa11efd6a7.story,style,paraphrase,1,1,0.9251229166984558,0.8826269507408142,0.9033753871917725,0.9251229166984558,0.8826269507408142,0.9033753871917725
./cnn/stories/ed723854f13a94904622009218cb2baa11efd6a7.story,style,paraphrase,1,2,0.9192417860031128,0.8745553493499756,0.8963419795036316,0.9612135887145996,0.9602102041244507,0.9607115983963013
./cnn/stories/ed723854f13a94904622009218cb2baa11efd6a7.story,style,paraphrase,1,3,0.9186495542526245,0.8730447292327881,0.8952667713165283,0.9718270897865295,0.970251202583313,0.9710384607315063
./cnn/stories/ed723854f13a94904622009218cb2baa11efd6a7.story,style,paraphrase,2,1,0.9130136966705322,0.8677586913108826,0.889811098575592,0.9130136966705322,0.8677586913108826,0.889811098575592
./cnn/stories/ed723854f13a94904622009218cb2baa11efd6a7.story,style,paraphrase,2,2,0.9023872017860413,0.8603227138519287,0.8808530569076538,0.956261932849884,0.9564756751060486,0.9563688039779663
./cnn/stories/ed723854f13a94904622009218cb2baa11efd6a7.story,style,paraphrase,2,3,0.8983747363090515,0.8587881326675415,0.8781355619430542,0.9537432193756104,0.9518769979476929,0.9528091549873352
./cnn/stories/ed723854f13a94904622009218cb2baa11efd6a7.story,content,shorten,0,1,0.9150546789169312,0.8586068153381348,0.8859325051307678,0.9150546789169312,0.8586068153381348,0.8859325051307678
./cnn/stories/ed723854f13a94904622009218cb2baa11efd6a7.story,content,shorten,0,2,0.911791205406189,0.8527110815048218,0.8812621235847473,0.9859883785247803,0.9787517786026001,0.9823567271232605
./cnn/stories/ed723854f13a94904622009218cb2baa11efd6a7.story,content,shorten,0,3,0.9064776301383972,0.8507921695709229,0.8777526021003723,0.9865170121192932,0.9850289821624756,0.9857724905014038
./cnn/stories/ed723854f13a94904622009218cb2baa11efd6a7.story,content,shorten,1,1,0.9127873182296753,0.8613221049308777,0.8863083124160767,0.9127873182296753,0.8613221049308777,0.8863083124160767
./cnn/stories/ed723854f13a94904622009218cb2baa11efd6a7.story,content,shorten,1,2,0.9032545685768127,0.8547035455703735,0.8783085346221924,0.9649038314819336,0.961276113986969,0.9630865454673767
./cnn/stories/ed723854f13a94904622009218cb2baa11efd6a7.story,content,shorten,1,3,0.8974778056144714,0.8441561460494995,0.8700007200241089,0.9673538208007812,0.955329418182373,0.9613040685653687
./cnn/stories/ed723854f13a94904622009218cb2baa11efd6a7.story,content,shorten,2,1,0.9240702986717224,0.8684638738632202,0.895404577255249,0.9240702986717224,0.8684638738632202,0.895404577255249
./cnn/stories/ed723854f13a94904622009218cb2baa11efd6a7.story,content,shorten,2,2,0.9186769723892212,0.8633657693862915,0.890163004398346,0.9710558652877808,0.9671883583068848,0.9691182374954224
./cnn/stories/ed723854f13a94904622009218cb2baa11efd6a7.story,content,shorten,2,3,0.9135646224021912,0.8616039752960205,0.8868237733840942,0.9807790517807007,0.9804372191429138,0.9806081056594849
./cnn/stories/ed723854f13a94904622009218cb2baa11efd6a7.story,content,elaborate,0,1,0.9105616807937622,0.8851882219314575,0.8976956605911255,0.9105616807937622,0.8851882219314575,0.8976956605911255
./cnn/stories/ed723854f13a94904622009218cb2baa11efd6a7.story,content,elaborate,0,2,0.9035289883613586,0.8847025632858276,0.894016683101654,0.943548321723938,0.950366735458374,0.9469452500343323
./cnn/stories/ed723854f13a94904622009218cb2baa11efd6a7.story,content,elaborate,0,3,0.8917144536972046,0.8784703016281128,0.8850428462028503,0.942888617515564,0.9489403963088989,0.9459048509597778
./cnn/stories/ed723854f13a94904622009218cb2baa11efd6a7.story,content,elaborate,1,1,0.9167803525924683,0.8842640519142151,0.9002286791801453,0.9167803525924683,0.8842640519142151,0.9002286791801453
./cnn/stories/ed723854f13a94904622009218cb2baa11efd6a7.story,content,elaborate,1,2,0.9084885716438293,0.8782190084457397,0.8930973410606384,0.9528882503509521,0.9529390335083008,0.9529136419296265
./cnn/stories/ed723854f13a94904622009218cb2baa11efd6a7.story,content,elaborate,1,3,0.8897017240524292,0.8560848236083984,0.8725696206092834,0.9427603483200073,0.9386396408081055,0.9406955242156982
./cnn/stories/ed723854f13a94904622009218cb2baa11efd6a7.story,content,elaborate,2,1,0.9158490300178528,0.8962163925170898,0.9059264063835144,0.9158490300178528,0.8962163925170898,0.9059264063835144
./cnn/stories/ed723854f13a94904622009218cb2baa11efd6a7.story,content,elaborate,2,2,0.9006330966949463,0.885999321937561,0.8932563066482544,0.938647985458374,0.9429457187652588,0.9407919645309448
./cnn/stories/ed723854f13a94904622009218cb2baa11efd6a7.story,content,elaborate,2,3,0.8955550193786621,0.8843840956687927,0.8899344801902771,0.9671391248703003,0.971198320388794,0.9691644906997681
./cnn/stories/25e6c5901ffbaed729fb8a40f1511d9770b38691.story,style,formality,0,1,0.9013928174972534,0.8838079571723938,0.8925137519836426,0.9013928174972534,0.8838079571723938,0.8925137519836426
./cnn/stories/25e6c5901ffbaed729fb8a40f1511d9770b38691.story,style,formality,0,2,0.896332859992981,0.8828485608100891,0.8895395994186401,0.9645187258720398,0.9725766777992249,0.9685308933258057
./cnn/stories/25e6c5901ffbaed729fb8a40f1511d9770b38691.story,style,formality,0,3,0.8899810314178467,0.8785114288330078,0.8842090368270874,0.9672390818595886,0.9715911746025085,0.9694103002548218
./cnn/stories/25e6c5901ffbaed729fb8a40f1511d9770b38691.story,style,formality,1,1,0.9109882116317749,0.8953408002853394,0.9030967354774475,0.9109882116317749,0.8953408002853394,0.9030967354774475
./cnn/stories/25e6c5901ffbaed729fb8a40f1511d9770b38691.story,style,formality,1,2,0.8982589244842529,0.8868864178657532,0.892536461353302,0.9633050560951233,0.9675276279449463,0.9654117226600647
./cnn/stories/25e6c5901ffbaed729fb8a40f1511d9770b38691.story,style,formality,1,3,0.8957508206367493,0.8845921754837036,0.8901365399360657,0.9743766784667969,0.9757715463638306,0.9750736355781555
./cnn/stories/25e6c5901ffbaed729fb8a40f1511d9770b38691.story,style,formality,2,1,0.9117045402526855,0.8846176862716675,0.897956907749176,0.9117045402526855,0.8846176862716675,0.897956907749176
./cnn/stories/25e6c5901ffbaed729fb8a40f1511d9770b38691.story,style,formality,2,2,0.9011998176574707,0.8790794610977173,0.8900021910667419,0.9630259275436401,0.966363787651062,0.9646919369697571
./cnn/stories/25e6c5901ffbaed729fb8a40f1511d9770b38691.story,style,formality,2,3,0.8976037502288818,0.8785384893417358,0.8879688382148743,0.9712011218070984,0.9728643894195557,0.9720320105552673
./cnn/stories/25e6c5901ffbaed729fb8a40f1511d9770b38691.story,style,paraphrase,0,1,0.9053991436958313,0.863303542137146,0.8838503360748291,0.9053991436958313,0.863303542137146,0.8838503360748291
./cnn/stories/25e6c5901ffbaed729fb8a40f1511d9770b38691.story,style,paraphrase,0,2,0.9069159030914307,0.8607953786849976,0.8832539916038513,0.9700998663902283,0.964621365070343,0.9673528075218201
./cnn/stories/25e6c5901ffbaed729fb8a40f1511d9770b38691.story,style,paraphrase,0,3,0.9089041352272034,0.8597913980484009,0.8836658596992493,0.9684890508651733,0.9645587205886841,0.9665198922157288
./cnn/stories/25e6c5901ffbaed729fb8a40f1511d9770b38691.story,style,paraphrase,1,1,0.909701943397522,0.8686820864677429,0.8887189626693726,0.909701943397522,0.8686820864677429,0.8887189626693726
./cnn/stories/25e6c5901ffbaed729fb8a40f1511d9770b38691.story,style,paraphrase,1,2,0.9015527367591858,0.8616411685943604,0.8811452388763428,0.9625769257545471,0.9627862572669983,0.9626815915107727
./cnn/stories/25e6c5901ffbaed729fb8a40f1511d9770b38691.story,style,paraphrase,1,3,0.9015576839447021,0.8590435981750488,0.8797873258590698,0.9740381240844727,0.969370424747467,0.9716987013816833
./cnn/stories/25e6c5901ffbaed729fb8a40f1511d9770b38691.story,style,paraphrase,2,1,0.901695728302002,0.8681479692459106,0.8846039175987244,0.901695728302002,0.8681479692459106,0.8846039175987244
./cnn/stories/25e6c5901ffbaed729fb8a40f1511d9770b38691.story,style,paraphrase,2,2,0.8930966854095459,0.8634941577911377,0.8780460357666016,0.9536023139953613,0.9546684622764587,0.9541350603103638
./cnn/stories/25e6c5901ffbaed729fb8a40f1511d9770b38691.story,style,paraphrase,2,3,0.8913242816925049,0.8616146445274353,0.8762176632881165,0.9566876292228699,0.9539591670036316,0.9553214311599731
./cnn/stories/25e6c5901ffbaed729fb8a40f1511d9770b38691.story,content,shorten,0,1,0.9108290076255798,0.8530247211456299,0.8809796571731567,0.9108290076255798,0.8530247211456299,0.8809796571731567
./cnn/stories/25e6c5901ffbaed729fb8a40f1511d9770b38691.story,content,shorten,0,2,0.9041165113449097,0.8481708765029907,0.8752505779266357,0.9785420894622803,0.9774372577667236,0.9779893755912781
./cnn/stories/25e6c5901ffbaed729fb8a40f1511d9770b38691.story,content,shorten,0,3,0.8990074396133423,0.8439915776252747,0.870631217956543,0.9896676540374756,0.9833312034606934,0.9864892959594727
./cnn/stories/25e6c5901ffbaed729fb8a40f1511d9770b38691.story,content,shorten,1,1,0.9075770378112793,0.8522927165031433,0.879066526889801,0.9075770378112793,0.8522927165031433,0.879066526889801
./cnn/stories/25e6c5901ffbaed729fb8a40f1511d9770b38691.story,content,shorten,1,2,0.899169385433197,0.8439043760299683,0.8706607818603516,0.9595761299133301,0.9516296982765198,0.9555864334106445
./cnn/stories/25e6c5901ffbaed729fb8a40f1511d9770b38691.story,content,shorten,1,3,0.9026035070419312,0.8393492102622986,0.869827926158905,0.9721941947937012,0.9575533270835876,0.9648182392120361
./cnn/stories/25e6c5901ffbaed729fb8a40f1511d9770b38691.story,content,shorten,2,1,0.907136082649231,0.8717634677886963,0.889098048210144,0.907136082649231,0.8717634677886963,0.889098048210144
./cnn/stories/25e6c5901ffbaed729fb8a40f1511d9770b38691.story,content,shorten,2,2,0.902724027633667,0.8650432229042053,0.883482038974762,0.9738200902938843,0.9685331583023071,0.9711694121360779
./cnn/stories/25e6c5901ffbaed729fb8a40f1511d9770b38691.story,content,shorten,2,3,0.902886152267456,0.8663206696510315,0.884225606918335,0.9745641946792603,0.9748948216438293,0.9747294187545776
./cnn/stories/25e6c5901ffbaed729fb8a40f1511d9770b38691.story,content,elaborate,0,1,0.8965854644775391,0.8802040815353394,0.8883192539215088,0.8965854644775391,0.8802040815353394,0.8883192539215088
./cnn/stories/25e6c5901ffbaed729fb8a40f1511d9770b38691.story,content,elaborate,0,2,0.8820221424102783,0.8744446039199829,0.8782170414924622,0.9421875476837158,0.952070951461792,0.9471035003662109
./cnn/stories/25e6c5901ffbaed729fb8a40f1511d9770b38691.story,content,elaborate,0,3,0.8782491087913513,0.8735870122909546,0.8759118914604187,0.9466853141784668,0.9531956911087036,0.9499293565750122
./cnn/stories/25e6c5901ffbaed729fb8a40f1511d9770b38691.story,content,elaborate,1,1,0.9100974798202515,0.8881126046180725,0.8989706039428711,0.9100974798202515,0.8881126046180725,0.8989706039428711
./cnn/stories/25e6c5901ffbaed729fb8a40f1511d9770b38691.story,content,elaborate,1,2,0.9061638712882996,0.8822325468063354,0.8940380811691284,0.9618404507637024,0.9627238512039185,0.9622819423675537
./cnn/stories/25e6c5901ffbaed729fb8a40f1511d9770b38691.story,content,elaborate,1,3,0.8953348398208618,0.8729559183120728,0.884003758430481,0.9553511738777161,0.9522578716278076,0.9538020491600037
./cnn/stories/25e6c5901ffbaed729fb8a40f1511d9770b38691.story,content,elaborate,2,1,0.897916316986084,0.8900648355484009,0.8939733505249023,0.897916316986084,0.8900648355484009,0.8939733505249023
./cnn/stories/25e6c5901ffbaed729fb8a40f1511d9770b38691.story,content,elaborate,2,2,0.8909978270530701,0.8807777166366577,0.8858582973480225,0.9658848643302917,0.964032769203186,0.9649579524993896
./cnn/stories/25e6c5901ffbaed729fb8a40f1511d9770b38691.story,content,elaborate,2,3,0.8851994276046753,0.8806152939796448,0.8829013705253601,0.9599104523658752,0.9672967195510864,0.9635894298553467
./cnn/stories/03183babd26c3c85d26e125708c90d6df8c77390.story,style,formality,0,1,0.8950144052505493,0.8964171409606934,0.8957151770591736,0.8950144052505493,0.8964171409606934,0.8957151770591736
./cnn/stories/03183babd26c3c85d26e125708c90d6df8c77390.story,style,formality,0,2,0.8845086097717285,0.8881887197494507,0.886344850063324,0.9561930298805237,0.9539732933044434,0.9550819396972656
./cnn/stories/03183babd26c3c85d26e125708c90d6df8c77390.story,style,formality,0,3,0.878978967666626,0.8861990571022034,0.8825742602348328,0.9584553241729736,0.9594747424125671,0.9589647054672241
./cnn/stories/03183babd26c3c85d26e125708c90d6df8c77390.story,style,formality,1,1,0.8849395513534546,0.8626124262809753,0.8736333847045898,0.8849395513534546,0.8626124262809753,0.8736333847045898
./cnn/stories/03183babd26c3c85d26e125708c90d6df8c77390.story,style,formality,1,2,0.8775537610054016,0.8601966500282288,0.8687885403633118,0.9635792970657349,0.9679208993911743,0.9657452702522278
./cnn/stories/03183babd26c3c85d26e125708c90d6df8c77390.story,style,formality,1,3,0.8782448768615723,0.8604049682617188,0.8692333698272705,0.9741331934928894,0.9720015525817871,0.9730662107467651
./cnn/stories/03183babd26c3c85d26e125708c90d6df8c77390.story,style,formality,2,1,0.8921624422073364,0.8643206357955933,0.8780208826065063,0.8921624422073364,0.8643206357955933,0.8780208826065063
./cnn/stories/03183babd26c3c85d26e125708c90d6df8c77390.story,style,formality,2,2,0.8799400329589844,0.8594821095466614,0.8695907592773438,0.9627858400344849,0.9694525003433228,0.9661076664924622
./cnn/stories/03183babd26c3c85d26e125708c90d6df8c77390.story,style,formality,2,3,0.8775469064712524,0.8573287129402161,0.8673199415206909,0.9785953164100647,0.9786471724510193,0.978621244430542
./cnn/stories/03183babd26c3c85d26e125708c90d6df8c77390.story,style,paraphrase,0,1,0.8976083993911743,0.8716023564338684,0.8844141960144043,0.8976083993911743,0.8716023564338684,0.8844141960144043
./cnn/stories/03183babd26c3c85d26e125708c90d6df8c77390.story,style,paraphrase,0,2,0.8875914812088013,0.8625454306602478,0.8748892545700073,0.9575655460357666,0.9503584504127502,0.9539483785629272
./cnn/stories/03183babd26c3c85d26e125708c90d6df8c77390.story,style,paraphrase,0,3,0.8839375972747803,0.8591804504394531,0.8713831901550293,0.9673199653625488,0.9664072394371033,0.9668633341789246
./cnn/stories/03183babd26c3c85d26e125708c90d6df8c77390.story,style,paraphrase,1,1,0.9100574254989624,0.9004920125007629,0.9052494168281555,0.9100574254989624,0.9004920125007629,0.9052494168281555
./cnn/stories/03183babd26c3c85d26e125708c90d6df8c77390.story,style,paraphrase,1,2,0.897605299949646,0.8876693844795227,0.892609715461731,0.9655922055244446,0.9632863998413086,0.9644379615783691
./cnn/stories/03183babd26c3c85d26e125708c90d6df8c77390.story,style,paraphrase,1,3,0.888736367225647,0.8656657934188843,0.8770493865013123,0.9597519040107727,0.930077314376831,0.9446816444396973
./cnn/stories/03183babd26c3c85d26e125708c90d6df8c77390.story,style,paraphrase,2,1,0.8892120718955994,0.8852148056030273,0.8872089385986328,0.8892120718955994,0.8852148056030273,0.8872089385986328
./cnn/stories/03183babd26c3c85d26e125708c90d6df8c77390.story,style,paraphrase,2,2,0.8821060657501221,0.8766252994537354,0.8793571591377258,0.9626383185386658,0.9578155279159546,0.9602208733558655
./cnn/stories/03183babd26c3c85d26e125708c90d6df8c77390.story,style,paraphrase,2,3,0.8798359036445618,0.8763211965560913,0.8780750036239624,0.9642976522445679,0.9660813212394714,0.9651886820793152
./cnn/stories/03183babd26c3c85d26e125708c90d6df8c77390.story,content,shorten,0,1,0.8953796029090881,0.8496818542480469,0.8719323873519897,0.8953796029090881,0.8496818542480469,0.8719323873519897
./cnn/stories/03183babd26c3c85d26e125708c90d6df8c77390.story,content,shorten,0,2,0.8867700099945068,0.839361310005188,0.8624146580696106,0.9677485227584839,0.9520724415779114,0.9598464369773865
./cnn/stories/03183babd26c3c85d26e125708c90d6df8c77390.story,content,shorten,0,3,0.8903162479400635,0.8393789529800415,0.8640975952148438,0.9860010147094727,0.9747475385665894,0.9803419709205627
./cnn/stories/03183babd26c3c85d26e125708c90d6df8c77390.story,content,shorten,1,1,0.8900441527366638,0.850674033164978,0.8699139356613159,0.8900441527366638,0.850674033164978,0.8699139356613159
./cnn/stories/03183babd26c3c85d26e125708c90d6df8c77390.story,content,shorten,1,2,0.8904602527618408,0.8436546325683594,0.8664257526397705,0.9702636003494263,0.9531242847442627,0.9616175889968872
./cnn/stories/03183babd26c3c85d26e125708c90d6df8c77390.story,content,shorten,1,3,0.8864104151725769,0.8410072922706604,0.8631121516227722,0.9874785542488098,0.9844311475753784,0.9859524965286255
./cnn/stories/03183babd26c3c85d26e125708c90d6df8c77390.story,content,shorten,2,1,0.8970403671264648,0.8601570725440979,0.8782116174697876,0.8970403671264648,0.8601570725440979,0.8782116174697876
./cnn/stories/03183babd26c3c85d26e125708c90d6df8c77390.story,content,shorten,2,2,0.892954409122467,0.8560359477996826,0.8741055727005005,0.9771853685379028,0.9745019674301147,0.9758418202400208
./cnn/stories/03183babd26c3c85d26e125708c90d6df8c77390.story,content,shorten,2,3,0.8966909646987915,0.8550559282302856,0.8753786683082581,0.9864389300346375,0.9810971617698669,0.9837608337402344
./cnn/stories/03183babd26c3c85d26e125708c90d6df8c77390.story,content,elaborate,0,1,0.8783236742019653,0.8680936098098755,0.8731786608695984,0.8783236742019653,0.8680936098098755,0.8731786608695984
./cnn/stories/03183babd26c3c85d26e125708c90d6df8c77390.story,content,elaborate,0,2,0.8621252179145813,0.8645897507667542,0.8633557558059692,0.9133062362670898,0.9309916496276855,0.9220641255378723
./cnn/stories/03183babd26c3c85d26e125708c90d6df8c77390.story,content,elaborate,0,3,0.858311653137207,0.8610744476318359,0.8596908450126648,0.9180316925048828,0.918303370475769,0.9181674718856812
./cnn/stories/03183babd26c3c85d26e125708c90d6df8c77390.story,content,elaborate,1,1,0.8979523777961731,0.8805599212646484,0.8891711235046387,0.8979523777961731,0.8805599212646484,0.8891711235046387
./cnn/stories/03183babd26c3c85d26e125708c90d6df8c77390.story,content,elaborate,1,2,0.8722761273384094,0.8491761684417725,0.8605712056159973,0.9267146587371826,0.9187774062156677,0.9227288961410522
./cnn/stories/03183babd26c3c85d26e125708c90d6df8c77390.story,content,elaborate,1,3,0.871934175491333,0.8415869474411011,0.8564918041229248,0.9475926160812378,0.9452394843101501,0.946414589881897
./cnn/stories/03183babd26c3c85d26e125708c90d6df8c77390.story,content,elaborate,2,1,0.893506646156311,0.8936880826950073,0.8935973048210144,0.893506646156311,0.8936880826950073,0.8935973048210144
./cnn/stories/03183babd26c3c85d26e125708c90d6df8c77390.story,content,elaborate,2,2,0.8835666179656982,0.884961724281311,0.8842636346817017,0.9531366229057312,0.954920768737793,0.9540278315544128
./cnn/stories/03183babd26c3c85d26e125708c90d6df8c77390.story,content,elaborate,2,3,0.8838040232658386,0.8814994692802429,0.8826501965522766,0.9397999048233032,0.9346053600311279,0.9371954202651978
./cnn/stories/755c8b39393f5a39bd32253ceda74f2af8186ad0.story,style,formality,0,1,0.867041826248169,0.8717246055603027,0.8693768978118896,0.867041826248169,0.8717246055603027,0.8693768978118896
./cnn/stories/755c8b39393f5a39bd32253ceda74f2af8186ad0.story,style,formality,0,2,0.867218017578125,0.8699615001678467,0.8685875535011292,0.9444051384925842,0.9393299221992493,0.9418607354164124
./cnn/stories/755c8b39393f5a39bd32253ceda74f2af8186ad0.story,style,formality,0,3,0.8612131476402283,0.8653117418289185,0.863257646560669,0.9667600989341736,0.9699584245681763,0.9683566093444824
./cnn/stories/755c8b39393f5a39bd32253ceda74f2af8186ad0.story,style,formality,1,1,0.8891086578369141,0.8918212652206421,0.8904628753662109,0.8891086578369141,0.8918212652206421,0.8904628753662109
./cnn/stories/755c8b39393f5a39bd32253ceda74f2af8186ad0.story,style,formality,1,2,0.884929358959198,0.8875644207000732,0.8862448930740356,0.9708545207977295,0.970062792301178,0.9704585671424866
./cnn/stories/755c8b39393f5a39bd32253ceda74f2af8186ad0.story,style,formality,1,3,0.8811208009719849,0.88456130027771,0.88283771276474,0.9696006178855896,0.9707019925117493,0.9701509475708008
./cnn/stories/755c8b39393f5a39bd32253ceda74f2af8186ad0.story,style,formality,2,1,0.8690251111984253,0.8709297180175781,0.8699763417243958,0.8690251111984253,0.8709297180175781,0.8699763417243958
./cnn/stories/755c8b39393f5a39bd32253ceda74f2af8186ad0.story,style,formality,2,2,0.8779431581497192,0.8662742376327515,0.8720696568489075,0.9530048966407776,0.9303314089775085,0.9415316581726074
./cnn/stories/755c8b39393f5a39bd32253ceda74f2af8186ad0.story,style,formality,2,3,0.8782203197479248,0.8656423091888428,0.8718858957290649,0.9806108474731445,0.9778308868408203,0.9792189002037048
./cnn/stories/755c8b39393f5a39bd32253ceda74f2af8186ad0.story,style,paraphrase,0,1,0.8681086897850037,0.8591949343681335,0.8636288046836853,0.8681086897850037,0.8591949343681335,0.8636288046836853
./cnn/stories/755c8b39393f5a39bd32253ceda74f2af8186ad0.story,style,paraphrase,0,2,0.8611230254173279,0.8496426343917847,0.8553443551063538,0.948148250579834,0.9413001537322998,0.9447118043899536
./cnn/stories/755c8b39393f5a39bd32253ceda74f2af8186ad0.story,style,paraphrase,0,3,0.8605471849441528,0.846869170665741,0.8536533713340759,0.9519546031951904,0.9505306482315063,0.9512420892715454
./cnn/stories/755c8b39393f5a39bd32253ceda74f2af8186ad0.story,style,paraphrase,1,1,0.8695151209831238,0.8600159287452698,0.8647394180297852,0.8695151209831238,0.8600159287452698,0.8647394180297852
./cnn/stories/755c8b39393f5a39bd32253ceda74f2af8186ad0.story,style,paraphrase,1,2,0.8639687299728394,0.8533602356910706,0.8586316704750061,0.9460489749908447,0.945697009563446,0.9458729028701782
./cnn/stories/755c8b39393f5a39bd32253ceda74f2af8186ad0.story,style,paraphrase,1,3,0.8585453033447266,0.8431313633918762,0.8507685661315918,0.9615762233734131,0.9531927704811096,0.9573661684989929
./cnn/stories/755c8b39393f5a39bd32253ceda74f2af8186ad0.story,style,paraphrase,2,1,0.8681632876396179,0.8687143921852112,0.868438720703125,0.8681632876396179,0.8687143921852112,0.868438720703125
./cnn/stories/755c8b39393f5a39bd32253ceda74f2af8186ad0.story,style,paraphrase,2,2,0.8687874674797058,0.8682117462158203,0.8684994578361511,0.9527525305747986,0.9485843777656555,0.9506638646125793
./cnn/stories/755c8b39393f5a39bd32253ceda74f2af8186ad0.story,style,paraphrase,2,3,0.8552968502044678,0.8480961322784424,0.8516812324523926,0.9291165471076965,0.9157600402832031,0.9223899245262146
./cnn/stories/755c8b39393f5a39bd32253ceda74f2af8186ad0.story,content,shorten,0,1,0.8817492723464966,0.8350037336349487,0.8577401041984558,0.8817492723464966,0.8350037336349487,0.8577401041984558
./cnn/stories/755c8b39393f5a39bd32253ceda74f2af8186ad0.story,content,shorten,0,2,0.8713765740394592,0.814833402633667,0.8421570062637329,0.9484081268310547,0.9155178070068359,0.9316727519035339
./cnn/stories/755c8b39393f5a39bd32253ceda74f2af8186ad0.story,content,shorten,0,3,0.8665640354156494,0.808293342590332,0.8364150524139404,0.9696789383888245,0.9573081731796265,0.9634537696838379
./cnn/stories/755c8b39393f5a39bd32253ceda74f2af8186ad0.story,content,shorten,1,1,0.8722082376480103,0.8361236453056335,0.8537848591804504,0.8722082376480103,0.8361236453056335,0.8537848591804504
./cnn/stories/755c8b39393f5a39bd32253ceda74f2af8186ad0.story,content,shorten,1,2,0.8718913793563843,0.829063355922699,0.8499382138252258,0.9622487425804138,0.9410606026649475,0.9515367150306702
./cnn/stories/755c8b39393f5a39bd32253ceda74f2af8186ad0.story,content,shorten,1,3,0.8691093325614929,0.8259503841400146,0.8469803929328918,0.9786848425865173,0.9715060591697693,0.975082278251648
./cnn/stories/755c8b39393f5a39bd32253ceda74f2af8186ad0.story,content,shorten,2,1,0.8804265260696411,0.8597819805145264,0.8699818253517151,0.8804265260696411,0.8597819805145264,0.8699818253517151
./cnn/stories/755c8b39393f5a39bd32253ceda74f2af8186ad0.story,content,shorten,2,2,0.8775094747543335,0.8502169847488403,0.8636476993560791,0.9513050317764282,0.9354662895202637,0.9433192014694214
./cnn/stories/755c8b39393f5a39bd32253ceda74f2af8186ad0.story,content,shorten,2,3,0.8777642250061035,0.8429450988769531,0.860002338886261,0.9601093530654907,0.945615291595459,0.9528071880340576
./cnn/stories/755c8b39393f5a39bd32253ceda74f2af8186ad0.story,content,elaborate,0,1,0.8619906902313232,0.8468798398971558,0.8543684482574463,0.8619906902313232,0.8468798398971558,0.8543684482574463
./cnn/stories/755c8b39393f5a39bd32253ceda74f2af8186ad0.story,content,elaborate,0,2,0.8577842116355896,0.8453518748283386,0.85152268409729,0.9274988770484924,0.9328440427780151,0.9301637411117554
./cnn/stories/755c8b39393f5a39bd32253ceda74f2af8186ad0.story,content,elaborate,0,3,0.8531892895698547,0.8394016027450562,0.8462392687797546,0.9288195371627808,0.9241660237312317,0.9264869093894958
./cnn/stories/755c8b39393f5a39bd32253ceda74f2af8186ad0.story,content,elaborate,1,1,0.8674576282501221,0.8523992300033569,0.8598625063896179,0.8674576282501221,0.8523992300033569,0.8598625063896179
./cnn/stories/755c8b39393f5a39bd32253ceda74f2af8186ad0.story,content,elaborate,1,2,0.8572917580604553,0.8447299003601074,0.8509644865989685,0.9307022094726562,0.9363613128662109,0.9335231781005859
./cnn/stories/755c8b39393f5a39bd32253ceda74f2af8186ad0.story,content,elaborate,1,3,0.854001522064209,0.8388491868972778,0.8463575839996338,0.9388588666915894,0.9288455247879028,0.9338253736495972
./cnn/stories/755c8b39393f5a39bd32253ceda74f2af8186ad0.story,content,elaborate,2,1,0.8640058040618896,0.8585476875305176,0.8612681031227112,0.8640058040618896,0.8585476875305176,0.8612681031227112
./cnn/stories/755c8b39393f5a39bd32253ceda74f2af8186ad0.story,content,elaborate,2,2,0.8558124303817749,0.8483954668045044,0.8520877957344055,0.9303885102272034,0.9220272302627563,0.9261889457702637
./cnn/stories/755c8b39393f5a39bd32253ceda74f2af8186ad0.story,content,elaborate,2,3,0.8489347696304321,0.8441882133483887,0.8465548753738403,0.9370155930519104,0.9413816332817078,0.9391935467720032
./cnn/stories/a1c31aa7ad8a494c513ef78063bd9c3834e8fc41.story,style,formality,0,1,0.916850209236145,0.9061893224716187,0.9114885926246643,0.916850209236145,0.9061893224716187,0.9114885926246643
./cnn/stories/a1c31aa7ad8a494c513ef78063bd9c3834e8fc41.story,style,formality,0,2,0.9046241641044617,0.895379900932312,0.8999783396720886,0.9557297825813293,0.9560915231704712,0.9559105634689331
./cnn/stories/a1c31aa7ad8a494c513ef78063bd9c3834e8fc41.story,style,formality,0,3,0.8888680338859558,0.8781238198280334,0.8834632635116577,0.9381047487258911,0.932867169380188,0.9354786276817322
./cnn/stories/a1c31aa7ad8a494c513ef78063bd9c3834e8fc41.story,style,formality,1,1,0.9138320088386536,0.9036740064620972,0.9087246060371399,0.9138320088386536,0.9036740064620972,0.9087246060371399
./cnn/stories/a1c31aa7ad8a494c513ef78063bd9c3834e8fc41.story,style,formality,1,2,0.8988203406333923,0.8955042958259583,0.8971592783927917,0.958113431930542,0.9586126208305359,0.9583629369735718
./cnn/stories/a1c31aa7ad8a494c513ef78063bd9c3834e8fc41.story,style,formality,1,3,0.89442378282547,0.8935270309448242,0.8939751982688904,0.9704192876815796,0.9752829074859619,0.9728450179100037
./cnn/stories/a1c31aa7ad8a494c513ef78063bd9c3834e8fc41.story,style,formality,2,1,0.907899796962738,0.8988202214241028,0.9033371806144714,0.907899796962738,0.8988202214241028,0.9033371806144714
./cnn/stories/a1c31aa7ad8a494c513ef78063bd9c3834e8fc41.story,style,formality,2,2,0.8910173177719116,0.886581540107727,0.8887938857078552,0.9422777891159058,0.9414551258087158,0.9418662786483765
./cnn/stories/a1c31aa7ad8a494c513ef78063bd9c3834e8fc41.story,style,formality,2,3,0.8901431560516357,0.884573757648468,0.8873497247695923,0.9592064023017883,0.9603602886199951,0.9597830772399902
./cnn/stories/a1c31aa7ad8a494c513ef78063bd9c3834e8fc41.story,style,paraphrase,0,1,0.9083310961723328,0.8799854516983032,0.8939336538314819,0.9083310961723328,0.8799854516983032,0.8939336538314819
./cnn/stories/a1c31aa7ad8a494c513ef78063bd9c3834e8fc41.story,style,paraphrase,0,2,0.8992218971252441,0.860832929611206,0.8796087503433228,0.9460892081260681,0.9291159510612488,0.9375258088111877
./cnn/stories/a1c31aa7ad8a494c513ef78063bd9c3834e8fc41.story,style,paraphrase,0,3,0.8848210573196411,0.8397716879844666,0.8617079854011536,0.9365781545639038,0.9243757724761963,0.930436909198761
./cnn/stories/a1c31aa7ad8a494c513ef78063bd9c3834e8fc41.story,style,paraphrase,1,1,0.9107905030250549,0.893227219581604,0.9019232988357544,0.9107905030250549,0.893227219581604,0.9019232988357544
./cnn/stories/a1c31aa7ad8a494c513ef78063bd9c3834e8fc41.story,style,paraphrase,1,2,0.9040417671203613,0.884887158870697,0.8943619132041931,0.9480693340301514,0.9401991963386536,0.9441179037094116
./cnn/stories/a1c31aa7ad8a494c513ef78063bd9c3834e8fc41.story,style,paraphrase,1,3,0.9039710164070129,0.8835746049880981,0.8936564326286316,0.9662043452262878,0.963793158531189,0.9649972915649414
./cnn/stories/a1c31aa7ad8a494c513ef78063bd9c3834e8fc41.story,style,paraphrase,2,1,0.9356476068496704,0.9275281429290771,0.9315702319145203,0.9356476068496704,0.9275281429290771,0.9315702319145203
./cnn/stories/a1c31aa7ad8a494c513ef78063bd9c3834e8fc41.story,style,paraphrase,2,2,0.9098309874534607,0.8963395357131958,0.9030349254608154,0.9354377388954163,0.9255895614624023,0.9304876327514648
./cnn/stories/a1c31aa7ad8a494c513ef78063bd9c3834e8fc41.story,style,paraphrase,2,3,0.9040449857711792,0.8803836703300476,0.892057478427887,0.9506976008415222,0.9378993511199951,0.9442550539970398
./cnn/stories/a1c31aa7ad8a494c513ef78063bd9c3834e8fc41.story,content,shorten,0,1,0.9159353971481323,0.8590231537818909,0.8865668773651123,0.9159353971481323,0.8590231537818909,0.8865668773651123
./cnn/stories/a1c31aa7ad8a494c513ef78063bd9c3834e8fc41.story,content,shorten,0,2,0.9066244959831238,0.8432605266571045,0.8737952709197998,0.9731081128120422,0.9535970687866211,0.9632538557052612
./cnn/stories/a1c31aa7ad8a494c513ef78063bd9c3834e8fc41.story,content,shorten,0,3,0.9028700590133667,0.8413901329040527,0.8710466027259827,0.9866268038749695,0.9863781929016113,0.9865024089813232
./cnn/stories/a1c31aa7ad8a494c513ef78063bd9c3834e8fc41.story,content,shorten,1,1,0.9117101430892944,0.8583961129188538,0.8842502236366272,0.9117101430892944,0.8583961129188538,0.8842502236366272
./cnn/stories/a1c31aa7ad8a494c513ef78063bd9c3834e8fc41.story,content,shorten,1,2,0.8963042497634888,0.847957968711853,0.871461033821106,0.9541996121406555,0.9452479481697083,0.9497026801109314
./cnn/stories/a1c31aa7ad8a494c513ef78063bd9c3834e8fc41.story,content,shorten,1,3,0.8953163623809814,0.8445694446563721,0.8692028522491455,0.9762365818023682,0.9649903774261475,0.9705809354782104
./cnn/stories/a1c31aa7ad8a494c513ef78063bd9c3834e8fc41.story,content,shorten,2,1,0.8981996774673462,0.8635854721069336,0.8805525302886963,0.8981996774673462,0.8635854721069336,0.8805525302886963
./cnn/stories/a1c31aa7ad8a494c513ef78063bd9c3834e8fc41.story,content,shorten,2,2,0.8941234350204468,0.8619458079338074,0.8777398467063904,0.971557080745697,0.9706389307975769,0.9710977673530579
./cnn/stories/a1c31aa7ad8a494c513ef78063bd9c3834e8fc41.story,content,shorten,2,3,0.8943136930465698,0.8595715165138245,0.8765984773635864,0.9670732021331787,0.9616807699203491,0.9643694162368774
./cnn/stories/a1c31aa7ad8a494c513ef78063bd9c3834e8fc41.story,content,elaborate,0,1,0.8929016590118408,0.8881107568740845,0.8904997706413269,0.8929016590118408,0.8881107568740845,0.8904997706413269
./cnn/stories/a1c31aa7ad8a494c513ef78063bd9c3834e8fc41.story,content,elaborate,0,2,0.8778730034828186,0.8828729391098022,0.8803658485412598,0.9314746856689453,0.9390211701393127,0.9352326989173889
./cnn/stories/a1c31aa7ad8a494c513ef78063bd9c3834e8fc41.story,content,elaborate,0,3,0.8719079494476318,0.8614391088485718,0.8666418790817261,0.9227478504180908,0.9093403220176697,0.9159950017929077
./cnn/stories/a1c31aa7ad8a494c513ef78063bd9c3834e8fc41.story,content,elaborate,1,1,0.8975231647491455,0.8726205229759216,0.8848966360092163,0.8975231647491455,0.8726205229759216,0.8848966360092163
./cnn/stories/a1c31aa7ad8a494c513ef78063bd9c3834e8fc41.story,content,elaborate,1,2,0.8912491798400879,0.8615125417709351,0.876128613948822,0.9494212865829468,0.9336652755737305,0.941477358341217
./cnn/stories/a1c31aa7ad8a494c513ef78063bd9c3834e8fc41.story,content,elaborate,1,3,0.8875380754470825,0.8587608337402344,0.8729123473167419,0.9611984491348267,0.9626667499542236,0.9619320034980774
./cnn/stories/a1c31aa7ad8a494c513ef78063bd9c3834e8fc41.story,content,elaborate,2,1,0.9058891534805298,0.8738647103309631,0.8895887732505798,0.9058891534805298,0.8738647103309631,0.8895887732505798
./cnn/stories/a1c31aa7ad8a494c513ef78063bd9c3834e8fc41.story,content,elaborate,2,2,0.8864706754684448,0.8665764927864075,0.876410722732544,0.9431102871894836,0.9582903385162354,0.9506397843360901
./cnn/stories/a1c31aa7ad8a494c513ef78063bd9c3834e8fc41.story,content,elaborate,2,3,0.8816384673118591,0.8635435104370117,0.8724971413612366,0.9677491784095764,0.9704068303108215,0.9690761566162109
./cnn/stories/5cf8443a13c37fe532b919082c70ec1f3dfdafff.story,style,formality,0,1,0.8915365934371948,0.8966308832168579,0.8940764665603638,0.8915365934371948,0.8966308832168579,0.8940764665603638
./cnn/stories/5cf8443a13c37fe532b919082c70ec1f3dfdafff.story,style,formality,0,2,0.8846931457519531,0.8884649276733398,0.8865750432014465,0.9570302963256836,0.9522070288658142,0.9546125531196594
./cnn/stories/5cf8443a13c37fe532b919082c70ec1f3dfdafff.story,style,formality,0,3,0.8868515491485596,0.8881568908691406,0.8875037431716919,0.967232346534729,0.9653499126434326,0.9662902355194092
./cnn/stories/5cf8443a13c37fe532b919082c70ec1f3dfdafff.story,style,formality,1,1,0.9057190418243408,0.9084364175796509,0.9070757031440735,0.9057190418243408,0.9084364175796509,0.9070757031440735
./cnn/stories/5cf8443a13c37fe532b919082c70ec1f3dfdafff.story,style,formality,1,2,0.903900682926178,0.9044554829597473,0.9041779637336731,0.96050626039505,0.9573862552642822,0.958943784236908
./cnn/stories/5cf8443a13c37fe532b919082c70ec1f3dfdafff.story,style,formality,1,3,0.8995381593704224,0.9009548425674438,0.9002459645271301,0.974353015422821,0.9736099243164062,0.9739812612533569
./cnn/stories/5cf8443a13c37fe532b919082c70ec1f3dfdafff.story,style,formality,2,1,0.8874207139015198,0.8865107297897339,0.8869654536247253,0.8874207139015198,0.8865107297897339,0.8869654536247253
./cnn/stories/5cf8443a13c37fe532b919082c70ec1f3dfdafff.story,style,formality,2,2,0.864750862121582,0.8662223219871521,0.8654859066009521,0.9240444898605347,0.9224240183830261,0.9232335686683655
./cnn/stories/5cf8443a13c37fe532b919082c70ec1f3dfdafff.story,style,formality,2,3,0.8664733171463013,0.8667711019515991,0.8666221499443054,0.9703853726387024,0.9708856344223022,0.9706354141235352
./cnn/stories/5cf8443a13c37fe532b919082c70ec1f3dfdafff.story,style,paraphrase,0,1,0.8834172487258911,0.8819096684455872,0.8826627731323242,0.8834172487258911,0.8819096684455872,0.8826627731323242
./cnn/stories/5cf8443a13c37fe532b919082c70ec1f3dfdafff.story,style,paraphrase,0,2,0.8796434998512268,0.8809195160865784,0.8802810311317444,0.9618587493896484,0.9621328115463257,0.9619957208633423
./cnn/stories/5cf8443a13c37fe532b919082c70ec1f3dfdafff.story,style,paraphrase,0,3,0.879607081413269,0.8810594081878662,0.8803326487541199,0.9686428308486938,0.9706876873970032,0.9696641564369202
./cnn/stories/5cf8443a13c37fe532b919082c70ec1f3dfdafff.story,style,paraphrase,1,1,0.8813807964324951,0.8662500381469727,0.8737499117851257,0.8813807964324951,0.8662500381469727,0.8737499117851257
./cnn/stories/5cf8443a13c37fe532b919082c70ec1f3dfdafff.story,style,paraphrase,1,2,0.8779566287994385,0.853813886642456,0.8657169938087463,0.94566810131073,0.9333563446998596,0.9394718408584595
./cnn/stories/5cf8443a13c37fe532b919082c70ec1f3dfdafff.story,style,paraphrase,1,3,0.8763779997825623,0.8495279550552368,0.862744152545929,0.9625179767608643,0.9582291841506958,0.9603687524795532
./cnn/stories/5cf8443a13c37fe532b919082c70ec1f3dfdafff.story,style,paraphrase,2,1,0.8626561164855957,0.8425207138061523,0.8524695038795471,0.8626561164855957,0.8425207138061523,0.8524695038795471
./cnn/stories/5cf8443a13c37fe532b919082c70ec1f3dfdafff.story,style,paraphrase,2,2,0.8616948127746582,0.8350121378898621,0.8481436371803284,0.9479703903198242,0.9389846324920654,0.9434561133384705
./cnn/stories/5cf8443a13c37fe532b919082c70ec1f3dfdafff.story,style,paraphrase,2,3,0.8584671020507812,0.8330689668655396,0.8455773591995239,0.9505143761634827,0.9527721405029297,0.9516419172286987
./cnn/stories/5cf8443a13c37fe532b919082c70ec1f3dfdafff.story,content,shorten,0,1,0.8775596618652344,0.8136720657348633,0.844409167766571,0.8775596618652344,0.8136720657348633,0.844409167766571
./cnn/stories/5cf8443a13c37fe532b919082c70ec1f3dfdafff.story,content,shorten,0,2,0.8765850067138672,0.8112591505050659,0.8426578640937805,0.9759584665298462,0.9656747579574585,0.97078937292099
./cnn/stories/5cf8443a13c37fe532b919082c70ec1f3dfdafff.story,content,shorten,0,3,0.8711682558059692,0.807780921459198,0.83827805519104,0.9855436086654663,0.9817343950271606,0.9836353063583374
./cnn/stories/5cf8443a13c37fe532b919082c70ec1f3dfdafff.story,content,shorten,1,1,0.86289381980896,0.804356575012207,0.8325976133346558,0.86289381980896,0.804356575012207,0.8325976133346558
./cnn/stories/5cf8443a13c37fe532b919082c70ec1f3dfdafff.story,content,shorten,1,2,0.858477771282196,0.8006263971328735,0.8285435438156128,0.9612255096435547,0.9518280625343323,0.9565037488937378
./cnn/stories/5cf8443a13c37fe532b919082c70ec1f3dfdafff.story,content,shorten,1,3,0.8655123710632324,0.8002928495407104,0.8316258788108826,0.9718363881111145,0.9618732929229736,0.9668291807174683
./cnn/stories/5cf8443a13c37fe532b919082c70ec1f3dfdafff.story,content,shorten,2,1,0.8702322840690613,0.868798017501831,0.869514524936676,0.8702322840690613,0.868798017501831,0.869514524936676
./cnn/stories/5cf8443a13c37fe532b919082c70ec1f3dfdafff.story,content,shorten,2,2,0.8876805305480957,0.8630310297012329,0.8751822113990784,0.9593815803527832,0.9294829964637756,0.9441956877708435
./cnn/stories/5cf8443a13c37fe532b919082c70ec1f3dfdafff.story,content,shorten,2,3,0.8853757977485657,0.8582867980003357,0.8716208934783936,0.9636824727058411,0.9533965587615967,0.9585119485855103
./cnn/stories/5cf8443a13c37fe532b919082c70ec1f3dfdafff.story,content,elaborate,0,1,0.8766167163848877,0.8739453554153442,0.8752790093421936,0.8766167163848877,0.8739453554153442,0.8752790093421936
./cnn/stories/5cf8443a13c37fe532b919082c70ec1f3dfdafff.story,content,elaborate,0,2,0.8629456758499146,0.8643896579742432,0.8636670708656311,0.9141641855239868,0.9225984811782837,0.9183619618415833
./cnn/stories/5cf8443a13c37fe532b919082c70ec1f3dfdafff.story,content,elaborate,0,3,0.8532504439353943,0.8574191331863403,0.8553297519683838,0.9179652333259583,0.9218180179595947,0.9198876023292542
./cnn/stories/5cf8443a13c37fe532b919082c70ec1f3dfdafff.story,content,elaborate,1,1,0.8736819624900818,0.8632024526596069,0.868410587310791,0.8736819624900818,0.8632024526596069,0.868410587310791
./cnn/stories/5cf8443a13c37fe532b919082c70ec1f3dfdafff.story,content,elaborate,1,2,0.8658276796340942,0.8539714217185974,0.8598586916923523,0.9353136420249939,0.9330343008041382,0.9341726303100586
./cnn/stories/5cf8443a13c37fe532b919082c70ec1f3dfdafff.story,content,elaborate,1,3,0.8639545440673828,0.8504629135131836,0.8571556210517883,0.940653920173645,0.9432308673858643,0.9419406652450562
./cnn/stories/5cf8443a13c37fe532b919082c70ec1f3dfdafff.story,content,elaborate,2,1,0.8718258738517761,0.8722378611564636,0.8720318078994751,0.8718258738517761,0.8722378611564636,0.8720318078994751
./cnn/stories/5cf8443a13c37fe532b919082c70ec1f3dfdafff.story,content,elaborate,2,2,0.8614405989646912,0.8678168058395386,0.8646169304847717,0.9356117248535156,0.9452662467956543,0.9404141902923584
./cnn/stories/5cf8443a13c37fe532b919082c70ec1f3dfdafff.story,content,elaborate,2,3,0.8505497574806213,0.8431020379066467,0.8468095660209656,0.9138675332069397,0.9045634865760803,0.9091917276382446
./cnn/stories/e72908e7399b7b7482f8d199ec838b46ea7775cb.story,style,formality,0,1,0.933305025100708,0.9162096977233887,0.924678385257721,0.933305025100708,0.9162096977233887,0.924678385257721
./cnn/stories/e72908e7399b7b7482f8d199ec838b46ea7775cb.story,style,formality,0,2,0.9186983704566956,0.9037564992904663,0.9111661911010742,0.9585464000701904,0.9589995741844177,0.9587728977203369
./cnn/stories/e72908e7399b7b7482f8d199ec838b46ea7775cb.story,style,formality,0,3,0.9101943969726562,0.8981342315673828,0.9041240811347961,0.9680507183074951,0.9710549116134644,0.9695504903793335
./cnn/stories/e72908e7399b7b7482f8d199ec838b46ea7775cb.story,style,formality,1,1,0.9226230382919312,0.8952797651290894,0.9087457656860352,0.9226230382919312,0.8952797651290894,0.9087457656860352
./cnn/stories/e72908e7399b7b7482f8d199ec838b46ea7775cb.story,style,formality,1,2,0.9202685356140137,0.8823161125183105,0.9008927345275879,0.9674664735794067,0.9459567070007324,0.9565907120704651
./cnn/stories/e72908e7399b7b7482f8d199ec838b46ea7775cb.story,style,formality,1,3,0.9187586307525635,0.8796206116676331,0.8987637758255005,0.9814664125442505,0.9800431728363037,0.9807542562484741
./cnn/stories/e72908e7399b7b7482f8d199ec838b46ea7775cb.story,style,formality,2,1,0.9257571697235107,0.9031495451927185,0.9143136143684387,0.9257571697235107,0.9031495451927185,0.9143136143684387
./cnn/stories/e72908e7399b7b7482f8d199ec838b46ea7775cb.story,style,formality,2,2,0.9129056930541992,0.8937772512435913,0.9032402038574219,0.9581108093261719,0.9611417651176453,0.9596238732337952
./cnn/stories/e72908e7399b7b7482f8d199ec838b46ea7775cb.story,style,formality,2,3,0.9086062908172607,0.8912927508354187,0.8998662233352661,0.9673408269882202,0.9680331349372864,0.9676868319511414
./cnn/stories/e72908e7399b7b7482f8d199ec838b46ea7775cb.story,style,paraphrase,0,1,0.9296033382415771,0.9094014167785645,0.919391393661499,0.9296033382415771,0.9094014167785645,0.919391393661499
./cnn/stories/e72908e7399b7b7482f8d199ec838b46ea7775cb.story,style,paraphrase,0,2,0.9242086410522461,0.895224928855896,0.909485936164856,0.9576511383056641,0.9474379420280457,0.9525171518325806
./cnn/stories/e72908e7399b7b7482f8d199ec838b46ea7775cb.story,style,paraphrase,0,3,0.9181200861930847,0.8914947509765625,0.9046115279197693,0.964287519454956,0.9654821753501892,0.9648844599723816
./cnn/stories/e72908e7399b7b7482f8d199ec838b46ea7775cb.story,style,paraphrase,1,1,0.9265718460083008,0.9088055491447449,0.9176026582717896,0.9265718460083008,0.9088055491447449,0.9176026582717896
./cnn/stories/e72908e7399b7b7482f8d199ec838b46ea7775cb.story,style,paraphrase,1,2,0.9200118780136108,0.8960676193237305,0.9078819155693054,0.9550835490226746,0.9492014050483704,0.9521333575248718
./cnn/stories/e72908e7399b7b7482f8d199ec838b46ea7775cb.story,style,paraphrase,1,3,0.9204694032669067,0.892318069934845,0.9061751365661621,0.9722333550453186,0.9665460586547852,0.9693813920021057
./cnn/stories/e72908e7399b7b7482f8d199ec838b46ea7775cb.story,style,paraphrase,2,1,0.9174026250839233,0.8901851773262024,0.9035889506340027,0.9174026250839233,0.8901851773262024,0.9035889506340027
./cnn/stories/e72908e7399b7b7482f8d199ec838b46ea7775cb.story,style,paraphrase,2,2,0.9173021912574768,0.8869994878768921,0.9018962979316711,0.9577918648719788,0.953337550163269,0.955559492111206
./cnn/stories/e72908e7399b7b7482f8d199ec838b46ea7775cb.story,style,paraphrase,2,3,0.919549286365509,0.8860531449317932,0.9024905562400818,0.9627878665924072,0.9628757834434509,0.9628317952156067
./cnn/stories/e72908e7399b7b7482f8d199ec838b46ea7775cb.story,content,shorten,0,1,0.9198242425918579,0.8575379848480225,0.887589693069458,0.9198242425918579,0.8575379848480225,0.887589693069458
./cnn/stories/e72908e7399b7b7482f8d199ec838b46ea7775cb.story,content,shorten,0,2,0.9068285226821899,0.8331896066665649,0.8684508204460144,0.9544717073440552,0.9249328970909119,0.9394701719284058
./cnn/stories/e72908e7399b7b7482f8d199ec838b46ea7775cb.story,content,shorten,0,3,0.903322696685791,0.8304191827774048,0.865338146686554,0.9768036007881165,0.9694490432739258,0.9731124639511108
./cnn/stories/e72908e7399b7b7482f8d199ec838b46ea7775cb.story,content,shorten,1,1,0.9268336296081543,0.8893161416053772,0.9076874256134033,0.9268336296081543,0.8893161416053772,0.9076874256134033
./cnn/stories/e72908e7399b7b7482f8d199ec838b46ea7775cb.story,content,shorten,1,2,0.9165627956390381,0.8726518154144287,0.8940684795379639,0.9679865837097168,0.9542578458786011,0.9610732197761536
./cnn/stories/e72908e7399b7b7482f8d199ec838b46ea7775cb.story,content,shorten,1,3,0.909210205078125,0.8597265481948853,0.8837763071060181,0.9606902003288269,0.948432445526123,0.9545219540596008
./cnn/stories/e72908e7399b7b7482f8d199ec838b46ea7775cb.story,content,shorten,2,1,0.9203210473060608,0.8892409801483154,0.9045141339302063,0.9203210473060608,0.8892409801483154,0.9045141339302063
./cnn/stories/e72908e7399b7b7482f8d199ec838b46ea7775cb.story,content,shorten,2,2,0.9198180437088013,0.8783677816390991,0.8986151814460754,0.9727007746696472,0.9613177180290222,0.966975748538971
./cnn/stories/e72908e7399b7b7482f8d199ec838b46ea7775cb.story,content,shorten,2,3,0.9085425734519958,0.8743996620178223,0.8911441564559937,0.9692708849906921,0.9743404388427734,0.9717990159988403
./cnn/stories/e72908e7399b7b7482f8d199ec838b46ea7775cb.story,content,elaborate,0,1,0.9086312055587769,0.8891831636428833,0.8988020420074463,0.9086312055587769,0.8891831636428833,0.8988020420074463
./cnn/stories/e72908e7399b7b7482f8d199ec838b46ea7775cb.story,content,elaborate,0,2,0.8963438272476196,0.8860640525817871,0.89117431640625,0.9359539747238159,0.9473371505737305,0.9416111707687378
./cnn/stories/e72908e7399b7b7482f8d199ec838b46ea7775cb.story,content,elaborate,0,3,0.8935385942459106,0.8832738399505615,0.8883765935897827,0.9585076570510864,0.9574716091156006,0.9579893350601196
./cnn/stories/e72908e7399b7b7482f8d199ec838b46ea7775cb.story,content,elaborate,1,1,0.9282560348510742,0.8952891826629639,0.9114746451377869,0.9282560348510742,0.8952891826629639,0.9114746451377869
./cnn/stories/e72908e7399b7b7482f8d199ec838b46ea7775cb.story,content,elaborate,1,2,0.8957822918891907,0.8855084180831909,0.890615701675415,0.9189525246620178,0.9374587535858154,0.9281134605407715
./cnn/stories/e72908e7399b7b7482f8d199ec838b46ea7775cb.story,content,elaborate,1,3,0.8927453756332397,0.8811324238777161,0.8869008421897888,0.9600871205329895,0.9612571001052856,0.9606717228889465
./cnn/stories/e72908e7399b7b7482f8d199ec838b46ea7775cb.story,content,elaborate,2,1,0.9105193018913269,0.8873322010040283,0.8987761735916138,0.9105193018913269,0.8873322010040283,0.8987761735916138
./cnn/stories/e72908e7399b7b7482f8d199ec838b46ea7775cb.story,content,elaborate,2,2,0.8938357830047607,0.88570237159729,0.8897504806518555,0.9282934069633484,0.9526519775390625,0.9403148889541626
./cnn/stories/e72908e7399b7b7482f8d199ec838b46ea7775cb.story,content,elaborate,2,3,0.8907954692840576,0.8854784965515137,0.8881289958953857,0.9633300304412842,0.9648095369338989,0.9640692472457886
./cnn/stories/45fa4464f86599520ace75db52005bda9ee0a49b.story,style,formality,0,1,0.9061492681503296,0.907001256942749,0.906575083732605,0.9061492681503296,0.907001256942749,0.906575083732605
./cnn/stories/45fa4464f86599520ace75db52005bda9ee0a49b.story,style,formality,0,2,0.8931888341903687,0.8933992981910706,0.8932940363883972,0.9619557857513428,0.9614901542663574,0.9617229104042053
./cnn/stories/45fa4464f86599520ace75db52005bda9ee0a49b.story,style,formality,0,3,0.8922169208526611,0.8918508887290955,0.8920338153839111,0.9695124626159668,0.9688044786453247,0.9691582918167114
./cnn/stories/45fa4464f86599520ace75db52005bda9ee0a49b.story,style,formality,1,1,0.8924645185470581,0.8911275863647461,0.8917955756187439,0.8924645185470581,0.8911275863647461,0.8917955756187439
./cnn/stories/45fa4464f86599520ace75db52005bda9ee0a49b.story,style,formality,1,2,0.8880243897438049,0.8841953873634338,0.8861057758331299,0.9533910155296326,0.9515119791030884,0.9524505734443665
./cnn/stories/45fa4464f86599520ace75db52005bda9ee0a49b.story,style,formality,1,3,0.8865417242050171,0.8836199045181274,0.8850783705711365,0.9742025136947632,0.9743834137916565,0.9742929339408875
./cnn/stories/45fa4464f86599520ace75db52005bda9ee0a49b.story,style,formality,2,1,0.8671900033950806,0.8613163232803345,0.8642431497573853,0.8671900033950806,0.8613163232803345,0.8642431497573853
./cnn/stories/45fa4464f86599520ace75db52005bda9ee0a49b.story,style,formality,2,2,0.8561546802520752,0.8422313928604126,0.8491359949111938,0.9374628663063049,0.9156790375709534,0.9264428615570068
./cnn/stories/45fa4464f86599520ace75db52005bda9ee0a49b.story,style,formality,2,3,0.8542572259902954,0.8405470848083496,0.8473467230796814,0.9683753848075867,0.9693195819854736,0.9688472151756287
./cnn/stories/45fa4464f86599520ace75db52005bda9ee0a49b.story,style,paraphrase,0,1,0.8615394830703735,0.8528103232383728,0.8571527004241943,0.8615394830703735,0.8528103232383728,0.8571527004241943
./cnn/stories/45fa4464f86599520ace75db52005bda9ee0a49b.story,style,paraphrase,0,2,0.8578786849975586,0.8443213701248169,0.8510460257530212,0.941831111907959,0.9322560429573059,0.9370191097259521
./cnn/stories/45fa4464f86599520ace75db52005bda9ee0a49b.story,style,paraphrase,0,3,0.8635597229003906,0.8380826711654663,0.8506304621696472,0.9445668458938599,0.9257838129997253,0.9350810647010803
./cnn/stories/45fa4464f86599520ace75db52005bda9ee0a49b.story,style,paraphrase,1,1,0.8671572804450989,0.8520849943161011,0.8595550656318665,0.8671572804450989,0.8520849943161011,0.8595550656318665
./cnn/stories/45fa4464f86599520ace75db52005bda9ee0a49b.story,style,paraphrase,1,2,0.8624749183654785,0.8452296257019043,0.8537651896476746,0.9476735591888428,0.9425351619720459,0.9450973868370056
./cnn/stories/45fa4464f86599520ace75db52005bda9ee0a49b.story,style,paraphrase,1,3,0.8600609302520752,0.8399484753608704,0.8498857617378235,0.950326681137085,0.9477505683898926,0.9490368962287903
./cnn/stories/45fa4464f86599520ace75db52005bda9ee0a49b.story,style,paraphrase,2,1,0.8579805493354797,0.8465951681137085,0.852249801158905,0.8579805493354797,0.8465951681137085,0.852249801158905
./cnn/stories/45fa4464f86599520ace75db52005bda9ee0a49b.story,style,paraphrase,2,2,0.8648744821548462,0.8447914123535156,0.8547150492668152,0.9333124160766602,0.9146814346313477,0.9239029884338379
./cnn/stories/45fa4464f86599520ace75db52005bda9ee0a49b.story,style,paraphrase,2,3,0.8630261421203613,0.8429869413375854,0.852888822555542,0.9423596858978271,0.9388658404350281,0.9406094551086426
./cnn/stories/45fa4464f86599520ace75db52005bda9ee0a49b.story,content,shorten,0,1,0.8641233444213867,0.841356635093689,0.8525879979133606,0.8641233444213867,0.841356635093689,0.8525879979133606
./cnn/stories/45fa4464f86599520ace75db52005bda9ee0a49b.story,content,shorten,0,2,0.8757641315460205,0.811062216758728,0.8421722650527954,0.9285074472427368,0.8654624819755554,0.8958771824836731
./cnn/stories/45fa4464f86599520ace75db52005bda9ee0a49b.story,content,shorten,0,3,0.8713042736053467,0.8071976900100708,0.838026762008667,0.9724683165550232,0.9631522297859192,0.9677878618240356
./cnn/stories/45fa4464f86599520ace75db52005bda9ee0a49b.story,content,shorten,1,1,0.8745237588882446,0.8388991355895996,0.8563410639762878,0.8745237588882446,0.8388991355895996,0.8563410639762878
./cnn/stories/45fa4464f86599520ace75db52005bda9ee0a49b.story,content,shorten,1,2,0.8820652961730957,0.831496000289917,0.8560344576835632,0.9429439902305603,0.9167531728744507,0.9296641945838928
./cnn/stories/45fa4464f86599520ace75db52005bda9ee0a49b.story,content,shorten,1,3,0.8803744912147522,0.8281276226043701,0.853452205657959,0.9746180772781372,0.9715077877044678,0.9730604290962219
./cnn/stories/45fa4464f86599520ace75db52005bda9ee0a49b.story,content,shorten,2,1,0.8648515939712524,0.8540791869163513,0.8594316840171814,0.8648515939712524,0.8540791869163513,0.8594316840171814
./cnn/stories/45fa4464f86599520ace75db52005bda9ee0a49b.story,content,shorten,2,2,0.8695733547210693,0.839524507522583,0.8542847633361816,0.9157665967941284,0.8858652710914612,0.9005677700042725
./cnn/stories/45fa4464f86599520ace75db52005bda9ee0a49b.story,content,shorten,2,3,0.8653725385665894,0.8282676935195923,0.8464136719703674,0.9589470624923706,0.9542004466056824,0.9565679430961609
./cnn/stories/45fa4464f86599520ace75db52005bda9ee0a49b.story,content,elaborate,0,1,0.8540816903114319,0.8542462587356567,0.8541639447212219,0.8540816903114319,0.8542462587356567,0.8541639447212219
./cnn/stories/45fa4464f86599520ace75db52005bda9ee0a49b.story,content,elaborate,0,2,0.8493041396141052,0.8456099033355713,0.8474529981613159,0.9240967035293579,0.919561505317688,0.9218235015869141
./cnn/stories/45fa4464f86599520ace75db52005bda9ee0a49b.story,content,elaborate,0,3,0.8467927575111389,0.8351767063140869,0.8409446477890015,0.9241006374359131,0.9083778262138367,0.9161717891693115
./cnn/stories/45fa4464f86599520ace75db52005bda9ee0a49b.story,content,elaborate,1,1,0.8497753143310547,0.8412888646125793,0.8455108404159546,0.8497753143310547,0.8412888646125793,0.8455108404159546
./cnn/stories/45fa4464f86599520ace75db52005bda9ee0a49b.story,content,elaborate,1,2,0.8432166576385498,0.834908664226532,0.839042067527771,0.9386781454086304,0.9408977627754211,0.9397866129875183
./cnn/stories/45fa4464f86599520ace75db52005bda9ee0a49b.story,content,elaborate,1,3,0.8503099679946899,0.8405555486679077,0.8454046249389648,0.945838451385498,0.9408272504806519,0.9433261752128601
./cnn/stories/45fa4464f86599520ace75db52005bda9ee0a49b.story,content,elaborate,2,1,0.8914060592651367,0.8954976797103882,0.8934471607208252,0.8914060592651367,0.8954976797103882,0.8934471607208252
./cnn/stories/45fa4464f86599520ace75db52005bda9ee0a49b.story,content,elaborate,2,2,0.8740554451942444,0.8755898475646973,0.8748220205307007,0.9244300127029419,0.9251835942268372,0.9248065948486328
./cnn/stories/45fa4464f86599520ace75db52005bda9ee0a49b.story,content,elaborate,2,3,0.8690806031227112,0.8711452484130859,0.8701117634773254,0.951730489730835,0.9510647058486938,0.9513974785804749
./cnn/stories/31fb5ca210d456eace45d752517b3241560c4091.story,style,formality,0,1,0.9254361987113953,0.9215955138206482,0.9235118627548218,0.9254361987113953,0.9215955138206482,0.9235118627548218
./cnn/stories/31fb5ca210d456eace45d752517b3241560c4091.story,style,formality,0,2,0.9110480546951294,0.9107126593589783,0.9108803272247314,0.9640034437179565,0.9666448831558228,0.9653223752975464
./cnn/stories/31fb5ca210d456eace45d752517b3241560c4091.story,style,formality,0,3,0.9108554124832153,0.8982665538787842,0.9045171737670898,0.9747371077537537,0.9567998051643372,0.9656851887702942
./cnn/stories/31fb5ca210d456eace45d752517b3241560c4091.story,style,formality,1,1,0.9183242321014404,0.917465090751648,0.9178944826126099,0.9183242321014404,0.917465090751648,0.9178944826126099
./cnn/stories/31fb5ca210d456eace45d752517b3241560c4091.story,style,formality,1,2,0.9122644662857056,0.8981326222419739,0.9051433801651001,0.9559175968170166,0.9372134208679199,0.9464731216430664
./cnn/stories/31fb5ca210d456eace45d752517b3241560c4091.story,style,formality,1,3,0.9053518772125244,0.8927668929100037,0.8990153074264526,0.9694173336029053,0.971089243888855,0.9702525734901428
./cnn/stories/31fb5ca210d456eace45d752517b3241560c4091.story,style,formality,2,1,0.9045811891555786,0.8964524269104004,0.9004984498023987,0.9045811891555786,0.8964524269104004,0.9004984498023987
./cnn/stories/31fb5ca210d456eace45d752517b3241560c4091.story,style,formality,2,2,0.9011361598968506,0.8923022150993347,0.8966974020004272,0.9581803679466248,0.9607250094413757,0.9594510197639465
./cnn/stories/31fb5ca210d456eace45d752517b3241560c4091.story,style,formality,2,3,0.8993970155715942,0.8898581266403198,0.8946021795272827,0.967884361743927,0.9690667390823364,0.9684751629829407
./cnn/stories/31fb5ca210d456eace45d752517b3241560c4091.story,style,paraphrase,0,1,0.9053767919540405,0.8713458180427551,0.8880353569984436,0.9053767919540405,0.8713458180427551,0.8880353569984436
./cnn/stories/31fb5ca210d456eace45d752517b3241560c4091.story,style,paraphrase,0,2,0.8954815864562988,0.8647841215133667,0.8798651695251465,0.965241551399231,0.9629065990447998,0.9640726447105408
./cnn/stories/31fb5ca210d456eace45d752517b3241560c4091.story,style,paraphrase,0,3,0.8937275409698486,0.8608735203742981,0.87699294090271,0.9619463086128235,0.9573872089385986,0.9596613645553589
./cnn/stories/31fb5ca210d456eace45d752517b3241560c4091.story,style,paraphrase,1,1,0.9034189581871033,0.8727585077285767,0.8878241181373596,0.9034189581871033,0.8727585077285767,0.8878241181373596
./cnn/stories/31fb5ca210d456eace45d752517b3241560c4091.story,style,paraphrase,1,2,0.8908984065055847,0.8631691932678223,0.876814603805542,0.9545653462409973,0.9569171667098999,0.9557397961616516
./cnn/stories/31fb5ca210d456eace45d752517b3241560c4091.story,style,paraphrase,1,3,0.8880055546760559,0.8609834313392639,0.8742857575416565,0.9686716198921204,0.9638083577156067,0.9662338495254517
./cnn/stories/31fb5ca210d456eace45d752517b3241560c4091.story,style,paraphrase,2,1,0.8967573046684265,0.8610191345214844,0.8785248398780823,0.8967573046684265,0.8610191345214844,0.8785248398780823
./cnn/stories/31fb5ca210d456eace45d752517b3241560c4091.story,style,paraphrase,2,2,0.8907670378684998,0.8567396402359009,0.8734220862388611,0.9493698477745056,0.9487870931625366,0.9490784406661987
./cnn/stories/31fb5ca210d456eace45d752517b3241560c4091.story,style,paraphrase,2,3,0.887678861618042,0.8540966510772705,0.8705640435218811,0.9583681225776672,0.9554596543312073,0.9569116830825806
./cnn/stories/31fb5ca210d456eace45d752517b3241560c4091.story,content,shorten,0,1,0.9071968197822571,0.8487036824226379,0.876975953578949,0.9071968197822571,0.8487036824226379,0.876975953578949
./cnn/stories/31fb5ca210d456eace45d752517b3241560c4091.story,content,shorten,0,2,0.8982360363006592,0.8325883150100708,0.8641672134399414,0.9546756744384766,0.9270827174186707,0.9406768083572388
./cnn/stories/31fb5ca210d456eace45d752517b3241560c4091.story,content,shorten,0,3,0.8922150135040283,0.8306505680084229,0.8603328466415405,0.974047064781189,0.9763203859329224,0.9751824140548706
./cnn/stories/31fb5ca210d456eace45d752517b3241560c4091.story,content,shorten,1,1,0.9065368175506592,0.8523344993591309,0.8786004781723022,0.9065368175506592,0.8523344993591309,0.8786004781723022
./cnn/stories/31fb5ca210d456eace45d752517b3241560c4091.story,content,shorten,1,2,0.9027833342552185,0.8396764397621155,0.8700871467590332,0.9654334783554077,0.9462350010871887,0.955737829208374
./cnn/stories/31fb5ca210d456eace45d752517b3241560c4091.story,content,shorten,1,3,0.9010845422744751,0.8354699611663818,0.8670376539230347,0.9761316180229187,0.9691983461380005,0.9726526141166687
./cnn/stories/31fb5ca210d456eace45d752517b3241560c4091.story,content,shorten,2,1,0.919053852558136,0.9027729034423828,0.910840630531311,0.919053852558136,0.9027729034423828,0.910840630531311
./cnn/stories/31fb5ca210d456eace45d752517b3241560c4091.story,content,shorten,2,2,0.9003554582595825,0.8804365992546082,0.8902846574783325,0.961857795715332,0.9525288343429565,0.9571706056594849
./cnn/stories/31fb5ca210d456eace45d752517b3241560c4091.story,content,shorten,2,3,0.9038370251655579,0.8775151968002319,0.8904815912246704,0.9699474573135376,0.9558044075965881,0.9628239274024963
./cnn/stories/31fb5ca210d456eace45d752517b3241560c4091.story,content,elaborate,0,1,0.9001364707946777,0.8800144195556641,0.8899617195129395,0.9001364707946777,0.8800144195556641,0.8899617195129395
./cnn/stories/31fb5ca210d456eace45d752517b3241560c4091.story,content,elaborate,0,2,0.8900036215782166,0.8759363889694214,0.8829140067100525,0.9353339672088623,0.9451602101325989,0.9402214884757996
./cnn/stories/31fb5ca210d456eace45d752517b3241560c4091.story,content,elaborate,0,3,0.8765849471092224,0.8701984882354736,0.8733800053596497,0.9437835216522217,0.9525226354598999,0.9481329917907715
./cnn/stories/31fb5ca210d456eace45d752517b3241560c4091.story,content,elaborate,1,1,0.897968053817749,0.8836905360221863,0.8907720446586609,0.897968053817749,0.8836905360221863,0.8907720446586609
./cnn/stories/31fb5ca210d456eace45d752517b3241560c4091.story,content,elaborate,1,2,0.8925046920776367,0.8786784410476685,0.8855376243591309,0.9582453966140747,0.9577195644378662,0.9579824209213257
./cnn/stories/31fb5ca210d456eace45d752517b3241560c4091.story,content,elaborate,1,3,0.8849826455116272,0.8722713589668274,0.8785809874534607,0.9520372152328491,0.9499396085739136,0.9509872794151306
./cnn/stories/31fb5ca210d456eace45d752517b3241560c4091.story,content,elaborate,2,1,0.9100821018218994,0.8880538940429688,0.8989331126213074,0.9100821018218994,0.8880538940429688,0.8989331126213074
./cnn/stories/31fb5ca210d456eace45d752517b3241560c4091.story,content,elaborate,2,2,0.9032644629478455,0.8856694102287292,0.8943803906440735,0.958519458770752,0.9620737433433533,0.9602932929992676
./cnn/stories/31fb5ca210d456eace45d752517b3241560c4091.story,content,elaborate,2,3,0.8954696655273438,0.8870322704315186,0.8912310004234314,0.9474945068359375,0.9603478908538818,0.953877866268158
./cnn/stories/e86db210f7eadc6e4ee876bfdbe2b7920284ad83.story,style,formality,0,1,0.8817923069000244,0.8808545470237732,0.8813231587409973,0.8817923069000244,0.8808545470237732,0.8813231587409973
./cnn/stories/e86db210f7eadc6e4ee876bfdbe2b7920284ad83.story,style,formality,0,2,0.8745616674423218,0.8732151985168457,0.8738878965377808,0.9674955010414124,0.9678733944892883,0.9676844477653503
./cnn/stories/e86db210f7eadc6e4ee876bfdbe2b7920284ad83.story,style,formality,0,3,0.8738318681716919,0.8698057532310486,0.8718141913414001,0.9716720581054688,0.9684149622917175,0.9700407385826111
./cnn/stories/e86db210f7eadc6e4ee876bfdbe2b7920284ad83.story,style,formality,1,1,0.885310173034668,0.8861589431762695,0.8857343196868896,0.885310173034668,0.8861589431762695,0.8857343196868896
./cnn/stories/e86db210f7eadc6e4ee876bfdbe2b7920284ad83.story,style,formality,1,2,0.8813570141792297,0.8824396133422852,0.881898045539856,0.9754714965820312,0.9757311940193176,0.9756013751029968
./cnn/stories/e86db210f7eadc6e4ee876bfdbe2b7920284ad83.story,style,formality,1,3,0.8801363110542297,0.8773944973945618,0.8787632584571838,0.9747022390365601,0.9726907014846802,0.9736954569816589
./cnn/stories/e86db210f7eadc6e4ee876bfdbe2b7920284ad83.story,style,formality,2,1,0.866284191608429,0.869537353515625,0.8679077625274658,0.866284191608429,0.869537353515625,0.8679077625274658
./cnn/stories/e86db210f7eadc6e4ee876bfdbe2b7920284ad83.story,style,formality,2,2,0.859235405921936,0.8604065179824829,0.859820544719696,0.9623663425445557,0.9652276039123535,0.9637948870658875
./cnn/stories/e86db210f7eadc6e4ee876bfdbe2b7920284ad83.story,style,formality,2,3,0.858842134475708,0.8605576753616333,0.859699010848999,0.9641013741493225,0.9626822471618652,0.9633913636207581
./cnn/stories/e86db210f7eadc6e4ee876bfdbe2b7920284ad83.story,style,paraphrase,0,1,0.8645403385162354,0.8337424993515015,0.8488621711730957,0.8645403385162354,0.8337424993515015,0.8488621711730957
./cnn/stories/e86db210f7eadc6e4ee876bfdbe2b7920284ad83.story,style,paraphrase,0,2,0.8578774333000183,0.8265404105186462,0.8419174551963806,0.949728786945343,0.9440997838973999,0.9469059109687805
./cnn/stories/e86db210f7eadc6e4ee876bfdbe2b7920284ad83.story,style,paraphrase,0,3,0.8545019626617432,0.8272186517715454,0.8406389951705933,0.955206036567688,0.9599336385726929,0.9575640559196472
./cnn/stories/e86db210f7eadc6e4ee876bfdbe2b7920284ad83.story,style,paraphrase,1,1,0.876850426197052,0.866062581539154,0.8714231252670288,0.876850426197052,0.866062581539154,0.8714231252670288
./cnn/stories/e86db210f7eadc6e4ee876bfdbe2b7920284ad83.story,style,paraphrase,1,2,0.863388180732727,0.8510359525680542,0.8571676015853882,0.9462364912033081,0.933766782283783,0.9399603009223938
./cnn/stories/e86db210f7eadc6e4ee876bfdbe2b7920284ad83.story,style,paraphrase,1,3,0.8632018566131592,0.8486570119857788,0.8558676242828369,0.9732339382171631,0.9694862365722656,0.9713565111160278
./cnn/stories/e86db210f7eadc6e4ee876bfdbe2b7920284ad83.story,style,paraphrase,2,1,0.8678697347640991,0.8634934425354004,0.8656761050224304,0.8678697347640991,0.8634934425354004,0.8656761050224304
./cnn/stories/e86db210f7eadc6e4ee876bfdbe2b7920284ad83.story,style,paraphrase,2,2,0.8684256076812744,0.8591495752334595,0.8637627363204956,0.9591231942176819,0.9550897479057312,0.9571021795272827
./cnn/stories/e86db210f7eadc6e4ee876bfdbe2b7920284ad83.story,style,paraphrase,2,3,0.8727947473526001,0.8566702008247375,0.8646572828292847,0.9436464309692383,0.9312595725059509,0.9374120235443115
./cnn/stories/e86db210f7eadc6e4ee876bfdbe2b7920284ad83.story,content,shorten,0,1,0.8599611520767212,0.8412697911262512,0.8505128026008606,0.8599611520767212,0.8412697911262512,0.8505128026008606
./cnn/stories/e86db210f7eadc6e4ee876bfdbe2b7920284ad83.story,content,shorten,0,2,0.8567667007446289,0.8050535321235657,0.8301054835319519,0.9334096908569336,0.8687561750411987,0.8999232053756714
./cnn/stories/e86db210f7eadc6e4ee876bfdbe2b7920284ad83.story,content,shorten,0,3,0.853493332862854,0.8030180931091309,0.8274866938591003,0.9674011468887329,0.9539183378219604,0.960612416267395
./cnn/stories/e86db210f7eadc6e4ee876bfdbe2b7920284ad83.story,content,shorten,1,1,0.8656035661697388,0.8244891166687012,0.8445462584495544,0.8656035661697388,0.8244891166687012,0.8445462584495544
./cnn/stories/e86db210f7eadc6e4ee876bfdbe2b7920284ad83.story,content,shorten,1,2,0.8624104261398315,0.8205244541168213,0.8409461975097656,0.9796021580696106,0.9770990014076233,0.978348970413208
./cnn/stories/e86db210f7eadc6e4ee876bfdbe2b7920284ad83.story,content,shorten,1,3,0.8636337518692017,0.824447512626648,0.8435857892036438,0.9731467366218567,0.9707820415496826,0.9719629287719727
./cnn/stories/e86db210f7eadc6e4ee876bfdbe2b7920284ad83.story,content,shorten,2,1,0.8650801181793213,0.8556852340698242,0.8603570461273193,0.8650801181793213,0.8556852340698242,0.8603570461273193
./cnn/stories/e86db210f7eadc6e4ee876bfdbe2b7920284ad83.story,content,shorten,2,2,0.8630479574203491,0.849759042263031,0.8563519716262817,0.9717103242874146,0.9651758670806885,0.9684320688247681
./cnn/stories/e86db210f7eadc6e4ee876bfdbe2b7920284ad83.story,content,shorten,2,3,0.8550055623054504,0.8362044095993042,0.8455004692077637,0.9673166871070862,0.9393067359924316,0.9531059861183167
./cnn/stories/e86db210f7eadc6e4ee876bfdbe2b7920284ad83.story,content,elaborate,0,1,0.8596689701080322,0.8641189932823181,0.8618881702423096,0.8596689701080322,0.8641189932823181,0.8618881702423096
./cnn/stories/e86db210f7eadc6e4ee876bfdbe2b7920284ad83.story,content,elaborate,0,2,0.8524074554443359,0.8544947504997253,0.853449821472168,0.9445042014122009,0.9421064257621765,0.9433038234710693
./cnn/stories/e86db210f7eadc6e4ee876bfdbe2b7920284ad83.story,content,elaborate,0,3,0.8508023023605347,0.852306067943573,0.8515535593032837,0.936703085899353,0.9294211864471436,0.9330479502677917
./cnn/stories/e86db210f7eadc6e4ee876bfdbe2b7920284ad83.story,content,elaborate,1,1,0.8655663132667542,0.8660733699798584,0.8658198118209839,0.8655663132667542,0.8660733699798584,0.8658198118209839
./cnn/stories/e86db210f7eadc6e4ee876bfdbe2b7920284ad83.story,content,elaborate,1,2,0.8675645589828491,0.8530210256576538,0.8602312803268433,0.9376948475837708,0.9147570133209229,0.9260839223861694
./cnn/stories/e86db210f7eadc6e4ee876bfdbe2b7920284ad83.story,content,elaborate,1,3,0.859576940536499,0.8477576375007629,0.8536264300346375,0.9534541368484497,0.9552345275878906,0.9543434977531433
./cnn/stories/e86db210f7eadc6e4ee876bfdbe2b7920284ad83.story,content,elaborate,2,1,0.8913251757621765,0.8872159123420715,0.8892658352851868,0.8913251757621765,0.8872159123420715,0.8892658352851868
./cnn/stories/e86db210f7eadc6e4ee876bfdbe2b7920284ad83.story,content,elaborate,2,2,0.8789138197898865,0.87562096118927,0.8772643804550171,0.9283335208892822,0.9315746426582336,0.9299512505531311
./cnn/stories/e86db210f7eadc6e4ee876bfdbe2b7920284ad83.story,content,elaborate,2,3,0.8773219585418701,0.8711370229721069,0.8742185235023499,0.9575132131576538,0.95472252368927,0.9561158418655396
./cnn/stories/c8c77e22649bb29d60ea3da21d07d7124149b38d.story,style,formality,0,1,0.8923959136009216,0.8885083198547363,0.8904478549957275,0.8923959136009216,0.8885083198547363,0.8904478549957275
./cnn/stories/c8c77e22649bb29d60ea3da21d07d7124149b38d.story,style,formality,0,2,0.8884475231170654,0.8821683526039124,0.8852968811988831,0.9631432890892029,0.9629621505737305,0.9630526304244995
./cnn/stories/c8c77e22649bb29d60ea3da21d07d7124149b38d.story,style,formality,0,3,0.8853353261947632,0.8765500783920288,0.8809207677841187,0.9685890674591064,0.9665752649307251,0.9675810933113098
./cnn/stories/c8c77e22649bb29d60ea3da21d07d7124149b38d.story,style,formality,1,1,0.879243016242981,0.876175045967102,0.8777063488960266,0.879243016242981,0.876175045967102,0.8777063488960266
./cnn/stories/c8c77e22649bb29d60ea3da21d07d7124149b38d.story,style,formality,1,2,0.852338433265686,0.8483487367630005,0.850338876247406,0.9264851808547974,0.9233316779136658,0.9249057769775391
./cnn/stories/c8c77e22649bb29d60ea3da21d07d7124149b38d.story,style,formality,1,3,0.8525401949882507,0.842949390411377,0.8477176427841187,0.9552781581878662,0.9417546987533569,0.9484682083129883
./cnn/stories/c8c77e22649bb29d60ea3da21d07d7124149b38d.story,style,formality,2,1,0.875395655632019,0.8724620342254639,0.8739264011383057,0.875395655632019,0.8724620342254639,0.8739264011383057
./cnn/stories/c8c77e22649bb29d60ea3da21d07d7124149b38d.story,style,formality,2,2,0.8707086443901062,0.870254397392273,0.870481550693512,0.9687607288360596,0.9710230231285095,0.9698905348777771
./cnn/stories/c8c77e22649bb29d60ea3da21d07d7124149b38d.story,style,formality,2,3,0.8733306527137756,0.8687353730201721,0.8710269331932068,0.9676715731620789,0.9584429264068604,0.9630351066589355
./cnn/stories/c8c77e22649bb29d60ea3da21d07d7124149b38d.story,style,paraphrase,0,1,0.8614296913146973,0.849216103553772,0.855279266834259,0.8614296913146973,0.849216103553772,0.855279266834259
./cnn/stories/c8c77e22649bb29d60ea3da21d07d7124149b38d.story,style,paraphrase,0,2,0.8582713007926941,0.8476638197898865,0.8529345989227295,0.9642703533172607,0.9659977555274963,0.9651333093643188
./cnn/stories/c8c77e22649bb29d60ea3da21d07d7124149b38d.story,style,paraphrase,0,3,0.8560685515403748,0.8441641330718994,0.8500746488571167,0.9720878005027771,0.97186279296875,0.9719752073287964
./cnn/stories/c8c77e22649bb29d60ea3da21d07d7124149b38d.story,style,paraphrase,1,1,0.8642721176147461,0.8591403365135193,0.861698567867279,0.8642721176147461,0.8591403365135193,0.861698567867279
./cnn/stories/c8c77e22649bb29d60ea3da21d07d7124149b38d.story,style,paraphrase,1,2,0.8523637056350708,0.8413451910018921,0.8468185663223267,0.9463175535202026,0.9304457306861877,0.9383144378662109
./cnn/stories/c8c77e22649bb29d60ea3da21d07d7124149b38d.story,style,paraphrase,1,3,0.8541610240936279,0.8389807939529419,0.8465028405189514,0.9635142087936401,0.9420488476753235,0.9526606202125549
./cnn/stories/c8c77e22649bb29d60ea3da21d07d7124149b38d.story,style,paraphrase,2,1,0.8592175841331482,0.8608695864677429,0.8600427508354187,0.8592175841331482,0.8608695864677429,0.8600427508354187
./cnn/stories/c8c77e22649bb29d60ea3da21d07d7124149b38d.story,style,paraphrase,2,2,0.8530691266059875,0.8575063347816467,0.8552820086479187,0.9540510177612305,0.954971432685852,0.9545109868049622
./cnn/stories/c8c77e22649bb29d60ea3da21d07d7124149b38d.story,style,paraphrase,2,3,0.855970561504364,0.8587480783462524,0.8573570847511292,0.9523532390594482,0.9508781433105469,0.9516150951385498
./cnn/stories/c8c77e22649bb29d60ea3da21d07d7124149b38d.story,content,shorten,0,1,0.8606663942337036,0.8582814931869507,0.8594722747802734,0.8606663942337036,0.8582814931869507,0.8594722747802734
./cnn/stories/c8c77e22649bb29d60ea3da21d07d7124149b38d.story,content,shorten,0,2,0.8556233048439026,0.8387290835380554,0.8470919728279114,0.9457538723945618,0.910729706287384,0.9279114007949829
./cnn/stories/c8c77e22649bb29d60ea3da21d07d7124149b38d.story,content,shorten,0,3,0.8457013368606567,0.8278198838233948,0.8366650342941284,0.9711351990699768,0.9647990465164185,0.9679567217826843
./cnn/stories/c8c77e22649bb29d60ea3da21d07d7124149b38d.story,content,shorten,1,1,0.8461235761642456,0.8331089615821838,0.8395658135414124,0.8461235761642456,0.8331089615821838,0.8395658135414124
./cnn/stories/c8c77e22649bb29d60ea3da21d07d7124149b38d.story,content,shorten,1,2,0.8408817052841187,0.8242496252059937,0.832482635974884,0.9803488254547119,0.9718866348266602,0.97609943151474
./cnn/stories/c8c77e22649bb29d60ea3da21d07d7124149b38d.story,content,shorten,1,3,0.8388704061508179,0.8213803172111511,0.8300333023071289,0.9681743383407593,0.9640802145004272,0.9661229252815247
./cnn/stories/c8c77e22649bb29d60ea3da21d07d7124149b38d.story,content,shorten,2,1,0.8595845103263855,0.8603363037109375,0.8599601984024048,0.8595845103263855,0.8603363037109375,0.8599601984024048
./cnn/stories/c8c77e22649bb29d60ea3da21d07d7124149b38d.story,content,shorten,2,2,0.8600482940673828,0.8564073443412781,0.8582239747047424,0.9718273282051086,0.9622588157653809,0.9670194387435913
./cnn/stories/c8c77e22649bb29d60ea3da21d07d7124149b38d.story,content,shorten,2,3,0.8609027862548828,0.854110836982727,0.8574933409690857,0.9817373752593994,0.9778217077255249,0.979775607585907
./cnn/stories/c8c77e22649bb29d60ea3da21d07d7124149b38d.story,content,elaborate,0,1,0.8562144041061401,0.8491103053092957,0.852647602558136,0.8562144041061401,0.8491103053092957,0.852647602558136
./cnn/stories/c8c77e22649bb29d60ea3da21d07d7124149b38d.story,content,elaborate,0,2,0.8534901142120361,0.8435550928115845,0.8484935164451599,0.9242677092552185,0.9224547147750854,0.9233603477478027
./cnn/stories/c8c77e22649bb29d60ea3da21d07d7124149b38d.story,content,elaborate,0,3,0.8536890745162964,0.8410112261772156,0.8473027348518372,0.9406722187995911,0.9407026767730713,0.9406874775886536
./cnn/stories/c8c77e22649bb29d60ea3da21d07d7124149b38d.story,content,elaborate,1,1,0.871612548828125,0.8671212196350098,0.8693611025810242,0.871612548828125,0.8671212196350098,0.8693611025810242
./cnn/stories/c8c77e22649bb29d60ea3da21d07d7124149b38d.story,content,elaborate,1,2,0.8635790348052979,0.858635663986206,0.8611002564430237,0.9490000009536743,0.9474618434906006,0.9482303261756897
./cnn/stories/c8c77e22649bb29d60ea3da21d07d7124149b38d.story,content,elaborate,1,3,0.869157075881958,0.8550870418548584,0.8620646595954895,0.9382785558700562,0.9205894470214844,0.9293498396873474
./cnn/stories/c8c77e22649bb29d60ea3da21d07d7124149b38d.story,content,elaborate,2,1,0.8676550984382629,0.8600857257843018,0.8638538718223572,0.8676550984382629,0.8600857257843018,0.8638538718223572
./cnn/stories/c8c77e22649bb29d60ea3da21d07d7124149b38d.story,content,elaborate,2,2,0.8842010498046875,0.866775631904602,0.8754016160964966,0.9329653382301331,0.9151433110237122,0.9239683747291565
./cnn/stories/c8c77e22649bb29d60ea3da21d07d7124149b38d.story,content,elaborate,2,3,0.8820434808731079,0.8720012903213501,0.8769936561584473,0.9267643690109253,0.9349913001060486,0.9308597445487976
./cnn/stories/58f3ec064c17a35ce0eef03a596cdb5851946241.story,style,formality,0,1,0.8520861268043518,0.8604109883308411,0.8562283515930176,0.8520861268043518,0.8604109883308411,0.8562283515930176
./cnn/stories/58f3ec064c17a35ce0eef03a596cdb5851946241.story,style,formality,0,2,0.8470355272293091,0.8541409969329834,0.8505734801292419,0.9633617401123047,0.9622160196304321,0.9627885222434998
./cnn/stories/58f3ec064c17a35ce0eef03a596cdb5851946241.story,style,formality,0,3,0.8449099063873291,0.8527357578277588,0.8488048315048218,0.9713231921195984,0.9716552495956421,0.9714891910552979
./cnn/stories/58f3ec064c17a35ce0eef03a596cdb5851946241.story,style,formality,1,1,0.8721649646759033,0.878119945526123,0.8751323223114014,0.8721649646759033,0.878119945526123,0.8751323223114014
./cnn/stories/58f3ec064c17a35ce0eef03a596cdb5851946241.story,style,formality,1,2,0.8655596971511841,0.8738592863082886,0.8696897029876709,0.9637272953987122,0.9649561047554016,0.9643412828445435
./cnn/stories/58f3ec064c17a35ce0eef03a596cdb5851946241.story,style,formality,1,3,0.8631080389022827,0.8711462020874023,0.8671084642410278,0.9648579359054565,0.9676229953765869,0.9662384986877441
./cnn/stories/58f3ec064c17a35ce0eef03a596cdb5851946241.story,style,formality,2,1,0.8588923215866089,0.8493843078613281,0.8541118502616882,0.8588923215866089,0.8493843078613281,0.8541118502616882
./cnn/stories/58f3ec064c17a35ce0eef03a596cdb5851946241.story,style,formality,2,2,0.851028323173523,0.8429429531097412,0.8469663262367249,0.9613033533096313,0.9591356515884399,0.9602182507514954
./cnn/stories/58f3ec064c17a35ce0eef03a596cdb5851946241.story,style,formality,2,3,0.8489380478858948,0.8419415950775146,0.8454253673553467,0.974856436252594,0.9772403836250305,0.9760469794273376
./cnn/stories/58f3ec064c17a35ce0eef03a596cdb5851946241.story,style,paraphrase,0,1,0.862835705280304,0.8484429121017456,0.8555787205696106,0.862835705280304,0.8484429121017456,0.8555787205696106
./cnn/stories/58f3ec064c17a35ce0eef03a596cdb5851946241.story,style,paraphrase,0,2,0.848707914352417,0.831937849521637,0.8402392268180847,0.9334263205528259,0.9116076231002808,0.922387957572937
./cnn/stories/58f3ec064c17a35ce0eef03a596cdb5851946241.story,style,paraphrase,0,3,0.8407851457595825,0.8170247077941895,0.8287346363067627,0.9677148461341858,0.9499234557151794,0.9587365984916687
./cnn/stories/58f3ec064c17a35ce0eef03a596cdb5851946241.story,style,paraphrase,1,1,0.8458049297332764,0.848827600479126,0.8473135828971863,0.8458049297332764,0.848827600479126,0.8473135828971863
./cnn/stories/58f3ec064c17a35ce0eef03a596cdb5851946241.story,style,paraphrase,1,2,0.8447085022926331,0.8455133438110352,0.8451107740402222,0.9625765681266785,0.9481836557388306,0.9553259015083313
./cnn/stories/58f3ec064c17a35ce0eef03a596cdb5851946241.story,style,paraphrase,1,3,0.8496320247650146,0.8411296606063843,0.8453594446182251,0.9631425142288208,0.9508726596832275,0.9569683074951172
./cnn/stories/58f3ec064c17a35ce0eef03a596cdb5851946241.story,style,paraphrase,2,1,0.8595658540725708,0.863191545009613,0.8613749146461487,0.8595658540725708,0.863191545009613,0.8613749146461487
./cnn/stories/58f3ec064c17a35ce0eef03a596cdb5851946241.story,style,paraphrase,2,2,0.8573598265647888,0.8447281122207642,0.8509971499443054,0.9345376491546631,0.9192999601364136,0.9268561601638794
./cnn/stories/58f3ec064c17a35ce0eef03a596cdb5851946241.story,style,paraphrase,2,3,0.8491338491439819,0.8377866744995117,0.8434220552444458,0.9462466239929199,0.9411097764968872,0.9436712265014648
./cnn/stories/58f3ec064c17a35ce0eef03a596cdb5851946241.story,content,shorten,0,1,0.8532876968383789,0.8293666839599609,0.8411571383476257,0.8532876968383789,0.8293666839599609,0.8411571383476257
./cnn/stories/58f3ec064c17a35ce0eef03a596cdb5851946241.story,content,shorten,0,2,0.8474919199943542,0.818181037902832,0.8325785398483276,0.9732011556625366,0.9446782469749451,0.9587275981903076
./cnn/stories/58f3ec064c17a35ce0eef03a596cdb5851946241.story,content,shorten,0,3,0.8439580202102661,0.8056493401527405,0.8243588209152222,0.9594828486442566,0.936878502368927,0.9480459690093994
./cnn/stories/58f3ec064c17a35ce0eef03a596cdb5851946241.story,content,shorten,1,1,0.8711057901382446,0.8304845094680786,0.8503102660179138,0.8711057901382446,0.8304845094680786,0.8503102660179138
./cnn/stories/58f3ec064c17a35ce0eef03a596cdb5851946241.story,content,shorten,1,2,0.8700204491615295,0.826791524887085,0.8478553891181946,0.9750878810882568,0.9602652788162231,0.967619776725769
./cnn/stories/58f3ec064c17a35ce0eef03a596cdb5851946241.story,content,shorten,1,3,0.8632177114486694,0.8155618906021118,0.8387133479118347,0.9577078223228455,0.930914044380188,0.9441209435462952
./cnn/stories/58f3ec064c17a35ce0eef03a596cdb5851946241.story,content,shorten,2,1,0.847900390625,0.8509548306465149,0.8494248986244202,0.847900390625,0.8509548306465149,0.8494248986244202
./cnn/stories/58f3ec064c17a35ce0eef03a596cdb5851946241.story,content,shorten,2,2,0.8413616418838501,0.8399861454963684,0.8406732678413391,0.9558297395706177,0.9370352029800415,0.9463391304016113
./cnn/stories/58f3ec064c17a35ce0eef03a596cdb5851946241.story,content,shorten,2,3,0.843913733959198,0.8401082754135132,0.8420066833496094,0.9678166508674622,0.9678995609283447,0.9678581357002258
./cnn/stories/58f3ec064c17a35ce0eef03a596cdb5851946241.story,content,elaborate,0,1,0.8674601316452026,0.8694391846656799,0.8684485554695129,0.8674601316452026,0.8694391846656799,0.8684485554695129
./cnn/stories/58f3ec064c17a35ce0eef03a596cdb5851946241.story,content,elaborate,0,2,0.8525063991546631,0.857317328453064,0.8549051284790039,0.9096159934997559,0.9131177663803101,0.9113635420799255
./cnn/stories/58f3ec064c17a35ce0eef03a596cdb5851946241.story,content,elaborate,0,3,0.856263279914856,0.8550771474838257,0.8556697964668274,0.9263758659362793,0.9191352725028992,0.9227413535118103
./cnn/stories/58f3ec064c17a35ce0eef03a596cdb5851946241.story,content,elaborate,1,1,0.8479472398757935,0.8489752411842346,0.848460853099823,0.8479472398757935,0.8489752411842346,0.848460853099823
./cnn/stories/58f3ec064c17a35ce0eef03a596cdb5851946241.story,content,elaborate,1,2,0.84759122133255,0.8273664116859436,0.837356686592102,0.9338985681533813,0.9034780859947205,0.9184365272521973
./cnn/stories/58f3ec064c17a35ce0eef03a596cdb5851946241.story,content,elaborate,1,3,0.8439747095108032,0.8288435935974121,0.8363407254219055,0.9297980070114136,0.9418140649795532,0.9357674717903137
./cnn/stories/58f3ec064c17a35ce0eef03a596cdb5851946241.story,content,elaborate,2,1,0.8658894300460815,0.8718165755271912,0.8688428997993469,0.8658894300460815,0.8718165755271912,0.8688428997993469
./cnn/stories/58f3ec064c17a35ce0eef03a596cdb5851946241.story,content,elaborate,2,2,0.862339198589325,0.8631588816642761,0.8627488017082214,0.9352098107337952,0.929394006729126,0.9322928786277771
./cnn/stories/58f3ec064c17a35ce0eef03a596cdb5851946241.story,content,elaborate,2,3,0.8549636006355286,0.8540934324264526,0.8545282483100891,0.9164468050003052,0.9184286594390869,0.9174366593360901
./cnn/stories/017df5c4fe1e79eb26957ff6a8b4c1e41cd966ac.story,style,formality,0,1,0.85811448097229,0.8568756580352783,0.857494592666626,0.85811448097229,0.8568756580352783,0.857494592666626
./cnn/stories/017df5c4fe1e79eb26957ff6a8b4c1e41cd966ac.story,style,formality,0,2,0.8520301580429077,0.8521028757095337,0.8520665168762207,0.9422582387924194,0.9432059526443481,0.9427318572998047
./cnn/stories/017df5c4fe1e79eb26957ff6a8b4c1e41cd966ac.story,style,formality,0,3,0.8506033420562744,0.8499834537506104,0.8502932786941528,0.9601154923439026,0.9602992534637451,0.9602074027061462
./cnn/stories/017df5c4fe1e79eb26957ff6a8b4c1e41cd966ac.story,style,formality,1,1,0.8461195230484009,0.8400507569313049,0.8430742025375366,0.8461195230484009,0.8400507569313049,0.8430742025375366
./cnn/stories/017df5c4fe1e79eb26957ff6a8b4c1e41cd966ac.story,style,formality,1,2,0.8381394147872925,0.8318452835083008,0.8349804878234863,0.9322264194488525,0.9275608062744141,0.9298877716064453
./cnn/stories/017df5c4fe1e79eb26957ff6a8b4c1e41cd966ac.story,style,formality,1,3,0.8369215726852417,0.8327064514160156,0.8348086476325989,0.9427188634872437,0.9417007565498352,0.9422095417976379
./cnn/stories/017df5c4fe1e79eb26957ff6a8b4c1e41cd966ac.story,style,formality,2,1,0.862460732460022,0.8605203032493591,0.861489474773407,0.862460732460022,0.8605203032493591,0.861489474773407
./cnn/stories/017df5c4fe1e79eb26957ff6a8b4c1e41cd966ac.story,style,formality,2,2,0.8580559492111206,0.858094334602356,0.8580751419067383,0.954505205154419,0.9536128044128418,0.9540587663650513
./cnn/stories/017df5c4fe1e79eb26957ff6a8b4c1e41cd966ac.story,style,formality,2,3,0.8538103103637695,0.8551907539367676,0.8544999361038208,0.9528768658638,0.9506614208221436,0.9517679214477539
./cnn/stories/017df5c4fe1e79eb26957ff6a8b4c1e41cd966ac.story,style,paraphrase,0,1,0.8595736026763916,0.8183813095092773,0.8384718298912048,0.8595736026763916,0.8183813095092773,0.8384718298912048
./cnn/stories/017df5c4fe1e79eb26957ff6a8b4c1e41cd966ac.story,style,paraphrase,0,2,0.8592813611030579,0.8168792724609375,0.8375440239906311,0.9474198818206787,0.9412892460823059,0.944344699382782
./cnn/stories/017df5c4fe1e79eb26957ff6a8b4c1e41cd966ac.story,style,paraphrase,0,3,0.8659186363220215,0.8174384832382202,0.8409804105758667,0.9550638198852539,0.9467248916625977,0.9508760571479797
./cnn/stories/017df5c4fe1e79eb26957ff6a8b4c1e41cd966ac.story,style,paraphrase,1,1,0.8653813004493713,0.8465449810028076,0.8558595180511475,0.8653813004493713,0.8465449810028076,0.8558595180511475
./cnn/stories/017df5c4fe1e79eb26957ff6a8b4c1e41cd966ac.story,style,paraphrase,1,2,0.856441080570221,0.8409262895584106,0.8486127257347107,0.9541605710983276,0.957030713558197,0.9555935263633728
./cnn/stories/017df5c4fe1e79eb26957ff6a8b4c1e41cd966ac.story,style,paraphrase,1,3,0.8580455183982849,0.8420214653015137,0.8499579429626465,0.9663684368133545,0.964806079864502,0.9655866026878357
./cnn/stories/017df5c4fe1e79eb26957ff6a8b4c1e41cd966ac.story,style,paraphrase,2,1,0.8608872890472412,0.8541011810302734,0.8574808239936829,0.8608872890472412,0.8541011810302734,0.8574808239936829
./cnn/stories/017df5c4fe1e79eb26957ff6a8b4c1e41cd966ac.story,style,paraphrase,2,2,0.8521769642829895,0.8462276458740234,0.8491919636726379,0.9323984980583191,0.9327178001403809,0.9325580596923828
./cnn/stories/017df5c4fe1e79eb26957ff6a8b4c1e41cd966ac.story,style,paraphrase,2,3,0.8551764488220215,0.8470108509063721,0.8510740399360657,0.9447364807128906,0.9396481513977051,0.9421854019165039
./cnn/stories/017df5c4fe1e79eb26957ff6a8b4c1e41cd966ac.story,content,shorten,0,1,0.8659733533859253,0.8397841453552246,0.8526777029037476,0.8659733533859253,0.8397841453552246,0.8526777029037476
./cnn/stories/017df5c4fe1e79eb26957ff6a8b4c1e41cd966ac.story,content,shorten,0,2,0.866098165512085,0.8348032236099243,0.8501628041267395,0.9577756524085999,0.9422014951705933,0.9499247074127197
./cnn/stories/017df5c4fe1e79eb26957ff6a8b4c1e41cd966ac.story,content,shorten,0,3,0.8436100482940674,0.805279016494751,0.8239990472793579,0.9286361336708069,0.8992220163345337,0.9136923551559448
./cnn/stories/017df5c4fe1e79eb26957ff6a8b4c1e41cd966ac.story,content,shorten,1,1,0.8708862066268921,0.8356773853302002,0.8529186248779297,0.8708862066268921,0.8356773853302002,0.8529186248779297
./cnn/stories/017df5c4fe1e79eb26957ff6a8b4c1e41cd966ac.story,content,shorten,1,2,0.8662190437316895,0.8294979333877563,0.8474608659744263,0.9558489322662354,0.9498707056045532,0.9528504014015198
./cnn/stories/017df5c4fe1e79eb26957ff6a8b4c1e41cd966ac.story,content,shorten,1,3,0.8659600615501404,0.8219440579414368,0.8433781266212463,0.963279664516449,0.9539139270782471,0.9585738778114319
./cnn/stories/017df5c4fe1e79eb26957ff6a8b4c1e41cd966ac.story,content,shorten,2,1,0.8483761548995972,0.833194375038147,0.8407167196273804,0.8483761548995972,0.833194375038147,0.8407167196273804
./cnn/stories/017df5c4fe1e79eb26957ff6a8b4c1e41cd966ac.story,content,shorten,2,2,0.8445429801940918,0.8248961567878723,0.834604024887085,0.9217922687530518,0.9100520610809326,0.9158844947814941
./cnn/stories/017df5c4fe1e79eb26957ff6a8b4c1e41cd966ac.story,content,shorten,2,3,0.8460418581962585,0.8277217149734497,0.8367815613746643,0.961500346660614,0.9637480974197388,0.9626229405403137
./cnn/stories/017df5c4fe1e79eb26957ff6a8b4c1e41cd966ac.story,content,elaborate,0,1,0.8510985970497131,0.8418457508087158,0.8464469313621521,0.8510985970497131,0.8418457508087158,0.8464469313621521
./cnn/stories/017df5c4fe1e79eb26957ff6a8b4c1e41cd966ac.story,content,elaborate,0,2,0.8389513492584229,0.8343607187271118,0.8366497755050659,0.907666802406311,0.9108713865280151,0.9092662930488586
./cnn/stories/017df5c4fe1e79eb26957ff6a8b4c1e41cd966ac.story,content,elaborate,0,3,0.8320134282112122,0.831602931022644,0.8318080902099609,0.9268298745155334,0.9267562031745911,0.9267930388450623
./cnn/stories/017df5c4fe1e79eb26957ff6a8b4c1e41cd966ac.story,content,elaborate,1,1,0.8628506660461426,0.855550229549408,0.8591849207878113,0.8628506660461426,0.855550229549408,0.8591849207878113
./cnn/stories/017df5c4fe1e79eb26957ff6a8b4c1e41cd966ac.story,content,elaborate,1,2,0.8498672246932983,0.8446284532546997,0.8472397327423096,0.9168988466262817,0.9166553020477295,0.9167770743370056
./cnn/stories/017df5c4fe1e79eb26957ff6a8b4c1e41cd966ac.story,content,elaborate,1,3,0.8490501642227173,0.8413013815879822,0.845158040523529,0.9254229664802551,0.9232176542282104,0.9243189692497253
./cnn/stories/017df5c4fe1e79eb26957ff6a8b4c1e41cd966ac.story,content,elaborate,2,1,0.8761928677558899,0.871472954750061,0.8738265633583069,0.8761928677558899,0.871472954750061,0.8738265633583069
./cnn/stories/017df5c4fe1e79eb26957ff6a8b4c1e41cd966ac.story,content,elaborate,2,2,0.8611646890640259,0.8561158776283264,0.8586328625679016,0.9221023321151733,0.9220314621925354,0.922066867351532
./cnn/stories/017df5c4fe1e79eb26957ff6a8b4c1e41cd966ac.story,content,elaborate,2,3,0.8625906705856323,0.8552306890487671,0.8588948845863342,0.9425879716873169,0.9437158107757568,0.943151593208313
./cnn/stories/1486bf735a2b6259aa2c511985d1235865281f41.story,style,formality,0,1,0.8499119877815247,0.8554239273071289,0.8526590466499329,0.8499119877815247,0.8554239273071289,0.8526590466499329
./cnn/stories/1486bf735a2b6259aa2c511985d1235865281f41.story,style,formality,0,2,0.8466236591339111,0.8523327112197876,0.8494686484336853,0.9493961930274963,0.9489188194274902,0.9491574764251709
./cnn/stories/1486bf735a2b6259aa2c511985d1235865281f41.story,style,formality,0,3,0.8462293148040771,0.8510299921035767,0.8486228585243225,0.9572683572769165,0.9576667547225952,0.9574674963951111
./cnn/stories/1486bf735a2b6259aa2c511985d1235865281f41.story,style,formality,1,1,0.8459826111793518,0.8528255224227905,0.8493902087211609,0.8459826111793518,0.8528255224227905,0.8493902087211609
./cnn/stories/1486bf735a2b6259aa2c511985d1235865281f41.story,style,formality,1,2,0.8429139852523804,0.8510922193527222,0.8469833135604858,0.9513741135597229,0.9503415822982788,0.9508575797080994
./cnn/stories/1486bf735a2b6259aa2c511985d1235865281f41.story,style,formality,1,3,0.8419183492660522,0.8508061170578003,0.8463389277458191,0.9553587436676025,0.9550453424453735,0.955202043056488
./cnn/stories/1486bf735a2b6259aa2c511985d1235865281f41.story,style,formality,2,1,0.8734551072120667,0.8784713745117188,0.875956118106842,0.8734551072120667,0.8784713745117188,0.875956118106842
./cnn/stories/1486bf735a2b6259aa2c511985d1235865281f41.story,style,formality,2,2,0.8590067625045776,0.8661922216415405,0.8625845313072205,0.9266518354415894,0.9277780055999756,0.9272145628929138
./cnn/stories/1486bf735a2b6259aa2c511985d1235865281f41.story,style,formality,2,3,0.8585882186889648,0.8655037879943848,0.8620321750640869,0.9598137736320496,0.9609607458114624,0.9603869318962097
./cnn/stories/1486bf735a2b6259aa2c511985d1235865281f41.story,style,paraphrase,0,1,0.8595938682556152,0.8487873673439026,0.8541564345359802,0.8595938682556152,0.8487873673439026,0.8541564345359802
./cnn/stories/1486bf735a2b6259aa2c511985d1235865281f41.story,style,paraphrase,0,2,0.8569483757019043,0.8449310064315796,0.8508972525596619,0.937637984752655,0.931605339050293,0.9346119165420532
./cnn/stories/1486bf735a2b6259aa2c511985d1235865281f41.story,style,paraphrase,0,3,0.8542904257774353,0.8336081504821777,0.8438225388526917,0.9285274147987366,0.9163520336151123,0.9223995804786682
./cnn/stories/1486bf735a2b6259aa2c511985d1235865281f41.story,style,paraphrase,1,1,0.8546584844589233,0.8562850952148438,0.8554710149765015,0.8546584844589233,0.8562850952148438,0.8554710149765015
./cnn/stories/1486bf735a2b6259aa2c511985d1235865281f41.story,style,paraphrase,1,2,0.845942497253418,0.8346352577209473,0.8402508497238159,0.9180355072021484,0.898469090461731,0.9081469178199768
./cnn/stories/1486bf735a2b6259aa2c511985d1235865281f41.story,style,paraphrase,1,3,0.8475538492202759,0.8354302644729614,0.8414483666419983,0.9450485110282898,0.9384082555770874,0.9417166709899902
./cnn/stories/1486bf735a2b6259aa2c511985d1235865281f41.story,style,paraphrase,2,1,0.8607373237609863,0.8538632392883301,0.8572865128517151,0.8607373237609863,0.8538632392883301,0.8572865128517151
./cnn/stories/1486bf735a2b6259aa2c511985d1235865281f41.story,style,paraphrase,2,2,0.8575290441513062,0.8535548448562622,0.8555373549461365,0.9252322912216187,0.9297767877578735,0.927498996257782
./cnn/stories/1486bf735a2b6259aa2c511985d1235865281f41.story,style,paraphrase,2,3,0.8651277422904968,0.849612832069397,0.8573001027107239,0.9310165643692017,0.9152753353118896,0.9230788350105286
./cnn/stories/1486bf735a2b6259aa2c511985d1235865281f41.story,content,shorten,0,1,0.8513450026512146,0.8359925746917725,0.8435989022254944,0.8513450026512146,0.8359925746917725,0.8435989022254944
./cnn/stories/1486bf735a2b6259aa2c511985d1235865281f41.story,content,shorten,0,2,0.8510974049568176,0.8063163757324219,0.8281019926071167,0.9310861825942993,0.8698586821556091,0.8994316458702087
./cnn/stories/1486bf735a2b6259aa2c511985d1235865281f41.story,content,shorten,0,3,0.8529157638549805,0.795676589012146,0.8233025670051575,0.9573696851730347,0.9048905372619629,0.9303906559944153
./cnn/stories/1486bf735a2b6259aa2c511985d1235865281f41.story,content,shorten,1,1,0.8465629816055298,0.8268239498138428,0.8365770578384399,0.8465629816055298,0.8268239498138428,0.8365770578384399
./cnn/stories/1486bf735a2b6259aa2c511985d1235865281f41.story,content,shorten,1,2,0.8581609725952148,0.8139612078666687,0.8354768753051758,0.925348162651062,0.888454794883728,0.9065262675285339
./cnn/stories/1486bf735a2b6259aa2c511985d1235865281f41.story,content,shorten,1,3,0.848552405834198,0.8036624193191528,0.8254976272583008,0.9451683759689331,0.91785728931427,0.9313126802444458
./cnn/stories/1486bf735a2b6259aa2c511985d1235865281f41.story,content,shorten,2,1,0.8506202697753906,0.8327968120574951,0.8416141867637634,0.8506202697753906,0.8327968120574951,0.8416141867637634
./cnn/stories/1486bf735a2b6259aa2c511985d1235865281f41.story,content,shorten,2,2,0.8520462512969971,0.8308521509170532,0.841315746307373,0.957695484161377,0.9488637447357178,0.9532591700553894
./cnn/stories/1486bf735a2b6259aa2c511985d1235865281f41.story,content,shorten,2,3,0.8523629903793335,0.830213189125061,0.8411422967910767,0.9637123346328735,0.9627470374107361,0.9632294774055481
./cnn/stories/1486bf735a2b6259aa2c511985d1235865281f41.story,content,elaborate,0,1,0.8512200117111206,0.8550063371658325,0.8531090021133423,0.8512200117111206,0.8550063371658325,0.8531090021133423
./cnn/stories/1486bf735a2b6259aa2c511985d1235865281f41.story,content,elaborate,0,2,0.8434404730796814,0.8462803363800049,0.8448579907417297,0.9148520827293396,0.9159615635871887,0.9154065251350403
./cnn/stories/1486bf735a2b6259aa2c511985d1235865281f41.story,content,elaborate,0,3,0.8366027474403381,0.8443334102630615,0.8404503464698792,0.9218524694442749,0.9245566725730896,0.923202633857727
./cnn/stories/1486bf735a2b6259aa2c511985d1235865281f41.story,content,elaborate,1,1,0.8480802774429321,0.8504112958908081,0.8492441773414612,0.8480802774429321,0.8504112958908081,0.8492441773414612
./cnn/stories/1486bf735a2b6259aa2c511985d1235865281f41.story,content,elaborate,1,2,0.8391591310501099,0.8379289507865906,0.8385436534881592,0.9091018438339233,0.9027666449546814,0.9059232473373413
./cnn/stories/1486bf735a2b6259aa2c511985d1235865281f41.story,content,elaborate,1,3,0.8372527360916138,0.833109974861145,0.8351762294769287,0.9401512145996094,0.934285044670105,0.9372089505195618
./cnn/stories/1486bf735a2b6259aa2c511985d1235865281f41.story,content,elaborate,2,1,0.8410323858261108,0.8442540168762207,0.8426401615142822,0.8410323858261108,0.8442540168762207,0.8426401615142822
./cnn/stories/1486bf735a2b6259aa2c511985d1235865281f41.story,content,elaborate,2,2,0.8355651497840881,0.841713547706604,0.8386280536651611,0.9014502763748169,0.9037543535232544,0.902600884437561
./cnn/stories/1486bf735a2b6259aa2c511985d1235865281f41.story,content,elaborate,2,3,0.8307328224182129,0.8374159336090088,0.8340609669685364,0.9402021169662476,0.9414594173431396,0.9408303499221802
./cnn/stories/5a1090b00f7f66194f3b088e4d39bd410721a063.story,style,formality,0,1,0.8713721036911011,0.8740156292915344,0.8726918697357178,0.8713721036911011,0.8740156292915344,0.8726918697357178
./cnn/stories/5a1090b00f7f66194f3b088e4d39bd410721a063.story,style,formality,0,2,0.864183783531189,0.8672589063644409,0.8657186031341553,0.9709289073944092,0.9732605218887329,0.9720933437347412
./cnn/stories/5a1090b00f7f66194f3b088e4d39bd410721a063.story,style,formality,0,3,0.8649498820304871,0.8688960075378418,0.8669184446334839,0.9734488725662231,0.9771023988723755,0.9752722382545471
./cnn/stories/5a1090b00f7f66194f3b088e4d39bd410721a063.story,style,formality,1,1,0.8740342855453491,0.8775195479393005,0.8757734894752502,0.8740342855453491,0.8775195479393005,0.8757734894752502
./cnn/stories/5a1090b00f7f66194f3b088e4d39bd410721a063.story,style,formality,1,2,0.8693724870681763,0.8744548559188843,0.8719062209129333,0.9588512182235718,0.9648916125297546,0.9618619084358215
./cnn/stories/5a1090b00f7f66194f3b088e4d39bd410721a063.story,style,formality,1,3,0.8667504191398621,0.874194860458374,0.8704566955566406,0.9700618982315063,0.9741306304931641,0.9720920324325562
./cnn/stories/5a1090b00f7f66194f3b088e4d39bd410721a063.story,style,formality,2,1,0.8769614696502686,0.8782297372817993,0.8775951862335205,0.8769614696502686,0.8782297372817993,0.8775951862335205
./cnn/stories/5a1090b00f7f66194f3b088e4d39bd410721a063.story,style,formality,2,2,0.8690905570983887,0.8703373074531555,0.869713544845581,0.9616424441337585,0.9644181728363037,0.9630282521247864
./cnn/stories/5a1090b00f7f66194f3b088e4d39bd410721a063.story,style,formality,2,3,0.8660993576049805,0.8672305345535278,0.8666645884513855,0.9750106334686279,0.9749508500099182,0.9749807715415955
./cnn/stories/5a1090b00f7f66194f3b088e4d39bd410721a063.story,style,paraphrase,0,1,0.8669111132621765,0.8618637919425964,0.8643800616264343,0.8669111132621765,0.8618637919425964,0.8643800616264343
./cnn/stories/5a1090b00f7f66194f3b088e4d39bd410721a063.story,style,paraphrase,0,2,0.8579668998718262,0.8559791445732117,0.856971800327301,0.9532914757728577,0.9510565996170044,0.9521726965904236
./cnn/stories/5a1090b00f7f66194f3b088e4d39bd410721a063.story,style,paraphrase,0,3,0.8586785793304443,0.8555145859718323,0.8570936918258667,0.9642040729522705,0.9596370458602905,0.961915135383606
./cnn/stories/5a1090b00f7f66194f3b088e4d39bd410721a063.story,style,paraphrase,1,1,0.8673557043075562,0.866547167301178,0.8669512271881104,0.8673557043075562,0.866547167301178,0.8669512271881104
./cnn/stories/5a1090b00f7f66194f3b088e4d39bd410721a063.story,style,paraphrase,1,2,0.8630722761154175,0.8626108169555664,0.8628414273262024,0.9555171728134155,0.9564274549484253,0.9559720754623413
./cnn/stories/5a1090b00f7f66194f3b088e4d39bd410721a063.story,style,paraphrase,1,3,0.862816572189331,0.8625754117965698,0.8626959323883057,0.9677442908287048,0.9654027223587036,0.9665721654891968
./cnn/stories/5a1090b00f7f66194f3b088e4d39bd410721a063.story,style,paraphrase,2,1,0.8581377267837524,0.8636794090270996,0.8608996272087097,0.8581377267837524,0.8636794090270996,0.8608996272087097
./cnn/stories/5a1090b00f7f66194f3b088e4d39bd410721a063.story,style,paraphrase,2,2,0.8599153161048889,0.8616461753845215,0.860779881477356,0.9545609951019287,0.944631814956665,0.9495704174041748
./cnn/stories/5a1090b00f7f66194f3b088e4d39bd410721a063.story,style,paraphrase,2,3,0.8583632707595825,0.857822060585022,0.8580925464630127,0.9644831418991089,0.9618061184883118,0.9631427526473999
./cnn/stories/5a1090b00f7f66194f3b088e4d39bd410721a063.story,content,shorten,0,1,0.8611050248146057,0.845963716506958,0.8534672260284424,0.8611050248146057,0.845963716506958,0.8534672260284424
./cnn/stories/5a1090b00f7f66194f3b088e4d39bd410721a063.story,content,shorten,0,2,0.8480880260467529,0.8271740674972534,0.8375005125999451,0.9549769759178162,0.9265362024307251,0.940541684627533
./cnn/stories/5a1090b00f7f66194f3b088e4d39bd410721a063.story,content,shorten,0,3,0.8444640040397644,0.822623610496521,0.8334007859230042,0.9877893924713135,0.9775423407554626,0.9826391339302063
./cnn/stories/5a1090b00f7f66194f3b088e4d39bd410721a063.story,content,shorten,1,1,0.8589759469032288,0.8554941415786743,0.8572314977645874,0.8589759469032288,0.8554941415786743,0.8572314977645874
./cnn/stories/5a1090b00f7f66194f3b088e4d39bd410721a063.story,content,shorten,1,2,0.8545722961425781,0.8327152729034424,0.8435022234916687,0.9586343169212341,0.9135879278182983,0.9355692267417908
./cnn/stories/5a1090b00f7f66194f3b088e4d39bd410721a063.story,content,shorten,1,3,0.8532743453979492,0.8300132751464844,0.8414830565452576,0.9867169857025146,0.980154812335968,0.9834250211715698
./cnn/stories/5a1090b00f7f66194f3b088e4d39bd410721a063.story,content,shorten,2,1,0.8566818237304688,0.8535962104797363,0.8551362156867981,0.8566818237304688,0.8535962104797363,0.8551362156867981
./cnn/stories/5a1090b00f7f66194f3b088e4d39bd410721a063.story,content,shorten,2,2,0.8563729524612427,0.8513544201850891,0.8538563251495361,0.9749090671539307,0.973459005355835,0.9741834998130798
./cnn/stories/5a1090b00f7f66194f3b088e4d39bd410721a063.story,content,shorten,2,3,0.8567818403244019,0.8471825122833252,0.8519551157951355,0.9759429693222046,0.9759514331817627,0.9759472012519836
./cnn/stories/5a1090b00f7f66194f3b088e4d39bd410721a063.story,content,elaborate,0,1,0.8555459380149841,0.8673044443130493,0.8613851070404053,0.8555459380149841,0.8673044443130493,0.8613851070404053
./cnn/stories/5a1090b00f7f66194f3b088e4d39bd410721a063.story,content,elaborate,0,2,0.8484693765640259,0.8549753427505493,0.8517099618911743,0.9176181554794312,0.9125135540962219,0.9150586724281311
./cnn/stories/5a1090b00f7f66194f3b088e4d39bd410721a063.story,content,elaborate,0,3,0.8480105400085449,0.8554813265800476,0.8517295122146606,0.9152767658233643,0.9177411794662476,0.9165073037147522
./cnn/stories/5a1090b00f7f66194f3b088e4d39bd410721a063.story,content,elaborate,1,1,0.855867862701416,0.8550921678543091,0.8554798364639282,0.855867862701416,0.8550921678543091,0.8554798364639282
./cnn/stories/5a1090b00f7f66194f3b088e4d39bd410721a063.story,content,elaborate,1,2,0.8568336963653564,0.8543425798416138,0.8555862903594971,0.9365350008010864,0.9278595447540283,0.9321771264076233
./cnn/stories/5a1090b00f7f66194f3b088e4d39bd410721a063.story,content,elaborate,1,3,0.8578609824180603,0.8490577340126038,0.8534367084503174,0.9388004541397095,0.9290429949760437,0.9338963031768799
./cnn/stories/5a1090b00f7f66194f3b088e4d39bd410721a063.story,content,elaborate,2,1,0.8611495494842529,0.8719491958618164,0.8665156960487366,0.8611495494842529,0.8719491958618164,0.8665156960487366
./cnn/stories/5a1090b00f7f66194f3b088e4d39bd410721a063.story,content,elaborate,2,2,0.8521201610565186,0.8662417531013489,0.8591229915618896,0.9535642862319946,0.9540920853614807,0.9538280963897705
./cnn/stories/5a1090b00f7f66194f3b088e4d39bd410721a063.story,content,elaborate,2,3,0.8527776598930359,0.8644489645957947,0.8585736155509949,0.9600234031677246,0.9569460153579712,0.9584822058677673
./cnn/stories/36171b3054885df4cf9ed97c5e7879bc3ed48a76.story,style,formality,0,1,0.9091619849205017,0.8974944353103638,0.9032905101776123,0.9091619849205017,0.8974944353103638,0.9032905101776123
./cnn/stories/36171b3054885df4cf9ed97c5e7879bc3ed48a76.story,style,formality,0,2,0.894707202911377,0.8898227214813232,0.8922582268714905,0.9587634801864624,0.9658801555633545,0.9623086452484131
./cnn/stories/36171b3054885df4cf9ed97c5e7879bc3ed48a76.story,style,formality,0,3,0.8927178978919983,0.8870328068733215,0.889866292476654,0.9754207134246826,0.9762085676193237,0.9758144617080688
./cnn/stories/36171b3054885df4cf9ed97c5e7879bc3ed48a76.story,style,formality,1,1,0.9143610000610352,0.9011430740356445,0.9077039361000061,0.9143610000610352,0.9011430740356445,0.9077039361000061
./cnn/stories/36171b3054885df4cf9ed97c5e7879bc3ed48a76.story,style,formality,1,2,0.9007811546325684,0.894259512424469,0.8975085020065308,0.9555721282958984,0.9629765152931213,0.9592600464820862
./cnn/stories/36171b3054885df4cf9ed97c5e7879bc3ed48a76.story,style,formality,1,3,0.9024001955986023,0.8944997787475586,0.8984326124191284,0.9754955172538757,0.9711506962776184,0.9733182191848755
./cnn/stories/36171b3054885df4cf9ed97c5e7879bc3ed48a76.story,style,formality,2,1,0.9086499214172363,0.8939593434333801,0.9012448191642761,0.9086499214172363,0.8939593434333801,0.9012448191642761
./cnn/stories/36171b3054885df4cf9ed97c5e7879bc3ed48a76.story,style,formality,2,2,0.9046493768692017,0.891816258430481,0.8981869220733643,0.9621850252151489,0.9659538865089417,0.9640657305717468
./cnn/stories/36171b3054885df4cf9ed97c5e7879bc3ed48a76.story,style,formality,2,3,0.895930290222168,0.8870673179626465,0.8914767503738403,0.9655671715736389,0.9703248143196106,0.9679401516914368
./cnn/stories/36171b3054885df4cf9ed97c5e7879bc3ed48a76.story,style,paraphrase,0,1,0.9219605922698975,0.905201256275177,0.9135040640830994,0.9219605922698975,0.905201256275177,0.9135040640830994
./cnn/stories/36171b3054885df4cf9ed97c5e7879bc3ed48a76.story,style,paraphrase,0,2,0.9094531536102295,0.8891613483428955,0.8991928100585938,0.9405895471572876,0.9319482445716858,0.9362488985061646
./cnn/stories/36171b3054885df4cf9ed97c5e7879bc3ed48a76.story,style,paraphrase,0,3,0.8969579339027405,0.8799164295196533,0.8883554935455322,0.939490020275116,0.9399005174636841,0.9396952390670776
./cnn/stories/36171b3054885df4cf9ed97c5e7879bc3ed48a76.story,style,paraphrase,1,1,0.9139034152030945,0.8837056159973145,0.8985508680343628,0.9139034152030945,0.8837056159973145,0.8985508680343628
./cnn/stories/36171b3054885df4cf9ed97c5e7879bc3ed48a76.story,style,paraphrase,1,2,0.9145160913467407,0.8845776915550232,0.899297833442688,0.9623575210571289,0.9650301933288574,0.9636920094490051
./cnn/stories/36171b3054885df4cf9ed97c5e7879bc3ed48a76.story,style,paraphrase,1,3,0.9050863981246948,0.8769612312316895,0.8908018469810486,0.9623426198959351,0.9596946239471436,0.9610167741775513
./cnn/stories/36171b3054885df4cf9ed97c5e7879bc3ed48a76.story,style,paraphrase,2,1,0.9222449660301208,0.9043478965759277,0.9132087230682373,0.9222449660301208,0.9043478965759277,0.9132087230682373
./cnn/stories/36171b3054885df4cf9ed97c5e7879bc3ed48a76.story,style,paraphrase,2,2,0.9145206809043884,0.9030481576919556,0.908748209476471,0.9465961456298828,0.9516091346740723,0.9490960240364075
./cnn/stories/36171b3054885df4cf9ed97c5e7879bc3ed48a76.story,style,paraphrase,2,3,0.9038434028625488,0.8912868499755859,0.8975211977958679,0.9412418603897095,0.9394041299819946,0.9403221011161804
./cnn/stories/36171b3054885df4cf9ed97c5e7879bc3ed48a76.story,content,shorten,0,1,0.9269177913665771,0.8962466716766357,0.9113242626190186,0.9269177913665771,0.8962466716766357,0.9113242626190186
./cnn/stories/36171b3054885df4cf9ed97c5e7879bc3ed48a76.story,content,shorten,0,2,0.9085528254508972,0.8505004644393921,0.8785687685012817,0.9519031047821045,0.9079320430755615,0.9293978214263916
./cnn/stories/36171b3054885df4cf9ed97c5e7879bc3ed48a76.story,content,shorten,0,3,0.9078047871589661,0.8451078534126282,0.8753350973129272,0.9813684821128845,0.9710818529129028,0.9761980772018433
./cnn/stories/36171b3054885df4cf9ed97c5e7879bc3ed48a76.story,content,shorten,1,1,0.9187538623809814,0.8757513761520386,0.8967373371124268,0.9187538623809814,0.8757513761520386,0.8967373371124268
./cnn/stories/36171b3054885df4cf9ed97c5e7879bc3ed48a76.story,content,shorten,1,2,0.9101419448852539,0.8676844835281372,0.8884062767028809,0.9691783785820007,0.9654299020767212,0.967300534248352
./cnn/stories/36171b3054885df4cf9ed97c5e7879bc3ed48a76.story,content,shorten,1,3,0.9086700677871704,0.8419833183288574,0.8740565776824951,0.9568173885345459,0.9286408424377441,0.9425185918807983
./cnn/stories/36171b3054885df4cf9ed97c5e7879bc3ed48a76.story,content,shorten,2,1,0.9257798194885254,0.8983646631240845,0.9118662476539612,0.9257798194885254,0.8983646631240845,0.9118662476539612
./cnn/stories/36171b3054885df4cf9ed97c5e7879bc3ed48a76.story,content,shorten,2,2,0.909214437007904,0.883834719657898,0.8963450193405151,0.9578270316123962,0.9546000957489014,0.9562107920646667
./cnn/stories/36171b3054885df4cf9ed97c5e7879bc3ed48a76.story,content,shorten,2,3,0.9078366756439209,0.8826680183410645,0.8950754404067993,0.9687577486038208,0.9683033227920532,0.9685304760932922
./cnn/stories/36171b3054885df4cf9ed97c5e7879bc3ed48a76.story,content,elaborate,0,1,0.8816009759902954,0.8773642182350159,0.8794774413108826,0.8816009759902954,0.8773642182350159,0.8794774413108826
./cnn/stories/36171b3054885df4cf9ed97c5e7879bc3ed48a76.story,content,elaborate,0,2,0.8592723608016968,0.864352285861969,0.8618048429489136,0.9018510580062866,0.9141091108322144,0.9079387187957764
./cnn/stories/36171b3054885df4cf9ed97c5e7879bc3ed48a76.story,content,elaborate,0,3,0.8525059223175049,0.857178807258606,0.8548359870910645,0.9159940481185913,0.9192745685577393,0.9176313281059265
./cnn/stories/36171b3054885df4cf9ed97c5e7879bc3ed48a76.story,content,elaborate,1,1,0.9117613434791565,0.8894188404083252,0.9004515409469604,0.9117613434791565,0.8894188404083252,0.9004515409469604
./cnn/stories/36171b3054885df4cf9ed97c5e7879bc3ed48a76.story,content,elaborate,1,2,0.8994874954223633,0.884716272354126,0.8920407295227051,0.932113528251648,0.9423860311508179,0.9372216463088989
./cnn/stories/36171b3054885df4cf9ed97c5e7879bc3ed48a76.story,content,elaborate,1,3,0.8847638964653015,0.8665040731430054,0.8755388259887695,0.9262636303901672,0.9251814484596252,0.9257221817970276
./cnn/stories/36171b3054885df4cf9ed97c5e7879bc3ed48a76.story,content,elaborate,2,1,0.9071432948112488,0.9013558626174927,0.9042403101921082,0.9071432948112488,0.9013558626174927,0.9042403101921082
./cnn/stories/36171b3054885df4cf9ed97c5e7879bc3ed48a76.story,content,elaborate,2,2,0.8891443610191345,0.8856815099716187,0.8874095678329468,0.9443207383155823,0.944847822189331,0.9445842504501343
./cnn/stories/36171b3054885df4cf9ed97c5e7879bc3ed48a76.story,content,elaborate,2,3,0.8810316920280457,0.8769460916519165,0.8789841532707214,0.9432987570762634,0.945512056350708,0.9444040656089783
./cnn/stories/b0036f56a07b266a1759bf500f52376eb606f696.story,style,formality,0,1,0.871350884437561,0.8738464117050171,0.8725968599319458,0.871350884437561,0.8738464117050171,0.8725968599319458
./cnn/stories/b0036f56a07b266a1759bf500f52376eb606f696.story,style,formality,0,2,0.8687479496002197,0.8668312430381775,0.8677884936332703,0.9640036225318909,0.9588907957077026,0.96144038438797
./cnn/stories/b0036f56a07b266a1759bf500f52376eb606f696.story,style,formality,0,3,0.8642446398735046,0.865720808506012,0.8649821281433105,0.9674333333969116,0.9700820446014404,0.9687559008598328
./cnn/stories/b0036f56a07b266a1759bf500f52376eb606f696.story,style,formality,1,1,0.8725699186325073,0.874110221862793,0.8733394145965576,0.8725699186325073,0.874110221862793,0.8733394145965576
./cnn/stories/b0036f56a07b266a1759bf500f52376eb606f696.story,style,formality,1,2,0.8667282462120056,0.8661593198776245,0.8664436936378479,0.9606339335441589,0.9598103761672974,0.9602220058441162
./cnn/stories/b0036f56a07b266a1759bf500f52376eb606f696.story,style,formality,1,3,0.8637021780014038,0.8650115728378296,0.8643563985824585,0.972618043422699,0.9727826118469238,0.9727002382278442
./cnn/stories/b0036f56a07b266a1759bf500f52376eb606f696.story,style,formality,2,1,0.8758238554000854,0.8724978566169739,0.8741576671600342,0.8758238554000854,0.8724978566169739,0.8741576671600342
./cnn/stories/b0036f56a07b266a1759bf500f52376eb606f696.story,style,formality,2,2,0.871752142906189,0.8672411441802979,0.8694908022880554,0.9678665399551392,0.9678562879562378,0.9678614139556885
./cnn/stories/b0036f56a07b266a1759bf500f52376eb606f696.story,style,formality,2,3,0.8692755103111267,0.8631153702735901,0.8661844730377197,0.965200662612915,0.9612257480621338,0.9632090926170349
./cnn/stories/b0036f56a07b266a1759bf500f52376eb606f696.story,style,paraphrase,0,1,0.8851217031478882,0.8653058409690857,0.875101625919342,0.8851217031478882,0.8653058409690857,0.875101625919342
./cnn/stories/b0036f56a07b266a1759bf500f52376eb606f696.story,style,paraphrase,0,2,0.8807381391525269,0.8608036041259766,0.8706567883491516,0.9518765211105347,0.9500256776809692,0.9509502053260803
./cnn/stories/b0036f56a07b266a1759bf500f52376eb606f696.story,style,paraphrase,0,3,0.8785831928253174,0.8590384721755981,0.8687009215354919,0.9641989469528198,0.9625498056411743,0.9633736610412598
./cnn/stories/b0036f56a07b266a1759bf500f52376eb606f696.story,style,paraphrase,1,1,0.8785992860794067,0.878575325012207,0.8785873055458069,0.8785992860794067,0.878575325012207,0.8785873055458069
./cnn/stories/b0036f56a07b266a1759bf500f52376eb606f696.story,style,paraphrase,1,2,0.8764999508857727,0.8730308413505554,0.8747619390487671,0.9538810849189758,0.9501628279685974,0.9520183205604553
./cnn/stories/b0036f56a07b266a1759bf500f52376eb606f696.story,style,paraphrase,1,3,0.8829181790351868,0.8725953102111816,0.8777264356613159,0.9679578542709351,0.9602502584457397,0.9640886783599854
./cnn/stories/b0036f56a07b266a1759bf500f52376eb606f696.story,style,paraphrase,2,1,0.8776940107345581,0.8787214756011963,0.8782074451446533,0.8776940107345581,0.8787214756011963,0.8782074451446533
./cnn/stories/b0036f56a07b266a1759bf500f52376eb606f696.story,style,paraphrase,2,2,0.872968316078186,0.861613392829895,0.8672537207603455,0.9427586793899536,0.9253401160240173,0.9339682459831238
./cnn/stories/b0036f56a07b266a1759bf500f52376eb606f696.story,style,paraphrase,2,3,0.8722115755081177,0.8612474203109741,0.8666948080062866,0.963965892791748,0.9640998840332031,0.9640328288078308
./cnn/stories/b0036f56a07b266a1759bf500f52376eb606f696.story,content,shorten,0,1,0.8868739604949951,0.8632428646087646,0.8748989105224609,0.8868739604949951,0.8632428646087646,0.8748989105224609
./cnn/stories/b0036f56a07b266a1759bf500f52376eb606f696.story,content,shorten,0,2,0.882846474647522,0.8530505299568176,0.867692768573761,0.9581685662269592,0.9411231279373169,0.9495693445205688
./cnn/stories/b0036f56a07b266a1759bf500f52376eb606f696.story,content,shorten,0,3,0.8778769969940186,0.8461872339248657,0.8617408871650696,0.9762023091316223,0.9668179750442505,0.9714874625205994
./cnn/stories/b0036f56a07b266a1759bf500f52376eb606f696.story,content,shorten,1,1,0.8902708292007446,0.8562261462211609,0.8729166388511658,0.8902708292007446,0.8562261462211609,0.8729166388511658
./cnn/stories/b0036f56a07b266a1759bf500f52376eb606f696.story,content,shorten,1,2,0.88811194896698,0.8445101976394653,0.86576247215271,0.9576359987258911,0.9442276954650879,0.9508845806121826
./cnn/stories/b0036f56a07b266a1759bf500f52376eb606f696.story,content,shorten,1,3,0.8914141058921814,0.8438295125961304,0.8669694066047668,0.9741090536117554,0.9665202498435974,0.9702998399734497
./cnn/stories/b0036f56a07b266a1759bf500f52376eb606f696.story,content,shorten,2,1,0.8773361444473267,0.8673542141914368,0.8723165392875671,0.8773361444473267,0.8673542141914368,0.8723165392875671
./cnn/stories/b0036f56a07b266a1759bf500f52376eb606f696.story,content,shorten,2,2,0.8682324886322021,0.847387433052063,0.8576833009719849,0.9441421627998352,0.925165057182312,0.9345572590827942
./cnn/stories/b0036f56a07b266a1759bf500f52376eb606f696.story,content,shorten,2,3,0.868840754032135,0.8452571630477905,0.8568867444992065,0.9674927592277527,0.9557293653488159,0.9615750908851624
./cnn/stories/b0036f56a07b266a1759bf500f52376eb606f696.story,content,elaborate,0,1,0.8590219020843506,0.8618667125701904,0.8604419827461243,0.8590219020843506,0.8618667125701904,0.8604419827461243
./cnn/stories/b0036f56a07b266a1759bf500f52376eb606f696.story,content,elaborate,0,2,0.8566370606422424,0.853693962097168,0.855163037776947,0.948153018951416,0.9450671672821045,0.9466075897216797
./cnn/stories/b0036f56a07b266a1759bf500f52376eb606f696.story,content,elaborate,0,3,0.8554424047470093,0.8535519242286682,0.8544961214065552,0.9599689245223999,0.9606298208236694,0.9602992534637451
./cnn/stories/b0036f56a07b266a1759bf500f52376eb606f696.story,content,elaborate,1,1,0.8736684322357178,0.8692578673362732,0.8714575171470642,0.8736684322357178,0.8692578673362732,0.8714575171470642
./cnn/stories/b0036f56a07b266a1759bf500f52376eb606f696.story,content,elaborate,1,2,0.8546329736709595,0.849764347076416,0.8521917462348938,0.9109752178192139,0.913191556930542,0.9120820164680481
./cnn/stories/b0036f56a07b266a1759bf500f52376eb606f696.story,content,elaborate,1,3,0.8562930822372437,0.8405971527099609,0.8483725786209106,0.9391065835952759,0.9271385669708252,0.9330841898918152
./cnn/stories/b0036f56a07b266a1759bf500f52376eb606f696.story,content,elaborate,2,1,0.8617327213287354,0.8625130653381348,0.8621227145195007,0.8617327213287354,0.8625130653381348,0.8621227145195007
./cnn/stories/b0036f56a07b266a1759bf500f52376eb606f696.story,content,elaborate,2,2,0.8554469347000122,0.8548648953437805,0.8551557660102844,0.9550430178642273,0.9515631198883057,0.953299880027771
./cnn/stories/b0036f56a07b266a1759bf500f52376eb606f696.story,content,elaborate,2,3,0.8562263250350952,0.8548315763473511,0.8555284142494202,0.9664229154586792,0.9648565053939819,0.965639054775238
./cnn/stories/f1bde9d7a588ec3d4a19b0d6fedad09c7fe6fb5c.story,style,formality,0,1,0.9092631340026855,0.9058642983436584,0.9075605869293213,0.9092631340026855,0.9058642983436584,0.9075605869293213
./cnn/stories/f1bde9d7a588ec3d4a19b0d6fedad09c7fe6fb5c.story,style,formality,0,2,0.894396185874939,0.888860821723938,0.8916199207305908,0.9498636722564697,0.948961615562439,0.94941246509552
./cnn/stories/f1bde9d7a588ec3d4a19b0d6fedad09c7fe6fb5c.story,style,formality,0,3,0.8946592807769775,0.8859402537345886,0.8902783989906311,0.971317708492279,0.9608227014541626,0.9660416841506958
./cnn/stories/f1bde9d7a588ec3d4a19b0d6fedad09c7fe6fb5c.story,style,formality,1,1,0.9028682708740234,0.9012439250946045,0.9020553827285767,0.9028682708740234,0.9012439250946045,0.9020553827285767
./cnn/stories/f1bde9d7a588ec3d4a19b0d6fedad09c7fe6fb5c.story,style,formality,1,2,0.8859321475028992,0.8869969844818115,0.8864642381668091,0.9418659210205078,0.9445385932922363,0.9432003498077393
./cnn/stories/f1bde9d7a588ec3d4a19b0d6fedad09c7fe6fb5c.story,style,formality,1,3,0.866496205329895,0.8669260740280151,0.8667110800743103,0.9468929767608643,0.9387667179107666,0.9428123235702515
./cnn/stories/f1bde9d7a588ec3d4a19b0d6fedad09c7fe6fb5c.story,style,formality,2,1,0.8759848475456238,0.8709115982055664,0.8734408020973206,0.8759848475456238,0.8709115982055664,0.8734408020973206
./cnn/stories/f1bde9d7a588ec3d4a19b0d6fedad09c7fe6fb5c.story,style,formality,2,2,0.8819618821144104,0.8653817176818848,0.8735931515693665,0.9662867188453674,0.9456319212913513,0.9558477401733398
./cnn/stories/f1bde9d7a588ec3d4a19b0d6fedad09c7fe6fb5c.story,style,formality,2,3,0.8777076005935669,0.8628003597259521,0.8701901435852051,0.9743180274963379,0.978063702583313,0.9761872887611389
./cnn/stories/f1bde9d7a588ec3d4a19b0d6fedad09c7fe6fb5c.story,style,paraphrase,0,1,0.8952001333236694,0.8698856830596924,0.8823613524436951,0.8952001333236694,0.8698856830596924,0.8823613524436951
./cnn/stories/f1bde9d7a588ec3d4a19b0d6fedad09c7fe6fb5c.story,style,paraphrase,0,2,0.8900339603424072,0.8642377853393555,0.876946210861206,0.9564931988716125,0.9520480632781982,0.9542654752731323
./cnn/stories/f1bde9d7a588ec3d4a19b0d6fedad09c7fe6fb5c.story,style,paraphrase,0,3,0.8816476464271545,0.8559681177139282,0.8686180710792542,0.9561163187026978,0.9508060812950134,0.9534538388252258
./cnn/stories/f1bde9d7a588ec3d4a19b0d6fedad09c7fe6fb5c.story,style,paraphrase,1,1,0.8917467594146729,0.8849807977676392,0.8883508443832397,0.8917467594146729,0.8849807977676392,0.8883508443832397
./cnn/stories/f1bde9d7a588ec3d4a19b0d6fedad09c7fe6fb5c.story,style,paraphrase,1,2,0.889899730682373,0.8806995749473572,0.8852757215499878,0.9609984755516052,0.9534372687339783,0.9572029709815979
./cnn/stories/f1bde9d7a588ec3d4a19b0d6fedad09c7fe6fb5c.story,style,paraphrase,1,3,0.8922252655029297,0.8788324594497681,0.8854781985282898,0.9718544483184814,0.9669392108917236,0.9693905711174011
./cnn/stories/f1bde9d7a588ec3d4a19b0d6fedad09c7fe6fb5c.story,style,paraphrase,2,1,0.8907887935638428,0.8734005093574524,0.882008969783783,0.8907887935638428,0.8734005093574524,0.882008969783783
./cnn/stories/f1bde9d7a588ec3d4a19b0d6fedad09c7fe6fb5c.story,style,paraphrase,2,2,0.886292576789856,0.8695047497749329,0.8778183460235596,0.9524104595184326,0.9525275230407715,0.952468991279602
./cnn/stories/f1bde9d7a588ec3d4a19b0d6fedad09c7fe6fb5c.story,style,paraphrase,2,3,0.8882941007614136,0.8696808815002441,0.8788889646530151,0.9622206091880798,0.9604582190513611,0.9613386392593384
./cnn/stories/f1bde9d7a588ec3d4a19b0d6fedad09c7fe6fb5c.story,content,shorten,0,1,0.8764402270317078,0.8392041921615601,0.8574181795120239,0.8764402270317078,0.8392041921615601,0.8574181795120239
./cnn/stories/f1bde9d7a588ec3d4a19b0d6fedad09c7fe6fb5c.story,content,shorten,0,2,0.8755209445953369,0.8364540934562683,0.8555417060852051,0.979507565498352,0.9741815328598022,0.9768373370170593
./cnn/stories/f1bde9d7a588ec3d4a19b0d6fedad09c7fe6fb5c.story,content,shorten,0,3,0.8721339106559753,0.8325982093811035,0.8519076108932495,0.9869122505187988,0.9827993512153625,0.9848515391349792
./cnn/stories/f1bde9d7a588ec3d4a19b0d6fedad09c7fe6fb5c.story,content,shorten,1,1,0.8708156943321228,0.8169229030609131,0.843008816242218,0.8708156943321228,0.8169229030609131,0.843008816242218
./cnn/stories/f1bde9d7a588ec3d4a19b0d6fedad09c7fe6fb5c.story,content,shorten,1,2,0.8662446737289429,0.814853310585022,0.8397634625434875,0.9581725001335144,0.954524040222168,0.9563447833061218
./cnn/stories/f1bde9d7a588ec3d4a19b0d6fedad09c7fe6fb5c.story,content,shorten,1,3,0.8676955699920654,0.8146328926086426,0.8403273820877075,0.9755657911300659,0.969552755355835,0.9725499749183655
./cnn/stories/f1bde9d7a588ec3d4a19b0d6fedad09c7fe6fb5c.story,content,shorten,2,1,0.8824707269668579,0.8544368743896484,0.8682275414466858,0.8824707269668579,0.8544368743896484,0.8682275414466858
./cnn/stories/f1bde9d7a588ec3d4a19b0d6fedad09c7fe6fb5c.story,content,shorten,2,2,0.8809273838996887,0.8464009761810303,0.8633191585540771,0.9624800682067871,0.9409373998641968,0.9515868425369263
./cnn/stories/f1bde9d7a588ec3d4a19b0d6fedad09c7fe6fb5c.story,content,shorten,2,3,0.8809352517127991,0.845707893371582,0.8629622459411621,0.9826750755310059,0.9811650514602661,0.981919527053833
./cnn/stories/f1bde9d7a588ec3d4a19b0d6fedad09c7fe6fb5c.story,content,elaborate,0,1,0.8715664148330688,0.8671864867210388,0.8693709373474121,0.8715664148330688,0.8671864867210388,0.8693709373474121
./cnn/stories/f1bde9d7a588ec3d4a19b0d6fedad09c7fe6fb5c.story,content,elaborate,0,2,0.8692829608917236,0.8664733171463013,0.867875874042511,0.9326915740966797,0.9357022047042847,0.9341944456100464
./cnn/stories/f1bde9d7a588ec3d4a19b0d6fedad09c7fe6fb5c.story,content,elaborate,0,3,0.8687818050384521,0.868965744972229,0.8688737750053406,0.9472734928131104,0.9520692229270935,0.9496653079986572
./cnn/stories/f1bde9d7a588ec3d4a19b0d6fedad09c7fe6fb5c.story,content,elaborate,1,1,0.8737372159957886,0.8666898012161255,0.8701992630958557,0.8737372159957886,0.8666898012161255,0.8701992630958557
./cnn/stories/f1bde9d7a588ec3d4a19b0d6fedad09c7fe6fb5c.story,content,elaborate,1,2,0.8638420701026917,0.8566159009933472,0.8602138161659241,0.9495025873184204,0.9525744915008545,0.9510360360145569
./cnn/stories/f1bde9d7a588ec3d4a19b0d6fedad09c7fe6fb5c.story,content,elaborate,1,3,0.8628444671630859,0.8541549444198608,0.8584777116775513,0.9585587382316589,0.9533648490905762,0.9559547305107117
./cnn/stories/f1bde9d7a588ec3d4a19b0d6fedad09c7fe6fb5c.story,content,elaborate,2,1,0.878617525100708,0.8791707754135132,0.8788940906524658,0.878617525100708,0.8791707754135132,0.8788940906524658
./cnn/stories/f1bde9d7a588ec3d4a19b0d6fedad09c7fe6fb5c.story,content,elaborate,2,2,0.8624553680419922,0.8552494645118713,0.858837366104126,0.9268077611923218,0.9187857508659363,0.9227793216705322
./cnn/stories/f1bde9d7a588ec3d4a19b0d6fedad09c7fe6fb5c.story,content,elaborate,2,3,0.8554159998893738,0.853950560092926,0.8546826839447021,0.9433983564376831,0.9562642574310303,0.9497877359390259
./cnn/stories/207224ddaeb57ae77f91cd645f70a1a67485ff53.story,style,formality,0,1,0.8957592844963074,0.8942791819572449,0.8950186371803284,0.8957592844963074,0.8942791819572449,0.8950186371803284
./cnn/stories/207224ddaeb57ae77f91cd645f70a1a67485ff53.story,style,formality,0,2,0.8913863301277161,0.8888435363769531,0.890113115310669,0.9581310749053955,0.9546380043029785,0.9563813209533691
./cnn/stories/207224ddaeb57ae77f91cd645f70a1a67485ff53.story,style,formality,0,3,0.8922410607337952,0.8873814344406128,0.8898046016693115,0.9761194586753845,0.9751012325286865,0.975610077381134
./cnn/stories/207224ddaeb57ae77f91cd645f70a1a67485ff53.story,style,formality,1,1,0.9020254611968994,0.8977999687194824,0.8999077081680298,0.9020254611968994,0.8977999687194824,0.8999077081680298
./cnn/stories/207224ddaeb57ae77f91cd645f70a1a67485ff53.story,style,formality,1,2,0.9008238911628723,0.898640513420105,0.8997308611869812,0.9695528745651245,0.9692299365997314,0.969391405582428
./cnn/stories/207224ddaeb57ae77f91cd645f70a1a67485ff53.story,style,formality,1,3,0.8995552659034729,0.8971060514450073,0.898328959941864,0.9710571765899658,0.9700613021850586,0.9705590009689331
./cnn/stories/207224ddaeb57ae77f91cd645f70a1a67485ff53.story,style,formality,2,1,0.8939206004142761,0.886930525302887,0.8904118537902832,0.8939206004142761,0.886930525302887,0.8904118537902832
./cnn/stories/207224ddaeb57ae77f91cd645f70a1a67485ff53.story,style,formality,2,2,0.876352071762085,0.8748666048049927,0.8756086826324463,0.9510717391967773,0.954197883605957,0.9526322484016418
./cnn/stories/207224ddaeb57ae77f91cd645f70a1a67485ff53.story,style,formality,2,3,0.8797677755355835,0.8713982105255127,0.8755630254745483,0.9538848400115967,0.9393823146820068,0.9465780258178711
./cnn/stories/207224ddaeb57ae77f91cd645f70a1a67485ff53.story,style,paraphrase,0,1,0.8755251169204712,0.8402299880981445,0.857514500617981,0.8755251169204712,0.8402299880981445,0.857514500617981
./cnn/stories/207224ddaeb57ae77f91cd645f70a1a67485ff53.story,style,paraphrase,0,2,0.8710207939147949,0.8367685675621033,0.8535511493682861,0.9594396948814392,0.959749698638916,0.9595946669578552
./cnn/stories/207224ddaeb57ae77f91cd645f70a1a67485ff53.story,style,paraphrase,0,3,0.8685609102249146,0.8378366231918335,0.8529222011566162,0.9613957405090332,0.9613401889801025,0.9613679647445679
./cnn/stories/207224ddaeb57ae77f91cd645f70a1a67485ff53.story,style,paraphrase,1,1,0.8755379915237427,0.8557116389274597,0.8655112981796265,0.8755379915237427,0.8557116389274597,0.8655112981796265
./cnn/stories/207224ddaeb57ae77f91cd645f70a1a67485ff53.story,style,paraphrase,1,2,0.8655890226364136,0.8383169174194336,0.8517346978187561,0.935126543045044,0.9155950546264648,0.9252577424049377
./cnn/stories/207224ddaeb57ae77f91cd645f70a1a67485ff53.story,style,paraphrase,1,3,0.8639724254608154,0.8338004350662231,0.8486183285713196,0.9620479345321655,0.9619171619415283,0.9619824886322021
./cnn/stories/207224ddaeb57ae77f91cd645f70a1a67485ff53.story,style,paraphrase,2,1,0.8859391212463379,0.8817167282104492,0.8838229179382324,0.8859391212463379,0.8817167282104492,0.8838229179382324
./cnn/stories/207224ddaeb57ae77f91cd645f70a1a67485ff53.story,style,paraphrase,2,2,0.8808666467666626,0.877074658870697,0.8789665699005127,0.9578065276145935,0.9552220106124878,0.9565125703811646
./cnn/stories/207224ddaeb57ae77f91cd645f70a1a67485ff53.story,style,paraphrase,2,3,0.8832617998123169,0.8720638751983643,0.8776270747184753,0.9609519243240356,0.9513524174690247,0.9561280608177185
./cnn/stories/207224ddaeb57ae77f91cd645f70a1a67485ff53.story,content,shorten,0,1,0.8839753270149231,0.8188794255256653,0.8501831293106079,0.8839753270149231,0.8188794255256653,0.8501831293106079
./cnn/stories/207224ddaeb57ae77f91cd645f70a1a67485ff53.story,content,shorten,0,2,0.8633188009262085,0.7953570485115051,0.8279455900192261,0.9540361166000366,0.9065244793891907,0.9296736121177673
./cnn/stories/207224ddaeb57ae77f91cd645f70a1a67485ff53.story,content,shorten,0,3,0.8602809906005859,0.7913943529129028,0.8244011402130127,0.9787713885307312,0.9738408327102661,0.9762999415397644
./cnn/stories/207224ddaeb57ae77f91cd645f70a1a67485ff53.story,content,shorten,1,1,0.8844261169433594,0.8163119554519653,0.8490051031112671,0.8844261169433594,0.8163119554519653,0.8490051031112671
./cnn/stories/207224ddaeb57ae77f91cd645f70a1a67485ff53.story,content,shorten,1,2,0.879706859588623,0.8110655546188354,0.8439928293228149,0.9793494939804077,0.9700391292572021,0.9746720790863037
./cnn/stories/207224ddaeb57ae77f91cd645f70a1a67485ff53.story,content,shorten,1,3,0.8775259256362915,0.8066500425338745,0.840596616268158,0.9839408993721008,0.9778683185577393,0.9808952212333679
./cnn/stories/207224ddaeb57ae77f91cd645f70a1a67485ff53.story,content,shorten,2,1,0.8927768468856812,0.8521673679351807,0.8719995617866516,0.8927768468856812,0.8521673679351807,0.8719995617866516
./cnn/stories/207224ddaeb57ae77f91cd645f70a1a67485ff53.story,content,shorten,2,2,0.8820734024047852,0.844701886177063,0.862983226776123,0.9674011468887329,0.9623448252677917,0.9648663997650146
./cnn/stories/207224ddaeb57ae77f91cd645f70a1a67485ff53.story,content,shorten,2,3,0.8819503784179688,0.8428679704666138,0.8619663715362549,0.9852108955383301,0.9823316335678101,0.9837691783905029
./cnn/stories/207224ddaeb57ae77f91cd645f70a1a67485ff53.story,content,elaborate,0,1,0.8641852140426636,0.8475400805473328,0.8557817339897156,0.8641852140426636,0.8475400805473328,0.8557817339897156
./cnn/stories/207224ddaeb57ae77f91cd645f70a1a67485ff53.story,content,elaborate,0,2,0.8563289642333984,0.8424412608146667,0.849328339099884,0.9365296363830566,0.9435409903526306,0.9400222301483154
./cnn/stories/207224ddaeb57ae77f91cd645f70a1a67485ff53.story,content,elaborate,0,3,0.8529195189476013,0.8403974771499634,0.8466122150421143,0.9375602602958679,0.9423230886459351,0.9399356245994568
./cnn/stories/207224ddaeb57ae77f91cd645f70a1a67485ff53.story,content,elaborate,1,1,0.8748514652252197,0.8435888290405273,0.8589357733726501,0.8748514652252197,0.8435888290405273,0.8589357733726501
./cnn/stories/207224ddaeb57ae77f91cd645f70a1a67485ff53.story,content,elaborate,1,2,0.8681336641311646,0.839995265007019,0.8538326621055603,0.9468097686767578,0.9480583071708679,0.947433590888977
./cnn/stories/207224ddaeb57ae77f91cd645f70a1a67485ff53.story,content,elaborate,1,3,0.8674984574317932,0.8351408839225769,0.8510122299194336,0.9549577236175537,0.9499304294586182,0.9524374604225159
./cnn/stories/207224ddaeb57ae77f91cd645f70a1a67485ff53.story,content,elaborate,2,1,0.8685699701309204,0.8543592095375061,0.8614059090614319,0.8685699701309204,0.8543592095375061,0.8614059090614319
./cnn/stories/207224ddaeb57ae77f91cd645f70a1a67485ff53.story,content,elaborate,2,2,0.8606258630752563,0.847317099571228,0.8539196252822876,0.9318631291389465,0.9293270707130432,0.9305933713912964
./cnn/stories/207224ddaeb57ae77f91cd645f70a1a67485ff53.story,content,elaborate,2,3,0.8640042543411255,0.8430558443069458,0.8534014821052551,0.9555195569992065,0.9493067860603333,0.9524030089378357
./cnn/stories/0a7f6926e4e554149fcf99d81b4839d99c05c2ef.story,style,formality,0,1,0.87726229429245,0.8722037672996521,0.8747257590293884,0.87726229429245,0.8722037672996521,0.8747257590293884
./cnn/stories/0a7f6926e4e554149fcf99d81b4839d99c05c2ef.story,style,formality,0,2,0.8685694932937622,0.8665714859962463,0.8675693273544312,0.9558061957359314,0.957085132598877,0.9564452171325684
./cnn/stories/0a7f6926e4e554149fcf99d81b4839d99c05c2ef.story,style,formality,0,3,0.8691455125808716,0.8653278946876526,0.8672325015068054,0.9770459532737732,0.976089596748352,0.9765675663948059
./cnn/stories/0a7f6926e4e554149fcf99d81b4839d99c05c2ef.story,style,formality,1,1,0.8605402708053589,0.8655970096588135,0.863061249256134,0.8605402708053589,0.8655970096588135,0.863061249256134
./cnn/stories/0a7f6926e4e554149fcf99d81b4839d99c05c2ef.story,style,formality,1,2,0.8571546077728271,0.8579282760620117,0.8575412631034851,0.9398201704025269,0.9349004626274109,0.9373539090156555
./cnn/stories/0a7f6926e4e554149fcf99d81b4839d99c05c2ef.story,style,formality,1,3,0.85994553565979,0.8570355772972107,0.8584880828857422,0.9665098190307617,0.9644454717636108,0.9654765129089355
./cnn/stories/0a7f6926e4e554149fcf99d81b4839d99c05c2ef.story,style,formality,2,1,0.8646730780601501,0.8670146465301514,0.8658422231674194,0.8646730780601501,0.8670146465301514,0.8658422231674194
./cnn/stories/0a7f6926e4e554149fcf99d81b4839d99c05c2ef.story,style,formality,2,2,0.8614331483840942,0.8597779870033264,0.8606047034263611,0.9417700171470642,0.9382083415985107,0.9399858117103577
./cnn/stories/0a7f6926e4e554149fcf99d81b4839d99c05c2ef.story,style,formality,2,3,0.862007737159729,0.8594554662704468,0.8607296943664551,0.9667036533355713,0.9672079086303711,0.9669557213783264
./cnn/stories/0a7f6926e4e554149fcf99d81b4839d99c05c2ef.story,style,paraphrase,0,1,0.8706477880477905,0.8573399782180786,0.8639426231384277,0.8706477880477905,0.8573399782180786,0.8639426231384277
./cnn/stories/0a7f6926e4e554149fcf99d81b4839d99c05c2ef.story,style,paraphrase,0,2,0.8615052700042725,0.8434550762176514,0.852384626865387,0.9471913576126099,0.9368002414703369,0.9419671297073364
./cnn/stories/0a7f6926e4e554149fcf99d81b4839d99c05c2ef.story,style,paraphrase,0,3,0.8634507656097412,0.8416188955307007,0.8523950576782227,0.9546820521354675,0.9502149820327759,0.9524433016777039
./cnn/stories/0a7f6926e4e554149fcf99d81b4839d99c05c2ef.story,style,paraphrase,1,1,0.8656775951385498,0.8653043508529663,0.8654909133911133,0.8656775951385498,0.8653043508529663,0.8654909133911133
./cnn/stories/0a7f6926e4e554149fcf99d81b4839d99c05c2ef.story,style,paraphrase,1,2,0.8640022277832031,0.8558099269866943,0.8598865270614624,0.9526970982551575,0.9440340399742126,0.9483457803726196
./cnn/stories/0a7f6926e4e554149fcf99d81b4839d99c05c2ef.story,style,paraphrase,1,3,0.8656060695648193,0.8514737486839294,0.8584817051887512,0.9558091759681702,0.9419838190078735,0.9488461017608643
./cnn/stories/0a7f6926e4e554149fcf99d81b4839d99c05c2ef.story,style,paraphrase,2,1,0.8662309646606445,0.8673633337020874,0.8667967915534973,0.8662309646606445,0.8673633337020874,0.8667967915534973
./cnn/stories/0a7f6926e4e554149fcf99d81b4839d99c05c2ef.story,style,paraphrase,2,2,0.8660035133361816,0.8606283068656921,0.863307535648346,0.9444740414619446,0.9351634979248047,0.939795732498169
./cnn/stories/0a7f6926e4e554149fcf99d81b4839d99c05c2ef.story,style,paraphrase,2,3,0.8572147488594055,0.8504548072814941,0.8538213968276978,0.9452795386314392,0.9377382397651672,0.941493809223175
./cnn/stories/0a7f6926e4e554149fcf99d81b4839d99c05c2ef.story,content,shorten,0,1,0.876966655254364,0.8396323323249817,0.8578935265541077,0.876966655254364,0.8396323323249817,0.8578935265541077
./cnn/stories/0a7f6926e4e554149fcf99d81b4839d99c05c2ef.story,content,shorten,0,2,0.8733712434768677,0.819889485836029,0.8457857966423035,0.952691912651062,0.9218329191207886,0.9370083808898926
./cnn/stories/0a7f6926e4e554149fcf99d81b4839d99c05c2ef.story,content,shorten,0,3,0.8664658069610596,0.8138229846954346,0.8393197059631348,0.9692491888999939,0.9602963924407959,0.9647520184516907
./cnn/stories/0a7f6926e4e554149fcf99d81b4839d99c05c2ef.story,content,shorten,1,1,0.8642178177833557,0.8328096866607666,0.848223090171814,0.8642178177833557,0.8328096866607666,0.848223090171814
./cnn/stories/0a7f6926e4e554149fcf99d81b4839d99c05c2ef.story,content,shorten,1,2,0.8576536178588867,0.8257001638412476,0.84137362241745,0.947867214679718,0.9322808980941772,0.9400094151496887
./cnn/stories/0a7f6926e4e554149fcf99d81b4839d99c05c2ef.story,content,shorten,1,3,0.8564095497131348,0.8249249458312988,0.8403724431991577,0.9794169664382935,0.9797837138175964,0.9796003103256226
./cnn/stories/0a7f6926e4e554149fcf99d81b4839d99c05c2ef.story,content,shorten,2,1,0.8543205857276917,0.840984582901001,0.8476001620292664,0.8543205857276917,0.840984582901001,0.8476001620292664
./cnn/stories/0a7f6926e4e554149fcf99d81b4839d99c05c2ef.story,content,shorten,2,2,0.8660104274749756,0.8216239213943481,0.8432334661483765,0.9318207502365112,0.8826093673706055,0.9065476655960083
./cnn/stories/0a7f6926e4e554149fcf99d81b4839d99c05c2ef.story,content,shorten,2,3,0.8677387237548828,0.8192104697227478,0.8427765965461731,0.9637508392333984,0.9556944370269775,0.9597057104110718
./cnn/stories/0a7f6926e4e554149fcf99d81b4839d99c05c2ef.story,content,elaborate,0,1,0.8610304594039917,0.8593921661376953,0.8602105379104614,0.8610304594039917,0.8593921661376953,0.8602105379104614
./cnn/stories/0a7f6926e4e554149fcf99d81b4839d99c05c2ef.story,content,elaborate,0,2,0.8473702669143677,0.8451266288757324,0.8462470173835754,0.9244551062583923,0.9191179871559143,0.9217788577079773
./cnn/stories/0a7f6926e4e554149fcf99d81b4839d99c05c2ef.story,content,elaborate,0,3,0.851004958152771,0.8376778364181519,0.8442887663841248,0.9363093376159668,0.9140952229499817,0.9250689744949341
./cnn/stories/0a7f6926e4e554149fcf99d81b4839d99c05c2ef.story,content,elaborate,1,1,0.8700072169303894,0.8607510924339294,0.8653543591499329,0.8700072169303894,0.8607510924339294,0.8653543591499329
./cnn/stories/0a7f6926e4e554149fcf99d81b4839d99c05c2ef.story,content,elaborate,1,2,0.8527359962463379,0.842112123966217,0.8473907709121704,0.915388822555542,0.9126429557800293,0.9140138626098633
./cnn/stories/0a7f6926e4e554149fcf99d81b4839d99c05c2ef.story,content,elaborate,1,3,0.8507288098335266,0.8394845724105835,0.8450692892074585,0.9395748972892761,0.9390623569488525,0.9393184781074524
./cnn/stories/0a7f6926e4e554149fcf99d81b4839d99c05c2ef.story,content,elaborate,2,1,0.8713711500167847,0.8721499443054199,0.871760368347168,0.8713711500167847,0.8721499443054199,0.871760368347168
./cnn/stories/0a7f6926e4e554149fcf99d81b4839d99c05c2ef.story,content,elaborate,2,2,0.8480460047721863,0.8517943620681763,0.8499160408973694,0.9132779836654663,0.9150145649909973,0.9141454100608826
./cnn/stories/0a7f6926e4e554149fcf99d81b4839d99c05c2ef.story,content,elaborate,2,3,0.8526210784912109,0.8526091575622559,0.8526151180267334,0.9483588337898254,0.9430559873580933,0.94569993019104
./cnn/stories/0a421106fb10078b00663df3e88c5ee6f0437a66.story,style,formality,0,1,0.8716741800308228,0.8735752105712891,0.87262362241745,0.8716741800308228,0.8735752105712891,0.87262362241745
./cnn/stories/0a421106fb10078b00663df3e88c5ee6f0437a66.story,style,formality,0,2,0.8641685247421265,0.8678994178771973,0.8660299777984619,0.9407627582550049,0.943466067314148,0.9421124458312988
./cnn/stories/0a421106fb10078b00663df3e88c5ee6f0437a66.story,style,formality,0,3,0.8626388311386108,0.8648586273193359,0.8637472987174988,0.9674866795539856,0.9689023494720459,0.9681940078735352
./cnn/stories/0a421106fb10078b00663df3e88c5ee6f0437a66.story,style,formality,1,1,0.865566611289978,0.8719489574432373,0.8687461018562317,0.865566611289978,0.8719489574432373,0.8687461018562317
./cnn/stories/0a421106fb10078b00663df3e88c5ee6f0437a66.story,style,formality,1,2,0.8612347841262817,0.8666943311691284,0.8639559149742126,0.9567481279373169,0.9569445252418518,0.956846296787262
./cnn/stories/0a421106fb10078b00663df3e88c5ee6f0437a66.story,style,formality,1,3,0.8611652255058289,0.864936113357544,0.8630465269088745,0.966535210609436,0.963893473148346,0.9652125239372253
./cnn/stories/0a421106fb10078b00663df3e88c5ee6f0437a66.story,style,formality,2,1,0.8641844987869263,0.8561205863952637,0.8601335883140564,0.8641844987869263,0.8561205863952637,0.8601335883140564
./cnn/stories/0a421106fb10078b00663df3e88c5ee6f0437a66.story,style,formality,2,2,0.8602585792541504,0.8528910875320435,0.8565590381622314,0.9586588740348816,0.9577525854110718,0.95820552110672
./cnn/stories/0a421106fb10078b00663df3e88c5ee6f0437a66.story,style,formality,2,3,0.8542100787162781,0.8486590385437012,0.8514254689216614,0.9678553342819214,0.9694589972496033,0.9686565399169922
./cnn/stories/0a421106fb10078b00663df3e88c5ee6f0437a66.story,style,paraphrase,0,1,0.8749998807907104,0.8396481275558472,0.8569595813751221,0.8749998807907104,0.8396481275558472,0.8569595813751221
./cnn/stories/0a421106fb10078b00663df3e88c5ee6f0437a66.story,style,paraphrase,0,2,0.8689992427825928,0.8358924388885498,0.8521243929862976,0.9526016712188721,0.9530774354934692,0.9528394937515259
./cnn/stories/0a421106fb10078b00663df3e88c5ee6f0437a66.story,style,paraphrase,0,3,0.8678975105285645,0.8363267779350281,0.8518196940422058,0.9603164792060852,0.9583317041397095,0.9593230485916138
./cnn/stories/0a421106fb10078b00663df3e88c5ee6f0437a66.story,style,paraphrase,1,1,0.8808178901672363,0.8599361181259155,0.8702517747879028,0.8808178901672363,0.8599361181259155,0.8702517747879028
./cnn/stories/0a421106fb10078b00663df3e88c5ee6f0437a66.story,style,paraphrase,1,2,0.8684461116790771,0.8540183305740356,0.8611717820167542,0.9546112418174744,0.9564116597175598,0.9555105566978455
./cnn/stories/0a421106fb10078b00663df3e88c5ee6f0437a66.story,style,paraphrase,1,3,0.8668045401573181,0.8496283292770386,0.8581305146217346,0.9604917764663696,0.9577819108963013,0.9591349363327026
./cnn/stories/0a421106fb10078b00663df3e88c5ee6f0437a66.story,style,paraphrase,2,1,0.8729614615440369,0.8360172510147095,0.8540900349617004,0.8729614615440369,0.8360172510147095,0.8540900349617004
./cnn/stories/0a421106fb10078b00663df3e88c5ee6f0437a66.story,style,paraphrase,2,2,0.866060197353363,0.8317505717277527,0.8485587239265442,0.950157880783081,0.9470607042312622,0.9486067295074463
./cnn/stories/0a421106fb10078b00663df3e88c5ee6f0437a66.story,style,paraphrase,2,3,0.8668469190597534,0.8291326761245728,0.8475704789161682,0.9537129998207092,0.9495319724082947,0.9516178965568542
./cnn/stories/0a421106fb10078b00663df3e88c5ee6f0437a66.story,content,shorten,0,1,0.8755731582641602,0.8211557269096375,0.8474918007850647,0.8755731582641602,0.8211557269096375,0.8474918007850647
./cnn/stories/0a421106fb10078b00663df3e88c5ee6f0437a66.story,content,shorten,0,2,0.8739209771156311,0.8192824125289917,0.845720112323761,0.9783235788345337,0.9705159664154053,0.9744040966033936
./cnn/stories/0a421106fb10078b00663df3e88c5ee6f0437a66.story,content,shorten,0,3,0.8773263692855835,0.8193684220314026,0.847357451915741,0.9838152527809143,0.9825829267501831,0.9831986427307129
./cnn/stories/0a421106fb10078b00663df3e88c5ee6f0437a66.story,content,shorten,1,1,0.8796263933181763,0.8295999765396118,0.8538811206817627,0.8796263933181763,0.8295999765396118,0.8538811206817627
./cnn/stories/0a421106fb10078b00663df3e88c5ee6f0437a66.story,content,shorten,1,2,0.869515597820282,0.8164647817611694,0.8421555757522583,0.9530963897705078,0.9394466280937195,0.9462222456932068
./cnn/stories/0a421106fb10078b00663df3e88c5ee6f0437a66.story,content,shorten,1,3,0.8676035404205322,0.8179271221160889,0.8420332670211792,0.9683637022972107,0.9711347222328186,0.9697472453117371
./cnn/stories/0a421106fb10078b00663df3e88c5ee6f0437a66.story,content,shorten,2,1,0.8728762865066528,0.8430383801460266,0.8576979041099548,0.8728762865066528,0.8430383801460266,0.8576979041099548
./cnn/stories/0a421106fb10078b00663df3e88c5ee6f0437a66.story,content,shorten,2,2,0.8680387735366821,0.8388396501541138,0.8531894683837891,0.9671680927276611,0.9667564034461975,0.9669622778892517
./cnn/stories/0a421106fb10078b00663df3e88c5ee6f0437a66.story,content,shorten,2,3,0.871471643447876,0.8341744542121887,0.8524153232574463,0.9626358151435852,0.948100209236145,0.9553126692771912
./cnn/stories/0a421106fb10078b00663df3e88c5ee6f0437a66.story,content,elaborate,0,1,0.8586907386779785,0.8515058755874634,0.855083167552948,0.8586907386779785,0.8515058755874634,0.855083167552948
./cnn/stories/0a421106fb10078b00663df3e88c5ee6f0437a66.story,content,elaborate,0,2,0.8518944382667542,0.8487231731414795,0.8503059148788452,0.9203120470046997,0.9288680553436279,0.9245702624320984
./cnn/stories/0a421106fb10078b00663df3e88c5ee6f0437a66.story,content,elaborate,0,3,0.8486068248748779,0.8434642553329468,0.8460277318954468,0.9348251819610596,0.9340243339538574,0.9344245791435242
./cnn/stories/0a421106fb10078b00663df3e88c5ee6f0437a66.story,content,elaborate,1,1,0.8724008798599243,0.8447310924530029,0.8583430647850037,0.8724008798599243,0.8447310924530029,0.8583430647850037
./cnn/stories/0a421106fb10078b00663df3e88c5ee6f0437a66.story,content,elaborate,1,2,0.8642122745513916,0.841253399848938,0.8525782823562622,0.933432936668396,0.9444832801818848,0.9389256238937378
./cnn/stories/0a421106fb10078b00663df3e88c5ee6f0437a66.story,content,elaborate,1,3,0.857366681098938,0.8421362042427063,0.8496831059455872,0.9363094568252563,0.9462616443634033,0.9412592649459839
./cnn/stories/0a421106fb10078b00663df3e88c5ee6f0437a66.story,content,elaborate,2,1,0.8599048852920532,0.8500246405601501,0.8549362421035767,0.8599048852920532,0.8500246405601501,0.8549362421035767
./cnn/stories/0a421106fb10078b00663df3e88c5ee6f0437a66.story,content,elaborate,2,2,0.8517669439315796,0.848179042339325,0.849969208240509,0.9295557737350464,0.9439666271209717,0.9367057681083679
./cnn/stories/0a421106fb10078b00663df3e88c5ee6f0437a66.story,content,elaborate,2,3,0.8502752184867859,0.8472804427146912,0.8487751483917236,0.9350889921188354,0.9324299097061157,0.9337576031684875
./cnn/stories/c601114f55cf470a012afece9ed26518ea695fe4.story,style,formality,0,1,0.868207573890686,0.8729720115661621,0.8705832958221436,0.868207573890686,0.8729720115661621,0.8705832958221436
./cnn/stories/c601114f55cf470a012afece9ed26518ea695fe4.story,style,formality,0,2,0.8632646799087524,0.8700546026229858,0.8666463494300842,0.9587450623512268,0.9600595235824585,0.9594018459320068
./cnn/stories/c601114f55cf470a012afece9ed26518ea695fe4.story,style,formality,0,3,0.8638120889663696,0.869255781173706,0.8665253520011902,0.9610813856124878,0.9579179286956787,0.9594970345497131
./cnn/stories/c601114f55cf470a012afece9ed26518ea695fe4.story,style,formality,1,1,0.8582326173782349,0.8686115741729736,0.8633908629417419,0.8582326173782349,0.8686115741729736,0.8633908629417419
./cnn/stories/c601114f55cf470a012afece9ed26518ea695fe4.story,style,formality,1,2,0.854577362537384,0.86419677734375,0.8593601584434509,0.9494001865386963,0.9523189067840576,0.9508573412895203
./cnn/stories/c601114f55cf470a012afece9ed26518ea695fe4.story,style,formality,1,3,0.8518927097320557,0.8633226752281189,0.8575695753097534,0.9528989791870117,0.952377200126648,0.9526380300521851
./cnn/stories/c601114f55cf470a012afece9ed26518ea695fe4.story,style,formality,2,1,0.8557266592979431,0.8532702326774597,0.8544966578483582,0.8557266592979431,0.8532702326774597,0.8544966578483582
./cnn/stories/c601114f55cf470a012afece9ed26518ea695fe4.story,style,formality,2,2,0.8497202396392822,0.8488876819610596,0.8493037819862366,0.9598172903060913,0.9638078808784485,0.9618083834648132
./cnn/stories/c601114f55cf470a012afece9ed26518ea695fe4.story,style,formality,2,3,0.8474313020706177,0.849517822265625,0.848473310470581,0.9711720943450928,0.9717229604721069,0.9714474081993103
./cnn/stories/c601114f55cf470a012afece9ed26518ea695fe4.story,style,paraphrase,0,1,0.8532150387763977,0.8326588869094849,0.8428115844726562,0.8532150387763977,0.8326588869094849,0.8428115844726562
./cnn/stories/c601114f55cf470a012afece9ed26518ea695fe4.story,style,paraphrase,0,2,0.8516356945037842,0.8326538801193237,0.8420378565788269,0.955520510673523,0.9580519795417786,0.9567845463752747
./cnn/stories/c601114f55cf470a012afece9ed26518ea695fe4.story,style,paraphrase,0,3,0.8501039743423462,0.8282799124717712,0.8390500545501709,0.9646548628807068,0.9580370187759399,0.9613345861434937
./cnn/stories/c601114f55cf470a012afece9ed26518ea695fe4.story,style,paraphrase,1,1,0.8574643731117249,0.8408660888671875,0.8490841388702393,0.8574643731117249,0.8408660888671875,0.8490841388702393
./cnn/stories/c601114f55cf470a012afece9ed26518ea695fe4.story,style,paraphrase,1,2,0.8546828031539917,0.8372520208358765,0.8458776473999023,0.9634787440299988,0.9550939798355103,0.9592680931091309
./cnn/stories/c601114f55cf470a012afece9ed26518ea695fe4.story,style,paraphrase,1,3,0.8532930612564087,0.8371139168739319,0.8451260328292847,0.9656578302383423,0.967491090297699,0.9665736556053162
./cnn/stories/c601114f55cf470a012afece9ed26518ea695fe4.story,style,paraphrase,2,1,0.8682430386543274,0.8796892166137695,0.8739286661148071,0.8682430386543274,0.8796892166137695,0.8739286661148071
./cnn/stories/c601114f55cf470a012afece9ed26518ea695fe4.story,style,paraphrase,2,2,0.8545776605606079,0.8542280197143555,0.8544028401374817,0.923923134803772,0.913804829120636,0.9188361167907715
./cnn/stories/c601114f55cf470a012afece9ed26518ea695fe4.story,style,paraphrase,2,3,0.8620609045028687,0.8554823398590088,0.8587590456008911,0.9510596990585327,0.9445431232452393,0.9477902054786682
./cnn/stories/c601114f55cf470a012afece9ed26518ea695fe4.story,content,shorten,0,1,0.8624445796012878,0.8310327529907227,0.8464472889900208,0.8624445796012878,0.8310327529907227,0.8464472889900208
./cnn/stories/c601114f55cf470a012afece9ed26518ea695fe4.story,content,shorten,0,2,0.857285737991333,0.8217195272445679,0.8391258716583252,0.9718676805496216,0.9514809846878052,0.9615662693977356
./cnn/stories/c601114f55cf470a012afece9ed26518ea695fe4.story,content,shorten,0,3,0.8577245473861694,0.8228700160980225,0.839935839176178,0.9859282374382019,0.9869155883789062,0.9864216446876526
./cnn/stories/c601114f55cf470a012afece9ed26518ea695fe4.story,content,shorten,1,1,0.8673635721206665,0.8360243439674377,0.8514056205749512,0.8673635721206665,0.8360243439674377,0.8514056205749512
./cnn/stories/c601114f55cf470a012afece9ed26518ea695fe4.story,content,shorten,1,2,0.8619118928909302,0.833136260509491,0.8472798466682434,0.9417986273765564,0.9409923553466797,0.9413952827453613
./cnn/stories/c601114f55cf470a012afece9ed26518ea695fe4.story,content,shorten,1,3,0.8504997491836548,0.8144639730453491,0.8320918679237366,0.9508550763130188,0.9299825429916382,0.9403029084205627
./cnn/stories/c601114f55cf470a012afece9ed26518ea695fe4.story,content,shorten,2,1,0.858769416809082,0.841397762298584,0.8499948382377625,0.858769416809082,0.841397762298584,0.8499948382377625
./cnn/stories/c601114f55cf470a012afece9ed26518ea695fe4.story,content,shorten,2,2,0.8536994457244873,0.8396722078323364,0.8466277122497559,0.964626133441925,0.9632583856582642,0.963941752910614
./cnn/stories/c601114f55cf470a012afece9ed26518ea695fe4.story,content,shorten,2,3,0.855739414691925,0.8382450342178345,0.8469018340110779,0.9682960510253906,0.9625986218452454,0.965438961982727
./cnn/stories/c601114f55cf470a012afece9ed26518ea695fe4.story,content,elaborate,0,1,0.8449379205703735,0.8446840047836304,0.844810962677002,0.8449379205703735,0.8446840047836304,0.844810962677002
./cnn/stories/c601114f55cf470a012afece9ed26518ea695fe4.story,content,elaborate,0,2,0.8381936550140381,0.8360804319381714,0.8371357321739197,0.9440829157829285,0.9410796761512756,0.942578911781311
./cnn/stories/c601114f55cf470a012afece9ed26518ea695fe4.story,content,elaborate,0,3,0.8298909664154053,0.8348902463912964,0.8323830962181091,0.9286973476409912,0.944039523601532,0.9363055229187012
./cnn/stories/c601114f55cf470a012afece9ed26518ea695fe4.story,content,elaborate,1,1,0.8522762656211853,0.8478813171386719,0.8500730991363525,0.8522762656211853,0.8478813171386719,0.8500730991363525
./cnn/stories/c601114f55cf470a012afece9ed26518ea695fe4.story,content,elaborate,1,2,0.847393810749054,0.8452470302581787,0.8463190793991089,0.9153812527656555,0.916367769241333,0.9158743023872375
./cnn/stories/c601114f55cf470a012afece9ed26518ea695fe4.story,content,elaborate,1,3,0.8377249240875244,0.8409591913223267,0.8393388986587524,0.9258021712303162,0.9377644062042236,0.9317448735237122
./cnn/stories/c601114f55cf470a012afece9ed26518ea695fe4.story,content,elaborate,2,1,0.8554350137710571,0.8631239533424377,0.8592622876167297,0.8554350137710571,0.8631239533424377,0.8592622876167297
./cnn/stories/c601114f55cf470a012afece9ed26518ea695fe4.story,content,elaborate,2,2,0.8524433374404907,0.8614321947097778,0.8569141626358032,0.9536815881729126,0.9502488374710083,0.9519621133804321
./cnn/stories/c601114f55cf470a012afece9ed26518ea695fe4.story,content,elaborate,2,3,0.8429667353630066,0.8520848751068115,0.8475012183189392,0.9439114928245544,0.9481509923934937,0.9460265040397644
./cnn/stories/7843646a31a1ca87834dc4c72a092bf6c693baff.story,style,formality,0,1,0.8652148246765137,0.8449163436889648,0.8549451231956482,0.8652148246765137,0.8449163436889648,0.8549451231956482
./cnn/stories/7843646a31a1ca87834dc4c72a092bf6c693baff.story,style,formality,0,2,0.8565839529037476,0.8405097126960754,0.8484706878662109,0.9505578279495239,0.9565721154212952,0.9535554647445679
./cnn/stories/7843646a31a1ca87834dc4c72a092bf6c693baff.story,style,formality,0,3,0.8537479639053345,0.8400037288665771,0.846820056438446,0.9680405855178833,0.9677784442901611,0.9679095149040222
./cnn/stories/7843646a31a1ca87834dc4c72a092bf6c693baff.story,style,formality,1,1,0.8536229729652405,0.8424131274223328,0.8479810357093811,0.8536229729652405,0.8424131274223328,0.8479810357093811
./cnn/stories/7843646a31a1ca87834dc4c72a092bf6c693baff.story,style,formality,1,2,0.8429858684539795,0.8371712565422058,0.8400684595108032,0.9447115659713745,0.9489051103591919,0.9468036890029907
./cnn/stories/7843646a31a1ca87834dc4c72a092bf6c693baff.story,style,formality,1,3,0.8416909575462341,0.8383731842041016,0.8400287628173828,0.9516842365264893,0.951286256313324,0.9514852166175842
./cnn/stories/7843646a31a1ca87834dc4c72a092bf6c693baff.story,style,formality,2,1,0.8571873307228088,0.8425876498222351,0.8498247861862183,0.8571873307228088,0.8425876498222351,0.8498247861862183
./cnn/stories/7843646a31a1ca87834dc4c72a092bf6c693baff.story,style,formality,2,2,0.8492060899734497,0.8378083109855652,0.8434687256813049,0.949977695941925,0.9533976316452026,0.9516845345497131
./cnn/stories/7843646a31a1ca87834dc4c72a092bf6c693baff.story,style,formality,2,3,0.8507182598114014,0.8366185426712036,0.8436095118522644,0.9662826061248779,0.9645536541938782,0.9654173851013184
./cnn/stories/7843646a31a1ca87834dc4c72a092bf6c693baff.story,style,paraphrase,0,1,0.8617894053459167,0.821549117565155,0.8411883115768433,0.8617894053459167,0.821549117565155,0.8411883115768433
./cnn/stories/7843646a31a1ca87834dc4c72a092bf6c693baff.story,style,paraphrase,0,2,0.855229377746582,0.8160179853439331,0.8351636528968811,0.94579017162323,0.9459080696105957,0.9458491206169128
./cnn/stories/7843646a31a1ca87834dc4c72a092bf6c693baff.story,style,paraphrase,0,3,0.8601236939430237,0.8172699213027954,0.83814936876297,0.950635552406311,0.9453940391540527,0.9480075836181641
./cnn/stories/7843646a31a1ca87834dc4c72a092bf6c693baff.story,style,paraphrase,1,1,0.8786141276359558,0.8378258943557739,0.8577353954315186,0.8786141276359558,0.8378258943557739,0.8577353954315186
./cnn/stories/7843646a31a1ca87834dc4c72a092bf6c693baff.story,style,paraphrase,1,2,0.8738149404525757,0.8347159624099731,0.8538180589675903,0.9473609924316406,0.9418849349021912,0.9446150064468384
./cnn/stories/7843646a31a1ca87834dc4c72a092bf6c693baff.story,style,paraphrase,1,3,0.873836874961853,0.831650972366333,0.852222204208374,0.9588148593902588,0.9562355279922485,0.9575234651565552
./cnn/stories/7843646a31a1ca87834dc4c72a092bf6c693baff.story,style,paraphrase,2,1,0.869021475315094,0.841357946395874,0.8549660444259644,0.869021475315094,0.841357946395874,0.8549660444259644
./cnn/stories/7843646a31a1ca87834dc4c72a092bf6c693baff.story,style,paraphrase,2,2,0.8566374182701111,0.835580587387085,0.8459779620170593,0.9416872262954712,0.9431150555610657,0.9424005746841431
./cnn/stories/7843646a31a1ca87834dc4c72a092bf6c693baff.story,style,paraphrase,2,3,0.8602257370948792,0.8368231058120728,0.8483630418777466,0.9406010508537292,0.9403595328330994,0.9404802918434143
./cnn/stories/7843646a31a1ca87834dc4c72a092bf6c693baff.story,content,shorten,0,1,0.8692295551300049,0.8219970464706421,0.844953715801239,0.8692295551300049,0.8219970464706421,0.844953715801239
./cnn/stories/7843646a31a1ca87834dc4c72a092bf6c693baff.story,content,shorten,0,2,0.874740719795227,0.8218162059783936,0.8474529981613159,0.9626025557518005,0.949804425239563,0.9561607241630554
./cnn/stories/7843646a31a1ca87834dc4c72a092bf6c693baff.story,content,shorten,0,3,0.872899055480957,0.8145696520805359,0.8427262306213379,0.9657208919525146,0.9506769776344299,0.9581398963928223
./cnn/stories/7843646a31a1ca87834dc4c72a092bf6c693baff.story,content,shorten,1,1,0.8665899038314819,0.8290072679519653,0.8473820686340332,0.8665899038314819,0.8290072679519653,0.8473820686340332
./cnn/stories/7843646a31a1ca87834dc4c72a092bf6c693baff.story,content,shorten,1,2,0.8679100275039673,0.821596086025238,0.8441182971000671,0.9421122074127197,0.9199926853179932,0.9309210777282715
./cnn/stories/7843646a31a1ca87834dc4c72a092bf6c693baff.story,content,shorten,1,3,0.8674118518829346,0.8046725988388062,0.8348652124404907,0.940342366695404,0.9165599942207336,0.9282988905906677
./cnn/stories/7843646a31a1ca87834dc4c72a092bf6c693baff.story,content,shorten,2,1,0.8724299073219299,0.8310251235961914,0.8512243628501892,0.8724299073219299,0.8310251235961914,0.8512243628501892
./cnn/stories/7843646a31a1ca87834dc4c72a092bf6c693baff.story,content,shorten,2,2,0.863802433013916,0.8272345066070557,0.8451231122016907,0.950931191444397,0.9492982029914856,0.9501140117645264
./cnn/stories/7843646a31a1ca87834dc4c72a092bf6c693baff.story,content,shorten,2,3,0.8585656881332397,0.8223491907119751,0.8400672674179077,0.9624057412147522,0.9603050947189331,0.9613542556762695
./cnn/stories/7843646a31a1ca87834dc4c72a092bf6c693baff.story,content,elaborate,0,1,0.8625262975692749,0.846971869468689,0.8546783328056335,0.8625262975692749,0.846971869468689,0.8546783328056335
./cnn/stories/7843646a31a1ca87834dc4c72a092bf6c693baff.story,content,elaborate,0,2,0.8480544090270996,0.8442813754081726,0.8461636900901794,0.9099493622779846,0.9294641017913818,0.9196032881736755
./cnn/stories/7843646a31a1ca87834dc4c72a092bf6c693baff.story,content,elaborate,0,3,0.8456352949142456,0.8404996991157532,0.8430595993995667,0.9306811094284058,0.9278682470321655,0.9292725920677185
./cnn/stories/7843646a31a1ca87834dc4c72a092bf6c693baff.story,content,elaborate,1,1,0.8737547993659973,0.8504669070243835,0.861953616142273,0.8737547993659973,0.8504669070243835,0.861953616142273
./cnn/stories/7843646a31a1ca87834dc4c72a092bf6c693baff.story,content,elaborate,1,2,0.8491066694259644,0.8430991768836975,0.8460922241210938,0.9059208631515503,0.9251346588134766,0.9154269099235535
./cnn/stories/7843646a31a1ca87834dc4c72a092bf6c693baff.story,content,elaborate,1,3,0.8545315265655518,0.8403035998344421,0.8473578095436096,0.9372014999389648,0.9297939538955688,0.9334830045700073
./cnn/stories/7843646a31a1ca87834dc4c72a092bf6c693baff.story,content,elaborate,2,1,0.8597714900970459,0.8405364751815796,0.8500452041625977,0.8597714900970459,0.8405364751815796,0.8500452041625977
./cnn/stories/7843646a31a1ca87834dc4c72a092bf6c693baff.story,content,elaborate,2,2,0.8464202880859375,0.8404481410980225,0.8434236645698547,0.9175692200660706,0.9364897012710571,0.9269328713417053
./cnn/stories/7843646a31a1ca87834dc4c72a092bf6c693baff.story,content,elaborate,2,3,0.8431230783462524,0.8379629850387573,0.8405351638793945,0.9164761304855347,0.9162173271179199,0.9163466691970825
./cnn/stories/148413cea62e91556d19e4bc9bd22a6ab10876e8.story,style,formality,0,1,0.909798800945282,0.9081705808639526,0.9089840054512024,0.909798800945282,0.9081705808639526,0.9089840054512024
./cnn/stories/148413cea62e91556d19e4bc9bd22a6ab10876e8.story,style,formality,0,2,0.9034542441368103,0.9037635922431946,0.9036089181900024,0.9533666372299194,0.9553768634796143,0.9543706774711609
./cnn/stories/148413cea62e91556d19e4bc9bd22a6ab10876e8.story,style,formality,0,3,0.9046270847320557,0.9028469324111938,0.9037361145019531,0.9711427688598633,0.9677460789680481,0.9694415330886841
./cnn/stories/148413cea62e91556d19e4bc9bd22a6ab10876e8.story,style,formality,1,1,0.8818857073783875,0.8750150203704834,0.8784369230270386,0.8818857073783875,0.8750150203704834,0.8784369230270386
./cnn/stories/148413cea62e91556d19e4bc9bd22a6ab10876e8.story,style,formality,1,2,0.8772392272949219,0.8699062466621399,0.8735573887825012,0.960777997970581,0.9605538845062256,0.9606659412384033
./cnn/stories/148413cea62e91556d19e4bc9bd22a6ab10876e8.story,style,formality,1,3,0.8736807107925415,0.8677136301994324,0.8706870079040527,0.9613816142082214,0.9603347778320312,0.9608578681945801
./cnn/stories/148413cea62e91556d19e4bc9bd22a6ab10876e8.story,style,formality,2,1,0.8640264272689819,0.8594231605529785,0.8617186546325684,0.8640264272689819,0.8594231605529785,0.8617186546325684
./cnn/stories/148413cea62e91556d19e4bc9bd22a6ab10876e8.story,style,formality,2,2,0.862328290939331,0.8555433750152588,0.8589224219322205,0.9547065496444702,0.9531130790710449,0.953909158706665
./cnn/stories/148413cea62e91556d19e4bc9bd22a6ab10876e8.story,style,formality,2,3,0.8629488945007324,0.8531790971755981,0.8580362200737,0.9610432982444763,0.9562233686447144,0.9586273431777954
./cnn/stories/148413cea62e91556d19e4bc9bd22a6ab10876e8.story,style,paraphrase,0,1,0.8509634733200073,0.8117061853408813,0.8308713436126709,0.8509634733200073,0.8117061853408813,0.8308713436126709
./cnn/stories/148413cea62e91556d19e4bc9bd22a6ab10876e8.story,style,paraphrase,0,2,0.8500770926475525,0.8109965324401855,0.830077052116394,0.9524233341217041,0.9494068622589111,0.9509127140045166
./cnn/stories/148413cea62e91556d19e4bc9bd22a6ab10876e8.story,style,paraphrase,0,3,0.8547486662864685,0.8098425269126892,0.8316898345947266,0.9404870867729187,0.9275258183479309,0.9339615106582642
./cnn/stories/148413cea62e91556d19e4bc9bd22a6ab10876e8.story,style,paraphrase,1,1,0.8576513528823853,0.8112930059432983,0.833828330039978,0.8576513528823853,0.8112930059432983,0.833828330039978
./cnn/stories/148413cea62e91556d19e4bc9bd22a6ab10876e8.story,style,paraphrase,1,2,0.8609801530838013,0.8101432919502258,0.83478844165802,0.9504772424697876,0.938113272190094,0.9442547559738159
./cnn/stories/148413cea62e91556d19e4bc9bd22a6ab10876e8.story,style,paraphrase,1,3,0.8520607948303223,0.8086054921150208,0.8297646641731262,0.9590597152709961,0.9634005427360535,0.9612252116203308
./cnn/stories/148413cea62e91556d19e4bc9bd22a6ab10876e8.story,style,paraphrase,2,1,0.8624123930931091,0.8478937149047852,0.8550914525985718,0.8624123930931091,0.8478937149047852,0.8550914525985718
./cnn/stories/148413cea62e91556d19e4bc9bd22a6ab10876e8.story,style,paraphrase,2,2,0.8565775752067566,0.8341624736785889,0.8452214002609253,0.9222615957260132,0.9090574979782104,0.9156119227409363
./cnn/stories/148413cea62e91556d19e4bc9bd22a6ab10876e8.story,style,paraphrase,2,3,0.8558248281478882,0.8289819955825806,0.8421895503997803,0.924200713634491,0.9116081595420837,0.9178612232208252
./cnn/stories/148413cea62e91556d19e4bc9bd22a6ab10876e8.story,content,shorten,0,1,0.8577001094818115,0.8279486298561096,0.8425618410110474,0.8577001094818115,0.8279486298561096,0.8425618410110474
./cnn/stories/148413cea62e91556d19e4bc9bd22a6ab10876e8.story,content,shorten,0,2,0.8573092222213745,0.8192836046218872,0.8378652334213257,0.954736590385437,0.9385069012641907,0.9465520977973938
./cnn/stories/148413cea62e91556d19e4bc9bd22a6ab10876e8.story,content,shorten,0,3,0.8543109893798828,0.8148423433303833,0.8341100215911865,0.9728953242301941,0.9609994292259216,0.9669107794761658
./cnn/stories/148413cea62e91556d19e4bc9bd22a6ab10876e8.story,content,shorten,1,1,0.8542287349700928,0.8028077483177185,0.8277203440666199,0.8542287349700928,0.8028077483177185,0.8277203440666199
./cnn/stories/148413cea62e91556d19e4bc9bd22a6ab10876e8.story,content,shorten,1,2,0.8540377616882324,0.8014775514602661,0.8269233107566833,0.9467017650604248,0.9374147653579712,0.9420353770256042
./cnn/stories/148413cea62e91556d19e4bc9bd22a6ab10876e8.story,content,shorten,1,3,0.8599256277084351,0.8001136779785156,0.8289421200752258,0.9712258577346802,0.9599658250808716,0.9655629992485046
./cnn/stories/148413cea62e91556d19e4bc9bd22a6ab10876e8.story,content,shorten,2,1,0.8694732189178467,0.8488339781761169,0.8590296506881714,0.8694732189178467,0.8488339781761169,0.8590296506881714
./cnn/stories/148413cea62e91556d19e4bc9bd22a6ab10876e8.story,content,shorten,2,2,0.8625038862228394,0.8346166610717773,0.8483311533927917,0.9398863911628723,0.9226280450820923,0.9311772584915161
./cnn/stories/148413cea62e91556d19e4bc9bd22a6ab10876e8.story,content,shorten,2,3,0.8608452081680298,0.8323663473129272,0.846366286277771,0.9599114656448364,0.9545416831970215,0.9572190642356873
./cnn/stories/148413cea62e91556d19e4bc9bd22a6ab10876e8.story,content,elaborate,0,1,0.8550716638565063,0.8471332788467407,0.8510839939117432,0.8550716638565063,0.8471332788467407,0.8510839939117432
./cnn/stories/148413cea62e91556d19e4bc9bd22a6ab10876e8.story,content,elaborate,0,2,0.8504238128662109,0.8421037197113037,0.8462433218955994,0.9140774011611938,0.9140503406524658,0.9140638709068298
./cnn/stories/148413cea62e91556d19e4bc9bd22a6ab10876e8.story,content,elaborate,0,3,0.8469431400299072,0.838961124420166,0.8429332375526428,0.9253922700881958,0.9263783693313599,0.9258850812911987
./cnn/stories/148413cea62e91556d19e4bc9bd22a6ab10876e8.story,content,elaborate,1,1,0.862717866897583,0.8560686111450195,0.8593804240226746,0.862717866897583,0.8560686111450195,0.8593804240226746
./cnn/stories/148413cea62e91556d19e4bc9bd22a6ab10876e8.story,content,elaborate,1,2,0.8559228777885437,0.8434927463531494,0.8496623039245605,0.9269699454307556,0.9222346544265747,0.9245962500572205
./cnn/stories/148413cea62e91556d19e4bc9bd22a6ab10876e8.story,content,elaborate,1,3,0.8514770269393921,0.8388005495071411,0.8450912237167358,0.9185304045677185,0.9149140119552612,0.9167186617851257
./cnn/stories/148413cea62e91556d19e4bc9bd22a6ab10876e8.story,content,elaborate,2,1,0.8752512335777283,0.8717420697212219,0.8734931349754333,0.8752512335777283,0.8717420697212219,0.8734931349754333
./cnn/stories/148413cea62e91556d19e4bc9bd22a6ab10876e8.story,content,elaborate,2,2,0.8691784739494324,0.8668555617332458,0.868015468120575,0.9216501712799072,0.9206644296646118,0.9211570620536804
./cnn/stories/148413cea62e91556d19e4bc9bd22a6ab10876e8.story,content,elaborate,2,3,0.8710442781448364,0.8651736378669739,0.8680989742279053,0.9325315952301025,0.9293130040168762,0.9309195280075073
./cnn/stories/63f60ddf050d9f97a492c601b2dd1a23072a01f9.story,style,formality,0,1,0.9160879254341125,0.9190737009048462,0.9175783395767212,0.9160879254341125,0.9190737009048462,0.9175783395767212
./cnn/stories/63f60ddf050d9f97a492c601b2dd1a23072a01f9.story,style,formality,0,2,0.9014396667480469,0.8970861434936523,0.8992576599121094,0.9292334914207458,0.9171822667121887,0.9231685996055603
./cnn/stories/63f60ddf050d9f97a492c601b2dd1a23072a01f9.story,style,formality,0,3,0.8896307945251465,0.8852794170379639,0.8874498009681702,0.960861325263977,0.9573265910148621,0.9590907096862793
./cnn/stories/63f60ddf050d9f97a492c601b2dd1a23072a01f9.story,style,formality,1,1,0.911895751953125,0.9149970412254333,0.9134437441825867,0.911895751953125,0.9149970412254333,0.9134437441825867
./cnn/stories/63f60ddf050d9f97a492c601b2dd1a23072a01f9.story,style,formality,1,2,0.8942669630050659,0.8889272212982178,0.8915891051292419,0.9351146221160889,0.9215792417526245,0.9282976388931274
./cnn/stories/63f60ddf050d9f97a492c601b2dd1a23072a01f9.story,style,formality,1,3,0.8910801410675049,0.8807215690612793,0.8858705759048462,0.959543764591217,0.9469223618507385,0.9531912803649902
./cnn/stories/63f60ddf050d9f97a492c601b2dd1a23072a01f9.story,style,formality,2,1,0.8907115459442139,0.8834928274154663,0.8870874643325806,0.8907115459442139,0.8834928274154663,0.8870874643325806
./cnn/stories/63f60ddf050d9f97a492c601b2dd1a23072a01f9.story,style,formality,2,2,0.8872464299201965,0.8829190135002136,0.8850774168968201,0.954993724822998,0.9616274833679199,0.9582991003990173
./cnn/stories/63f60ddf050d9f97a492c601b2dd1a23072a01f9.story,style,formality,2,3,0.8845870494842529,0.8799317479133606,0.8822532892227173,0.9677382707595825,0.9654831290245056,0.9666094183921814
./cnn/stories/63f60ddf050d9f97a492c601b2dd1a23072a01f9.story,style,paraphrase,0,1,0.8964017629623413,0.8487011194229126,0.8718994855880737,0.8964017629623413,0.8487011194229126,0.8718994855880737
./cnn/stories/63f60ddf050d9f97a492c601b2dd1a23072a01f9.story,style,paraphrase,0,2,0.8913604021072388,0.8441677093505859,0.8671224117279053,0.9549568891525269,0.9521039724349976,0.9535282850265503
./cnn/stories/63f60ddf050d9f97a492c601b2dd1a23072a01f9.story,style,paraphrase,0,3,0.8856059312820435,0.8433752655982971,0.8639748096466064,0.963566780090332,0.9688069820404053,0.9661797881126404
./cnn/stories/63f60ddf050d9f97a492c601b2dd1a23072a01f9.story,style,paraphrase,1,1,0.8934657573699951,0.8654541969299316,0.8792369365692139,0.8934657573699951,0.8654541969299316,0.8792369365692139
./cnn/stories/63f60ddf050d9f97a492c601b2dd1a23072a01f9.story,style,paraphrase,1,2,0.8891806602478027,0.8606007099151611,0.8746572732925415,0.9503298997879028,0.9476077556610107,0.9489668607711792
./cnn/stories/63f60ddf050d9f97a492c601b2dd1a23072a01f9.story,style,paraphrase,1,3,0.8883658647537231,0.8557370901107788,0.8717462420463562,0.969601571559906,0.9650293588638306,0.9673100709915161
./cnn/stories/63f60ddf050d9f97a492c601b2dd1a23072a01f9.story,style,paraphrase,2,1,0.8965029716491699,0.898666501045227,0.8975834250450134,0.8965029716491699,0.898666501045227,0.8975834250450134
./cnn/stories/63f60ddf050d9f97a492c601b2dd1a23072a01f9.story,style,paraphrase,2,2,0.8926493525505066,0.896669328212738,0.8946548104286194,0.9491418600082397,0.9526525139808655,0.9508939385414124
./cnn/stories/63f60ddf050d9f97a492c601b2dd1a23072a01f9.story,style,paraphrase,2,3,0.8917075991630554,0.8919188976287842,0.8918132185935974,0.9500864148139954,0.9462333917617798,0.9481559991836548
./cnn/stories/63f60ddf050d9f97a492c601b2dd1a23072a01f9.story,content,shorten,0,1,0.890359103679657,0.846754789352417,0.8680096864700317,0.890359103679657,0.846754789352417,0.8680096864700317
./cnn/stories/63f60ddf050d9f97a492c601b2dd1a23072a01f9.story,content,shorten,0,2,0.8825782537460327,0.8397598266601562,0.860636830329895,0.9781787395477295,0.9689595699310303,0.9735473394393921
./cnn/stories/63f60ddf050d9f97a492c601b2dd1a23072a01f9.story,content,shorten,0,3,0.8819810152053833,0.8381991982460022,0.85953289270401,0.9788553714752197,0.9691842198371887,0.9739958047866821
./cnn/stories/63f60ddf050d9f97a492c601b2dd1a23072a01f9.story,content,shorten,1,1,0.8882373571395874,0.8479855060577393,0.8676448464393616,0.8882373571395874,0.8479855060577393,0.8676448464393616
./cnn/stories/63f60ddf050d9f97a492c601b2dd1a23072a01f9.story,content,shorten,1,2,0.8817229270935059,0.8307280540466309,0.8554661870002747,0.9626092314720154,0.9311686754226685,0.9466280341148376
./cnn/stories/63f60ddf050d9f97a492c601b2dd1a23072a01f9.story,content,shorten,1,3,0.8762531280517578,0.8197528123855591,0.847061812877655,0.9720515012741089,0.9582898616790771,0.9651216268539429
./cnn/stories/63f60ddf050d9f97a492c601b2dd1a23072a01f9.story,content,shorten,2,1,0.8908953070640564,0.8748308420181274,0.8827900290489197,0.8908953070640564,0.8748308420181274,0.8827900290489197
./cnn/stories/63f60ddf050d9f97a492c601b2dd1a23072a01f9.story,content,shorten,2,2,0.8881673216819763,0.8703246712684631,0.8791554570198059,0.9727780818939209,0.9643865823745728,0.9685641527175903
./cnn/stories/63f60ddf050d9f97a492c601b2dd1a23072a01f9.story,content,shorten,2,3,0.8881730437278748,0.8663305640220642,0.8771158456802368,0.9759150743484497,0.9711318016052246,0.9735175371170044
./cnn/stories/63f60ddf050d9f97a492c601b2dd1a23072a01f9.story,content,elaborate,0,1,0.8910903930664062,0.8942960500717163,0.8926903009414673,0.8910903930664062,0.8942960500717163,0.8926903009414673
./cnn/stories/63f60ddf050d9f97a492c601b2dd1a23072a01f9.story,content,elaborate,0,2,0.8930491209030151,0.8944071531295776,0.8937276005744934,0.936219334602356,0.9316530227661133,0.9339306354522705
./cnn/stories/63f60ddf050d9f97a492c601b2dd1a23072a01f9.story,content,elaborate,0,3,0.8847182989120483,0.8868750333786011,0.8857953548431396,0.9381558895111084,0.9378711581230164,0.9380134344100952
./cnn/stories/63f60ddf050d9f97a492c601b2dd1a23072a01f9.story,content,elaborate,1,1,0.8968963623046875,0.8921356797218323,0.8945097327232361,0.8968963623046875,0.8921356797218323,0.8945097327232361
./cnn/stories/63f60ddf050d9f97a492c601b2dd1a23072a01f9.story,content,elaborate,1,2,0.8836841583251953,0.8821430802345276,0.8829129934310913,0.9418970346450806,0.9456536769866943,0.9437716007232666
./cnn/stories/63f60ddf050d9f97a492c601b2dd1a23072a01f9.story,content,elaborate,1,3,0.8823566436767578,0.8770602941513062,0.8797005414962769,0.9556577205657959,0.9507849216461182,0.9532150626182556
./cnn/stories/63f60ddf050d9f97a492c601b2dd1a23072a01f9.story,content,elaborate,2,1,0.8985691070556641,0.9020892381668091,0.9003257155418396,0.8985691070556641,0.9020892381668091,0.9003257155418396
./cnn/stories/63f60ddf050d9f97a492c601b2dd1a23072a01f9.story,content,elaborate,2,2,0.8911538124084473,0.8890499472618103,0.8901005983352661,0.9441514015197754,0.9401071071624756,0.9421249628067017
./cnn/stories/63f60ddf050d9f97a492c601b2dd1a23072a01f9.story,content,elaborate,2,3,0.8913642168045044,0.8917162418365479,0.8915402293205261,0.9626724123954773,0.9642962217330933,0.9634836912155151
./cnn/stories/8c9b2fa0e48aec77fbb7779a811091acafe9d2f1.story,style,formality,0,1,0.9357181787490845,0.9424020648002625,0.9390482902526855,0.9357181787490845,0.9424020648002625,0.9390482902526855
./cnn/stories/8c9b2fa0e48aec77fbb7779a811091acafe9d2f1.story,style,formality,0,2,0.9318349957466125,0.9242100715637207,0.9280068874359131,0.9529606699943542,0.936850905418396,0.9448371529579163
./cnn/stories/8c9b2fa0e48aec77fbb7779a811091acafe9d2f1.story,style,formality,0,3,0.9284619688987732,0.9195643663406372,0.9239917993545532,0.9722943902015686,0.9716318845748901,0.9719629883766174
./cnn/stories/8c9b2fa0e48aec77fbb7779a811091acafe9d2f1.story,style,formality,1,1,0.9420256614685059,0.9305614233016968,0.9362584352493286,0.9420256614685059,0.9305614233016968,0.9362584352493286
./cnn/stories/8c9b2fa0e48aec77fbb7779a811091acafe9d2f1.story,style,formality,1,2,0.9246596097946167,0.901016354560852,0.9126849174499512,0.9450885057449341,0.929614782333374,0.9372877478599548
./cnn/stories/8c9b2fa0e48aec77fbb7779a811091acafe9d2f1.story,style,formality,1,3,0.9075602293014526,0.8948090672492981,0.9011395573616028,0.9537162184715271,0.9643299579620361,0.958993673324585
./cnn/stories/8c9b2fa0e48aec77fbb7779a811091acafe9d2f1.story,style,formality,2,1,0.935674786567688,0.8928610682487488,0.9137667417526245,0.935674786567688,0.8928610682487488,0.9137667417526245
./cnn/stories/8c9b2fa0e48aec77fbb7779a811091acafe9d2f1.story,style,formality,2,2,0.9313507676124573,0.8895364999771118,0.9099635481834412,0.9800787568092346,0.9784752130508423,0.9792762994766235
./cnn/stories/8c9b2fa0e48aec77fbb7779a811091acafe9d2f1.story,style,formality,2,3,0.9240297079086304,0.8865745067596436,0.9049147367477417,0.9751311540603638,0.9763277769088745,0.9757291078567505
./cnn/stories/8c9b2fa0e48aec77fbb7779a811091acafe9d2f1.story,style,paraphrase,0,1,0.9071477055549622,0.8585180640220642,0.8821632266044617,0.9071477055549622,0.8585180640220642,0.8821632266044617
./cnn/stories/8c9b2fa0e48aec77fbb7779a811091acafe9d2f1.story,style,paraphrase,0,2,0.8963607549667358,0.8491373062133789,0.8721102476119995,0.9493381381034851,0.9490303993225098,0.9491841793060303
./cnn/stories/8c9b2fa0e48aec77fbb7779a811091acafe9d2f1.story,style,paraphrase,0,3,0.8966391086578369,0.8438920378684998,0.8694663047790527,0.9544134140014648,0.9435909390449524,0.9489713907241821
./cnn/stories/8c9b2fa0e48aec77fbb7779a811091acafe9d2f1.story,style,paraphrase,1,1,0.9339286088943481,0.9196359515190125,0.9267271757125854,0.9339286088943481,0.9196359515190125,0.9267271757125854
./cnn/stories/8c9b2fa0e48aec77fbb7779a811091acafe9d2f1.story,style,paraphrase,1,2,0.9199902415275574,0.907782256603241,0.9138454794883728,0.9616867899894714,0.9625871181488037,0.9621367454528809
./cnn/stories/8c9b2fa0e48aec77fbb7779a811091acafe9d2f1.story,style,paraphrase,1,3,0.9136877059936523,0.9044474363327026,0.909044086933136,0.9671981334686279,0.9678187370300293,0.9675083160400391
./cnn/stories/8c9b2fa0e48aec77fbb7779a811091acafe9d2f1.story,style,paraphrase,2,1,0.9165176153182983,0.8734500408172607,0.8944656848907471,0.9165176153182983,0.8734500408172607,0.8944656848907471
./cnn/stories/8c9b2fa0e48aec77fbb7779a811091acafe9d2f1.story,style,paraphrase,2,2,0.910226583480835,0.8684876561164856,0.8888674378395081,0.9705100059509277,0.9706290364265442,0.9705695509910583
./cnn/stories/8c9b2fa0e48aec77fbb7779a811091acafe9d2f1.story,style,paraphrase,2,3,0.9078241586685181,0.869591236114502,0.8882964849472046,0.9718194007873535,0.9752506017684937,0.97353196144104
./cnn/stories/8c9b2fa0e48aec77fbb7779a811091acafe9d2f1.story,content,shorten,0,1,0.9388462901115417,0.8559554219245911,0.8954867124557495,0.9388462901115417,0.8559553623199463,0.8954866528511047
./cnn/stories/8c9b2fa0e48aec77fbb7779a811091acafe9d2f1.story,content,shorten,0,2,0.9283862709999084,0.8350706100463867,0.879259467124939,0.9706754684448242,0.945395827293396,0.9578688740730286
./cnn/stories/8c9b2fa0e48aec77fbb7779a811091acafe9d2f1.story,content,shorten,0,3,0.919924259185791,0.8265470266342163,0.8707394003868103,0.9764601588249207,0.9700955152511597,0.9732674360275269
./cnn/stories/8c9b2fa0e48aec77fbb7779a811091acafe9d2f1.story,content,shorten,1,1,0.9174275398254395,0.8249616622924805,0.8687410950660706,0.9174275398254395,0.8249617218971252,0.8687411546707153
./cnn/stories/8c9b2fa0e48aec77fbb7779a811091acafe9d2f1.story,content,shorten,1,2,0.9086329340934753,0.8090288043022156,0.855942964553833,0.962186336517334,0.9289435148239136,0.9452727437019348
./cnn/stories/8c9b2fa0e48aec77fbb7779a811091acafe9d2f1.story,content,shorten,1,3,0.9056348204612732,0.8077480792999268,0.8538952469825745,0.9813615083694458,0.9759427309036255,0.978644609451294
./cnn/stories/8c9b2fa0e48aec77fbb7779a811091acafe9d2f1.story,content,shorten,2,1,0.9199055433273315,0.8760995864868164,0.8974683284759521,0.9199055433273315,0.8760995864868164,0.8974683284759521
./cnn/stories/8c9b2fa0e48aec77fbb7779a811091acafe9d2f1.story,content,shorten,2,2,0.91387939453125,0.8687368035316467,0.8907365202903748,0.9820497035980225,0.9750057458877563,0.9785150289535522
./cnn/stories/8c9b2fa0e48aec77fbb7779a811091acafe9d2f1.story,content,shorten,2,3,0.909650981426239,0.8623340129852295,0.8853607177734375,0.9839668273925781,0.9773184657096863,0.9806313514709473
./cnn/stories/8c9b2fa0e48aec77fbb7779a811091acafe9d2f1.story,content,elaborate,0,1,0.9251400828361511,0.9047357439994812,0.9148241281509399,0.9251400828361511,0.9047356843948364,0.9148241281509399
./cnn/stories/8c9b2fa0e48aec77fbb7779a811091acafe9d2f1.story,content,elaborate,0,2,0.9057339429855347,0.8954150676727295,0.9005449414253235,0.9493297934532166,0.9541832208633423,0.9517503380775452
./cnn/stories/8c9b2fa0e48aec77fbb7779a811091acafe9d2f1.story,content,elaborate,0,3,0.8897282481193542,0.882754921913147,0.8862279057502747,0.9513764381408691,0.9567050337791443,0.9540333151817322
./cnn/stories/8c9b2fa0e48aec77fbb7779a811091acafe9d2f1.story,content,elaborate,1,1,0.914315938949585,0.8425256609916687,0.8769540190696716,0.914315938949585,0.8425256013870239,0.8769540190696716
./cnn/stories/8c9b2fa0e48aec77fbb7779a811091acafe9d2f1.story,content,elaborate,1,2,0.8983866572380066,0.8481549024581909,0.8725484609603882,0.9209811687469482,0.9415051937103271,0.9311301112174988
./cnn/stories/8c9b2fa0e48aec77fbb7779a811091acafe9d2f1.story,content,elaborate,1,3,0.8950668573379517,0.8486349582672119,0.8712326884269714,0.9555172920227051,0.9583024382591248,0.9569078087806702
./cnn/stories/8c9b2fa0e48aec77fbb7779a811091acafe9d2f1.story,content,elaborate,2,1,0.9185141324996948,0.8995085954666138,0.9089120030403137,0.9185141324996948,0.8995085954666138,0.9089120030403137
./cnn/stories/8c9b2fa0e48aec77fbb7779a811091acafe9d2f1.story,content,elaborate,2,2,0.9055085778236389,0.9013972282409668,0.903448224067688,0.9451901912689209,0.9616808891296387,0.9533642530441284
./cnn/stories/8c9b2fa0e48aec77fbb7779a811091acafe9d2f1.story,content,elaborate,2,3,0.9059423208236694,0.9014722108840942,0.9037017226219177,0.9727985858917236,0.9708274006843567,0.9718120098114014
./cnn/stories/d0fa8b17b57dd9628bea6c74b89d389b653a3612.story,style,formality,0,1,0.865330696105957,0.8659448623657227,0.8656376600265503,0.865330696105957,0.8659448623657227,0.8656376600265503
./cnn/stories/d0fa8b17b57dd9628bea6c74b89d389b653a3612.story,style,formality,0,2,0.8527208566665649,0.857984185218811,0.8553444743156433,0.9320372343063354,0.937145471572876,0.934584379196167
./cnn/stories/d0fa8b17b57dd9628bea6c74b89d389b653a3612.story,style,formality,0,3,0.8467186093330383,0.8487640619277954,0.847740113735199,0.9524377584457397,0.9373248815536499,0.9448208808898926
./cnn/stories/d0fa8b17b57dd9628bea6c74b89d389b653a3612.story,style,formality,1,1,0.8685140013694763,0.8744325637817383,0.8714632391929626,0.8685140013694763,0.8744325637817383,0.8714632391929626
./cnn/stories/d0fa8b17b57dd9628bea6c74b89d389b653a3612.story,style,formality,1,2,0.847192645072937,0.8542317152023315,0.8506976366043091,0.9199178218841553,0.9237496256828308,0.9218297600746155
./cnn/stories/d0fa8b17b57dd9628bea6c74b89d389b653a3612.story,style,formality,1,3,0.8493732213973999,0.8519370555877686,0.8506532311439514,0.9714078903198242,0.9512531757354736,0.9612249135971069
./cnn/stories/d0fa8b17b57dd9628bea6c74b89d389b653a3612.story,style,formality,2,1,0.8558008074760437,0.8566820025444031,0.8562412261962891,0.8558008074760437,0.8566820025444031,0.8562412261962891
./cnn/stories/d0fa8b17b57dd9628bea6c74b89d389b653a3612.story,style,formality,2,2,0.8517628908157349,0.8523894548416138,0.8520760536193848,0.9533631205558777,0.9515902400016785,0.952475905418396
./cnn/stories/d0fa8b17b57dd9628bea6c74b89d389b653a3612.story,style,formality,2,3,0.8476113677024841,0.8518552780151367,0.849727988243103,0.9662955403327942,0.9676231145858765,0.9669588208198547
./cnn/stories/d0fa8b17b57dd9628bea6c74b89d389b653a3612.story,style,paraphrase,0,1,0.8623726963996887,0.8460367321968079,0.8541266322135925,0.8623726963996887,0.8460367321968079,0.8541266322135925
./cnn/stories/d0fa8b17b57dd9628bea6c74b89d389b653a3612.story,style,paraphrase,0,2,0.8578773736953735,0.8392646908760071,0.8484689593315125,0.953532338142395,0.9516071081161499,0.952568769454956
./cnn/stories/d0fa8b17b57dd9628bea6c74b89d389b653a3612.story,style,paraphrase,0,3,0.8540894389152527,0.8386834263801575,0.8463163375854492,0.9614434838294983,0.9611122012138367,0.9612777829170227
./cnn/stories/d0fa8b17b57dd9628bea6c74b89d389b653a3612.story,style,paraphrase,1,1,0.859607458114624,0.8564879894256592,0.8580449223518372,0.859607458114624,0.8564879894256592,0.8580449223518372
./cnn/stories/d0fa8b17b57dd9628bea6c74b89d389b653a3612.story,style,paraphrase,1,2,0.8455452919006348,0.8340844511985779,0.8397757411003113,0.94223952293396,0.922406792640686,0.9322176575660706
./cnn/stories/d0fa8b17b57dd9628bea6c74b89d389b653a3612.story,style,paraphrase,1,3,0.8433234095573425,0.8319940567016602,0.8376203775405884,0.9694249033927917,0.9714140892028809,0.9704184532165527
./cnn/stories/d0fa8b17b57dd9628bea6c74b89d389b653a3612.story,style,paraphrase,2,1,0.8578523397445679,0.8429683446884155,0.850345253944397,0.8578523397445679,0.8429683446884155,0.850345253944397
./cnn/stories/d0fa8b17b57dd9628bea6c74b89d389b653a3612.story,style,paraphrase,2,2,0.8484996557235718,0.8339394330978394,0.841156542301178,0.9341472387313843,0.924514889717102,0.9293060898780823
./cnn/stories/d0fa8b17b57dd9628bea6c74b89d389b653a3612.story,style,paraphrase,2,3,0.8469074964523315,0.8278339505195618,0.8372620940208435,0.9470944404602051,0.9389693140983582,0.9430143237113953
./cnn/stories/d0fa8b17b57dd9628bea6c74b89d389b653a3612.story,content,shorten,0,1,0.8652793765068054,0.8526291251182556,0.8589076399803162,0.8652793765068054,0.8526291251182556,0.8589076399803162
./cnn/stories/d0fa8b17b57dd9628bea6c74b89d389b653a3612.story,content,shorten,0,2,0.8524404764175415,0.8378610610961914,0.8450878858566284,0.9573723673820496,0.9388759732246399,0.9480339288711548
./cnn/stories/d0fa8b17b57dd9628bea6c74b89d389b653a3612.story,content,shorten,0,3,0.8432694673538208,0.8212146759033203,0.8320959210395813,0.9675132632255554,0.9496384859085083,0.9584925770759583
./cnn/stories/d0fa8b17b57dd9628bea6c74b89d389b653a3612.story,content,shorten,1,1,0.8676902651786804,0.845693826675415,0.8565508127212524,0.8676902651786804,0.845693826675415,0.8565508127212524
./cnn/stories/d0fa8b17b57dd9628bea6c74b89d389b653a3612.story,content,shorten,1,2,0.8576979041099548,0.8190677165985107,0.8379378318786621,0.9445656538009644,0.9035634398460388,0.923609733581543
./cnn/stories/d0fa8b17b57dd9628bea6c74b89d389b653a3612.story,content,shorten,1,3,0.8607896566390991,0.8159046173095703,0.8377463221549988,0.9772272109985352,0.9592825770378113,0.9681717157363892
./cnn/stories/d0fa8b17b57dd9628bea6c74b89d389b653a3612.story,content,shorten,2,1,0.8632782697677612,0.8489875197410583,0.8560733199119568,0.8632782697677612,0.8489875197410583,0.8560733199119568
./cnn/stories/d0fa8b17b57dd9628bea6c74b89d389b653a3612.story,content,shorten,2,2,0.8602502346038818,0.8415046334266663,0.8507742285728455,0.946579098701477,0.9325125813484192,0.9394931793212891
./cnn/stories/d0fa8b17b57dd9628bea6c74b89d389b653a3612.story,content,shorten,2,3,0.8644656538963318,0.8318799734115601,0.8478598594665527,0.9534404873847961,0.9241225719451904,0.9385526776313782
./cnn/stories/d0fa8b17b57dd9628bea6c74b89d389b653a3612.story,content,elaborate,0,1,0.8513659238815308,0.8466116189956665,0.8489820957183838,0.8513659238815308,0.8466116189956665,0.8489820957183838
./cnn/stories/d0fa8b17b57dd9628bea6c74b89d389b653a3612.story,content,elaborate,0,2,0.8455919027328491,0.8409292697906494,0.8432541489601135,0.9325054883956909,0.9334862232208252,0.9329955577850342
./cnn/stories/d0fa8b17b57dd9628bea6c74b89d389b653a3612.story,content,elaborate,0,3,0.8425226211547852,0.838676929473877,0.8405954241752625,0.9234095215797424,0.9228183031082153,0.9231138229370117
./cnn/stories/d0fa8b17b57dd9628bea6c74b89d389b653a3612.story,content,elaborate,1,1,0.8500800728797913,0.8460894823074341,0.8480800986289978,0.8500800728797913,0.8460894823074341,0.8480800986289978
./cnn/stories/d0fa8b17b57dd9628bea6c74b89d389b653a3612.story,content,elaborate,1,2,0.8492234945297241,0.8453705906867981,0.8472926020622253,0.942558765411377,0.9412155151367188,0.9418866634368896
./cnn/stories/d0fa8b17b57dd9628bea6c74b89d389b653a3612.story,content,elaborate,1,3,0.8417916297912598,0.8354198932647705,0.8385936617851257,0.9567749500274658,0.9525108933448792,0.9546381831169128
./cnn/stories/d0fa8b17b57dd9628bea6c74b89d389b653a3612.story,content,elaborate,2,1,0.8572621941566467,0.8578845262527466,0.8575732111930847,0.8572621941566467,0.8578845262527466,0.8575732111930847
./cnn/stories/d0fa8b17b57dd9628bea6c74b89d389b653a3612.story,content,elaborate,2,2,0.8526822328567505,0.858573317527771,0.8556176424026489,0.9472401142120361,0.9505007863044739,0.948867678642273
./cnn/stories/d0fa8b17b57dd9628bea6c74b89d389b653a3612.story,content,elaborate,2,3,0.8523027896881104,0.8502823114395142,0.8512913584709167,0.9313801527023315,0.928984522819519,0.9301808476448059
./cnn/stories/5852e143b34cc30e94aed29193fc2e1dce37b1b1.story,style,formality,0,1,0.9174820184707642,0.892345130443573,0.9047390818595886,0.9174820184707642,0.892345130443573,0.9047390818595886
./cnn/stories/5852e143b34cc30e94aed29193fc2e1dce37b1b1.story,style,formality,0,2,0.9126206636428833,0.8905925154685974,0.9014720320701599,0.9606941938400269,0.9639810919761658,0.9623348712921143
./cnn/stories/5852e143b34cc30e94aed29193fc2e1dce37b1b1.story,style,formality,0,3,0.90980464220047,0.8881263732910156,0.8988348245620728,0.9723134636878967,0.9745772480964661,0.9734440445899963
./cnn/stories/5852e143b34cc30e94aed29193fc2e1dce37b1b1.story,style,formality,1,1,0.9153504371643066,0.9018572568893433,0.9085537791252136,0.9153504371643066,0.9018572568893433,0.9085537791252136
./cnn/stories/5852e143b34cc30e94aed29193fc2e1dce37b1b1.story,style,formality,1,2,0.9109486937522888,0.890372097492218,0.9005429148674011,0.9602333307266235,0.9532366991043091,0.9567221999168396
./cnn/stories/5852e143b34cc30e94aed29193fc2e1dce37b1b1.story,style,formality,1,3,0.911699116230011,0.8868160843849182,0.899085521697998,0.974397599697113,0.9698039889335632,0.9720953702926636
./cnn/stories/5852e143b34cc30e94aed29193fc2e1dce37b1b1.story,style,formality,2,1,0.9304172396659851,0.9236594438552856,0.9270260334014893,0.9304172396659851,0.9236594438552856,0.9270260334014893
./cnn/stories/5852e143b34cc30e94aed29193fc2e1dce37b1b1.story,style,formality,2,2,0.9113181829452515,0.9022085666656494,0.9067404866218567,0.9558534622192383,0.9517414569854736,0.9537930488586426
./cnn/stories/5852e143b34cc30e94aed29193fc2e1dce37b1b1.story,style,formality,2,3,0.9069940447807312,0.8991606831550598,0.9030603766441345,0.9757999777793884,0.9766350984573364,0.9762173891067505
./cnn/stories/5852e143b34cc30e94aed29193fc2e1dce37b1b1.story,style,paraphrase,0,1,0.9179179668426514,0.8925103545188904,0.9050358533859253,0.9179179668426514,0.8925103545188904,0.9050358533859253
./cnn/stories/5852e143b34cc30e94aed29193fc2e1dce37b1b1.story,style,paraphrase,0,2,0.9185463786125183,0.8867459297180176,0.902366042137146,0.959505558013916,0.9540183544158936,0.9567540884017944
./cnn/stories/5852e143b34cc30e94aed29193fc2e1dce37b1b1.story,style,paraphrase,0,3,0.9151427745819092,0.8857258558273315,0.9001940488815308,0.9700077772140503,0.9708245396614075,0.9704159498214722
./cnn/stories/5852e143b34cc30e94aed29193fc2e1dce37b1b1.story,style,paraphrase,1,1,0.9211025238037109,0.8987954258918762,0.9098122715950012,0.9211025238037109,0.8987954258918762,0.9098122715950012
./cnn/stories/5852e143b34cc30e94aed29193fc2e1dce37b1b1.story,style,paraphrase,1,2,0.9189761877059937,0.890117883682251,0.9043169021606445,0.9585759043693542,0.9488204121589661,0.953673243522644
./cnn/stories/5852e143b34cc30e94aed29193fc2e1dce37b1b1.story,style,paraphrase,1,3,0.9124295711517334,0.8878751397132874,0.8999848961830139,0.9652291536331177,0.9681702852249146,0.9666974544525146
./cnn/stories/5852e143b34cc30e94aed29193fc2e1dce37b1b1.story,style,paraphrase,2,1,0.9151684641838074,0.8981559872627258,0.9065824151039124,0.9151684641838074,0.8981559872627258,0.9065824151039124
./cnn/stories/5852e143b34cc30e94aed29193fc2e1dce37b1b1.story,style,paraphrase,2,2,0.9111760854721069,0.8909856081008911,0.9009677171707153,0.9583887457847595,0.9561682939529419,0.9572772979736328
./cnn/stories/5852e143b34cc30e94aed29193fc2e1dce37b1b1.story,style,paraphrase,2,3,0.9109076261520386,0.8891528844833374,0.8998988270759583,0.9604749083518982,0.9577552676200867,0.9591131210327148
./cnn/stories/5852e143b34cc30e94aed29193fc2e1dce37b1b1.story,content,shorten,0,1,0.9270061254501343,0.8650164604187012,0.8949390649795532,0.9270061254501343,0.8650164604187012,0.8949390649795532
./cnn/stories/5852e143b34cc30e94aed29193fc2e1dce37b1b1.story,content,shorten,0,2,0.9200652837753296,0.8583077788352966,0.8881142139434814,0.9845657348632812,0.9778529405593872,0.9811978936195374
./cnn/stories/5852e143b34cc30e94aed29193fc2e1dce37b1b1.story,content,shorten,0,3,0.9179598093032837,0.8539008498191833,0.8847724199295044,0.9743579626083374,0.9664740562438965,0.9703999757766724
./cnn/stories/5852e143b34cc30e94aed29193fc2e1dce37b1b1.story,content,shorten,1,1,0.9196317791938782,0.8842325210571289,0.9015848636627197,0.9196317791938782,0.8842325210571289,0.9015848636627197
./cnn/stories/5852e143b34cc30e94aed29193fc2e1dce37b1b1.story,content,shorten,1,2,0.9122895002365112,0.8611315488815308,0.8859726190567017,0.9656550288200378,0.9384253025054932,0.9518454074859619
./cnn/stories/5852e143b34cc30e94aed29193fc2e1dce37b1b1.story,content,shorten,1,3,0.9022908210754395,0.84112548828125,0.8706352114677429,0.969497561454773,0.954902172088623,0.9621445536613464
./cnn/stories/5852e143b34cc30e94aed29193fc2e1dce37b1b1.story,content,shorten,2,1,0.9212621450424194,0.8909090757369995,0.9058313965797424,0.9212621450424194,0.8909090757369995,0.9058313965797424
./cnn/stories/5852e143b34cc30e94aed29193fc2e1dce37b1b1.story,content,shorten,2,2,0.9134886264801025,0.8784173727035522,0.8956097364425659,0.9678897857666016,0.9617488384246826,0.9648095369338989
./cnn/stories/5852e143b34cc30e94aed29193fc2e1dce37b1b1.story,content,shorten,2,3,0.9098171591758728,0.8763638734817505,0.8927773237228394,0.9833616614341736,0.9814814925193787,0.9824206829071045
./cnn/stories/5852e143b34cc30e94aed29193fc2e1dce37b1b1.story,content,elaborate,0,1,0.9080800414085388,0.8984057903289795,0.9032170176506042,0.9080800414085388,0.8984057903289795,0.9032170176506042
./cnn/stories/5852e143b34cc30e94aed29193fc2e1dce37b1b1.story,content,elaborate,0,2,0.8913036584854126,0.8932938575744629,0.8922976851463318,0.9354812502861023,0.9474571943283081,0.9414311647415161
./cnn/stories/5852e143b34cc30e94aed29193fc2e1dce37b1b1.story,content,elaborate,0,3,0.8861987590789795,0.8865527510643005,0.8863756656646729,0.9572487473487854,0.9592853784561157,0.9582659006118774
./cnn/stories/5852e143b34cc30e94aed29193fc2e1dce37b1b1.story,content,elaborate,1,1,0.9058013558387756,0.8673366904258728,0.8861518502235413,0.9058013558387756,0.8673366904258728,0.8861518502235413
./cnn/stories/5852e143b34cc30e94aed29193fc2e1dce37b1b1.story,content,elaborate,1,2,0.8891598582267761,0.8676713705062866,0.878284215927124,0.9320768713951111,0.9486280679702759,0.9402796626091003
./cnn/stories/5852e143b34cc30e94aed29193fc2e1dce37b1b1.story,content,elaborate,1,3,0.8927602767944336,0.8667036294937134,0.8795390129089355,0.9531131982803345,0.9492172598838806,0.95116126537323
./cnn/stories/5852e143b34cc30e94aed29193fc2e1dce37b1b1.story,content,elaborate,2,1,0.921434223651886,0.9101923704147339,0.9157787561416626,0.921434223651886,0.9101923704147339,0.9157787561416626
./cnn/stories/5852e143b34cc30e94aed29193fc2e1dce37b1b1.story,content,elaborate,2,2,0.9002348184585571,0.8842090368270874,0.8921499848365784,0.9400333762168884,0.929063081741333,0.9345160126686096
./cnn/stories/5852e143b34cc30e94aed29193fc2e1dce37b1b1.story,content,elaborate,2,3,0.8794079422950745,0.881293773651123,0.88034987449646,0.9292699098587036,0.9530788660049438,0.9410238265991211
./cnn/stories/238128396a88a7293a0d8069bf7a791b10d4ae92.story,style,formality,0,1,0.8938935399055481,0.8802201747894287,0.8870041966438293,0.8938935399055481,0.8802201747894287,0.8870041966438293
./cnn/stories/238128396a88a7293a0d8069bf7a791b10d4ae92.story,style,formality,0,2,0.8865317106246948,0.8762723207473755,0.8813721537590027,0.9790558218955994,0.9834264516830444,0.9812363386154175
./cnn/stories/238128396a88a7293a0d8069bf7a791b10d4ae92.story,style,formality,0,3,0.8785372972488403,0.8716471195220947,0.8750786185264587,0.9725726842880249,0.9766620397567749,0.9746130704879761
./cnn/stories/238128396a88a7293a0d8069bf7a791b10d4ae92.story,style,formality,1,1,0.8938599228858948,0.8762563467025757,0.8849706053733826,0.8938599228858948,0.8762563467025757,0.8849706053733826
./cnn/stories/238128396a88a7293a0d8069bf7a791b10d4ae92.story,style,formality,1,2,0.882557213306427,0.8693073987960815,0.8758822083473206,0.9585914611816406,0.96261066198349,0.9605967998504639
./cnn/stories/238128396a88a7293a0d8069bf7a791b10d4ae92.story,style,formality,1,3,0.8851475715637207,0.8675069808959961,0.8762384653091431,0.9765186309814453,0.9727516770362854,0.9746315479278564
./cnn/stories/238128396a88a7293a0d8069bf7a791b10d4ae92.story,style,formality,2,1,0.8908885717391968,0.8768715858459473,0.8838244676589966,0.8908885717391968,0.8768715858459473,0.8838244676589966
./cnn/stories/238128396a88a7293a0d8069bf7a791b10d4ae92.story,style,formality,2,2,0.8785520195960999,0.8688548803329468,0.8736765384674072,0.9616869688034058,0.9660061597824097,0.9638417363166809
./cnn/stories/238128396a88a7293a0d8069bf7a791b10d4ae92.story,style,formality,2,3,0.8734435439109802,0.8642065525054932,0.8688004612922668,0.9752062559127808,0.9748317003250122,0.9750189185142517
./cnn/stories/238128396a88a7293a0d8069bf7a791b10d4ae92.story,style,paraphrase,0,1,0.8904262781143188,0.85035640001297,0.8699301481246948,0.8904262781143188,0.85035640001297,0.8699301481246948
./cnn/stories/238128396a88a7293a0d8069bf7a791b10d4ae92.story,style,paraphrase,0,2,0.8847521543502808,0.8434426784515381,0.8636037111282349,0.9561284184455872,0.9533253312110901,0.9547248482704163
./cnn/stories/238128396a88a7293a0d8069bf7a791b10d4ae92.story,style,paraphrase,0,3,0.883974552154541,0.8414221405982971,0.8621736168861389,0.961356520652771,0.9567135572433472,0.9590294361114502
./cnn/stories/238128396a88a7293a0d8069bf7a791b10d4ae92.story,style,paraphrase,1,1,0.8968653082847595,0.8642123937606812,0.8802361488342285,0.8968653082847595,0.8642123937606812,0.8802361488342285
./cnn/stories/238128396a88a7293a0d8069bf7a791b10d4ae92.story,style,paraphrase,1,2,0.8934684991836548,0.8623582124710083,0.8776377439498901,0.9629698991775513,0.9626001119613647,0.9627849459648132
./cnn/stories/238128396a88a7293a0d8069bf7a791b10d4ae92.story,style,paraphrase,1,3,0.8949435353279114,0.8589152097702026,0.876559317111969,0.9716440439224243,0.9624751806259155,0.9670379161834717
./cnn/stories/238128396a88a7293a0d8069bf7a791b10d4ae92.story,style,paraphrase,2,1,0.8897097110748291,0.8738497495651245,0.8817084431648254,0.8897097110748291,0.8738497495651245,0.8817084431648254
./cnn/stories/238128396a88a7293a0d8069bf7a791b10d4ae92.story,style,paraphrase,2,2,0.8794223666191101,0.867607831954956,0.8734751343727112,0.9546864032745361,0.9562519788742065,0.9554685354232788
./cnn/stories/238128396a88a7293a0d8069bf7a791b10d4ae92.story,style,paraphrase,2,3,0.8840763568878174,0.8626143932342529,0.873213529586792,0.9518254995346069,0.9395557045936584,0.9456507563591003
./cnn/stories/238128396a88a7293a0d8069bf7a791b10d4ae92.story,content,shorten,0,1,0.9007810354232788,0.8479949235916138,0.8735913038253784,0.9007810354232788,0.8479949235916138,0.8735913038253784
./cnn/stories/238128396a88a7293a0d8069bf7a791b10d4ae92.story,content,shorten,0,2,0.8988786339759827,0.8445174694061279,0.8708505630493164,0.9822943210601807,0.9785912036895752,0.980439305305481
./cnn/stories/238128396a88a7293a0d8069bf7a791b10d4ae92.story,content,shorten,0,3,0.8927428126335144,0.8418927788734436,0.8665724396705627,0.9900800585746765,0.987413227558136,0.988744854927063
./cnn/stories/238128396a88a7293a0d8069bf7a791b10d4ae92.story,content,shorten,1,1,0.8962172269821167,0.8342694044113159,0.8641345500946045,0.8962172269821167,0.8342694044113159,0.8641345500946045
./cnn/stories/238128396a88a7293a0d8069bf7a791b10d4ae92.story,content,shorten,1,2,0.8837057948112488,0.8223087787628174,0.851902425289154,0.9489667415618896,0.9303197264671326,0.9395506978034973
./cnn/stories/238128396a88a7293a0d8069bf7a791b10d4ae92.story,content,shorten,1,3,0.8832970261573792,0.8214447498321533,0.8512488007545471,0.9633288979530334,0.9555152058601379,0.9594061374664307
./cnn/stories/238128396a88a7293a0d8069bf7a791b10d4ae92.story,content,shorten,2,1,0.8929492235183716,0.866783618927002,0.8796718716621399,0.8929492235183716,0.866783618927002,0.8796718716621399
./cnn/stories/238128396a88a7293a0d8069bf7a791b10d4ae92.story,content,shorten,2,2,0.88823401927948,0.8593676686286926,0.8735624551773071,0.9772721529006958,0.9729853272438049,0.9751240015029907
./cnn/stories/238128396a88a7293a0d8069bf7a791b10d4ae92.story,content,shorten,2,3,0.8891304135322571,0.8558461666107178,0.8721708655357361,0.9796220660209656,0.9719412326812744,0.9757665395736694
./cnn/stories/238128396a88a7293a0d8069bf7a791b10d4ae92.story,content,elaborate,0,1,0.8941861987113953,0.8739659190177917,0.8839604258537292,0.8941861987113953,0.8739659190177917,0.8839604258537292
./cnn/stories/238128396a88a7293a0d8069bf7a791b10d4ae92.story,content,elaborate,0,2,0.8789567947387695,0.8651222586631775,0.871984601020813,0.9438116550445557,0.9527536630630493,0.948261559009552
./cnn/stories/238128396a88a7293a0d8069bf7a791b10d4ae92.story,content,elaborate,0,3,0.8800461888313293,0.8646870255470276,0.8722990155220032,0.9541290402412415,0.9569776058197021,0.9555512070655823
./cnn/stories/238128396a88a7293a0d8069bf7a791b10d4ae92.story,content,elaborate,1,1,0.8853167295455933,0.8567264676094055,0.8707869648933411,0.8853167295455933,0.8567264676094055,0.8707869648933411
./cnn/stories/238128396a88a7293a0d8069bf7a791b10d4ae92.story,content,elaborate,1,2,0.8676417469978333,0.8498198986053467,0.858638346195221,0.9249438047409058,0.9391295909881592,0.931982696056366
./cnn/stories/238128396a88a7293a0d8069bf7a791b10d4ae92.story,content,elaborate,1,3,0.8720456957817078,0.8526853322982788,0.8622568845748901,0.9554701447486877,0.9565237760543823,0.9559966921806335
./cnn/stories/238128396a88a7293a0d8069bf7a791b10d4ae92.story,content,elaborate,2,1,0.88938307762146,0.8783090114593506,0.8838112950325012,0.88938307762146,0.8783090114593506,0.8838112950325012
./cnn/stories/238128396a88a7293a0d8069bf7a791b10d4ae92.story,content,elaborate,2,2,0.8814947009086609,0.8730218410491943,0.8772377967834473,0.9448645710945129,0.9524823427200317,0.9486581683158875
./cnn/stories/238128396a88a7293a0d8069bf7a791b10d4ae92.story,content,elaborate,2,3,0.8799091577529907,0.8723657131195068,0.8761211633682251,0.9687654376029968,0.9698283076286316,0.9692965745925903
./cnn/stories/72f0c366e1f31b292d8fb0e9d8b9b1291955ce59.story,style,formality,0,1,0.9017518758773804,0.8903663158416748,0.8960229158401489,0.9017518758773804,0.8903663158416748,0.8960229158401489
./cnn/stories/72f0c366e1f31b292d8fb0e9d8b9b1291955ce59.story,style,formality,0,2,0.8953434228897095,0.885970950126648,0.8906325101852417,0.964163601398468,0.9645580649375916,0.964360773563385
./cnn/stories/72f0c366e1f31b292d8fb0e9d8b9b1291955ce59.story,style,formality,0,3,0.88933265209198,0.8805041909217834,0.8848963975906372,0.9597601890563965,0.9604501128196716,0.9601050019264221
./cnn/stories/72f0c366e1f31b292d8fb0e9d8b9b1291955ce59.story,style,formality,1,1,0.8987492918968201,0.8796590566635132,0.8891017436981201,0.8987492918968201,0.8796590566635132,0.8891017436981201
./cnn/stories/72f0c366e1f31b292d8fb0e9d8b9b1291955ce59.story,style,formality,1,2,0.8956587314605713,0.878516674041748,0.8870048522949219,0.9610161185264587,0.9626875519752502,0.9618511199951172
./cnn/stories/72f0c366e1f31b292d8fb0e9d8b9b1291955ce59.story,style,formality,1,3,0.8913853168487549,0.8733620643615723,0.8822816610336304,0.9700847864151001,0.9693794250488281,0.9697319865226746
./cnn/stories/72f0c366e1f31b292d8fb0e9d8b9b1291955ce59.story,style,formality,2,1,0.8988377451896667,0.8937007784843445,0.8962618708610535,0.8988377451896667,0.8937007784843445,0.8962618708610535
./cnn/stories/72f0c366e1f31b292d8fb0e9d8b9b1291955ce59.story,style,formality,2,2,0.888413667678833,0.8864103555679321,0.8874108791351318,0.9600703716278076,0.9613116979598999,0.9606906771659851
./cnn/stories/72f0c366e1f31b292d8fb0e9d8b9b1291955ce59.story,style,formality,2,3,0.8859047889709473,0.8746517896652222,0.8802423477172852,0.962451696395874,0.9512559175491333,0.956821084022522
./cnn/stories/72f0c366e1f31b292d8fb0e9d8b9b1291955ce59.story,style,paraphrase,0,1,0.8899783492088318,0.8434885740280151,0.86611008644104,0.8899783492088318,0.8434885740280151,0.86611008644104
./cnn/stories/72f0c366e1f31b292d8fb0e9d8b9b1291955ce59.story,style,paraphrase,0,2,0.8872687816619873,0.8410512804985046,0.8635420203208923,0.9532889127731323,0.9533910751342773,0.9533399939537048
./cnn/stories/72f0c366e1f31b292d8fb0e9d8b9b1291955ce59.story,style,paraphrase,0,3,0.8886125683784485,0.8439691066741943,0.8657156825065613,0.9612302780151367,0.9638926982879639,0.9625596404075623
./cnn/stories/72f0c366e1f31b292d8fb0e9d8b9b1291955ce59.story,style,paraphrase,1,1,0.8901854157447815,0.8723164200782776,0.881160318851471,0.8901854157447815,0.8723164200782776,0.881160318851471
./cnn/stories/72f0c366e1f31b292d8fb0e9d8b9b1291955ce59.story,style,paraphrase,1,2,0.8880977630615234,0.8632217645645142,0.8754830956459045,0.9479621648788452,0.9440709948539734,0.9460126161575317
./cnn/stories/72f0c366e1f31b292d8fb0e9d8b9b1291955ce59.story,style,paraphrase,1,3,0.8872869610786438,0.8656789064407349,0.8763497471809387,0.9503554701805115,0.9521036744117737,0.9512287974357605
./cnn/stories/72f0c366e1f31b292d8fb0e9d8b9b1291955ce59.story,style,paraphrase,2,1,0.911704421043396,0.8892697691917419,0.9003474116325378,0.911704421043396,0.8892697691917419,0.9003474116325378
./cnn/stories/72f0c366e1f31b292d8fb0e9d8b9b1291955ce59.story,style,paraphrase,2,2,0.9049474000930786,0.8805851936340332,0.8926001191139221,0.9552405476570129,0.9535612463951111,0.9544001817703247
./cnn/stories/72f0c366e1f31b292d8fb0e9d8b9b1291955ce59.story,style,paraphrase,2,3,0.8972779512405396,0.8755980134010315,0.8863053917884827,0.9628388285636902,0.9650123119354248,0.9639242887496948
./cnn/stories/72f0c366e1f31b292d8fb0e9d8b9b1291955ce59.story,content,shorten,0,1,0.9076900482177734,0.8587304353713989,0.8825317621231079,0.9076900482177734,0.8587304353713989,0.8825317621231079
./cnn/stories/72f0c366e1f31b292d8fb0e9d8b9b1291955ce59.story,content,shorten,0,2,0.9028295278549194,0.8494849801063538,0.8753452301025391,0.9735068678855896,0.9650979042053223,0.9692841172218323
./cnn/stories/72f0c366e1f31b292d8fb0e9d8b9b1291955ce59.story,content,shorten,0,3,0.8998693227767944,0.8445543646812439,0.8713348507881165,0.9743056893348694,0.9751045107841492,0.974704921245575
./cnn/stories/72f0c366e1f31b292d8fb0e9d8b9b1291955ce59.story,content,shorten,1,1,0.8878275752067566,0.846349835395813,0.8665927648544312,0.8878275752067566,0.846349835395813,0.8665927648544312
./cnn/stories/72f0c366e1f31b292d8fb0e9d8b9b1291955ce59.story,content,shorten,1,2,0.8837032914161682,0.8280613422393799,0.8549780249595642,0.9386127591133118,0.9211385250091553,0.9297935962677002
./cnn/stories/72f0c366e1f31b292d8fb0e9d8b9b1291955ce59.story,content,shorten,1,3,0.8863627910614014,0.8268911242485046,0.8555947542190552,0.9581463932991028,0.9538512229919434,0.9559940099716187
./cnn/stories/72f0c366e1f31b292d8fb0e9d8b9b1291955ce59.story,content,shorten,2,1,0.8962493538856506,0.8516486287117004,0.8733799457550049,0.8962493538856506,0.8516486287117004,0.8733799457550049
./cnn/stories/72f0c366e1f31b292d8fb0e9d8b9b1291955ce59.story,content,shorten,2,2,0.8910120725631714,0.8467198610305786,0.868301510810852,0.9607239961624146,0.9629679918289185,0.9618446826934814
./cnn/stories/72f0c366e1f31b292d8fb0e9d8b9b1291955ce59.story,content,shorten,2,3,0.88551926612854,0.8455933332443237,0.865095853805542,0.9730173349380493,0.9773267507553101,0.9751672744750977
./cnn/stories/72f0c366e1f31b292d8fb0e9d8b9b1291955ce59.story,content,elaborate,0,1,0.8948848247528076,0.852148711681366,0.872994065284729,0.8948848247528076,0.852148711681366,0.872994065284729
./cnn/stories/72f0c366e1f31b292d8fb0e9d8b9b1291955ce59.story,content,elaborate,0,2,0.8868367671966553,0.8551191091537476,0.8706892132759094,0.9195891618728638,0.9351962804794312,0.9273270964622498
./cnn/stories/72f0c366e1f31b292d8fb0e9d8b9b1291955ce59.story,content,elaborate,0,3,0.8800045847892761,0.8487706780433655,0.8641054630279541,0.9322019815444946,0.9288946986198425,0.930545449256897
./cnn/stories/72f0c366e1f31b292d8fb0e9d8b9b1291955ce59.story,content,elaborate,1,1,0.8983604907989502,0.8761143684387207,0.887097954750061,0.8983604907989502,0.8761143684387207,0.887097954750061
./cnn/stories/72f0c366e1f31b292d8fb0e9d8b9b1291955ce59.story,content,elaborate,1,2,0.8874621391296387,0.8691308498382568,0.8782008290290833,0.9511370062828064,0.9567432999610901,0.9539319276809692
./cnn/stories/72f0c366e1f31b292d8fb0e9d8b9b1291955ce59.story,content,elaborate,1,3,0.8837248682975769,0.8672430515289307,0.8754063844680786,0.9386186599731445,0.9439291954040527,0.9412664175033569
./cnn/stories/72f0c366e1f31b292d8fb0e9d8b9b1291955ce59.story,content,elaborate,2,1,0.8994060158729553,0.8767155408859253,0.887915849685669,0.8994060158729553,0.8767155408859253,0.887915849685669
./cnn/stories/72f0c366e1f31b292d8fb0e9d8b9b1291955ce59.story,content,elaborate,2,2,0.8830769062042236,0.8671436309814453,0.8750377297401428,0.9380157589912415,0.9470309019088745,0.9425017833709717
./cnn/stories/72f0c366e1f31b292d8fb0e9d8b9b1291955ce59.story,content,elaborate,2,3,0.8793549537658691,0.8647427558898926,0.8719877004623413,0.9490368366241455,0.9490550756454468,0.9490459561347961
./cnn/stories/01d2bc258d5e13d1742cc75bbfa8b224c9760cd0.story,style,formality,0,1,0.9243347644805908,0.9164689779281616,0.9203850626945496,0.9243347644805908,0.9164689779281616,0.9203850626945496
./cnn/stories/01d2bc258d5e13d1742cc75bbfa8b224c9760cd0.story,style,formality,0,2,0.9045455455780029,0.8981512784957886,0.9013370871543884,0.9516558647155762,0.9510836601257324,0.9513696432113647
./cnn/stories/01d2bc258d5e13d1742cc75bbfa8b224c9760cd0.story,style,formality,0,3,0.9001425504684448,0.8937258720397949,0.8969227075576782,0.9610025882720947,0.9602047204971313,0.9606034755706787
./cnn/stories/01d2bc258d5e13d1742cc75bbfa8b224c9760cd0.story,style,formality,1,1,0.9255192875862122,0.9166881442070007,0.9210825562477112,0.9255192875862122,0.9166881442070007,0.9210825562477112
./cnn/stories/01d2bc258d5e13d1742cc75bbfa8b224c9760cd0.story,style,formality,1,2,0.9090152978897095,0.9050979614257812,0.9070523977279663,0.9536731243133545,0.9577043056488037,0.9556844830513
./cnn/stories/01d2bc258d5e13d1742cc75bbfa8b224c9760cd0.story,style,formality,1,3,0.9027801752090454,0.8955599665641785,0.8991556167602539,0.9622617959976196,0.960960865020752,0.9616108536720276
./cnn/stories/01d2bc258d5e13d1742cc75bbfa8b224c9760cd0.story,style,formality,2,1,0.9073567390441895,0.875055193901062,0.8909132480621338,0.9073567390441895,0.875055193901062,0.8909132480621338
./cnn/stories/01d2bc258d5e13d1742cc75bbfa8b224c9760cd0.story,style,formality,2,2,0.8983484506607056,0.8663942217826843,0.8820820450782776,0.9572885036468506,0.9555333852767944,0.9564101696014404
./cnn/stories/01d2bc258d5e13d1742cc75bbfa8b224c9760cd0.story,style,formality,2,3,0.8973204493522644,0.8609535694122314,0.8787608742713928,0.9672918319702148,0.9585220813751221,0.9628869891166687
./cnn/stories/01d2bc258d5e13d1742cc75bbfa8b224c9760cd0.story,style,paraphrase,0,1,0.9348625540733337,0.9086484909057617,0.9215691089630127,0.9348625540733337,0.9086484909057617,0.9215691089630127
./cnn/stories/01d2bc258d5e13d1742cc75bbfa8b224c9760cd0.story,style,paraphrase,0,2,0.9232420921325684,0.9022297263145447,0.9126149415969849,0.9508805871009827,0.956933319568634,0.9538973569869995
./cnn/stories/01d2bc258d5e13d1742cc75bbfa8b224c9760cd0.story,style,paraphrase,0,3,0.9009088277816772,0.8846985101699829,0.8927301168441772,0.9376522898674011,0.936883807182312,0.9372679591178894
./cnn/stories/01d2bc258d5e13d1742cc75bbfa8b224c9760cd0.story,style,paraphrase,1,1,0.9298253059387207,0.9140350222587585,0.9218625426292419,0.9298253059387207,0.9140350222587585,0.9218625426292419
./cnn/stories/01d2bc258d5e13d1742cc75bbfa8b224c9760cd0.story,style,paraphrase,1,2,0.9226022362709045,0.9022043943405151,0.9122892618179321,0.9516271352767944,0.9455260038375854,0.948566734790802
./cnn/stories/01d2bc258d5e13d1742cc75bbfa8b224c9760cd0.story,style,paraphrase,1,3,0.911537766456604,0.8862347602844238,0.8987082242965698,0.9551526308059692,0.9430831074714661,0.9490794539451599
./cnn/stories/01d2bc258d5e13d1742cc75bbfa8b224c9760cd0.story,style,paraphrase,2,1,0.9158872365951538,0.9071441292762756,0.9114946722984314,0.9158872365951538,0.9071441292762756,0.9114946722984314
./cnn/stories/01d2bc258d5e13d1742cc75bbfa8b224c9760cd0.story,style,paraphrase,2,2,0.9210422039031982,0.9038218259811401,0.9123507142066956,0.9528127908706665,0.9455095529556274,0.94914710521698
./cnn/stories/01d2bc258d5e13d1742cc75bbfa8b224c9760cd0.story,style,paraphrase,2,3,0.9071143865585327,0.8960585594177246,0.9015525579452515,0.9533466100692749,0.9565562009811401,0.9549487233161926
./cnn/stories/01d2bc258d5e13d1742cc75bbfa8b224c9760cd0.story,content,shorten,0,1,0.9105918407440186,0.8363719582557678,0.8719052672386169,0.9105918407440186,0.8363719582557678,0.8719052672386169
./cnn/stories/01d2bc258d5e13d1742cc75bbfa8b224c9760cd0.story,content,shorten,0,2,0.8957533836364746,0.8190140724182129,0.8556666374206543,0.955668568611145,0.9221011400222778,0.9385848045349121
./cnn/stories/01d2bc258d5e13d1742cc75bbfa8b224c9760cd0.story,content,shorten,0,3,0.8862641453742981,0.8027085065841675,0.8424195051193237,0.9669333696365356,0.9239784479141235,0.9449679851531982
./cnn/stories/01d2bc258d5e13d1742cc75bbfa8b224c9760cd0.story,content,shorten,1,1,0.8950259685516357,0.8337799310684204,0.8633180856704712,0.8950259685516357,0.8337799310684204,0.8633180856704712
./cnn/stories/01d2bc258d5e13d1742cc75bbfa8b224c9760cd0.story,content,shorten,1,2,0.8839017152786255,0.8279601335525513,0.855016827583313,0.9584882259368896,0.9500787258148193,0.9542649388313293
./cnn/stories/01d2bc258d5e13d1742cc75bbfa8b224c9760cd0.story,content,shorten,1,3,0.8819582462310791,0.8234055042266846,0.8516767024993896,0.9702614545822144,0.9485872983932495,0.9593019485473633
./cnn/stories/01d2bc258d5e13d1742cc75bbfa8b224c9760cd0.story,content,shorten,2,1,0.9009273052215576,0.834169864654541,0.8662643432617188,0.9009273052215576,0.834169864654541,0.8662643432617188
./cnn/stories/01d2bc258d5e13d1742cc75bbfa8b224c9760cd0.story,content,shorten,2,2,0.8890379071235657,0.8302629590034485,0.8586457967758179,0.9622480273246765,0.9622138738632202,0.9622309803962708
./cnn/stories/01d2bc258d5e13d1742cc75bbfa8b224c9760cd0.story,content,shorten,2,3,0.8885456323623657,0.8276668787002563,0.8570265173912048,0.9738038182258606,0.9667761921882629,0.9702773094177246
./cnn/stories/01d2bc258d5e13d1742cc75bbfa8b224c9760cd0.story,content,elaborate,0,1,0.8971293568611145,0.8700673580169678,0.8833912014961243,0.8971293568611145,0.8700673580169678,0.8833912014961243
./cnn/stories/01d2bc258d5e13d1742cc75bbfa8b224c9760cd0.story,content,elaborate,0,2,0.8799777626991272,0.8667206764221191,0.8732988834381104,0.9199732542037964,0.9325636625289917,0.9262256622314453
./cnn/stories/01d2bc258d5e13d1742cc75bbfa8b224c9760cd0.story,content,elaborate,0,3,0.8731004595756531,0.860358715057373,0.8666827082633972,0.924074649810791,0.9254252910614014,0.9247494339942932
./cnn/stories/01d2bc258d5e13d1742cc75bbfa8b224c9760cd0.story,content,elaborate,1,1,0.8974461555480957,0.8789723515510559,0.8881132006645203,0.8974461555480957,0.8789723515510559,0.8881132006645203
./cnn/stories/01d2bc258d5e13d1742cc75bbfa8b224c9760cd0.story,content,elaborate,1,2,0.8845083713531494,0.8542259931564331,0.8691034913063049,0.9234722852706909,0.9070878624916077,0.9152067303657532
./cnn/stories/01d2bc258d5e13d1742cc75bbfa8b224c9760cd0.story,content,elaborate,1,3,0.8811734914779663,0.8494106531143188,0.8650006055831909,0.9306825399398804,0.9304428100585938,0.9305626749992371
./cnn/stories/01d2bc258d5e13d1742cc75bbfa8b224c9760cd0.story,content,elaborate,2,1,0.8950235247612,0.8622244596481323,0.8783178925514221,0.8950235247612,0.8622244596481323,0.8783178925514221
./cnn/stories/01d2bc258d5e13d1742cc75bbfa8b224c9760cd0.story,content,elaborate,2,2,0.8625837564468384,0.8520464897155762,0.8572827577590942,0.894470751285553,0.9216126203536987,0.9078388214111328
./cnn/stories/01d2bc258d5e13d1742cc75bbfa8b224c9760cd0.story,content,elaborate,2,3,0.8492673635482788,0.8459638357162476,0.8476123809814453,0.9151318073272705,0.9216955900192261,0.9184019565582275
./cnn/stories/113bc1c570498f5723bf595f8980c30e95711c47.story,style,formality,0,1,0.8819246292114258,0.8816471099853516,0.8817858099937439,0.8819246292114258,0.8816471099853516,0.8817858099937439
./cnn/stories/113bc1c570498f5723bf595f8980c30e95711c47.story,style,formality,0,2,0.8762319087982178,0.8743131756782532,0.8752715587615967,0.965854287147522,0.9625469446182251,0.9641978144645691
./cnn/stories/113bc1c570498f5723bf595f8980c30e95711c47.story,style,formality,0,3,0.8708636164665222,0.8640909194946289,0.8674640655517578,0.9668406844139099,0.9609091281890869,0.9638657569885254
./cnn/stories/113bc1c570498f5723bf595f8980c30e95711c47.story,style,formality,1,1,0.9018173217773438,0.8742566108703613,0.8878231644630432,0.9018173217773438,0.8742566108703613,0.8878231644630432
./cnn/stories/113bc1c570498f5723bf595f8980c30e95711c47.story,style,formality,1,2,0.8972015976905823,0.8701027035713196,0.8834443688392639,0.9770341515541077,0.9759669899940491,0.9765002727508545
./cnn/stories/113bc1c570498f5723bf595f8980c30e95711c47.story,style,formality,1,3,0.8899839520454407,0.8647428750991821,0.877181887626648,0.9650896787643433,0.9602836966514587,0.9626807570457458
./cnn/stories/113bc1c570498f5723bf595f8980c30e95711c47.story,style,formality,2,1,0.8884329795837402,0.8669500350952148,0.8775600790977478,0.8884329795837402,0.8669500350952148,0.8775600790977478
./cnn/stories/113bc1c570498f5723bf595f8980c30e95711c47.story,style,formality,2,2,0.8838937878608704,0.8627749085426331,0.8732066750526428,0.9669357538223267,0.9678462147712708,0.967390775680542
./cnn/stories/113bc1c570498f5723bf595f8980c30e95711c47.story,style,formality,2,3,0.8819743394851685,0.8614068031311035,0.8715692162513733,0.9760172963142395,0.9730657339096069,0.9745392203330994
./cnn/stories/113bc1c570498f5723bf595f8980c30e95711c47.story,style,paraphrase,0,1,0.8869856595993042,0.862715482711792,0.8746823072433472,0.8869856595993042,0.862715482711792,0.8746823072433472
./cnn/stories/113bc1c570498f5723bf595f8980c30e95711c47.story,style,paraphrase,0,2,0.8816818594932556,0.8518816232681274,0.8665255904197693,0.9575449228286743,0.9486112594604492,0.9530571699142456
./cnn/stories/113bc1c570498f5723bf595f8980c30e95711c47.story,style,paraphrase,0,3,0.8805668354034424,0.8495943546295166,0.8648033738136292,0.9625862240791321,0.9642459154129028,0.9634153246879578
./cnn/stories/113bc1c570498f5723bf595f8980c30e95711c47.story,style,paraphrase,1,1,0.8976427316665649,0.8705377578735352,0.8838825225830078,0.8976427316665649,0.8705377578735352,0.8838825225830078
./cnn/stories/113bc1c570498f5723bf595f8980c30e95711c47.story,style,paraphrase,1,2,0.8905215263366699,0.8610521554946899,0.8755389451980591,0.9488391876220703,0.9386389851570129,0.943711519241333
./cnn/stories/113bc1c570498f5723bf595f8980c30e95711c47.story,style,paraphrase,1,3,0.894041121006012,0.8597755432128906,0.8765736222267151,0.9707959294319153,0.9694098234176636,0.9701023697853088
./cnn/stories/113bc1c570498f5723bf595f8980c30e95711c47.story,style,paraphrase,2,1,0.8892126679420471,0.8863171339035034,0.8877625465393066,0.8892126679420471,0.8863171339035034,0.8877625465393066
./cnn/stories/113bc1c570498f5723bf595f8980c30e95711c47.story,style,paraphrase,2,2,0.8806399703025818,0.8798027038574219,0.8802211284637451,0.9479995369911194,0.9498748183250427,0.9489362239837646
./cnn/stories/113bc1c570498f5723bf595f8980c30e95711c47.story,style,paraphrase,2,3,0.8758106231689453,0.8637818098068237,0.8697546720504761,0.930730938911438,0.922825813293457,0.9267615079879761
./cnn/stories/113bc1c570498f5723bf595f8980c30e95711c47.story,content,shorten,0,1,0.8727132081985474,0.8265578746795654,0.8490087389945984,0.8727132081985474,0.8265578746795654,0.8490087389945984
./cnn/stories/113bc1c570498f5723bf595f8980c30e95711c47.story,content,shorten,0,2,0.8745001554489136,0.8226950168609619,0.8478069305419922,0.9590756893157959,0.9432219862937927,0.9510827660560608
./cnn/stories/113bc1c570498f5723bf595f8980c30e95711c47.story,content,shorten,0,3,0.8754139542579651,0.8222405910491943,0.8479945659637451,0.9688723087310791,0.9630954265594482,0.9659752249717712
./cnn/stories/113bc1c570498f5723bf595f8980c30e95711c47.story,content,shorten,1,1,0.8767873048782349,0.8259668350219727,0.8506186604499817,0.8767873048782349,0.8259668350219727,0.8506186604499817
./cnn/stories/113bc1c570498f5723bf595f8980c30e95711c47.story,content,shorten,1,2,0.8752105236053467,0.8223536014556885,0.8479591608047485,0.9643909335136414,0.957463264465332,0.9609145522117615
./cnn/stories/113bc1c570498f5723bf595f8980c30e95711c47.story,content,shorten,1,3,0.8756973147392273,0.8229885101318359,0.8485251069068909,0.9728648662567139,0.9694482088088989,0.9711535573005676
./cnn/stories/113bc1c570498f5723bf595f8980c30e95711c47.story,content,shorten,2,1,0.8723697662353516,0.8324469327926636,0.8519408702850342,0.8723697662353516,0.8324469327926636,0.8519408702850342
./cnn/stories/113bc1c570498f5723bf595f8980c30e95711c47.story,content,shorten,2,2,0.8679694533348083,0.8274195790290833,0.847209632396698,0.9665894508361816,0.9643383026123047,0.9654625654220581
./cnn/stories/113bc1c570498f5723bf595f8980c30e95711c47.story,content,shorten,2,3,0.8720077276229858,0.8298364877700806,0.8503996133804321,0.9751149415969849,0.9717187881469727,0.97341388463974
./cnn/stories/113bc1c570498f5723bf595f8980c30e95711c47.story,content,elaborate,0,1,0.8663079738616943,0.8645676374435425,0.8654369115829468,0.8663079738616943,0.8645676374435425,0.8654369115829468
./cnn/stories/113bc1c570498f5723bf595f8980c30e95711c47.story,content,elaborate,0,2,0.8494647145271301,0.8460631966590881,0.8477605581283569,0.9292124509811401,0.925545334815979,0.927375316619873
./cnn/stories/113bc1c570498f5723bf595f8980c30e95711c47.story,content,elaborate,0,3,0.8484647274017334,0.8456594347953796,0.8470597267150879,0.9341033697128296,0.9346602559089661,0.9343816637992859
./cnn/stories/113bc1c570498f5723bf595f8980c30e95711c47.story,content,elaborate,1,1,0.8678171634674072,0.8528136610984802,0.860249936580658,0.8678171634674072,0.8528136610984802,0.860249936580658
./cnn/stories/113bc1c570498f5723bf595f8980c30e95711c47.story,content,elaborate,1,2,0.856873095035553,0.8471845388412476,0.8520012497901917,0.9386182427406311,0.9436110854148865,0.9411080479621887
./cnn/stories/113bc1c570498f5723bf595f8980c30e95711c47.story,content,elaborate,1,3,0.8536560535430908,0.8440342545509338,0.8488179445266724,0.9318185448646545,0.9309787750244141,0.9313985109329224
./cnn/stories/113bc1c570498f5723bf595f8980c30e95711c47.story,content,elaborate,2,1,0.8771321773529053,0.8699092864990234,0.8735057711601257,0.8771321773529053,0.8699092864990234,0.8735057711601257
./cnn/stories/113bc1c570498f5723bf595f8980c30e95711c47.story,content,elaborate,2,2,0.8669816255569458,0.8609896898269653,0.8639752268791199,0.9270868301391602,0.9305274486541748,0.9288039207458496
./cnn/stories/113bc1c570498f5723bf595f8980c30e95711c47.story,content,elaborate,2,3,0.8665632009506226,0.859881579875946,0.8632094860076904,0.9462467432022095,0.9436896443367004,0.9449664354324341
./cnn/stories/9a581fde5f136d02602abee1eb4c0c52924b7a99.story,style,formality,0,1,0.8975189924240112,0.8914859294891357,0.8944922685623169,0.8975189924240112,0.8914859294891357,0.8944922685623169
./cnn/stories/9a581fde5f136d02602abee1eb4c0c52924b7a99.story,style,formality,0,2,0.8844921588897705,0.8801363706588745,0.8823089003562927,0.9471720457077026,0.949537992477417,0.9483535289764404
./cnn/stories/9a581fde5f136d02602abee1eb4c0c52924b7a99.story,style,formality,0,3,0.8789042234420776,0.8735263347625732,0.8762069940567017,0.9459932446479797,0.9438736438751221,0.9449322819709778
./cnn/stories/9a581fde5f136d02602abee1eb4c0c52924b7a99.story,style,formality,1,1,0.8873977661132812,0.8833111524581909,0.8853497505187988,0.8873977661132812,0.8833111524581909,0.8853497505187988
./cnn/stories/9a581fde5f136d02602abee1eb4c0c52924b7a99.story,style,formality,1,2,0.8803638219833374,0.8736647367477417,0.8770014643669128,0.9452232122421265,0.9430874586105347,0.9441541433334351
./cnn/stories/9a581fde5f136d02602abee1eb4c0c52924b7a99.story,style,formality,1,3,0.8823500275611877,0.8751552104949951,0.8787379264831543,0.9526068568229675,0.9512966871261597,0.9519513249397278
./cnn/stories/9a581fde5f136d02602abee1eb4c0c52924b7a99.story,style,formality,2,1,0.8813238143920898,0.8754495978355408,0.878376841545105,0.8813238143920898,0.8754495978355408,0.878376841545105
./cnn/stories/9a581fde5f136d02602abee1eb4c0c52924b7a99.story,style,formality,2,2,0.8757508993148804,0.8671945333480835,0.8714516758918762,0.951504111289978,0.9502142667770386,0.9508587718009949
./cnn/stories/9a581fde5f136d02602abee1eb4c0c52924b7a99.story,style,formality,2,3,0.870735228061676,0.8643205761909485,0.867516040802002,0.9604858160018921,0.9611825942993164,0.9608340859413147
./cnn/stories/9a581fde5f136d02602abee1eb4c0c52924b7a99.story,style,paraphrase,0,1,0.87093585729599,0.8696697950363159,0.8703023791313171,0.87093585729599,0.8696697950363159,0.8703023791313171
./cnn/stories/9a581fde5f136d02602abee1eb4c0c52924b7a99.story,style,paraphrase,0,2,0.8635498285293579,0.8563601970672607,0.8599399924278259,0.9099119305610657,0.8982516527175903,0.9040441513061523
./cnn/stories/9a581fde5f136d02602abee1eb4c0c52924b7a99.story,style,paraphrase,0,3,0.862847089767456,0.8513023853302002,0.8570358753204346,0.9400950074195862,0.935030460357666,0.9375559091567993
./cnn/stories/9a581fde5f136d02602abee1eb4c0c52924b7a99.story,style,paraphrase,1,1,0.8751060962677002,0.8745547533035278,0.8748303055763245,0.8751060962677002,0.8745547533035278,0.8748303055763245
./cnn/stories/9a581fde5f136d02602abee1eb4c0c52924b7a99.story,style,paraphrase,1,2,0.8617714643478394,0.8459459543228149,0.8537853956222534,0.914696216583252,0.8931447267532349,0.9037920236587524
./cnn/stories/9a581fde5f136d02602abee1eb4c0c52924b7a99.story,style,paraphrase,1,3,0.851486325263977,0.8385088443756104,0.8449477553367615,0.9448798894882202,0.9447134137153625,0.944796621799469
./cnn/stories/9a581fde5f136d02602abee1eb4c0c52924b7a99.story,style,paraphrase,2,1,0.8780460953712463,0.8733260631561279,0.8756797313690186,0.8780460953712463,0.8733260631561279,0.8756797313690186
./cnn/stories/9a581fde5f136d02602abee1eb4c0c52924b7a99.story,style,paraphrase,2,2,0.8637946844100952,0.856772243976593,0.8602690696716309,0.8941817283630371,0.8947589993476868,0.8944702744483948
./cnn/stories/9a581fde5f136d02602abee1eb4c0c52924b7a99.story,style,paraphrase,2,3,0.8519797921180725,0.8495495915412903,0.8507629632949829,0.9211671948432922,0.9209696650505066,0.9210684299468994
./cnn/stories/9a581fde5f136d02602abee1eb4c0c52924b7a99.story,content,shorten,0,1,0.8819015026092529,0.8400613069534302,0.860473096370697,0.8819015026092529,0.8400613069534302,0.860473096370697
./cnn/stories/9a581fde5f136d02602abee1eb4c0c52924b7a99.story,content,shorten,0,2,0.8696670532226562,0.8203678131103516,0.8442983627319336,0.9356255531311035,0.90955650806427,0.9224068522453308
./cnn/stories/9a581fde5f136d02602abee1eb4c0c52924b7a99.story,content,shorten,0,3,0.8834712505340576,0.7892738580703735,0.833720326423645,0.9416875839233398,0.8516042232513428,0.8943833112716675
./cnn/stories/9a581fde5f136d02602abee1eb4c0c52924b7a99.story,content,shorten,1,1,0.8509042859077454,0.82340407371521,0.8369283676147461,0.8509042859077454,0.82340407371521,0.8369283676147461
./cnn/stories/9a581fde5f136d02602abee1eb4c0c52924b7a99.story,content,shorten,1,2,0.8641327619552612,0.8041821718215942,0.8330803513526917,0.9358274936676025,0.884407103061676,0.9093909859657288
./cnn/stories/9a581fde5f136d02602abee1eb4c0c52924b7a99.story,content,shorten,1,3,0.8647521138191223,0.8004955053329468,0.831384003162384,0.9466187357902527,0.9365111589431763,0.9415378570556641
./cnn/stories/9a581fde5f136d02602abee1eb4c0c52924b7a99.story,content,shorten,2,1,0.8714447021484375,0.8591411709785461,0.8652492165565491,0.8714447021484375,0.8591411709785461,0.8652492165565491
./cnn/stories/9a581fde5f136d02602abee1eb4c0c52924b7a99.story,content,shorten,2,2,0.8513096570968628,0.826005756855011,0.8384668231010437,0.9168216586112976,0.8875254988670349,0.9019357562065125
./cnn/stories/9a581fde5f136d02602abee1eb4c0c52924b7a99.story,content,shorten,2,3,0.8433433771133423,0.8139589428901672,0.8283906579017639,0.9291620254516602,0.9148979187011719,0.9219748377799988
./cnn/stories/9a581fde5f136d02602abee1eb4c0c52924b7a99.story,content,elaborate,0,1,0.844735860824585,0.8410792946815491,0.8429036736488342,0.844735860824585,0.8410792946815491,0.8429036736488342
./cnn/stories/9a581fde5f136d02602abee1eb4c0c52924b7a99.story,content,elaborate,0,2,0.8353496789932251,0.8307582139968872,0.83304762840271,0.8897764086723328,0.8890771269798279,0.8894266486167908
./cnn/stories/9a581fde5f136d02602abee1eb4c0c52924b7a99.story,content,elaborate,0,3,0.8344658613204956,0.8304430842399597,0.8324496746063232,0.9137465357780457,0.9112651944160461,0.9125041961669922
./cnn/stories/9a581fde5f136d02602abee1eb4c0c52924b7a99.story,content,elaborate,1,1,0.8471497297286987,0.8338674306869507,0.8404561281204224,0.8471497297286987,0.8338674306869507,0.8404561281204224
./cnn/stories/9a581fde5f136d02602abee1eb4c0c52924b7a99.story,content,elaborate,1,2,0.8478966951370239,0.8241934180259705,0.8358771204948425,0.9174330830574036,0.9110868573188782,0.9142489433288574
./cnn/stories/9a581fde5f136d02602abee1eb4c0c52924b7a99.story,content,elaborate,1,3,0.8468027114868164,0.8185362219810486,0.8324295878410339,0.9244634509086609,0.9108046293258667,0.9175832867622375
./cnn/stories/9a581fde5f136d02602abee1eb4c0c52924b7a99.story,content,elaborate,2,1,0.848188042640686,0.8436247706413269,0.845900297164917,0.848188042640686,0.8436247706413269,0.845900297164917
./cnn/stories/9a581fde5f136d02602abee1eb4c0c52924b7a99.story,content,elaborate,2,2,0.8421182632446289,0.8383176922798157,0.8402137160301208,0.904958963394165,0.9064503908157349,0.9057040810585022
./cnn/stories/9a581fde5f136d02602abee1eb4c0c52924b7a99.story,content,elaborate,2,3,0.8383999466896057,0.8353262543678284,0.8368602395057678,0.9014765024185181,0.9033450484275818,0.9024098515510559
./cnn/stories/39088d700fcb5cd7d4763809578ed8a9c0267132.story,style,formality,0,1,0.9240937829017639,0.9194552898406982,0.9217687249183655,0.9240937829017639,0.9194552898406982,0.9217687249183655
./cnn/stories/39088d700fcb5cd7d4763809578ed8a9c0267132.story,style,formality,0,2,0.90926194190979,0.9099081754684448,0.9095849394798279,0.9616351127624512,0.9676334857940674,0.9646250009536743
./cnn/stories/39088d700fcb5cd7d4763809578ed8a9c0267132.story,style,formality,0,3,0.912503182888031,0.9153248071670532,0.9139118194580078,0.9785748720169067,0.9780815839767456,0.9783281683921814
./cnn/stories/39088d700fcb5cd7d4763809578ed8a9c0267132.story,style,formality,1,1,0.935080349445343,0.9379657506942749,0.9365208148956299,0.935080349445343,0.9379657506942749,0.9365208148956299
./cnn/stories/39088d700fcb5cd7d4763809578ed8a9c0267132.story,style,formality,1,2,0.9259905219078064,0.9298499822616577,0.9279162287712097,0.961503267288208,0.9623360633850098,0.9619194865226746
./cnn/stories/39088d700fcb5cd7d4763809578ed8a9c0267132.story,style,formality,1,3,0.9123660326004028,0.9183555245399475,0.9153509140014648,0.9636348485946655,0.968680202960968,0.9661508798599243
./cnn/stories/39088d700fcb5cd7d4763809578ed8a9c0267132.story,style,formality,2,1,0.9282939434051514,0.9225900173187256,0.9254331588745117,0.9282939434051514,0.9225900769233704,0.9254332184791565
./cnn/stories/39088d700fcb5cd7d4763809578ed8a9c0267132.story,style,formality,2,2,0.9156543612480164,0.9069679379463196,0.9112904071807861,0.9584388732910156,0.9546131491661072,0.9565221071243286
./cnn/stories/39088d700fcb5cd7d4763809578ed8a9c0267132.story,style,formality,2,3,0.9148542881011963,0.9045106172561646,0.9096530079841614,0.9771011471748352,0.9736632704734802,0.9753791689872742
./cnn/stories/39088d700fcb5cd7d4763809578ed8a9c0267132.story,style,paraphrase,0,1,0.9355041980743408,0.9198319911956787,0.9276019334793091,0.9355041980743408,0.9198319315910339,0.9276018738746643
./cnn/stories/39088d700fcb5cd7d4763809578ed8a9c0267132.story,style,paraphrase,0,2,0.9221358895301819,0.8953620195388794,0.9085516929626465,0.9439491033554077,0.9329707622528076,0.9384278655052185
./cnn/stories/39088d700fcb5cd7d4763809578ed8a9c0267132.story,style,paraphrase,0,3,0.9031702280044556,0.8625972867012024,0.8824175596237183,0.9407253265380859,0.9114662408828735,0.9258646965026855
./cnn/stories/39088d700fcb5cd7d4763809578ed8a9c0267132.story,style,paraphrase,1,1,0.9427533745765686,0.9292210340499878,0.93593829870224,0.9427533745765686,0.9292210340499878,0.93593829870224
./cnn/stories/39088d700fcb5cd7d4763809578ed8a9c0267132.story,style,paraphrase,1,2,0.9278887510299683,0.9078790545463562,0.9177748560905457,0.9495285153388977,0.9379270076751709,0.943692147731781
./cnn/stories/39088d700fcb5cd7d4763809578ed8a9c0267132.story,style,paraphrase,1,3,0.9206631779670715,0.9016312956809998,0.9110478758811951,0.9684969782829285,0.9696215391159058,0.9690589904785156
./cnn/stories/39088d700fcb5cd7d4763809578ed8a9c0267132.story,style,paraphrase,2,1,0.9326066970825195,0.9122110605239868,0.9222961068153381,0.9326066970825195,0.9122110605239868,0.9222961068153381
./cnn/stories/39088d700fcb5cd7d4763809578ed8a9c0267132.story,style,paraphrase,2,2,0.9139982461929321,0.8821638822555542,0.8977989554405212,0.9298491477966309,0.9154394268989563,0.922588050365448
./cnn/stories/39088d700fcb5cd7d4763809578ed8a9c0267132.story,style,paraphrase,2,3,0.9189379215240479,0.8791767954826355,0.898617684841156,0.9583832025527954,0.9492689371109009,0.9538043141365051
./cnn/stories/39088d700fcb5cd7d4763809578ed8a9c0267132.story,content,shorten,0,1,0.9301176071166992,0.8720970153808594,0.9001733660697937,0.9301176071166992,0.8720970153808594,0.9001733660697937
./cnn/stories/39088d700fcb5cd7d4763809578ed8a9c0267132.story,content,shorten,0,2,0.9201643466949463,0.8588181138038635,0.8884335160255432,0.9708346724510193,0.9600701928138733,0.9654223918914795
./cnn/stories/39088d700fcb5cd7d4763809578ed8a9c0267132.story,content,shorten,0,3,0.9203757047653198,0.8542031049728394,0.8860556483268738,0.9757957458496094,0.966864287853241,0.9713094830513
./cnn/stories/39088d700fcb5cd7d4763809578ed8a9c0267132.story,content,shorten,1,1,0.9278258681297302,0.8924905061721802,0.90981525182724,0.9278258681297302,0.8924905061721802,0.90981525182724
./cnn/stories/39088d700fcb5cd7d4763809578ed8a9c0267132.story,content,shorten,1,2,0.9150835275650024,0.8704842925071716,0.8922269344329834,0.9583886861801147,0.9398671984672546,0.9490376114845276
./cnn/stories/39088d700fcb5cd7d4763809578ed8a9c0267132.story,content,shorten,1,3,0.91321861743927,0.8629859685897827,0.887391984462738,0.9660295248031616,0.950158417224884,0.9580281972885132
./cnn/stories/39088d700fcb5cd7d4763809578ed8a9c0267132.story,content,shorten,2,1,0.9356811046600342,0.8990788459777832,0.9170148372650146,0.9356811046600342,0.8990788459777832,0.9170148372650146
./cnn/stories/39088d700fcb5cd7d4763809578ed8a9c0267132.story,content,shorten,2,2,0.9252346754074097,0.892162561416626,0.9083976745605469,0.9672130942344666,0.9701758623123169,0.9686922430992126
./cnn/stories/39088d700fcb5cd7d4763809578ed8a9c0267132.story,content,shorten,2,3,0.9190664887428284,0.882620096206665,0.9004746675491333,0.9667282700538635,0.9594727158546448,0.9630868434906006
./cnn/stories/39088d700fcb5cd7d4763809578ed8a9c0267132.story,content,elaborate,0,1,0.9137738943099976,0.9132922887802124,0.9135330319404602,0.9137738943099976,0.9132922887802124,0.9135330319404602
./cnn/stories/39088d700fcb5cd7d4763809578ed8a9c0267132.story,content,elaborate,0,2,0.898793637752533,0.9018574357032776,0.9003229141235352,0.94737708568573,0.9516843557357788,0.9495258331298828
./cnn/stories/39088d700fcb5cd7d4763809578ed8a9c0267132.story,content,elaborate,0,3,0.8860399723052979,0.8969568610191345,0.8914649486541748,0.9361000061035156,0.944786012172699,0.9404229521751404
./cnn/stories/39088d700fcb5cd7d4763809578ed8a9c0267132.story,content,elaborate,1,1,0.9295147657394409,0.9177916049957275,0.9236159920692444,0.9295147657394409,0.9177916049957275,0.9236159920692444
./cnn/stories/39088d700fcb5cd7d4763809578ed8a9c0267132.story,content,elaborate,1,2,0.9022495746612549,0.896774411201477,0.8995036482810974,0.9364986419677734,0.9384832382202148,0.9374898672103882
./cnn/stories/39088d700fcb5cd7d4763809578ed8a9c0267132.story,content,elaborate,1,3,0.8895065784454346,0.88880455493927,0.8891554474830627,0.9530090093612671,0.9572258591651917,0.9551127552986145
./cnn/stories/39088d700fcb5cd7d4763809578ed8a9c0267132.story,content,elaborate,2,1,0.9149230122566223,0.9066973924636841,0.9107915759086609,0.9149230122566223,0.9066973924636841,0.9107915759086609
./cnn/stories/39088d700fcb5cd7d4763809578ed8a9c0267132.story,content,elaborate,2,2,0.9011619091033936,0.9021937251091003,0.9016774892807007,0.9328848123550415,0.9444379806518555,0.9386258125305176
./cnn/stories/39088d700fcb5cd7d4763809578ed8a9c0267132.story,content,elaborate,2,3,0.8888356685638428,0.8942398428916931,0.8915295600891113,0.9442451000213623,0.9494003057479858,0.9468157291412354
./cnn/stories/4df1fb2b81e22650a33a43a72428dfd7447b06ef.story,style,formality,0,1,0.9171562194824219,0.9195688962936401,0.9183609485626221,0.9171562194824219,0.9195688962936401,0.9183609485626221
./cnn/stories/4df1fb2b81e22650a33a43a72428dfd7447b06ef.story,style,formality,0,2,0.914412260055542,0.9152073860168457,0.9148096442222595,0.9801810383796692,0.9772466421127319,0.9787116050720215
./cnn/stories/4df1fb2b81e22650a33a43a72428dfd7447b06ef.story,style,formality,0,3,0.8994545936584473,0.9055833220481873,0.902508556842804,0.9545843601226807,0.961937665939331,0.9582469463348389
./cnn/stories/4df1fb2b81e22650a33a43a72428dfd7447b06ef.story,style,formality,1,1,0.9290093779563904,0.9283913373947144,0.92870032787323,0.9290093779563904,0.9283913373947144,0.92870032787323
./cnn/stories/4df1fb2b81e22650a33a43a72428dfd7447b06ef.story,style,formality,1,2,0.9164334535598755,0.9175593852996826,0.9169960618019104,0.9681200981140137,0.9693049192428589,0.9687120914459229
./cnn/stories/4df1fb2b81e22650a33a43a72428dfd7447b06ef.story,style,formality,1,3,0.9023598432540894,0.9070171117782593,0.904682457447052,0.9605553150177002,0.9641594290733337,0.9623539447784424
./cnn/stories/4df1fb2b81e22650a33a43a72428dfd7447b06ef.story,style,formality,2,1,0.9158693552017212,0.9162227511405945,0.9160460829734802,0.9158693552017212,0.9162227511405945,0.9160460829734802
./cnn/stories/4df1fb2b81e22650a33a43a72428dfd7447b06ef.story,style,formality,2,2,0.8957881927490234,0.897683322429657,0.8967347145080566,0.9415333271026611,0.942570149898529,0.9420514106750488
./cnn/stories/4df1fb2b81e22650a33a43a72428dfd7447b06ef.story,style,formality,2,3,0.8977448344230652,0.8985942602157593,0.8981693387031555,0.9651474952697754,0.9665624499320984,0.9658544063568115
./cnn/stories/4df1fb2b81e22650a33a43a72428dfd7447b06ef.story,style,paraphrase,0,1,0.8942086100578308,0.8781556487083435,0.886109471321106,0.8942086100578308,0.8781556487083435,0.886109471321106
./cnn/stories/4df1fb2b81e22650a33a43a72428dfd7447b06ef.story,style,paraphrase,0,2,0.8875757455825806,0.8672889471054077,0.877315104007721,0.9448056817054749,0.9352087378501892,0.9399827122688293
./cnn/stories/4df1fb2b81e22650a33a43a72428dfd7447b06ef.story,style,paraphrase,0,3,0.8873208165168762,0.8679078817367554,0.8775069713592529,0.9599450826644897,0.9625322818756104,0.9612369537353516
./cnn/stories/4df1fb2b81e22650a33a43a72428dfd7447b06ef.story,style,paraphrase,1,1,0.8858081698417664,0.8763329982757568,0.8810451030731201,0.8858081698417664,0.8763329982757568,0.8810451030731201
./cnn/stories/4df1fb2b81e22650a33a43a72428dfd7447b06ef.story,style,paraphrase,1,2,0.8837435245513916,0.8687305450439453,0.8761727213859558,0.9593290686607361,0.9497084617614746,0.9544944763183594
./cnn/stories/4df1fb2b81e22650a33a43a72428dfd7447b06ef.story,style,paraphrase,1,3,0.8795275688171387,0.8652565479278564,0.8723336458206177,0.9637428522109985,0.9595085382461548,0.9616210460662842
./cnn/stories/4df1fb2b81e22650a33a43a72428dfd7447b06ef.story,style,paraphrase,2,1,0.8918560743331909,0.8902981281280518,0.8910764455795288,0.8918560743331909,0.8902981281280518,0.8910764455795288
./cnn/stories/4df1fb2b81e22650a33a43a72428dfd7447b06ef.story,style,paraphrase,2,2,0.8943665027618408,0.8922914862632751,0.8933277726173401,0.9533812403678894,0.9532637596130371,0.9533224701881409
./cnn/stories/4df1fb2b81e22650a33a43a72428dfd7447b06ef.story,style,paraphrase,2,3,0.89055335521698,0.8880453109741211,0.8892975449562073,0.9659594297409058,0.9663372039794922,0.9661482572555542
./cnn/stories/4df1fb2b81e22650a33a43a72428dfd7447b06ef.story,content,shorten,0,1,0.890455424785614,0.8514364957809448,0.8705089688301086,0.890455424785614,0.8514364957809448,0.8705089688301086
./cnn/stories/4df1fb2b81e22650a33a43a72428dfd7447b06ef.story,content,shorten,0,2,0.8899062871932983,0.8436241745948792,0.8661473393440247,0.9819730520248413,0.9687706232070923,0.9753271341323853
./cnn/stories/4df1fb2b81e22650a33a43a72428dfd7447b06ef.story,content,shorten,0,3,0.8889621496200562,0.8406133651733398,0.8641119599342346,0.9786500930786133,0.9740906357765198,0.9763650894165039
./cnn/stories/4df1fb2b81e22650a33a43a72428dfd7447b06ef.story,content,shorten,1,1,0.9007395505905151,0.8619167804718018,0.8809006214141846,0.9007395505905151,0.8619167804718018,0.8809006214141846
./cnn/stories/4df1fb2b81e22650a33a43a72428dfd7447b06ef.story,content,shorten,1,2,0.8982453346252441,0.8366695642471313,0.8663647174835205,0.9495306015014648,0.9117298126220703,0.9302464127540588
./cnn/stories/4df1fb2b81e22650a33a43a72428dfd7447b06ef.story,content,shorten,1,3,0.8873093724250793,0.826827347278595,0.8560013175010681,0.9662032127380371,0.9462719559669495,0.9561337828636169
./cnn/stories/4df1fb2b81e22650a33a43a72428dfd7447b06ef.story,content,shorten,2,1,0.8944951295852661,0.8803079724311829,0.8873447775840759,0.8944951295852661,0.8803079724311829,0.8873447775840759
./cnn/stories/4df1fb2b81e22650a33a43a72428dfd7447b06ef.story,content,shorten,2,2,0.8884900808334351,0.8724901676177979,0.8804174661636353,0.9630951881408691,0.9570173025131226,0.9600465893745422
./cnn/stories/4df1fb2b81e22650a33a43a72428dfd7447b06ef.story,content,shorten,2,3,0.8835812211036682,0.8657227158546448,0.8745607733726501,0.9688229560852051,0.9607161283493042,0.9647524952888489
./cnn/stories/4df1fb2b81e22650a33a43a72428dfd7447b06ef.story,content,elaborate,0,1,0.8846545219421387,0.8875383138656616,0.8860940337181091,0.8846545219421387,0.8875383138656616,0.8860940337181091
./cnn/stories/4df1fb2b81e22650a33a43a72428dfd7447b06ef.story,content,elaborate,0,2,0.8731662034988403,0.8754829168319702,0.8743230104446411,0.933854341506958,0.9330034852027893,0.9334287643432617
./cnn/stories/4df1fb2b81e22650a33a43a72428dfd7447b06ef.story,content,elaborate,0,3,0.8674780130386353,0.8728861808776855,0.8701737523078918,0.9343177080154419,0.9345041513442993,0.9344109296798706
./cnn/stories/4df1fb2b81e22650a33a43a72428dfd7447b06ef.story,content,elaborate,1,1,0.8821133375167847,0.8799116015434265,0.8810111284255981,0.8821133375167847,0.8799116015434265,0.8810111284255981
./cnn/stories/4df1fb2b81e22650a33a43a72428dfd7447b06ef.story,content,elaborate,1,2,0.8727188110351562,0.8668055534362793,0.8697521686553955,0.9381633996963501,0.9309218525886536,0.9345285892486572
./cnn/stories/4df1fb2b81e22650a33a43a72428dfd7447b06ef.story,content,elaborate,1,3,0.872357964515686,0.8650588989257812,0.8686930537223816,0.9367093443870544,0.9322978258132935,0.9344984292984009
./cnn/stories/4df1fb2b81e22650a33a43a72428dfd7447b06ef.story,content,elaborate,2,1,0.8902398347854614,0.8950636386871338,0.8926451802253723,0.8902398347854614,0.8950636386871338,0.8926451802253723
./cnn/stories/4df1fb2b81e22650a33a43a72428dfd7447b06ef.story,content,elaborate,2,2,0.8790556192398071,0.8831875324249268,0.8811166882514954,0.9437916874885559,0.9426947236061096,0.9432429075241089
./cnn/stories/4df1fb2b81e22650a33a43a72428dfd7447b06ef.story,content,elaborate,2,3,0.8787413835525513,0.8812072277069092,0.8799725770950317,0.9477287530899048,0.9470841884613037,0.9474063515663147
./cnn/stories/2635a2ebf069c17ae005084b7ff66a255ffd3e23.story,style,formality,0,1,0.8795346617698669,0.8875061869621277,0.8835024237632751,0.8795346617698669,0.8875061869621277,0.8835024237632751
./cnn/stories/2635a2ebf069c17ae005084b7ff66a255ffd3e23.story,style,formality,0,2,0.8732490539550781,0.8811308145523071,0.8771722316741943,0.957604169845581,0.955628514289856,0.9566153287887573
./cnn/stories/2635a2ebf069c17ae005084b7ff66a255ffd3e23.story,style,formality,0,3,0.8675755262374878,0.8763232231140137,0.8719273805618286,0.959599494934082,0.9595037698745728,0.9595516324043274
./cnn/stories/2635a2ebf069c17ae005084b7ff66a255ffd3e23.story,style,formality,1,1,0.8742814660072327,0.877751350402832,0.8760130405426025,0.8742814660072327,0.877751350402832,0.8760130405426025
./cnn/stories/2635a2ebf069c17ae005084b7ff66a255ffd3e23.story,style,formality,1,2,0.8658632040023804,0.8741582036018372,0.8699909448623657,0.955513596534729,0.957984447479248,0.9567474722862244
./cnn/stories/2635a2ebf069c17ae005084b7ff66a255ffd3e23.story,style,formality,1,3,0.8661976456642151,0.8744721412658691,0.8703152537345886,0.9725682139396667,0.9725207686424255,0.9725444912910461
./cnn/stories/2635a2ebf069c17ae005084b7ff66a255ffd3e23.story,style,formality,2,1,0.8698647618293762,0.8799266219139099,0.874866783618927,0.8698647618293762,0.8799266219139099,0.874866783618927
./cnn/stories/2635a2ebf069c17ae005084b7ff66a255ffd3e23.story,style,formality,2,2,0.8653529286384583,0.8732033967971802,0.8692604303359985,0.9631837010383606,0.9632372856140137,0.9632105231285095
./cnn/stories/2635a2ebf069c17ae005084b7ff66a255ffd3e23.story,style,formality,2,3,0.8606848120689392,0.872234046459198,0.8664209246635437,0.9627206325531006,0.9644045233726501,0.9635618329048157
./cnn/stories/2635a2ebf069c17ae005084b7ff66a255ffd3e23.story,style,paraphrase,0,1,0.8759875893592834,0.8623491525650024,0.8691148161888123,0.8759875893592834,0.8623491525650024,0.8691148161888123
./cnn/stories/2635a2ebf069c17ae005084b7ff66a255ffd3e23.story,style,paraphrase,0,2,0.8724409937858582,0.8287091255187988,0.8500128984451294,0.9388256072998047,0.8986566662788391,0.918302059173584
./cnn/stories/2635a2ebf069c17ae005084b7ff66a255ffd3e23.story,style,paraphrase,0,3,0.8690828680992126,0.8289067149162292,0.848519504070282,0.9645105600357056,0.9691863656044006,0.966842770576477
./cnn/stories/2635a2ebf069c17ae005084b7ff66a255ffd3e23.story,style,paraphrase,1,1,0.875031054019928,0.8610106706619263,0.8679642081260681,0.875031054019928,0.8610106706619263,0.8679642081260681
./cnn/stories/2635a2ebf069c17ae005084b7ff66a255ffd3e23.story,style,paraphrase,1,2,0.8691018223762512,0.8483730554580688,0.8586122989654541,0.9470682144165039,0.9326407313346863,0.9397990703582764
./cnn/stories/2635a2ebf069c17ae005084b7ff66a255ffd3e23.story,style,paraphrase,1,3,0.8669416308403015,0.8430094718933105,0.8548080921173096,0.9574630856513977,0.9536614418029785,0.9555585384368896
./cnn/stories/2635a2ebf069c17ae005084b7ff66a255ffd3e23.story,style,paraphrase,2,1,0.8827183246612549,0.8751004934310913,0.8788928985595703,0.8827183246612549,0.8751004934310913,0.8788928985595703
./cnn/stories/2635a2ebf069c17ae005084b7ff66a255ffd3e23.story,style,paraphrase,2,2,0.8763388395309448,0.8699598908424377,0.8731377124786377,0.9543231725692749,0.949306309223175,0.9518080949783325
./cnn/stories/2635a2ebf069c17ae005084b7ff66a255ffd3e23.story,style,paraphrase,2,3,0.8789025545120239,0.8684451580047607,0.8736425638198853,0.9650281071662903,0.9622557759284973,0.9636399745941162
./cnn/stories/2635a2ebf069c17ae005084b7ff66a255ffd3e23.story,content,shorten,0,1,0.8898367881774902,0.8654204607009888,0.8774588108062744,0.8898367881774902,0.8654204607009888,0.8774588108062744
./cnn/stories/2635a2ebf069c17ae005084b7ff66a255ffd3e23.story,content,shorten,0,2,0.8909084796905518,0.8535406589508057,0.8718243837356567,0.963690459728241,0.9360033273696899,0.9496451616287231
./cnn/stories/2635a2ebf069c17ae005084b7ff66a255ffd3e23.story,content,shorten,0,3,0.8953099250793457,0.8560211658477783,0.8752248883247375,0.986102819442749,0.9857475757598877,0.9859251379966736
./cnn/stories/2635a2ebf069c17ae005084b7ff66a255ffd3e23.story,content,shorten,1,1,0.8748927116394043,0.8518080115318298,0.8631960153579712,0.8748927116394043,0.8518080115318298,0.8631960153579712
./cnn/stories/2635a2ebf069c17ae005084b7ff66a255ffd3e23.story,content,shorten,1,2,0.869431734085083,0.8445029258728027,0.8567860722541809,0.9708132743835449,0.9616683721542358,0.9662191867828369
./cnn/stories/2635a2ebf069c17ae005084b7ff66a255ffd3e23.story,content,shorten,1,3,0.8678176999092102,0.8346853256225586,0.8509291410446167,0.9605082869529724,0.9463098049163818,0.953356146812439
./cnn/stories/2635a2ebf069c17ae005084b7ff66a255ffd3e23.story,content,shorten,2,1,0.8778724670410156,0.8669141530990601,0.8723589181900024,0.8778724670410156,0.8669141530990601,0.8723589181900024
./cnn/stories/2635a2ebf069c17ae005084b7ff66a255ffd3e23.story,content,shorten,2,2,0.8756502866744995,0.8617294430732727,0.8686341047286987,0.9691464900970459,0.9649876356124878,0.9670625925064087
./cnn/stories/2635a2ebf069c17ae005084b7ff66a255ffd3e23.story,content,shorten,2,3,0.871945858001709,0.85908442735672,0.8654674291610718,0.9720862507820129,0.9676322937011719,0.9698541760444641
./cnn/stories/2635a2ebf069c17ae005084b7ff66a255ffd3e23.story,content,elaborate,0,1,0.8762482404708862,0.8884528875350952,0.8823083639144897,0.8762482404708862,0.8884528875350952,0.8823083639144897
./cnn/stories/2635a2ebf069c17ae005084b7ff66a255ffd3e23.story,content,elaborate,0,2,0.865044355392456,0.8756157755851746,0.870297908782959,0.9251223802566528,0.925237238407135,0.9251797795295715
./cnn/stories/2635a2ebf069c17ae005084b7ff66a255ffd3e23.story,content,elaborate,0,3,0.8629916906356812,0.8726842403411865,0.8678109049797058,0.9294077754020691,0.9311447143554688,0.9302753806114197
./cnn/stories/2635a2ebf069c17ae005084b7ff66a255ffd3e23.story,content,elaborate,1,1,0.8749245405197144,0.8799861073493958,0.8774479627609253,0.8749245405197144,0.8799861073493958,0.8774479627609253
./cnn/stories/2635a2ebf069c17ae005084b7ff66a255ffd3e23.story,content,elaborate,1,2,0.8694789409637451,0.8739160299301147,0.8716918230056763,0.9339961409568787,0.9322085380554199,0.9331014752388
./cnn/stories/2635a2ebf069c17ae005084b7ff66a255ffd3e23.story,content,elaborate,1,3,0.8607556819915771,0.8641722202301025,0.8624606132507324,0.9430301189422607,0.9401324391365051,0.9415790438652039
./cnn/stories/2635a2ebf069c17ae005084b7ff66a255ffd3e23.story,content,elaborate,2,1,0.8729887008666992,0.884610116481781,0.8787609934806824,0.8729887008666992,0.884610116481781,0.8787609934806824
./cnn/stories/2635a2ebf069c17ae005084b7ff66a255ffd3e23.story,content,elaborate,2,2,0.8582713007926941,0.8695152401924133,0.8638566732406616,0.9186364412307739,0.9203741550445557,0.9195045232772827
./cnn/stories/2635a2ebf069c17ae005084b7ff66a255ffd3e23.story,content,elaborate,2,3,0.86191725730896,0.8709660768508911,0.8664180636405945,0.9423139095306396,0.9357801675796509,0.9390357136726379
./cnn/stories/23bc3d595c3d8f6046a2c84b497c0538296a1f31.story,style,formality,0,1,0.9202284812927246,0.913733184337616,0.9169692993164062,0.9202284812927246,0.913733184337616,0.9169692993164062
./cnn/stories/23bc3d595c3d8f6046a2c84b497c0538296a1f31.story,style,formality,0,2,0.9147193431854248,0.913388729095459,0.9140535593032837,0.9666686058044434,0.9739969372749329,0.9703189730644226
./cnn/stories/23bc3d595c3d8f6046a2c84b497c0538296a1f31.story,style,formality,0,3,0.8969104290008545,0.8861566781997681,0.8915010690689087,0.954094648361206,0.9353014230728149,0.9446045756340027
./cnn/stories/23bc3d595c3d8f6046a2c84b497c0538296a1f31.story,style,formality,1,1,0.9106720685958862,0.9025124311447144,0.9065738916397095,0.9106720685958862,0.9025124311447144,0.9065738916397095
./cnn/stories/23bc3d595c3d8f6046a2c84b497c0538296a1f31.story,style,formality,1,2,0.9086925983428955,0.9015742540359497,0.9051194190979004,0.9670766592025757,0.9692831039428711,0.9681786298751831
./cnn/stories/23bc3d595c3d8f6046a2c84b497c0538296a1f31.story,style,formality,1,3,0.8980719447135925,0.8991817235946655,0.8986265063285828,0.9565889835357666,0.963219165802002,0.9598926305770874
./cnn/stories/23bc3d595c3d8f6046a2c84b497c0538296a1f31.story,style,formality,2,1,0.9203582406044006,0.9021251797676086,0.9111505150794983,0.9203582406044006,0.9021251797676086,0.9111505150794983
./cnn/stories/23bc3d595c3d8f6046a2c84b497c0538296a1f31.story,style,formality,2,2,0.9127468466758728,0.9007886648178101,0.9067283868789673,0.9647724628448486,0.9711470007896423,0.9679492115974426
./cnn/stories/23bc3d595c3d8f6046a2c84b497c0538296a1f31.story,style,formality,2,3,0.901038408279419,0.9004703760147095,0.9007542729377747,0.9605633020401001,0.9728662967681885,0.9666756987571716
./cnn/stories/23bc3d595c3d8f6046a2c84b497c0538296a1f31.story,style,paraphrase,0,1,0.9080025553703308,0.878869891166687,0.8931987881660461,0.9080025553703308,0.878869891166687,0.8931987881660461
./cnn/stories/23bc3d595c3d8f6046a2c84b497c0538296a1f31.story,style,paraphrase,0,2,0.9032052755355835,0.8721293807029724,0.8873953819274902,0.9573782682418823,0.9506090879440308,0.9539816379547119
./cnn/stories/23bc3d595c3d8f6046a2c84b497c0538296a1f31.story,style,paraphrase,0,3,0.9008902311325073,0.8714519739151001,0.8859266042709351,0.9534635543823242,0.9575818777084351,0.9555183053016663
./cnn/stories/23bc3d595c3d8f6046a2c84b497c0538296a1f31.story,style,paraphrase,1,1,0.9119017124176025,0.8713403344154358,0.8911597728729248,0.9119017124176025,0.8713403344154358,0.8911597728729248
./cnn/stories/23bc3d595c3d8f6046a2c84b497c0538296a1f31.story,style,paraphrase,1,2,0.9125015139579773,0.8720481395721436,0.8918163180351257,0.955797553062439,0.955579936504364,0.9556887745857239
./cnn/stories/23bc3d595c3d8f6046a2c84b497c0538296a1f31.story,style,paraphrase,1,3,0.907907247543335,0.8676065802574158,0.8872995376586914,0.9510293006896973,0.9510281682014465,0.9510287642478943
./cnn/stories/23bc3d595c3d8f6046a2c84b497c0538296a1f31.story,style,paraphrase,2,1,0.9121189117431641,0.8949902057647705,0.9034733772277832,0.9121189117431641,0.8949902057647705,0.9034733772277832
./cnn/stories/23bc3d595c3d8f6046a2c84b497c0538296a1f31.story,style,paraphrase,2,2,0.899011492729187,0.8827182650566101,0.8907904028892517,0.9423046112060547,0.9352424144744873,0.9387602210044861
./cnn/stories/23bc3d595c3d8f6046a2c84b497c0538296a1f31.story,style,paraphrase,2,3,0.8939214944839478,0.8769975900650024,0.8853787183761597,0.9433077573776245,0.9456295967102051,0.9444672465324402
./cnn/stories/23bc3d595c3d8f6046a2c84b497c0538296a1f31.story,content,shorten,0,1,0.9253062009811401,0.857748806476593,0.890247642993927,0.9253062009811401,0.857748806476593,0.890247642993927
./cnn/stories/23bc3d595c3d8f6046a2c84b497c0538296a1f31.story,content,shorten,0,2,0.9037619829177856,0.8259967565536499,0.8631313443183899,0.9467450976371765,0.9044846296310425,0.9251325130462646
./cnn/stories/23bc3d595c3d8f6046a2c84b497c0538296a1f31.story,content,shorten,0,3,0.9064499735832214,0.81912761926651,0.8605793714523315,0.9738011360168457,0.9384769201278687,0.9558127522468567
./cnn/stories/23bc3d595c3d8f6046a2c84b497c0538296a1f31.story,content,shorten,1,1,0.9079782962799072,0.8525977730751038,0.8794170618057251,0.9079782962799072,0.8525977730751038,0.8794170618057251
./cnn/stories/23bc3d595c3d8f6046a2c84b497c0538296a1f31.story,content,shorten,1,2,0.9103775024414062,0.8402659296989441,0.8739177584648132,0.9633786082267761,0.9337463974952698,0.9483311176300049
./cnn/stories/23bc3d595c3d8f6046a2c84b497c0538296a1f31.story,content,shorten,1,3,0.9082564115524292,0.8341853618621826,0.8696464896202087,0.9712362289428711,0.9578973054885864,0.9645206928253174
./cnn/stories/23bc3d595c3d8f6046a2c84b497c0538296a1f31.story,content,shorten,2,1,0.9119481444358826,0.8470485806465149,0.8783011436462402,0.9119481444358826,0.8470485806465149,0.8783011436462402
./cnn/stories/23bc3d595c3d8f6046a2c84b497c0538296a1f31.story,content,shorten,2,2,0.9127979278564453,0.8460347056388855,0.878149151802063,0.9720237851142883,0.9700947999954224,0.9710583090782166
./cnn/stories/23bc3d595c3d8f6046a2c84b497c0538296a1f31.story,content,shorten,2,3,0.9155787825584412,0.8463401198387146,0.8795990347862244,0.9763989448547363,0.9727396965026855,0.974565863609314
./cnn/stories/23bc3d595c3d8f6046a2c84b497c0538296a1f31.story,content,elaborate,0,1,0.8951445817947388,0.8852553367614746,0.8901724815368652,0.8951445817947388,0.8852553367614746,0.8901724815368652
./cnn/stories/23bc3d595c3d8f6046a2c84b497c0538296a1f31.story,content,elaborate,0,2,0.8768246173858643,0.8662431836128235,0.8715018033981323,0.9261330962181091,0.921601414680481,0.9238617420196533
./cnn/stories/23bc3d595c3d8f6046a2c84b497c0538296a1f31.story,content,elaborate,0,3,0.8644985556602478,0.8640297651290894,0.8642641305923462,0.9232683181762695,0.940491259098053,0.9318002462387085
./cnn/stories/23bc3d595c3d8f6046a2c84b497c0538296a1f31.story,content,elaborate,1,1,0.9096323251724243,0.8849242925643921,0.8971081972122192,0.9096323251724243,0.8849242925643921,0.8971081972122192
./cnn/stories/23bc3d595c3d8f6046a2c84b497c0538296a1f31.story,content,elaborate,1,2,0.8918647170066833,0.8713736534118652,0.8815000653266907,0.9444983005523682,0.9476871490478516,0.946090042591095
./cnn/stories/23bc3d595c3d8f6046a2c84b497c0538296a1f31.story,content,elaborate,1,3,0.8915815353393555,0.8713414669036865,0.8813453316688538,0.9524213075637817,0.950836181640625,0.9516280293464661
./cnn/stories/23bc3d595c3d8f6046a2c84b497c0538296a1f31.story,content,elaborate,2,1,0.9106385111808777,0.8824386596679688,0.8963167667388916,0.9106385111808777,0.8824386596679688,0.8963167667388916
./cnn/stories/23bc3d595c3d8f6046a2c84b497c0538296a1f31.story,content,elaborate,2,2,0.8883410096168518,0.8712624907493591,0.8797188401222229,0.9373915791511536,0.9489879608154297,0.9431541562080383
./cnn/stories/23bc3d595c3d8f6046a2c84b497c0538296a1f31.story,content,elaborate,2,3,0.8836571574211121,0.8683733940124512,0.8759485483169556,0.9618629217147827,0.967752993106842,0.9647989273071289
./cnn/stories/8bc3e81e5bacfc0baef15842b45764e30e88d000.story,style,formality,0,1,0.9329516291618347,0.9093101024627686,0.9209791421890259,0.9329516291618347,0.9093101024627686,0.9209791421890259
./cnn/stories/8bc3e81e5bacfc0baef15842b45764e30e88d000.story,style,formality,0,2,0.9261510968208313,0.9078617095947266,0.916915237903595,0.9737871885299683,0.9782278537750244,0.9760024547576904
./cnn/stories/8bc3e81e5bacfc0baef15842b45764e30e88d000.story,style,formality,0,3,0.9202674031257629,0.904236376285553,0.9121814370155334,0.9808101654052734,0.9839335680007935,0.9823694229125977
./cnn/stories/8bc3e81e5bacfc0baef15842b45764e30e88d000.story,style,formality,1,1,0.928661048412323,0.914649248123169,0.9216018915176392,0.928661048412323,0.914649248123169,0.9216018915176392
./cnn/stories/8bc3e81e5bacfc0baef15842b45764e30e88d000.story,style,formality,1,2,0.9251326322555542,0.9120005369186401,0.9185196161270142,0.9830375909805298,0.9825182557106018,0.9827778339385986
./cnn/stories/8bc3e81e5bacfc0baef15842b45764e30e88d000.story,style,formality,1,3,0.9203786253929138,0.910230815410614,0.9152765870094299,0.9818822145462036,0.9835605621337891,0.982720673084259
./cnn/stories/8bc3e81e5bacfc0baef15842b45764e30e88d000.story,style,formality,2,1,0.9174842238426208,0.906140923500061,0.9117773175239563,0.9174842238426208,0.906140923500061,0.9117773175239563
./cnn/stories/8bc3e81e5bacfc0baef15842b45764e30e88d000.story,style,formality,2,2,0.9132434725761414,0.8981728553771973,0.9056454300880432,0.9705794453620911,0.9654037952423096,0.9679847359657288
./cnn/stories/8bc3e81e5bacfc0baef15842b45764e30e88d000.story,style,formality,2,3,0.9099680185317993,0.8978984355926514,0.9038929343223572,0.9743196964263916,0.9754852056503296,0.9749020934104919
./cnn/stories/8bc3e81e5bacfc0baef15842b45764e30e88d000.story,style,paraphrase,0,1,0.9212719202041626,0.8962011933326721,0.9085635542869568,0.9212719202041626,0.8962011933326721,0.9085635542869568
./cnn/stories/8bc3e81e5bacfc0baef15842b45764e30e88d000.story,style,paraphrase,0,2,0.9131046533584595,0.8830916285514832,0.8978474140167236,0.9512742161750793,0.9439737796783447,0.9476099610328674
./cnn/stories/8bc3e81e5bacfc0baef15842b45764e30e88d000.story,style,paraphrase,0,3,0.9043631553649902,0.875092625617981,0.8894871473312378,0.967693567276001,0.962936520576477,0.965309202671051
./cnn/stories/8bc3e81e5bacfc0baef15842b45764e30e88d000.story,style,paraphrase,1,1,0.9215103387832642,0.8769665956497192,0.8986868262290955,0.9215103387832642,0.8769665956497192,0.8986868262290955
./cnn/stories/8bc3e81e5bacfc0baef15842b45764e30e88d000.story,style,paraphrase,1,2,0.910059928894043,0.8707331418991089,0.8899622559547424,0.963197648525238,0.9661462306976318,0.9646697044372559
./cnn/stories/8bc3e81e5bacfc0baef15842b45764e30e88d000.story,style,paraphrase,1,3,0.9112177491188049,0.8704443573951721,0.8903645277023315,0.97402423620224,0.9731544256210327,0.9735891222953796
./cnn/stories/8bc3e81e5bacfc0baef15842b45764e30e88d000.story,style,paraphrase,2,1,0.9216848611831665,0.8821691274642944,0.9014941453933716,0.9216848611831665,0.8821691274642944,0.9014941453933716
./cnn/stories/8bc3e81e5bacfc0baef15842b45764e30e88d000.story,style,paraphrase,2,2,0.9131016731262207,0.8777186274528503,0.8950605392456055,0.9554229378700256,0.9572311043739319,0.9563261866569519
./cnn/stories/8bc3e81e5bacfc0baef15842b45764e30e88d000.story,style,paraphrase,2,3,0.9065521359443665,0.8676093816757202,0.8866533041000366,0.9544097781181335,0.9466795325279236,0.9505289793014526
./cnn/stories/8bc3e81e5bacfc0baef15842b45764e30e88d000.story,content,shorten,0,1,0.9153679013252258,0.8517259359359741,0.8824008703231812,0.9153679013252258,0.8517259359359741,0.8824008703231812
./cnn/stories/8bc3e81e5bacfc0baef15842b45764e30e88d000.story,content,shorten,0,2,0.9105018973350525,0.8440358638763428,0.8760099411010742,0.9774130582809448,0.9612885117530823,0.9692836999893188
./cnn/stories/8bc3e81e5bacfc0baef15842b45764e30e88d000.story,content,shorten,0,3,0.9062053561210632,0.8405957221984863,0.8721683621406555,0.9872719049453735,0.9834340810775757,0.9853492975234985
./cnn/stories/8bc3e81e5bacfc0baef15842b45764e30e88d000.story,content,shorten,1,1,0.913263738155365,0.8584215641021729,0.8849937915802002,0.913263738155365,0.8584215641021729,0.8849937915802002
./cnn/stories/8bc3e81e5bacfc0baef15842b45764e30e88d000.story,content,shorten,1,2,0.9109624624252319,0.8525586128234863,0.8807933926582336,0.9732176661491394,0.9686080813407898,0.9709073901176453
./cnn/stories/8bc3e81e5bacfc0baef15842b45764e30e88d000.story,content,shorten,1,3,0.908523440361023,0.8413715362548828,0.873659074306488,0.9711554646492004,0.9626792073249817,0.9668987989425659
./cnn/stories/8bc3e81e5bacfc0baef15842b45764e30e88d000.story,content,shorten,2,1,0.9190338850021362,0.8774887323379517,0.8977809548377991,0.9190338850021362,0.8774887323379517,0.8977809548377991
./cnn/stories/8bc3e81e5bacfc0baef15842b45764e30e88d000.story,content,shorten,2,2,0.9087146520614624,0.8637872934341431,0.8856816291809082,0.9613969922065735,0.9484716653823853,0.9548905491828918
./cnn/stories/8bc3e81e5bacfc0baef15842b45764e30e88d000.story,content,shorten,2,3,0.9059450626373291,0.8611460328102112,0.8829777240753174,0.9830656051635742,0.981131374835968,0.9820975661277771
./cnn/stories/8bc3e81e5bacfc0baef15842b45764e30e88d000.story,content,elaborate,0,1,0.911337673664093,0.9007895588874817,0.906032919883728,0.911337673664093,0.9007895588874817,0.906032919883728
./cnn/stories/8bc3e81e5bacfc0baef15842b45764e30e88d000.story,content,elaborate,0,2,0.8978086113929749,0.8926229476928711,0.8952082991600037,0.9414085149765015,0.9462320804595947,0.9438141584396362
./cnn/stories/8bc3e81e5bacfc0baef15842b45764e30e88d000.story,content,elaborate,0,3,0.88642817735672,0.8870673179626465,0.8867476582527161,0.935160219669342,0.9425061345100403,0.9388188123703003
./cnn/stories/8bc3e81e5bacfc0baef15842b45764e30e88d000.story,content,elaborate,1,1,0.9075081944465637,0.8588868379592896,0.8825283050537109,0.9075081944465637,0.8588868379592896,0.8825283050537109
./cnn/stories/8bc3e81e5bacfc0baef15842b45764e30e88d000.story,content,elaborate,1,2,0.8953657150268555,0.8566817045211792,0.8755966424942017,0.953382670879364,0.9604984521865845,0.9569274187088013
./cnn/stories/8bc3e81e5bacfc0baef15842b45764e30e88d000.story,content,elaborate,1,3,0.8901757001876831,0.8538211584091187,0.8716195225715637,0.9563002586364746,0.9587632417678833,0.95753014087677
./cnn/stories/8bc3e81e5bacfc0baef15842b45764e30e88d000.story,content,elaborate,2,1,0.9180018901824951,0.8779098987579346,0.8975083827972412,0.9180018901824951,0.8779098987579346,0.8975083827972412
./cnn/stories/8bc3e81e5bacfc0baef15842b45764e30e88d000.story,content,elaborate,2,2,0.9027171730995178,0.8748470544815063,0.8885636329650879,0.9472914338111877,0.9571244120597839,0.9521825313568115
./cnn/stories/8bc3e81e5bacfc0baef15842b45764e30e88d000.story,content,elaborate,2,3,0.9018467664718628,0.8697302341461182,0.8854973912239075,0.9677283763885498,0.9639753699302673,0.9658482074737549
./cnn/stories/5f83b5592ea2c43ac9857f6a21ed2d1d8be25f8c.story,style,formality,0,1,0.913760244846344,0.9124466180801392,0.913102924823761,0.913760244846344,0.9124466180801392,0.913102924823761
./cnn/stories/5f83b5592ea2c43ac9857f6a21ed2d1d8be25f8c.story,style,formality,0,2,0.8992531895637512,0.8991725444793701,0.8992128968238831,0.9627003073692322,0.962913990020752,0.9628071188926697
./cnn/stories/5f83b5592ea2c43ac9857f6a21ed2d1d8be25f8c.story,style,formality,0,3,0.9008573293685913,0.9006121158599854,0.9007347226142883,0.971333384513855,0.971665620803833,0.9714994430541992
./cnn/stories/5f83b5592ea2c43ac9857f6a21ed2d1d8be25f8c.story,style,formality,1,1,0.9157081842422485,0.9121018052101135,0.9139013886451721,0.9157081842422485,0.9121018052101135,0.9139013886451721
./cnn/stories/5f83b5592ea2c43ac9857f6a21ed2d1d8be25f8c.story,style,formality,1,2,0.9059673547744751,0.9007716774940491,0.903361976146698,0.9503840208053589,0.9494884014129639,0.949936032295227
./cnn/stories/5f83b5592ea2c43ac9857f6a21ed2d1d8be25f8c.story,style,formality,1,3,0.8927028179168701,0.8917078971862793,0.8922051191329956,0.9499915838241577,0.9503425359725952,0.9501670598983765
./cnn/stories/5f83b5592ea2c43ac9857f6a21ed2d1d8be25f8c.story,style,formality,2,1,0.8640214204788208,0.8693245649337769,0.8666648268699646,0.8640214204788208,0.8693245649337769,0.8666648268699646
./cnn/stories/5f83b5592ea2c43ac9857f6a21ed2d1d8be25f8c.story,style,formality,2,2,0.8621327877044678,0.8667464256286621,0.8644334077835083,0.9605755805969238,0.9587775468826294,0.9596757292747498
./cnn/stories/5f83b5592ea2c43ac9857f6a21ed2d1d8be25f8c.story,style,formality,2,3,0.8567688465118408,0.862738847732544,0.8597434759140015,0.9646573662757874,0.9672765731811523,0.965965211391449
./cnn/stories/5f83b5592ea2c43ac9857f6a21ed2d1d8be25f8c.story,style,paraphrase,0,1,0.8486592769622803,0.8288512229919434,0.8386383056640625,0.8486592769622803,0.8288512229919434,0.8386383056640625
./cnn/stories/5f83b5592ea2c43ac9857f6a21ed2d1d8be25f8c.story,style,paraphrase,0,2,0.85102379322052,0.8295069932937622,0.8401276469230652,0.9458338618278503,0.940753698348999,0.9432868957519531
./cnn/stories/5f83b5592ea2c43ac9857f6a21ed2d1d8be25f8c.story,style,paraphrase,0,3,0.8489955067634583,0.8275291323661804,0.8381249308586121,0.9385507106781006,0.9413940906524658,0.9399702548980713
./cnn/stories/5f83b5592ea2c43ac9857f6a21ed2d1d8be25f8c.story,style,paraphrase,1,1,0.8745216727256775,0.8644697666168213,0.8694666028022766,0.8745216727256775,0.8644697666168213,0.8694666028022766
./cnn/stories/5f83b5592ea2c43ac9857f6a21ed2d1d8be25f8c.story,style,paraphrase,1,2,0.8655754327774048,0.8558252453804016,0.8606727123260498,0.951734185218811,0.94831782579422,0.9500228762626648
./cnn/stories/5f83b5592ea2c43ac9857f6a21ed2d1d8be25f8c.story,style,paraphrase,1,3,0.8615850210189819,0.8547148108482361,0.8581361770629883,0.9422438144683838,0.9413201212882996,0.9417816996574402
./cnn/stories/5f83b5592ea2c43ac9857f6a21ed2d1d8be25f8c.story,style,paraphrase,2,1,0.8624887466430664,0.8703916072845459,0.866422176361084,0.8624887466430664,0.8703916072845459,0.866422176361084
./cnn/stories/5f83b5592ea2c43ac9857f6a21ed2d1d8be25f8c.story,style,paraphrase,2,2,0.8626015186309814,0.8652616143226624,0.8639295697212219,0.9416999816894531,0.9412723779678345,0.941486120223999
./cnn/stories/5f83b5592ea2c43ac9857f6a21ed2d1d8be25f8c.story,style,paraphrase,2,3,0.861790657043457,0.8637628555297852,0.8627756237983704,0.9446588754653931,0.9460247755050659,0.9453412890434265
./cnn/stories/5f83b5592ea2c43ac9857f6a21ed2d1d8be25f8c.story,content,shorten,0,1,0.8434436917304993,0.8229135274887085,0.8330521583557129,0.8434436917304993,0.8229135274887085,0.8330521583557129
./cnn/stories/5f83b5592ea2c43ac9857f6a21ed2d1d8be25f8c.story,content,shorten,0,2,0.8433378338813782,0.8210548162460327,0.8320471048355103,0.9575051069259644,0.9390908479690552,0.9482085704803467
./cnn/stories/5f83b5592ea2c43ac9857f6a21ed2d1d8be25f8c.story,content,shorten,0,3,0.8368992805480957,0.81414794921875,0.8253668546676636,0.9729655981063843,0.9657554626464844,0.9693471193313599
./cnn/stories/5f83b5592ea2c43ac9857f6a21ed2d1d8be25f8c.story,content,shorten,1,1,0.8641565442085266,0.8399505019187927,0.8518816232681274,0.8641565442085266,0.8399505019187927,0.8518816232681274
./cnn/stories/5f83b5592ea2c43ac9857f6a21ed2d1d8be25f8c.story,content,shorten,1,2,0.8535297513008118,0.8149310350418091,0.8337839245796204,0.9327672719955444,0.8985602855682373,0.9153442978858948
./cnn/stories/5f83b5592ea2c43ac9857f6a21ed2d1d8be25f8c.story,content,shorten,1,3,0.84597247838974,0.8038321137428284,0.8243641257286072,0.9593780040740967,0.9405604600906372,0.9498760104179382
./cnn/stories/5f83b5592ea2c43ac9857f6a21ed2d1d8be25f8c.story,content,shorten,2,1,0.8673524260520935,0.8512475490570068,0.8592244982719421,0.8673524260520935,0.8512475490570068,0.8592244982719421
./cnn/stories/5f83b5592ea2c43ac9857f6a21ed2d1d8be25f8c.story,content,shorten,2,2,0.8644801378250122,0.8485045433044434,0.8564178347587585,0.9660941362380981,0.9629565477371216,0.9645227789878845
./cnn/stories/5f83b5592ea2c43ac9857f6a21ed2d1d8be25f8c.story,content,shorten,2,3,0.8638834953308105,0.8463433384895325,0.8550235033035278,0.959632158279419,0.9609022736549377,0.9602668285369873
./cnn/stories/5f83b5592ea2c43ac9857f6a21ed2d1d8be25f8c.story,content,elaborate,0,1,0.8624796271324158,0.8666983842849731,0.8645839095115662,0.8624796271324158,0.8666983842849731,0.8645839095115662
./cnn/stories/5f83b5592ea2c43ac9857f6a21ed2d1d8be25f8c.story,content,elaborate,0,2,0.846954345703125,0.8498629927635193,0.8484061360359192,0.902237057685852,0.9014192223548889,0.9018279314041138
./cnn/stories/5f83b5592ea2c43ac9857f6a21ed2d1d8be25f8c.story,content,elaborate,0,3,0.8403390049934387,0.8400255441665649,0.8401821851730347,0.9005106091499329,0.8972946405410767,0.8988997340202332
./cnn/stories/5f83b5592ea2c43ac9857f6a21ed2d1d8be25f8c.story,content,elaborate,1,1,0.8788461089134216,0.8744032382965088,0.8766189813613892,0.8788461089134216,0.8744032382965088,0.8766189813613892
./cnn/stories/5f83b5592ea2c43ac9857f6a21ed2d1d8be25f8c.story,content,elaborate,1,2,0.8617964386940002,0.8606200814247131,0.8612078428268433,0.9115762710571289,0.9116144180297852,0.911595344543457
./cnn/stories/5f83b5592ea2c43ac9857f6a21ed2d1d8be25f8c.story,content,elaborate,1,3,0.8604434132575989,0.859826922416687,0.860135018825531,0.926311731338501,0.9228265881538391,0.9245659112930298
./cnn/stories/5f83b5592ea2c43ac9857f6a21ed2d1d8be25f8c.story,content,elaborate,2,1,0.8577371835708618,0.861903727054596,0.8598154187202454,0.8577371835708618,0.861903727054596,0.8598154187202454
./cnn/stories/5f83b5592ea2c43ac9857f6a21ed2d1d8be25f8c.story,content,elaborate,2,2,0.8429699540138245,0.8425678014755249,0.8427687883377075,0.8979587554931641,0.89848792552948,0.8982232213020325
./cnn/stories/5f83b5592ea2c43ac9857f6a21ed2d1d8be25f8c.story,content,elaborate,2,3,0.8463715314865112,0.8360227942466736,0.8411653637886047,0.9217904806137085,0.9138045310974121,0.9177801012992859
./cnn/stories/341fde78ab8c11bee4062405de56000d47145a92.story,style,formality,0,1,0.9160271883010864,0.9108865261077881,0.9134496450424194,0.9160271883010864,0.9108865261077881,0.9134496450424194
./cnn/stories/341fde78ab8c11bee4062405de56000d47145a92.story,style,formality,0,2,0.9025037288665771,0.8919146656990051,0.8971779942512512,0.9508112072944641,0.9451645612716675,0.9479794502258301
./cnn/stories/341fde78ab8c11bee4062405de56000d47145a92.story,style,formality,0,3,0.894371747970581,0.8904812932014465,0.8924222588539124,0.9633828401565552,0.9695128202438354,0.9664381146430969
./cnn/stories/341fde78ab8c11bee4062405de56000d47145a92.story,style,formality,1,1,0.8951413631439209,0.8603379130363464,0.8773946166038513,0.8951413631439209,0.8603379130363464,0.8773946166038513
./cnn/stories/341fde78ab8c11bee4062405de56000d47145a92.story,style,formality,1,2,0.8891706466674805,0.8639312982559204,0.876369297504425,0.9433203935623169,0.9551142454147339,0.9491806626319885
./cnn/stories/341fde78ab8c11bee4062405de56000d47145a92.story,style,formality,1,3,0.887548565864563,0.8650475740432739,0.8761535882949829,0.9704458713531494,0.9712700843811035,0.9708577990531921
./cnn/stories/341fde78ab8c11bee4062405de56000d47145a92.story,style,formality,2,1,0.9154442548751831,0.8917195796966553,0.9034262299537659,0.9154442548751831,0.8917195796966553,0.9034262299537659
./cnn/stories/341fde78ab8c11bee4062405de56000d47145a92.story,style,formality,2,2,0.9008430242538452,0.8836416006088257,0.8921594023704529,0.9581007957458496,0.9630482792854309,0.9605681896209717
./cnn/stories/341fde78ab8c11bee4062405de56000d47145a92.story,style,formality,2,3,0.8934716582298279,0.8776065111160278,0.885468065738678,0.9652115702629089,0.9647829532623291,0.9649972319602966
./cnn/stories/341fde78ab8c11bee4062405de56000d47145a92.story,style,paraphrase,0,1,0.8975385427474976,0.8436252474784851,0.8697472214698792,0.8975385427474976,0.8436252474784851,0.8697472214698792
./cnn/stories/341fde78ab8c11bee4062405de56000d47145a92.story,style,paraphrase,0,2,0.8948284387588501,0.8367323279380798,0.8648058176040649,0.9610756635665894,0.9462445974349976,0.9536024928092957
./cnn/stories/341fde78ab8c11bee4062405de56000d47145a92.story,style,paraphrase,0,3,0.8904967308044434,0.8369675278663635,0.862902820110321,0.9660215973854065,0.9713417291641235,0.9686743021011353
./cnn/stories/341fde78ab8c11bee4062405de56000d47145a92.story,style,paraphrase,1,1,0.8999360203742981,0.846779465675354,0.8725488781929016,0.8999360203742981,0.846779465675354,0.8725488781929016
./cnn/stories/341fde78ab8c11bee4062405de56000d47145a92.story,style,paraphrase,1,2,0.8865610957145691,0.8400458693504333,0.8626769185066223,0.9553828239440918,0.9564229249954224,0.955902636051178
./cnn/stories/341fde78ab8c11bee4062405de56000d47145a92.story,style,paraphrase,1,3,0.888468861579895,0.8413795232772827,0.8642832636833191,0.965665876865387,0.9677233695983887,0.9666935205459595
./cnn/stories/341fde78ab8c11bee4062405de56000d47145a92.story,style,paraphrase,2,1,0.9165390729904175,0.9041184186935425,0.9102863669395447,0.9165390729904175,0.9041184186935425,0.9102863669395447
./cnn/stories/341fde78ab8c11bee4062405de56000d47145a92.story,style,paraphrase,2,2,0.9032813906669617,0.8894311785697937,0.8963028192520142,0.9460722208023071,0.9392990469932556,0.9426735043525696
./cnn/stories/341fde78ab8c11bee4062405de56000d47145a92.story,style,paraphrase,2,3,0.892180323600769,0.8700758218765259,0.8809894919395447,0.9417679905891418,0.9277999401092529,0.9347317814826965
./cnn/stories/341fde78ab8c11bee4062405de56000d47145a92.story,content,shorten,0,1,0.9101030826568604,0.8360284566879272,0.8714945316314697,0.9101030826568604,0.8360284566879272,0.8714945316314697
./cnn/stories/341fde78ab8c11bee4062405de56000d47145a92.story,content,shorten,0,2,0.899724006652832,0.8212674856185913,0.8587074279785156,0.954508900642395,0.9305247068405151,0.9423642754554749
./cnn/stories/341fde78ab8c11bee4062405de56000d47145a92.story,content,shorten,0,3,0.8889223337173462,0.8085281848907471,0.8468214869499207,0.9504961967468262,0.9172316789627075,0.9335677027702332
./cnn/stories/341fde78ab8c11bee4062405de56000d47145a92.story,content,shorten,1,1,0.9061575531959534,0.8276580572128296,0.8651307225227356,0.9061575531959534,0.8276580572128296,0.8651307225227356
./cnn/stories/341fde78ab8c11bee4062405de56000d47145a92.story,content,shorten,1,2,0.8944804072380066,0.8229655027389526,0.8572340607643127,0.9688936471939087,0.9635369777679443,0.9662078619003296
./cnn/stories/341fde78ab8c11bee4062405de56000d47145a92.story,content,shorten,1,3,0.9004420042037964,0.8235580921173096,0.8602856993675232,0.9854131937026978,0.9822368621826172,0.9838224649429321
./cnn/stories/341fde78ab8c11bee4062405de56000d47145a92.story,content,shorten,2,1,0.9097985625267029,0.8638793230056763,0.886244535446167,0.9097985625267029,0.8638793230056763,0.886244535446167
./cnn/stories/341fde78ab8c11bee4062405de56000d47145a92.story,content,shorten,2,2,0.9046145677566528,0.8591650128364563,0.8813042044639587,0.9714190363883972,0.9658863544464111,0.9686447978019714
./cnn/stories/341fde78ab8c11bee4062405de56000d47145a92.story,content,shorten,2,3,0.9036366939544678,0.8578564524650574,0.8801516890525818,0.9764124155044556,0.9749201536178589,0.9756656885147095
./cnn/stories/341fde78ab8c11bee4062405de56000d47145a92.story,content,elaborate,0,1,0.9065914750099182,0.8717128038406372,0.8888100385665894,0.9065914750099182,0.8717128038406372,0.8888100385665894
./cnn/stories/341fde78ab8c11bee4062405de56000d47145a92.story,content,elaborate,0,2,0.886935293674469,0.8569529056549072,0.8716863989830017,0.9352529048919678,0.9311931133270264,0.9332185983657837
./cnn/stories/341fde78ab8c11bee4062405de56000d47145a92.story,content,elaborate,0,3,0.8794276714324951,0.8574815988540649,0.8683159947395325,0.9298598766326904,0.9393593072891235,0.934585452079773
./cnn/stories/341fde78ab8c11bee4062405de56000d47145a92.story,content,elaborate,1,1,0.9079701900482178,0.8813838362693787,0.894479513168335,0.9079701900482178,0.8813838362693787,0.894479513168335
./cnn/stories/341fde78ab8c11bee4062405de56000d47145a92.story,content,elaborate,1,2,0.894426703453064,0.8649427890777588,0.8794376850128174,0.9352755546569824,0.9200265407562256,0.9275884032249451
./cnn/stories/341fde78ab8c11bee4062405de56000d47145a92.story,content,elaborate,1,3,0.8905236721038818,0.8637793660163879,0.8769477009773254,0.9609885811805725,0.9682842493057251,0.9646226167678833
./cnn/stories/341fde78ab8c11bee4062405de56000d47145a92.story,content,elaborate,2,1,0.9055665731430054,0.8796697854995728,0.8924303650856018,0.9055665731430054,0.8796697854995728,0.8924303650856018
./cnn/stories/341fde78ab8c11bee4062405de56000d47145a92.story,content,elaborate,2,2,0.893257200717926,0.8776386976242065,0.8853790163993835,0.9289672374725342,0.9388304948806763,0.9338728189468384
./cnn/stories/341fde78ab8c11bee4062405de56000d47145a92.story,content,elaborate,2,3,0.8880043029785156,0.8647364377975464,0.876215934753418,0.9567326307296753,0.9467931985855103,0.9517369270324707
./cnn/stories/7dc9cfe7708586e113394efe071db956490f4966.story,style,formality,0,1,0.8688831925392151,0.8656011819839478,0.8672390580177307,0.8688831925392151,0.8656011819839478,0.8672390580177307
./cnn/stories/7dc9cfe7708586e113394efe071db956490f4966.story,style,formality,0,2,0.8590666651725769,0.8572877049446106,0.8581762909889221,0.9377644062042236,0.9394825100898743,0.9386227130889893
./cnn/stories/7dc9cfe7708586e113394efe071db956490f4966.story,style,formality,0,3,0.8618070483207703,0.85890793800354,0.860355019569397,0.9686812162399292,0.9664856195449829,0.9675821661949158
./cnn/stories/7dc9cfe7708586e113394efe071db956490f4966.story,style,formality,1,1,0.8603633642196655,0.8578994274139404,0.8591296076774597,0.8603633642196655,0.8578994274139404,0.8591296076774597
./cnn/stories/7dc9cfe7708586e113394efe071db956490f4966.story,style,formality,1,2,0.8510863780975342,0.8494817018508911,0.8502832651138306,0.9464729428291321,0.94595867395401,0.9462157487869263
./cnn/stories/7dc9cfe7708586e113394efe071db956490f4966.story,style,formality,1,3,0.8514549136161804,0.8502905368804932,0.850872278213501,0.9663186073303223,0.9656144380569458,0.9659664034843445
./cnn/stories/7dc9cfe7708586e113394efe071db956490f4966.story,style,formality,2,1,0.8570608496665955,0.8517316579818726,0.8543879389762878,0.8570608496665955,0.8517316579818726,0.8543879389762878
./cnn/stories/7dc9cfe7708586e113394efe071db956490f4966.story,style,formality,2,2,0.8497574329376221,0.8453528881072998,0.8475494980812073,0.9365682601928711,0.9379162788391113,0.937241792678833
./cnn/stories/7dc9cfe7708586e113394efe071db956490f4966.story,style,formality,2,3,0.8490880727767944,0.8453403115272522,0.8472099900245667,0.9665790796279907,0.9656739830970764,0.9661263227462769
./cnn/stories/7dc9cfe7708586e113394efe071db956490f4966.story,style,paraphrase,0,1,0.8640718460083008,0.849746823310852,0.8568494915962219,0.8640718460083008,0.849746823310852,0.8568494915962219
./cnn/stories/7dc9cfe7708586e113394efe071db956490f4966.story,style,paraphrase,0,2,0.8553787469863892,0.8433462381362915,0.8493199348449707,0.9448542594909668,0.9435595870018005,0.9442064166069031
./cnn/stories/7dc9cfe7708586e113394efe071db956490f4966.story,style,paraphrase,0,3,0.8557632565498352,0.8392789363861084,0.8474409580230713,0.940273642539978,0.9361436367034912,0.9382041096687317
./cnn/stories/7dc9cfe7708586e113394efe071db956490f4966.story,style,paraphrase,1,1,0.8571186065673828,0.8457508087158203,0.8513967990875244,0.8571186065673828,0.8457508087158203,0.8513967990875244
./cnn/stories/7dc9cfe7708586e113394efe071db956490f4966.story,style,paraphrase,1,2,0.8523990511894226,0.8386675119400024,0.8454775810241699,0.9517966508865356,0.9453218579292297,0.9485481381416321
./cnn/stories/7dc9cfe7708586e113394efe071db956490f4966.story,style,paraphrase,1,3,0.8514612317085266,0.8368333578109741,0.8440839052200317,0.966792106628418,0.9654983282089233,0.9661448001861572
./cnn/stories/7dc9cfe7708586e113394efe071db956490f4966.story,style,paraphrase,2,1,0.8751316666603088,0.8737069964408875,0.8744187951087952,0.8751316666603088,0.8737069964408875,0.8744187951087952
./cnn/stories/7dc9cfe7708586e113394efe071db956490f4966.story,style,paraphrase,2,2,0.8695727586746216,0.8699603080749512,0.8697665333747864,0.9426486492156982,0.9430519342422485,0.9428502321243286
./cnn/stories/7dc9cfe7708586e113394efe071db956490f4966.story,style,paraphrase,2,3,0.8672614097595215,0.8657568693161011,0.8665084838867188,0.9498163461685181,0.949268102645874,0.9495421051979065
./cnn/stories/7dc9cfe7708586e113394efe071db956490f4966.story,content,shorten,0,1,0.8778126835823059,0.8240979313850403,0.8501076698303223,0.8778126835823059,0.8240979313850403,0.8501076698303223
./cnn/stories/7dc9cfe7708586e113394efe071db956490f4966.story,content,shorten,0,2,0.8763302564620972,0.8067191243171692,0.8400850892066956,0.9541642069816589,0.9095118641853333,0.931303083896637
./cnn/stories/7dc9cfe7708586e113394efe071db956490f4966.story,content,shorten,0,3,0.8639872074127197,0.8004589080810547,0.8310106992721558,0.9699560403823853,0.9517521858215332,0.960767924785614
./cnn/stories/7dc9cfe7708586e113394efe071db956490f4966.story,content,shorten,1,1,0.8629964590072632,0.83713299036026,0.8498679399490356,0.8629964590072632,0.83713299036026,0.8498679399490356
./cnn/stories/7dc9cfe7708586e113394efe071db956490f4966.story,content,shorten,1,2,0.8575417995452881,0.8208522796630859,0.8387960195541382,0.9381237030029297,0.9106706976890564,0.9241933822631836
./cnn/stories/7dc9cfe7708586e113394efe071db956490f4966.story,content,shorten,1,3,0.8530979752540588,0.817351222038269,0.8348420262336731,0.9624530076980591,0.9572368860244751,0.9598378539085388
./cnn/stories/7dc9cfe7708586e113394efe071db956490f4966.story,content,shorten,2,1,0.8672588467597961,0.8502874374389648,0.8586893081665039,0.8672588467597961,0.8502874374389648,0.8586893081665039
./cnn/stories/7dc9cfe7708586e113394efe071db956490f4966.story,content,shorten,2,2,0.8622640371322632,0.8401549458503723,0.8510658740997314,0.9654016494750977,0.9535413980484009,0.9594349265098572
./cnn/stories/7dc9cfe7708586e113394efe071db956490f4966.story,content,shorten,2,3,0.862589955329895,0.8391022682189941,0.8506840467453003,0.9707525372505188,0.9679540395736694,0.9693512320518494
./cnn/stories/7dc9cfe7708586e113394efe071db956490f4966.story,content,elaborate,0,1,0.8594321012496948,0.8555516004562378,0.8574874401092529,0.8594321012496948,0.8555516004562378,0.8574874401092529
./cnn/stories/7dc9cfe7708586e113394efe071db956490f4966.story,content,elaborate,0,2,0.8578100204467773,0.856810450553894,0.8573099374771118,0.904728889465332,0.9053845405578613,0.9050565958023071
./cnn/stories/7dc9cfe7708586e113394efe071db956490f4966.story,content,elaborate,0,3,0.8503084182739258,0.8514178395271301,0.8508627414703369,0.9348057508468628,0.9338221549987793,0.9343137145042419
./cnn/stories/7dc9cfe7708586e113394efe071db956490f4966.story,content,elaborate,1,1,0.8619365096092224,0.8557347059249878,0.8588244318962097,0.8619365096092224,0.8557347059249878,0.8588244318962097
./cnn/stories/7dc9cfe7708586e113394efe071db956490f4966.story,content,elaborate,1,2,0.8494814038276672,0.8424034118652344,0.8459276556968689,0.9298751354217529,0.930396318435669,0.9301356673240662
./cnn/stories/7dc9cfe7708586e113394efe071db956490f4966.story,content,elaborate,1,3,0.8536995649337769,0.8475987911224365,0.8506382703781128,0.9282777309417725,0.9235846400260925,0.9259252548217773
./cnn/stories/7dc9cfe7708586e113394efe071db956490f4966.story,content,elaborate,2,1,0.8618711233139038,0.8563931584358215,0.8591233491897583,0.8618711233139038,0.8563931584358215,0.8591233491897583
./cnn/stories/7dc9cfe7708586e113394efe071db956490f4966.story,content,elaborate,2,2,0.8569312691688538,0.8517837524414062,0.8543497920036316,0.9304366707801819,0.9293125867843628,0.9298743009567261
./cnn/stories/7dc9cfe7708586e113394efe071db956490f4966.story,content,elaborate,2,3,0.8563690185546875,0.850090742111206,0.8532183766365051,0.9412492513656616,0.9403820633888245,0.9408154487609863
./cnn/stories/5daa60b042064cbf85c889785daf8b4ceb3c3ec3.story,style,formality,0,1,0.8599036931991577,0.857516884803772,0.8587086200714111,0.8599036931991577,0.857516884803772,0.8587086200714111
./cnn/stories/5daa60b042064cbf85c889785daf8b4ceb3c3ec3.story,style,formality,0,2,0.8547144532203674,0.8527668118476868,0.8537395000457764,0.9527670741081238,0.95372074842453,0.9532436728477478
./cnn/stories/5daa60b042064cbf85c889785daf8b4ceb3c3ec3.story,style,formality,0,3,0.8541665077209473,0.8510783314704895,0.8526196479797363,0.9632139205932617,0.9618099331855774,0.9625114798545837
./cnn/stories/5daa60b042064cbf85c889785daf8b4ceb3c3ec3.story,style,formality,1,1,0.8846608996391296,0.8803061246871948,0.8824781775474548,0.8846608996391296,0.8803061246871948,0.8824781775474548
./cnn/stories/5daa60b042064cbf85c889785daf8b4ceb3c3ec3.story,style,formality,1,2,0.880779504776001,0.8754401206970215,0.8781017065048218,0.9467577338218689,0.9454447031021118,0.9461007714271545
./cnn/stories/5daa60b042064cbf85c889785daf8b4ceb3c3ec3.story,style,formality,1,3,0.8805724382400513,0.8722568154335022,0.8763948678970337,0.9635589718818665,0.9613051414489746,0.9624307751655579
./cnn/stories/5daa60b042064cbf85c889785daf8b4ceb3c3ec3.story,style,formality,2,1,0.8737345933914185,0.8708366751670837,0.8722832202911377,0.8737345933914185,0.8708366751670837,0.8722832202911377
./cnn/stories/5daa60b042064cbf85c889785daf8b4ceb3c3ec3.story,style,formality,2,2,0.867865264415741,0.8641904592514038,0.8660240173339844,0.9522241950035095,0.9498109817504883,0.9510160684585571
./cnn/stories/5daa60b042064cbf85c889785daf8b4ceb3c3ec3.story,style,formality,2,3,0.8630393743515015,0.8628407716751099,0.8629400730133057,0.9616234302520752,0.9630287885665894,0.9623255729675293
./cnn/stories/5daa60b042064cbf85c889785daf8b4ceb3c3ec3.story,style,paraphrase,0,1,0.8557128310203552,0.8326923251152039,0.8440456390380859,0.8557128310203552,0.8326923251152039,0.8440456390380859
./cnn/stories/5daa60b042064cbf85c889785daf8b4ceb3c3ec3.story,style,paraphrase,0,2,0.8552005290985107,0.830629289150238,0.8427358269691467,0.9432734251022339,0.9345278143882751,0.9388803243637085
./cnn/stories/5daa60b042064cbf85c889785daf8b4ceb3c3ec3.story,style,paraphrase,0,3,0.8557029962539673,0.8231464624404907,0.8391090631484985,0.9501346349716187,0.9322459101676941,0.941105306148529
./cnn/stories/5daa60b042064cbf85c889785daf8b4ceb3c3ec3.story,style,paraphrase,1,1,0.8614857196807861,0.8466222286224365,0.85398930311203,0.8614857196807861,0.8466222286224365,0.85398930311203
./cnn/stories/5daa60b042064cbf85c889785daf8b4ceb3c3ec3.story,style,paraphrase,1,2,0.8594803810119629,0.8420780301094055,0.8506901860237122,0.952439546585083,0.9515557289123535,0.9519973993301392
./cnn/stories/5daa60b042064cbf85c889785daf8b4ceb3c3ec3.story,style,paraphrase,1,3,0.8529040813446045,0.8358950614929199,0.84431391954422,0.9459678530693054,0.9398625493049622,0.9429053068161011
./cnn/stories/5daa60b042064cbf85c889785daf8b4ceb3c3ec3.story,style,paraphrase,2,1,0.8667926788330078,0.8628482818603516,0.8648159503936768,0.8667926788330078,0.8628482818603516,0.8648159503936768
./cnn/stories/5daa60b042064cbf85c889785daf8b4ceb3c3ec3.story,style,paraphrase,2,2,0.8568127155303955,0.8552130460739136,0.8560121059417725,0.9523106813430786,0.9496860504150391,0.9509965777397156
./cnn/stories/5daa60b042064cbf85c889785daf8b4ceb3c3ec3.story,style,paraphrase,2,3,0.8565795421600342,0.851923942565918,0.8542454242706299,0.9590482115745544,0.9570750594139099,0.958060622215271
./cnn/stories/5daa60b042064cbf85c889785daf8b4ceb3c3ec3.story,content,shorten,0,1,0.8741565942764282,0.8080469369888306,0.8398027420043945,0.8741565942764282,0.8080469369888306,0.8398027420043945
./cnn/stories/5daa60b042064cbf85c889785daf8b4ceb3c3ec3.story,content,shorten,0,2,0.8757527470588684,0.7981531620025635,0.8351542353630066,0.9673232436180115,0.9408370852470398,0.9538963437080383
./cnn/stories/5daa60b042064cbf85c889785daf8b4ceb3c3ec3.story,content,shorten,0,3,0.8751299381256104,0.794813334941864,0.833040177822113,0.9746254682540894,0.9664384722709656,0.9705147743225098
./cnn/stories/5daa60b042064cbf85c889785daf8b4ceb3c3ec3.story,content,shorten,1,1,0.8778135776519775,0.8344820737838745,0.8555995225906372,0.8778135776519775,0.8344820737838745,0.8555995225906372
./cnn/stories/5daa60b042064cbf85c889785daf8b4ceb3c3ec3.story,content,shorten,1,2,0.8786941170692444,0.8275432586669922,0.8523520231246948,0.9701555967330933,0.9625398516654968,0.9663327932357788
./cnn/stories/5daa60b042064cbf85c889785daf8b4ceb3c3ec3.story,content,shorten,1,3,0.8730692863464355,0.8248307704925537,0.8482648134231567,0.9738562107086182,0.9714412689208984,0.9726471900939941
./cnn/stories/5daa60b042064cbf85c889785daf8b4ceb3c3ec3.story,content,shorten,2,1,0.8680040836334229,0.8424631953239441,0.8550429344177246,0.8680040836334229,0.8424631953239441,0.8550429344177246
./cnn/stories/5daa60b042064cbf85c889785daf8b4ceb3c3ec3.story,content,shorten,2,2,0.8589576482772827,0.8338176012039185,0.8462009429931641,0.9588741064071655,0.9578986167907715,0.9583861231803894
./cnn/stories/5daa60b042064cbf85c889785daf8b4ceb3c3ec3.story,content,shorten,2,3,0.86000657081604,0.8340551257133484,0.8468320369720459,0.9681110382080078,0.9676975011825562,0.9679042100906372
./cnn/stories/5daa60b042064cbf85c889785daf8b4ceb3c3ec3.story,content,elaborate,0,1,0.8564390540122986,0.840904176235199,0.8486005663871765,0.8564390540122986,0.840904176235199,0.8486005663871765
./cnn/stories/5daa60b042064cbf85c889785daf8b4ceb3c3ec3.story,content,elaborate,0,2,0.8481469750404358,0.8373597860336304,0.8427188396453857,0.9383851289749146,0.9450037479400635,0.9416828155517578
./cnn/stories/5daa60b042064cbf85c889785daf8b4ceb3c3ec3.story,content,elaborate,0,3,0.8493434190750122,0.8348469734191895,0.842032790184021,0.9378118515014648,0.937718391418457,0.9377651214599609
./cnn/stories/5daa60b042064cbf85c889785daf8b4ceb3c3ec3.story,content,elaborate,1,1,0.8582232594490051,0.8296588659286499,0.8436993360519409,0.8582232594490051,0.8296588659286499,0.8436993360519409
./cnn/stories/5daa60b042064cbf85c889785daf8b4ceb3c3ec3.story,content,elaborate,1,2,0.8525738716125488,0.8308876752853394,0.8415910601615906,0.9525268077850342,0.9559311866760254,0.9542259573936462
./cnn/stories/5daa60b042064cbf85c889785daf8b4ceb3c3ec3.story,content,elaborate,1,3,0.8523533344268799,0.8301383256912231,0.8410991430282593,0.9445136785507202,0.9497721195220947,0.9471355676651001
./cnn/stories/5daa60b042064cbf85c889785daf8b4ceb3c3ec3.story,content,elaborate,2,1,0.8549653887748718,0.8389937877655029,0.8469042778015137,0.8549653887748718,0.8389937877655029,0.8469042778015137
./cnn/stories/5daa60b042064cbf85c889785daf8b4ceb3c3ec3.story,content,elaborate,2,2,0.8435145616531372,0.8317699432373047,0.8376011252403259,0.9229274988174438,0.9335083961486816,0.9281877875328064
./cnn/stories/5daa60b042064cbf85c889785daf8b4ceb3c3ec3.story,content,elaborate,2,3,0.8409470319747925,0.828274130821228,0.8345624804496765,0.9345606565475464,0.9326108694076538,0.9335847496986389
./cnn/stories/562a96b7a77931e60f0a96ee004c4314734326a3.story,style,formality,0,1,0.9281494617462158,0.9277675151824951,0.9279584884643555,0.9281494617462158,0.9277675151824951,0.9279584884643555
./cnn/stories/562a96b7a77931e60f0a96ee004c4314734326a3.story,style,formality,0,2,0.914008617401123,0.917532205581665,0.9157670140266418,0.9707809090614319,0.9738752245903015,0.9723256230354309
./cnn/stories/562a96b7a77931e60f0a96ee004c4314734326a3.story,style,formality,0,3,0.9114479422569275,0.9154152870178223,0.9134272933006287,0.9780665636062622,0.9788187742233276,0.9784424901008606
./cnn/stories/562a96b7a77931e60f0a96ee004c4314734326a3.story,style,formality,1,1,0.9336240887641907,0.9170205593109131,0.925247848033905,0.9336240887641907,0.9170205593109131,0.925247848033905
./cnn/stories/562a96b7a77931e60f0a96ee004c4314734326a3.story,style,formality,1,2,0.9180564880371094,0.9111671447753906,0.914598822593689,0.9622482657432556,0.9724085330963135,0.9673017263412476
./cnn/stories/562a96b7a77931e60f0a96ee004c4314734326a3.story,style,formality,1,3,0.9199022054672241,0.9095272421836853,0.9146853685379028,0.9815462231636047,0.9779692888259888,0.9797544479370117
./cnn/stories/562a96b7a77931e60f0a96ee004c4314734326a3.story,style,formality,2,1,0.9293126463890076,0.9310928583145142,0.9302019476890564,0.9293126463890076,0.9310928583145142,0.9302019476890564
./cnn/stories/562a96b7a77931e60f0a96ee004c4314734326a3.story,style,formality,2,2,0.9166539907455444,0.9163307547569275,0.9164924025535583,0.9698523879051208,0.9651731252670288,0.9675071239471436
./cnn/stories/562a96b7a77931e60f0a96ee004c4314734326a3.story,style,formality,2,3,0.9149055480957031,0.9158027172088623,0.9153538942337036,0.9745985269546509,0.9746551513671875,0.9746268391609192
./cnn/stories/562a96b7a77931e60f0a96ee004c4314734326a3.story,style,paraphrase,0,1,0.9084177613258362,0.8731862306594849,0.8904536366462708,0.9084177613258362,0.8731862306594849,0.8904536366462708
./cnn/stories/562a96b7a77931e60f0a96ee004c4314734326a3.story,style,paraphrase,0,2,0.9103670120239258,0.8706921935081482,0.8900876641273499,0.966134786605835,0.958317756652832,0.9622103571891785
./cnn/stories/562a96b7a77931e60f0a96ee004c4314734326a3.story,style,paraphrase,0,3,0.9026318788528442,0.869149386882782,0.8855742812156677,0.9605107307434082,0.9659316539764404,0.9632135629653931
./cnn/stories/562a96b7a77931e60f0a96ee004c4314734326a3.story,style,paraphrase,1,1,0.8988957405090332,0.8590322732925415,0.8785120248794556,0.8988957405090332,0.8590322732925415,0.8785120248794556
./cnn/stories/562a96b7a77931e60f0a96ee004c4314734326a3.story,style,paraphrase,1,2,0.8928183317184448,0.8500062823295593,0.870886504650116,0.9598020911216736,0.9504400491714478,0.9550981521606445
./cnn/stories/562a96b7a77931e60f0a96ee004c4314734326a3.story,style,paraphrase,1,3,0.8883643746376038,0.8494648933410645,0.8684792518615723,0.969540536403656,0.9745438098907471,0.9720357060432434
./cnn/stories/562a96b7a77931e60f0a96ee004c4314734326a3.story,style,paraphrase,2,1,0.9163644313812256,0.8942233324050903,0.905158519744873,0.9163644313812256,0.8942233324050903,0.905158519744873
./cnn/stories/562a96b7a77931e60f0a96ee004c4314734326a3.story,style,paraphrase,2,2,0.9131878018379211,0.8913108110427856,0.9021166563034058,0.9608410000801086,0.9607545733451843,0.9607977867126465
./cnn/stories/562a96b7a77931e60f0a96ee004c4314734326a3.story,style,paraphrase,2,3,0.9063332080841064,0.8859546184539795,0.8960281014442444,0.9624556303024292,0.9589033722877502,0.9606761932373047
./cnn/stories/562a96b7a77931e60f0a96ee004c4314734326a3.story,content,shorten,0,1,0.9112145900726318,0.8666578531265259,0.8883779048919678,0.9112145900726318,0.8666578531265259,0.8883779048919678
./cnn/stories/562a96b7a77931e60f0a96ee004c4314734326a3.story,content,shorten,0,2,0.9063336849212646,0.8584563136100769,0.8817455172538757,0.9791666269302368,0.963292121887207,0.9711644649505615
./cnn/stories/562a96b7a77931e60f0a96ee004c4314734326a3.story,content,shorten,0,3,0.899024248123169,0.8322504758834839,0.8643496632575989,0.9598678350448608,0.928092360496521,0.9437127113342285
./cnn/stories/562a96b7a77931e60f0a96ee004c4314734326a3.story,content,shorten,1,1,0.8930447101593018,0.8339332342147827,0.8624773025512695,0.8930447101593018,0.8339332342147827,0.8624773025512695
./cnn/stories/562a96b7a77931e60f0a96ee004c4314734326a3.story,content,shorten,1,2,0.888313889503479,0.8225409984588623,0.8541631102561951,0.9615317583084106,0.9373961687088013,0.9493106007575989
./cnn/stories/562a96b7a77931e60f0a96ee004c4314734326a3.story,content,shorten,1,3,0.8872087001800537,0.8216636180877686,0.8531791567802429,0.9734178185462952,0.9721186757087708,0.9727677702903748
./cnn/stories/562a96b7a77931e60f0a96ee004c4314734326a3.story,content,shorten,2,1,0.9154438972473145,0.8808532953262329,0.8978155255317688,0.9154438972473145,0.8808532953262329,0.8978155255317688
./cnn/stories/562a96b7a77931e60f0a96ee004c4314734326a3.story,content,shorten,2,2,0.9108363389968872,0.8742490410804749,0.8921676874160767,0.9758806228637695,0.9687710404396057,0.972312867641449
./cnn/stories/562a96b7a77931e60f0a96ee004c4314734326a3.story,content,shorten,2,3,0.9058440923690796,0.8701896667480469,0.8876590132713318,0.981809139251709,0.9798938035964966,0.9808505177497864
./cnn/stories/562a96b7a77931e60f0a96ee004c4314734326a3.story,content,elaborate,0,1,0.9133654832839966,0.9094889760017395,0.9114230871200562,0.9133654832839966,0.9094889760017395,0.9114230871200562
./cnn/stories/562a96b7a77931e60f0a96ee004c4314734326a3.story,content,elaborate,0,2,0.8958969116210938,0.8935306668281555,0.8947122693061829,0.9402633309364319,0.9335760474205017,0.9369077682495117
./cnn/stories/562a96b7a77931e60f0a96ee004c4314734326a3.story,content,elaborate,0,3,0.8900104761123657,0.8882970213890076,0.889153003692627,0.9475171566009521,0.9477552175521851,0.9476361274719238
./cnn/stories/562a96b7a77931e60f0a96ee004c4314734326a3.story,content,elaborate,1,1,0.9111443161964417,0.8789528608322144,0.8947591185569763,0.9111443161964417,0.8789528608322144,0.8947591185569763
./cnn/stories/562a96b7a77931e60f0a96ee004c4314734326a3.story,content,elaborate,1,2,0.9028471112251282,0.8724521398544312,0.8873893618583679,0.9624667763710022,0.9622633457183838,0.9623650908470154
./cnn/stories/562a96b7a77931e60f0a96ee004c4314734326a3.story,content,elaborate,1,3,0.8978301286697388,0.8688356280326843,0.8830949664115906,0.9532622694969177,0.9568431973457336,0.9550493955612183
./cnn/stories/562a96b7a77931e60f0a96ee004c4314734326a3.story,content,elaborate,2,1,0.9224972128868103,0.9167032837867737,0.9195911288261414,0.9224972128868103,0.9167032837867737,0.9195911288261414
./cnn/stories/562a96b7a77931e60f0a96ee004c4314734326a3.story,content,elaborate,2,2,0.8959928750991821,0.8980554342269897,0.8970229625701904,0.9398812055587769,0.9485132694244385,0.944177508354187
./cnn/stories/562a96b7a77931e60f0a96ee004c4314734326a3.story,content,elaborate,2,3,0.890151858329773,0.8940163850784302,0.8920799493789673,0.9708709120750427,0.971133291721344,0.9710020422935486
./cnn/stories/280c6cd98b93cfbfcedd1d8961432f5ed819d334.story,style,formality,0,1,0.8867071866989136,0.880435585975647,0.883560299873352,0.8867071866989136,0.880435585975647,0.883560299873352
./cnn/stories/280c6cd98b93cfbfcedd1d8961432f5ed819d334.story,style,formality,0,2,0.8866745233535767,0.87628573179245,0.8814495205879211,0.9498485326766968,0.9461451768875122,0.947993278503418
./cnn/stories/280c6cd98b93cfbfcedd1d8961432f5ed819d334.story,style,formality,0,3,0.8828840851783752,0.8722115159034729,0.8775153756141663,0.9748278260231018,0.9733939170837402,0.9741103649139404
./cnn/stories/280c6cd98b93cfbfcedd1d8961432f5ed819d334.story,style,formality,1,1,0.8852359652519226,0.8794435262680054,0.8823302984237671,0.8852359652519226,0.8794435262680054,0.8823302984237671
./cnn/stories/280c6cd98b93cfbfcedd1d8961432f5ed819d334.story,style,formality,1,2,0.8828628659248352,0.8765304088592529,0.8796852827072144,0.9489091634750366,0.949581503868103,0.9492452144622803
./cnn/stories/280c6cd98b93cfbfcedd1d8961432f5ed819d334.story,style,formality,1,3,0.8762315511703491,0.8696653842926025,0.8729361295700073,0.9614882469177246,0.959956169128418,0.9607216119766235
./cnn/stories/280c6cd98b93cfbfcedd1d8961432f5ed819d334.story,style,formality,2,1,0.9002113938331604,0.8905359506607056,0.895347535610199,0.9002113938331604,0.8905359506607056,0.895347535610199
./cnn/stories/280c6cd98b93cfbfcedd1d8961432f5ed819d334.story,style,formality,2,2,0.8873759508132935,0.8774904012680054,0.8824054598808289,0.9511762857437134,0.950724720954895,0.9509504437446594
./cnn/stories/280c6cd98b93cfbfcedd1d8961432f5ed819d334.story,style,formality,2,3,0.8809434175491333,0.8690639138221741,0.8749633431434631,0.9548932313919067,0.9511189460754395,0.953002393245697
./cnn/stories/280c6cd98b93cfbfcedd1d8961432f5ed819d334.story,style,paraphrase,0,1,0.8569432497024536,0.8246184587478638,0.8404701352119446,0.8569432497024536,0.8246184587478638,0.8404701352119446
./cnn/stories/280c6cd98b93cfbfcedd1d8961432f5ed819d334.story,style,paraphrase,0,2,0.8542721271514893,0.8249629735946655,0.8393617272377014,0.9446557760238647,0.9465520977973938,0.9456030130386353
./cnn/stories/280c6cd98b93cfbfcedd1d8961432f5ed819d334.story,style,paraphrase,0,3,0.8540254831314087,0.8122714757919312,0.8326253294944763,0.9356396198272705,0.9263090491294861,0.930950939655304
./cnn/stories/280c6cd98b93cfbfcedd1d8961432f5ed819d334.story,style,paraphrase,1,1,0.8901331424713135,0.8902989625930786,0.890216052532196,0.8901331424713135,0.8902989625930786,0.890216052532196
./cnn/stories/280c6cd98b93cfbfcedd1d8961432f5ed819d334.story,style,paraphrase,1,2,0.8821612596511841,0.8788167834281921,0.8804858922958374,0.9490303993225098,0.9466292858123779,0.9478283524513245
./cnn/stories/280c6cd98b93cfbfcedd1d8961432f5ed819d334.story,style,paraphrase,1,3,0.8700563907623291,0.8672663569450378,0.8686591386795044,0.949917197227478,0.9491609334945679,0.9495389461517334
./cnn/stories/280c6cd98b93cfbfcedd1d8961432f5ed819d334.story,style,paraphrase,2,1,0.8716188073158264,0.8723362684249878,0.8719773292541504,0.8716188073158264,0.8723362684249878,0.8719773292541504
./cnn/stories/280c6cd98b93cfbfcedd1d8961432f5ed819d334.story,style,paraphrase,2,2,0.8651160001754761,0.8617249131202698,0.8634170889854431,0.9318246245384216,0.9276261329650879,0.9297206401824951
./cnn/stories/280c6cd98b93cfbfcedd1d8961432f5ed819d334.story,style,paraphrase,2,3,0.8634375333786011,0.8600323796272278,0.8617315292358398,0.9501309394836426,0.9500504732131958,0.9500907063484192
./cnn/stories/280c6cd98b93cfbfcedd1d8961432f5ed819d334.story,content,shorten,0,1,0.8682903051376343,0.8399810791015625,0.8539010882377625,0.8682903051376343,0.8399810791015625,0.8539010882377625
./cnn/stories/280c6cd98b93cfbfcedd1d8961432f5ed819d334.story,content,shorten,0,2,0.8527374267578125,0.8156391382217407,0.8337758183479309,0.933235228061676,0.8967840671539307,0.9146466255187988
./cnn/stories/280c6cd98b93cfbfcedd1d8961432f5ed819d334.story,content,shorten,0,3,0.8518276214599609,0.8121318817138672,0.8315062522888184,0.967036247253418,0.964561939239502,0.9657975435256958
./cnn/stories/280c6cd98b93cfbfcedd1d8961432f5ed819d334.story,content,shorten,1,1,0.8839482069015503,0.8574382662773132,0.8704914450645447,0.8839482069015503,0.8574382662773132,0.8704914450645447
./cnn/stories/280c6cd98b93cfbfcedd1d8961432f5ed819d334.story,content,shorten,1,2,0.8743606209754944,0.8307590484619141,0.8520023822784424,0.927000105381012,0.9011003375053406,0.9138667583465576
./cnn/stories/280c6cd98b93cfbfcedd1d8961432f5ed819d334.story,content,shorten,1,3,0.8714691996574402,0.8289262652397156,0.8496655821800232,0.9560627341270447,0.9538347125053406,0.9549474716186523
./cnn/stories/280c6cd98b93cfbfcedd1d8961432f5ed819d334.story,content,shorten,2,1,0.876099705696106,0.8491644859313965,0.8624218106269836,0.876099705696106,0.8491644859313965,0.8624218106269836
./cnn/stories/280c6cd98b93cfbfcedd1d8961432f5ed819d334.story,content,shorten,2,2,0.8689737319946289,0.8457751870155334,0.8572176098823547,0.9632352590560913,0.9605371356010437,0.9618843197822571
./cnn/stories/280c6cd98b93cfbfcedd1d8961432f5ed819d334.story,content,shorten,2,3,0.8695194125175476,0.8453125953674316,0.8572450876235962,0.9751896858215332,0.9763519167900085,0.9757704138755798
./cnn/stories/280c6cd98b93cfbfcedd1d8961432f5ed819d334.story,content,elaborate,0,1,0.8710365891456604,0.8697686791419983,0.8704022169113159,0.8710365891456604,0.8697686791419983,0.8704022169113159
./cnn/stories/280c6cd98b93cfbfcedd1d8961432f5ed819d334.story,content,elaborate,0,2,0.8686801195144653,0.8619160652160645,0.8652848601341248,0.9255785942077637,0.9210619926452637,0.9233148097991943
./cnn/stories/280c6cd98b93cfbfcedd1d8961432f5ed819d334.story,content,elaborate,0,3,0.8691346645355225,0.8621605634689331,0.8656335473060608,0.9343316555023193,0.9292930960655212,0.9318055510520935
./cnn/stories/280c6cd98b93cfbfcedd1d8961432f5ed819d334.story,content,elaborate,1,1,0.8584116101264954,0.8574146628379822,0.8579128980636597,0.8584116101264954,0.8574146628379822,0.8579128980636597
./cnn/stories/280c6cd98b93cfbfcedd1d8961432f5ed819d334.story,content,elaborate,1,2,0.8588643074035645,0.8549903631210327,0.8569229245185852,0.9301092624664307,0.9270153045654297,0.9285597205162048
./cnn/stories/280c6cd98b93cfbfcedd1d8961432f5ed819d334.story,content,elaborate,1,3,0.8543205261230469,0.851056694984436,0.8526855111122131,0.9226082563400269,0.924156665802002,0.9233818054199219
./cnn/stories/280c6cd98b93cfbfcedd1d8961432f5ed819d334.story,content,elaborate,2,1,0.855949342250824,0.8575409650802612,0.8567444682121277,0.855949342250824,0.8575409650802612,0.8567444682121277
./cnn/stories/280c6cd98b93cfbfcedd1d8961432f5ed819d334.story,content,elaborate,2,2,0.8518344163894653,0.8499935865402222,0.8509129881858826,0.9077330827713013,0.9073606729507446,0.9075468182563782
./cnn/stories/280c6cd98b93cfbfcedd1d8961432f5ed819d334.story,content,elaborate,2,3,0.8492672443389893,0.8453108668327332,0.8472844362258911,0.92243492603302,0.926193356513977,0.9243103265762329
./cnn/stories/e7d4bf0fb8682a2b28a2b3071b20fe05aaac3a7c.story,style,formality,0,1,0.901411771774292,0.8964225053787231,0.8989102244377136,0.901411771774292,0.8964225053787231,0.8989102244377136
./cnn/stories/e7d4bf0fb8682a2b28a2b3071b20fe05aaac3a7c.story,style,formality,0,2,0.890852689743042,0.8804848194122314,0.885638415813446,0.9561833143234253,0.9508237242698669,0.9534960389137268
./cnn/stories/e7d4bf0fb8682a2b28a2b3071b20fe05aaac3a7c.story,style,formality,0,3,0.887281060218811,0.8782851099967957,0.8827601671218872,0.9676722884178162,0.9709460139274597,0.9693064093589783
./cnn/stories/e7d4bf0fb8682a2b28a2b3071b20fe05aaac3a7c.story,style,formality,1,1,0.9081575870513916,0.897185742855072,0.9026382565498352,0.9081575870513916,0.897185742855072,0.9026382565498352
./cnn/stories/e7d4bf0fb8682a2b28a2b3071b20fe05aaac3a7c.story,style,formality,1,2,0.9013680219650269,0.875609278678894,0.8883019685745239,0.9619187712669373,0.938287615776062,0.9499562978744507
./cnn/stories/e7d4bf0fb8682a2b28a2b3071b20fe05aaac3a7c.story,style,formality,1,3,0.896297812461853,0.870012640953064,0.8829596042633057,0.973324716091156,0.9724193811416626,0.9728718400001526
./cnn/stories/e7d4bf0fb8682a2b28a2b3071b20fe05aaac3a7c.story,style,formality,2,1,0.9076365232467651,0.9070334434509277,0.9073348641395569,0.9076365232467651,0.9070334434509277,0.9073348641395569
./cnn/stories/e7d4bf0fb8682a2b28a2b3071b20fe05aaac3a7c.story,style,formality,2,2,0.8973281979560852,0.8867699503898621,0.8920178413391113,0.9606051445007324,0.949488639831543,0.9550145864486694
./cnn/stories/e7d4bf0fb8682a2b28a2b3071b20fe05aaac3a7c.story,style,formality,2,3,0.8947086334228516,0.8868792057037354,0.8907766938209534,0.9675630331039429,0.9686104655265808,0.9680864810943604
./cnn/stories/e7d4bf0fb8682a2b28a2b3071b20fe05aaac3a7c.story,style,paraphrase,0,1,0.9013625383377075,0.8646063208580017,0.8826019763946533,0.9013625383377075,0.8646063208580017,0.8826019763946533
./cnn/stories/e7d4bf0fb8682a2b28a2b3071b20fe05aaac3a7c.story,style,paraphrase,0,2,0.8873038291931152,0.8534625768661499,0.8700542449951172,0.9528908729553223,0.9469954371452332,0.9499340057373047
./cnn/stories/e7d4bf0fb8682a2b28a2b3071b20fe05aaac3a7c.story,style,paraphrase,0,3,0.8865423798561096,0.850662887096405,0.8682321310043335,0.9625623822212219,0.9622294306755066,0.9623959064483643
./cnn/stories/e7d4bf0fb8682a2b28a2b3071b20fe05aaac3a7c.story,style,paraphrase,1,1,0.910805881023407,0.9090133309364319,0.9099087119102478,0.910805881023407,0.9090133309364319,0.9099087119102478
./cnn/stories/e7d4bf0fb8682a2b28a2b3071b20fe05aaac3a7c.story,style,paraphrase,1,2,0.9025479555130005,0.8982281684875488,0.9003828763961792,0.9609544277191162,0.9545647501945496,0.9577489495277405
./cnn/stories/e7d4bf0fb8682a2b28a2b3071b20fe05aaac3a7c.story,style,paraphrase,1,3,0.8988907933235168,0.89206862449646,0.8954667448997498,0.9675453305244446,0.9626491665840149,0.9650909900665283
./cnn/stories/e7d4bf0fb8682a2b28a2b3071b20fe05aaac3a7c.story,style,paraphrase,2,1,0.907393217086792,0.8944235444068909,0.9008616805076599,0.907393217086792,0.8944235444068909,0.9008616805076599
./cnn/stories/e7d4bf0fb8682a2b28a2b3071b20fe05aaac3a7c.story,style,paraphrase,2,2,0.9026653170585632,0.8854876756668091,0.8939940333366394,0.9498122930526733,0.938856840133667,0.9443027973175049
./cnn/stories/e7d4bf0fb8682a2b28a2b3071b20fe05aaac3a7c.story,style,paraphrase,2,3,0.8962430953979492,0.8802071809768677,0.8881527781486511,0.9637926816940308,0.9652560949325562,0.9645237922668457
./cnn/stories/e7d4bf0fb8682a2b28a2b3071b20fe05aaac3a7c.story,content,shorten,0,1,0.9072288274765015,0.8529672622680664,0.8792616724967957,0.9072288274765015,0.8529672622680664,0.8792616724967957
./cnn/stories/e7d4bf0fb8682a2b28a2b3071b20fe05aaac3a7c.story,content,shorten,0,2,0.8954668045043945,0.8449455499649048,0.8694729208946228,0.965959906578064,0.9587032198905945,0.962317943572998
./cnn/stories/e7d4bf0fb8682a2b28a2b3071b20fe05aaac3a7c.story,content,shorten,0,3,0.8922115564346313,0.8395927548408508,0.8651027679443359,0.9753872156143188,0.9673243165016174,0.9713389873504639
./cnn/stories/e7d4bf0fb8682a2b28a2b3071b20fe05aaac3a7c.story,content,shorten,1,1,0.9101832509040833,0.8659729957580566,0.8875279426574707,0.9101832509040833,0.8659729957580566,0.8875279426574707
./cnn/stories/e7d4bf0fb8682a2b28a2b3071b20fe05aaac3a7c.story,content,shorten,1,2,0.9037124514579773,0.8546305298805237,0.8784864544868469,0.9627667665481567,0.9463350176811218,0.9544802308082581
./cnn/stories/e7d4bf0fb8682a2b28a2b3071b20fe05aaac3a7c.story,content,shorten,1,3,0.9066921472549438,0.841683030128479,0.8729789853096008,0.9724908471107483,0.9464784860610962,0.959308385848999
./cnn/stories/e7d4bf0fb8682a2b28a2b3071b20fe05aaac3a7c.story,content,shorten,2,1,0.9006861448287964,0.865432620048523,0.8827075958251953,0.9006861448287964,0.865432620048523,0.8827075958251953
./cnn/stories/e7d4bf0fb8682a2b28a2b3071b20fe05aaac3a7c.story,content,shorten,2,2,0.9002857208251953,0.862006664276123,0.8807304501533508,0.9707766771316528,0.9652787446975708,0.9680199027061462
./cnn/stories/e7d4bf0fb8682a2b28a2b3071b20fe05aaac3a7c.story,content,shorten,2,3,0.8952194452285767,0.8543764352798462,0.8743211627006531,0.9647471904754639,0.9546588659286499,0.9596765041351318
./cnn/stories/e7d4bf0fb8682a2b28a2b3071b20fe05aaac3a7c.story,content,elaborate,0,1,0.8861528635025024,0.8803660273551941,0.8832499384880066,0.8861528635025024,0.8803660273551941,0.8832499384880066
./cnn/stories/e7d4bf0fb8682a2b28a2b3071b20fe05aaac3a7c.story,content,elaborate,0,2,0.8763811588287354,0.8753020763397217,0.8758412599563599,0.9343677759170532,0.9458710551261902,0.9400842785835266
./cnn/stories/e7d4bf0fb8682a2b28a2b3071b20fe05aaac3a7c.story,content,elaborate,0,3,0.8659774661064148,0.8693183064460754,0.8676446676254272,0.923630952835083,0.9289858341217041,0.9263007044792175
./cnn/stories/e7d4bf0fb8682a2b28a2b3071b20fe05aaac3a7c.story,content,elaborate,1,1,0.8939197659492493,0.8818886876106262,0.8878634572029114,0.8939197659492493,0.8818886876106262,0.8878634572029114
./cnn/stories/e7d4bf0fb8682a2b28a2b3071b20fe05aaac3a7c.story,content,elaborate,1,2,0.8777522444725037,0.8585460186004639,0.8680428862571716,0.9354289770126343,0.9217642545700073,0.9285463690757751
./cnn/stories/e7d4bf0fb8682a2b28a2b3071b20fe05aaac3a7c.story,content,elaborate,1,3,0.8777287006378174,0.8579579591751099,0.8677307367324829,0.9556854367256165,0.9525728225708008,0.9541265964508057
./cnn/stories/e7d4bf0fb8682a2b28a2b3071b20fe05aaac3a7c.story,content,elaborate,2,1,0.9182119369506836,0.915186882019043,0.9166969656944275,0.9182119369506836,0.915186882019043,0.9166969656944275
./cnn/stories/e7d4bf0fb8682a2b28a2b3071b20fe05aaac3a7c.story,content,elaborate,2,2,0.9065021276473999,0.9048718214035034,0.9056861996650696,0.9445948004722595,0.9451895952224731,0.944892168045044
./cnn/stories/e7d4bf0fb8682a2b28a2b3071b20fe05aaac3a7c.story,content,elaborate,2,3,0.88782799243927,0.882917046546936,0.8853656649589539,0.9368925094604492,0.9327558875083923,0.9348195791244507
./cnn/stories/93cb528105fe482149ee7f5a62878b59d0508084.story,style,formality,0,1,0.9322412014007568,0.9230490922927856,0.927622377872467,0.9322412014007568,0.9230490922927856,0.927622377872467
./cnn/stories/93cb528105fe482149ee7f5a62878b59d0508084.story,style,formality,0,2,0.9247903227806091,0.9197512865066528,0.9222639799118042,0.9662121534347534,0.9735996723175049,0.9698918461799622
./cnn/stories/93cb528105fe482149ee7f5a62878b59d0508084.story,style,formality,0,3,0.9184746742248535,0.9161418080329895,0.9173068404197693,0.9755377173423767,0.9786579012870789,0.9770953059196472
./cnn/stories/93cb528105fe482149ee7f5a62878b59d0508084.story,style,formality,1,1,0.9325500130653381,0.9271121621131897,0.9298231601715088,0.9325500130653381,0.9271121621131897,0.9298231601715088
./cnn/stories/93cb528105fe482149ee7f5a62878b59d0508084.story,style,formality,1,2,0.9290578961372375,0.9268665313720703,0.9279609322547913,0.970489501953125,0.9748769402503967,0.9726783037185669
./cnn/stories/93cb528105fe482149ee7f5a62878b59d0508084.story,style,formality,1,3,0.9212501645088196,0.9174811840057373,0.9193618297576904,0.9771245718002319,0.9752151966094971,0.9761689305305481
./cnn/stories/93cb528105fe482149ee7f5a62878b59d0508084.story,style,formality,2,1,0.9289062023162842,0.9327428340911865,0.9308205246925354,0.9289062023162842,0.9327428340911865,0.9308205246925354
./cnn/stories/93cb528105fe482149ee7f5a62878b59d0508084.story,style,formality,2,2,0.9290423393249512,0.9308376908302307,0.9299392104148865,0.9859229326248169,0.9846339821815491,0.9852780103683472
./cnn/stories/93cb528105fe482149ee7f5a62878b59d0508084.story,style,formality,2,3,0.9222167730331421,0.9236526489257812,0.9229341149330139,0.9811540246009827,0.981709361076355,0.9814315438270569
./cnn/stories/93cb528105fe482149ee7f5a62878b59d0508084.story,style,paraphrase,0,1,0.9196702241897583,0.8861744999885559,0.9026116728782654,0.9196702241897583,0.8861744999885559,0.9026116728782654
./cnn/stories/93cb528105fe482149ee7f5a62878b59d0508084.story,style,paraphrase,0,2,0.9190797805786133,0.8717234134674072,0.8947754502296448,0.9517210125923157,0.9301590919494629,0.9408165216445923
./cnn/stories/93cb528105fe482149ee7f5a62878b59d0508084.story,style,paraphrase,0,3,0.9136266112327576,0.8676421642303467,0.8900407552719116,0.9650819301605225,0.9640218019485474,0.964551568031311
./cnn/stories/93cb528105fe482149ee7f5a62878b59d0508084.story,style,paraphrase,1,1,0.9198881387710571,0.8858157396316528,0.9025304913520813,0.9198881387710571,0.8858157396316528,0.9025304913520813
./cnn/stories/93cb528105fe482149ee7f5a62878b59d0508084.story,style,paraphrase,1,2,0.9154224395751953,0.8793299198150635,0.897013247013092,0.9727098941802979,0.9695398807525635,0.9711222648620605
./cnn/stories/93cb528105fe482149ee7f5a62878b59d0508084.story,style,paraphrase,1,3,0.9158486723899841,0.8755344152450562,0.8952379822731018,0.9658493995666504,0.960658073425293,0.963246762752533
./cnn/stories/93cb528105fe482149ee7f5a62878b59d0508084.story,style,paraphrase,2,1,0.9278143644332886,0.9138542413711548,0.9207813739776611,0.9278143644332886,0.9138542413711548,0.9207813739776611
./cnn/stories/93cb528105fe482149ee7f5a62878b59d0508084.story,style,paraphrase,2,2,0.9252750873565674,0.9106709957122803,0.9179149866104126,0.9552948474884033,0.9551499485969543,0.9552224278450012
./cnn/stories/93cb528105fe482149ee7f5a62878b59d0508084.story,style,paraphrase,2,3,0.9193418025970459,0.909640908241272,0.9144656658172607,0.9605028033256531,0.9667412042617798,0.9636119604110718
./cnn/stories/93cb528105fe482149ee7f5a62878b59d0508084.story,content,shorten,0,1,0.9351539015769958,0.905097246170044,0.9198800921440125,0.9351539015769958,0.905097246170044,0.9198800921440125
./cnn/stories/93cb528105fe482149ee7f5a62878b59d0508084.story,content,shorten,0,2,0.9318799376487732,0.8927892446517944,0.9119158387184143,0.9825460910797119,0.9647913575172424,0.9735878109931946
./cnn/stories/93cb528105fe482149ee7f5a62878b59d0508084.story,content,shorten,0,3,0.928566575050354,0.8889520764350891,0.908327579498291,0.9886350631713867,0.987265944480896,0.9879500269889832
./cnn/stories/93cb528105fe482149ee7f5a62878b59d0508084.story,content,shorten,1,1,0.9344804286956787,0.9020982384681702,0.9180038571357727,0.9344804286956787,0.9020982384681702,0.9180038571357727
./cnn/stories/93cb528105fe482149ee7f5a62878b59d0508084.story,content,shorten,1,2,0.9242146015167236,0.8619228601455688,0.8919825553894043,0.9561207890510559,0.9206305742263794,0.9380400776863098
./cnn/stories/93cb528105fe482149ee7f5a62878b59d0508084.story,content,shorten,1,3,0.9118861556053162,0.8498827815055847,0.8797934055328369,0.9611077904701233,0.9351590871810913,0.947955846786499
./cnn/stories/93cb528105fe482149ee7f5a62878b59d0508084.story,content,shorten,2,1,0.9346659183502197,0.9014424681663513,0.9177535772323608,0.9346659183502197,0.9014424681663513,0.9177535772323608
./cnn/stories/93cb528105fe482149ee7f5a62878b59d0508084.story,content,shorten,2,2,0.9296395778656006,0.8962568044662476,0.9126430153846741,0.9743351936340332,0.9688420295715332,0.9715808629989624
./cnn/stories/93cb528105fe482149ee7f5a62878b59d0508084.story,content,shorten,2,3,0.9269315004348755,0.8926191329956055,0.9094517827033997,0.9841265082359314,0.9817177057266235,0.9829206466674805
./cnn/stories/93cb528105fe482149ee7f5a62878b59d0508084.story,content,elaborate,0,1,0.9120646715164185,0.9003003239631653,0.9061442613601685,0.9120646715164185,0.9003003239631653,0.9061442613601685
./cnn/stories/93cb528105fe482149ee7f5a62878b59d0508084.story,content,elaborate,0,2,0.8971690535545349,0.8945142030715942,0.8958396911621094,0.9411691427230835,0.9507782459259033,0.9459493160247803
./cnn/stories/93cb528105fe482149ee7f5a62878b59d0508084.story,content,elaborate,0,3,0.8865506649017334,0.8866754174232483,0.8866130709648132,0.9408043026924133,0.942313551902771,0.941558301448822
./cnn/stories/93cb528105fe482149ee7f5a62878b59d0508084.story,content,elaborate,1,1,0.9298280477523804,0.9196093678474426,0.9246904253959656,0.9298280477523804,0.9196093678474426,0.9246904253959656
./cnn/stories/93cb528105fe482149ee7f5a62878b59d0508084.story,content,elaborate,1,2,0.9128265976905823,0.9104443788528442,0.9116339087486267,0.9491882920265198,0.9570817351341248,0.9531186819076538
./cnn/stories/93cb528105fe482149ee7f5a62878b59d0508084.story,content,elaborate,1,3,0.9049223065376282,0.9085513353347778,0.9067331552505493,0.9522426724433899,0.9565399289131165,0.9543864727020264
./cnn/stories/93cb528105fe482149ee7f5a62878b59d0508084.story,content,elaborate,2,1,0.9278135299682617,0.9119575619697571,0.9198172688484192,0.9278135299682617,0.9119575619697571,0.9198172688484192
./cnn/stories/93cb528105fe482149ee7f5a62878b59d0508084.story,content,elaborate,2,2,0.9041353464126587,0.9073333144187927,0.9057315587997437,0.9338950514793396,0.9552943110466003,0.9444734454154968
./cnn/stories/93cb528105fe482149ee7f5a62878b59d0508084.story,content,elaborate,2,3,0.8865966796875,0.9062662124633789,0.896323561668396,0.9324487447738647,0.944287121295929,0.9383305907249451
./cnn/stories/1776daee1da76231267235b19383dc3b115b9457.story,style,formality,0,1,0.8996409177780151,0.8976447582244873,0.8986417055130005,0.8996409177780151,0.8976447582244873,0.8986417055130005
./cnn/stories/1776daee1da76231267235b19383dc3b115b9457.story,style,formality,0,2,0.8745218515396118,0.8750332593917847,0.8747774958610535,0.9379347562789917,0.9377158880233765,0.9378252625465393
./cnn/stories/1776daee1da76231267235b19383dc3b115b9457.story,style,formality,0,3,0.8716778755187988,0.8717933297157288,0.8717356324195862,0.957988977432251,0.9579738974571228,0.9579814076423645
./cnn/stories/1776daee1da76231267235b19383dc3b115b9457.story,style,formality,1,1,0.8997869491577148,0.8984247446060181,0.8991053104400635,0.8997869491577148,0.8984247446060181,0.8991053104400635
./cnn/stories/1776daee1da76231267235b19383dc3b115b9457.story,style,formality,1,2,0.892880380153656,0.8902269005775452,0.891551673412323,0.9421551823616028,0.9416626691818237,0.9419088363647461
./cnn/stories/1776daee1da76231267235b19383dc3b115b9457.story,style,formality,1,3,0.8890236616134644,0.8897653818130493,0.8893943428993225,0.9604119062423706,0.9614373445510864,0.9609243273735046
./cnn/stories/1776daee1da76231267235b19383dc3b115b9457.story,style,formality,2,1,0.8945270776748657,0.8933435678482056,0.8939349055290222,0.8945270776748657,0.8933435678482056,0.8939349055290222
./cnn/stories/1776daee1da76231267235b19383dc3b115b9457.story,style,formality,2,2,0.8859912157058716,0.8856884241104126,0.8858397603034973,0.9572131633758545,0.956865668296814,0.9570394158363342
./cnn/stories/1776daee1da76231267235b19383dc3b115b9457.story,style,formality,2,3,0.8831237554550171,0.8824254274368286,0.8827744722366333,0.9672584533691406,0.9665434956550598,0.9669008851051331
./cnn/stories/1776daee1da76231267235b19383dc3b115b9457.story,style,paraphrase,0,1,0.8648450970649719,0.8622182011604309,0.863529622554779,0.8648450970649719,0.8622182011604309,0.863529622554779
./cnn/stories/1776daee1da76231267235b19383dc3b115b9457.story,style,paraphrase,0,2,0.8524415493011475,0.8463611006736755,0.84939044713974,0.9264811873435974,0.9131180047988892,0.9197511076927185
./cnn/stories/1776daee1da76231267235b19383dc3b115b9457.story,style,paraphrase,0,3,0.8522146940231323,0.8469975590705872,0.8495980501174927,0.9583652019500732,0.9601439237594604,0.95925372838974
./cnn/stories/1776daee1da76231267235b19383dc3b115b9457.story,style,paraphrase,1,1,0.8502627611160278,0.8498746752738953,0.8500686883926392,0.8502627611160278,0.8498746752738953,0.8500686883926392
./cnn/stories/1776daee1da76231267235b19383dc3b115b9457.story,style,paraphrase,1,2,0.8458341360092163,0.8436828255653381,0.844757080078125,0.9404338002204895,0.9275887608528137,0.9339671730995178
./cnn/stories/1776daee1da76231267235b19383dc3b115b9457.story,style,paraphrase,1,3,0.8419156670570374,0.8388227224349976,0.8403663635253906,0.9500360488891602,0.9533736705780029,0.9517019391059875
./cnn/stories/1776daee1da76231267235b19383dc3b115b9457.story,style,paraphrase,2,1,0.8624112010002136,0.8616435527801514,0.8620271682739258,0.8624112010002136,0.8616435527801514,0.8620271682739258
./cnn/stories/1776daee1da76231267235b19383dc3b115b9457.story,style,paraphrase,2,2,0.8557221293449402,0.858594536781311,0.8571559190750122,0.9368613958358765,0.9394071102142334,0.9381325244903564
./cnn/stories/1776daee1da76231267235b19383dc3b115b9457.story,style,paraphrase,2,3,0.8561824560165405,0.8537713289260864,0.854975163936615,0.9480811357498169,0.9420491456985474,0.9450554847717285
./cnn/stories/1776daee1da76231267235b19383dc3b115b9457.story,content,shorten,0,1,0.8575258255004883,0.831157386302948,0.8441357016563416,0.8575258255004883,0.831157386302948,0.8441357016563416
./cnn/stories/1776daee1da76231267235b19383dc3b115b9457.story,content,shorten,0,2,0.8568669557571411,0.8267405033111572,0.8415341973304749,0.9762921929359436,0.9664446115493774,0.971343457698822
./cnn/stories/1776daee1da76231267235b19383dc3b115b9457.story,content,shorten,0,3,0.8547893166542053,0.8185231685638428,0.8362632393836975,0.9650841355323792,0.9507191181182861,0.9578477740287781
./cnn/stories/1776daee1da76231267235b19383dc3b115b9457.story,content,shorten,1,1,0.8466852903366089,0.8196483850479126,0.8329474925994873,0.8466852903366089,0.8196483850479126,0.8329474925994873
./cnn/stories/1776daee1da76231267235b19383dc3b115b9457.story,content,shorten,1,2,0.8444522619247437,0.8122477531433105,0.8280369639396667,0.9389914870262146,0.9111464023590088,0.924859344959259
./cnn/stories/1776daee1da76231267235b19383dc3b115b9457.story,content,shorten,1,3,0.8396202325820923,0.8048756718635559,0.8218808770179749,0.9630066156387329,0.9496672749519348,0.9562904238700867
./cnn/stories/1776daee1da76231267235b19383dc3b115b9457.story,content,shorten,2,1,0.8434221148490906,0.8321501016616821,0.8377482295036316,0.8434221148490906,0.8321501016616821,0.8377482295036316
./cnn/stories/1776daee1da76231267235b19383dc3b115b9457.story,content,shorten,2,2,0.8408939838409424,0.826608419418335,0.8336900472640991,0.9497542381286621,0.9431220293045044,0.946426510810852
./cnn/stories/1776daee1da76231267235b19383dc3b115b9457.story,content,shorten,2,3,0.8431286811828613,0.8274276256561279,0.8352043628692627,0.9633638858795166,0.9582564830780029,0.9608033895492554
./cnn/stories/1776daee1da76231267235b19383dc3b115b9457.story,content,elaborate,0,1,0.8911982774734497,0.8924087882041931,0.8918031454086304,0.8911982774734497,0.8924087882041931,0.8918031454086304
./cnn/stories/1776daee1da76231267235b19383dc3b115b9457.story,content,elaborate,0,2,0.8586924076080322,0.8636964559555054,0.8611871600151062,0.9027267694473267,0.9078165292739868,0.9052644968032837
./cnn/stories/1776daee1da76231267235b19383dc3b115b9457.story,content,elaborate,0,3,0.8469827771186829,0.8573446273803711,0.8521322011947632,0.8916608691215515,0.8976126313209534,0.8946268558502197
./cnn/stories/1776daee1da76231267235b19383dc3b115b9457.story,content,elaborate,1,1,0.8442999124526978,0.8483103513717651,0.8463003635406494,0.8442999124526978,0.8483103513717651,0.8463003635406494
./cnn/stories/1776daee1da76231267235b19383dc3b115b9457.story,content,elaborate,1,2,0.8375563025474548,0.8392787575721741,0.8384166359901428,0.928095281124115,0.9265367984771729,0.927315354347229
./cnn/stories/1776daee1da76231267235b19383dc3b115b9457.story,content,elaborate,1,3,0.8349701166152954,0.8390913009643555,0.8370256423950195,0.9435778856277466,0.9410284757614136,0.9423014521598816
./cnn/stories/1776daee1da76231267235b19383dc3b115b9457.story,content,elaborate,2,1,0.8957135677337646,0.896521806716919,0.8961175084114075,0.8957135677337646,0.896521806716919,0.8961175084114075
./cnn/stories/1776daee1da76231267235b19383dc3b115b9457.story,content,elaborate,2,2,0.8690006136894226,0.8718916177749634,0.8704437017440796,0.9135579466819763,0.9154692888259888,0.9145126342773438
./cnn/stories/1776daee1da76231267235b19383dc3b115b9457.story,content,elaborate,2,3,0.8654770851135254,0.8639453649520874,0.8647105097770691,0.9229466915130615,0.9208393096923828,0.9218918085098267
./cnn/stories/3816c028eb0f007e2a2319f8bf567355018ea66f.story,style,formality,0,1,0.8993643522262573,0.8992921113967896,0.8993282318115234,0.8993643522262573,0.8992921113967896,0.8993282318115234
./cnn/stories/3816c028eb0f007e2a2319f8bf567355018ea66f.story,style,formality,0,2,0.8923708200454712,0.8947718143463135,0.8935696482658386,0.9753646850585938,0.9807450175285339,0.9780474305152893
./cnn/stories/3816c028eb0f007e2a2319f8bf567355018ea66f.story,style,formality,0,3,0.8901834487915039,0.8964560031890869,0.893308699131012,0.9830745458602905,0.9852221608161926,0.9841471314430237
./cnn/stories/3816c028eb0f007e2a2319f8bf567355018ea66f.story,style,formality,1,1,0.8923987746238708,0.8940386772155762,0.8932179808616638,0.8923987746238708,0.8940386772155762,0.8932179808616638
./cnn/stories/3816c028eb0f007e2a2319f8bf567355018ea66f.story,style,formality,1,2,0.8849882483482361,0.8903060555458069,0.8876391649246216,0.9700404405593872,0.9781062602996826,0.9740566611289978
./cnn/stories/3816c028eb0f007e2a2319f8bf567355018ea66f.story,style,formality,1,3,0.8817163705825806,0.8880764842033386,0.8848850131034851,0.9843820929527283,0.9840643405914307,0.9842231869697571
./cnn/stories/3816c028eb0f007e2a2319f8bf567355018ea66f.story,style,formality,2,1,0.9016722440719604,0.8792390823364258,0.8903143405914307,0.9016722440719604,0.8792390823364258,0.8903143405914307
./cnn/stories/3816c028eb0f007e2a2319f8bf567355018ea66f.story,style,formality,2,2,0.8844404816627502,0.8669289350509644,0.8755971193313599,0.9525223970413208,0.955912172794342,0.9542142748832703
./cnn/stories/3816c028eb0f007e2a2319f8bf567355018ea66f.story,style,formality,2,3,0.8829283714294434,0.8668037056922913,0.8747918009757996,0.9666696786880493,0.9665164947509766,0.9665930867195129
./cnn/stories/3816c028eb0f007e2a2319f8bf567355018ea66f.story,style,paraphrase,0,1,0.9030694961547852,0.8488627076148987,0.8751274943351746,0.9030694961547852,0.8488627076148987,0.8751274943351746
./cnn/stories/3816c028eb0f007e2a2319f8bf567355018ea66f.story,style,paraphrase,0,2,0.8926695585250854,0.844702959060669,0.8680241107940674,0.955108642578125,0.9544187784194946,0.9547635912895203
./cnn/stories/3816c028eb0f007e2a2319f8bf567355018ea66f.story,style,paraphrase,0,3,0.8953460454940796,0.8443953394889832,0.8691246509552002,0.9691802263259888,0.9647312760353088,0.9669505953788757
./cnn/stories/3816c028eb0f007e2a2319f8bf567355018ea66f.story,style,paraphrase,1,1,0.9016568064689636,0.8516960144042969,0.8759645223617554,0.9016568064689636,0.8516960144042969,0.8759645223617554
./cnn/stories/3816c028eb0f007e2a2319f8bf567355018ea66f.story,style,paraphrase,1,2,0.8943134546279907,0.8352060914039612,0.8637496829032898,0.9677129983901978,0.9485251307487488,0.9580230116844177
./cnn/stories/3816c028eb0f007e2a2319f8bf567355018ea66f.story,style,paraphrase,1,3,0.8861937522888184,0.8305986523628235,0.8574960827827454,0.9638835191726685,0.9592201709747314,0.9615461826324463
./cnn/stories/3816c028eb0f007e2a2319f8bf567355018ea66f.story,style,paraphrase,2,1,0.9050769805908203,0.8973870277404785,0.9012156128883362,0.9050769805908203,0.8973870277404785,0.9012156128883362
./cnn/stories/3816c028eb0f007e2a2319f8bf567355018ea66f.story,style,paraphrase,2,2,0.8939465284347534,0.8816066384315491,0.8877336382865906,0.9467395544052124,0.9390603303909302,0.9428842663764954
./cnn/stories/3816c028eb0f007e2a2319f8bf567355018ea66f.story,style,paraphrase,2,3,0.8925512433052063,0.8770065903663635,0.8847106099128723,0.9561375379562378,0.9532310962677002,0.9546821117401123
./cnn/stories/3816c028eb0f007e2a2319f8bf567355018ea66f.story,content,shorten,0,1,0.9023566842079163,0.8288401365280151,0.8640373945236206,0.9023566842079163,0.8288401365280151,0.8640373945236206
./cnn/stories/3816c028eb0f007e2a2319f8bf567355018ea66f.story,content,shorten,0,2,0.9017419815063477,0.8167468905448914,0.8571425080299377,0.9652448296546936,0.9363230466842651,0.9505639672279358
./cnn/stories/3816c028eb0f007e2a2319f8bf567355018ea66f.story,content,shorten,0,3,0.9017248153686523,0.8131363391876221,0.85514235496521,0.9784567952156067,0.966698408126831,0.9725420475006104
./cnn/stories/3816c028eb0f007e2a2319f8bf567355018ea66f.story,content,shorten,1,1,0.8888371586799622,0.834916353225708,0.8610333800315857,0.8888371586799622,0.834916353225708,0.8610333800315857
./cnn/stories/3816c028eb0f007e2a2319f8bf567355018ea66f.story,content,shorten,1,2,0.8787500858306885,0.8118929266929626,0.8439995050430298,0.9610685706138611,0.9180374145507812,0.9390602707862854
./cnn/stories/3816c028eb0f007e2a2319f8bf567355018ea66f.story,content,shorten,1,3,0.8790838718414307,0.80625981092453,0.841098427772522,0.9776718020439148,0.9605584144592285,0.9690394997596741
./cnn/stories/3816c028eb0f007e2a2319f8bf567355018ea66f.story,content,shorten,2,1,0.8958455324172974,0.8629966974258423,0.8791143894195557,0.8958455324172974,0.8629966974258423,0.8791143894195557
./cnn/stories/3816c028eb0f007e2a2319f8bf567355018ea66f.story,content,shorten,2,2,0.8908956050872803,0.859393835067749,0.8748612403869629,0.972889244556427,0.967833399772644,0.9703547358512878
./cnn/stories/3816c028eb0f007e2a2319f8bf567355018ea66f.story,content,shorten,2,3,0.8929985165596008,0.8552212715148926,0.8737017512321472,0.9753952622413635,0.96808922290802,0.971728503704071
./cnn/stories/3816c028eb0f007e2a2319f8bf567355018ea66f.story,content,elaborate,0,1,0.9035569429397583,0.8920740485191345,0.8977788090705872,0.9035569429397583,0.8920740485191345,0.8977788090705872
./cnn/stories/3816c028eb0f007e2a2319f8bf567355018ea66f.story,content,elaborate,0,2,0.8852118253707886,0.8752671480178833,0.8802114129066467,0.9317551255226135,0.9341738820075989,0.9329628944396973
./cnn/stories/3816c028eb0f007e2a2319f8bf567355018ea66f.story,content,elaborate,0,3,0.8719782829284668,0.8686789870262146,0.87032550573349,0.9385136365890503,0.9428130388259888,0.9406583905220032
./cnn/stories/3816c028eb0f007e2a2319f8bf567355018ea66f.story,content,elaborate,1,1,0.9057702422142029,0.8870370388031006,0.8963057398796082,0.9057702422142029,0.8870370388031006,0.8963057398796082
./cnn/stories/3816c028eb0f007e2a2319f8bf567355018ea66f.story,content,elaborate,1,2,0.8888392448425293,0.8799168467521667,0.8843554854393005,0.9535154700279236,0.9621727466583252,0.9578245282173157
./cnn/stories/3816c028eb0f007e2a2319f8bf567355018ea66f.story,content,elaborate,1,3,0.8841511011123657,0.8534422516822815,0.8685252666473389,0.9412869215011597,0.9203035235404968,0.9306769967079163
./cnn/stories/3816c028eb0f007e2a2319f8bf567355018ea66f.story,content,elaborate,2,1,0.9094048738479614,0.8830100297927856,0.896013081073761,0.9094048738479614,0.8830100297927856,0.896013081073761
./cnn/stories/3816c028eb0f007e2a2319f8bf567355018ea66f.story,content,elaborate,2,2,0.8910303115844727,0.8765625953674316,0.8837372064590454,0.9427526593208313,0.9570418000221252,0.9498434662818909
./cnn/stories/3816c028eb0f007e2a2319f8bf567355018ea66f.story,content,elaborate,2,3,0.8818274736404419,0.8736916780471802,0.877740740776062,0.9642369747161865,0.9705079793930054,0.9673622846603394
./cnn/stories/f5c70593825da66a07c3ddffdefe09b7321a1371.story,style,formality,0,1,0.9216606616973877,0.9150933027267456,0.9183652400970459,0.9216606616973877,0.9150933027267456,0.9183652400970459
./cnn/stories/f5c70593825da66a07c3ddffdefe09b7321a1371.story,style,formality,0,2,0.9123870730400085,0.909991979598999,0.9111879467964172,0.9637789726257324,0.9689192175865173,0.9663422107696533
./cnn/stories/f5c70593825da66a07c3ddffdefe09b7321a1371.story,style,formality,0,3,0.9156367182731628,0.9069474935531616,0.9112714529037476,0.9767716526985168,0.969915509223938,0.9733314514160156
./cnn/stories/f5c70593825da66a07c3ddffdefe09b7321a1371.story,style,formality,1,1,0.9397248029708862,0.9267094135284424,0.9331717491149902,0.9397248029708862,0.9267094135284424,0.9331717491149902
./cnn/stories/f5c70593825da66a07c3ddffdefe09b7321a1371.story,style,formality,1,2,0.9223679900169373,0.9127769470214844,0.9175474047660828,0.9566824436187744,0.959204912185669,0.957942008972168
./cnn/stories/f5c70593825da66a07c3ddffdefe09b7321a1371.story,style,formality,1,3,0.9228373765945435,0.9137855172157288,0.9182891249656677,0.976940393447876,0.9759064316749573,0.9764231443405151
./cnn/stories/f5c70593825da66a07c3ddffdefe09b7321a1371.story,style,formality,2,1,0.9235893487930298,0.9026191234588623,0.9129838347434998,0.9235893487930298,0.9026191234588623,0.9129838347434998
./cnn/stories/f5c70593825da66a07c3ddffdefe09b7321a1371.story,style,formality,2,2,0.9141167998313904,0.8955881595611572,0.9047576189041138,0.9651214480400085,0.9699622392654419,0.9675357937812805
./cnn/stories/f5c70593825da66a07c3ddffdefe09b7321a1371.story,style,formality,2,3,0.9161927103996277,0.8970111012458801,0.9065004587173462,0.9798254370689392,0.9778396487236023,0.9788315296173096
./cnn/stories/f5c70593825da66a07c3ddffdefe09b7321a1371.story,style,paraphrase,0,1,0.9250024557113647,0.8816636800765991,0.9028132557868958,0.9250024557113647,0.8816636800765991,0.9028132557868958
./cnn/stories/f5c70593825da66a07c3ddffdefe09b7321a1371.story,style,paraphrase,0,2,0.9238489866256714,0.8809022307395935,0.9018646478652954,0.962212860584259,0.9621368646621704,0.9621748328208923
./cnn/stories/f5c70593825da66a07c3ddffdefe09b7321a1371.story,style,paraphrase,0,3,0.9177466630935669,0.8760725259780884,0.8964255452156067,0.9592002630233765,0.9578503966331482,0.9585248827934265
./cnn/stories/f5c70593825da66a07c3ddffdefe09b7321a1371.story,style,paraphrase,1,1,0.92988121509552,0.888317346572876,0.9086241722106934,0.92988121509552,0.888317346572876,0.9086241722106934
./cnn/stories/f5c70593825da66a07c3ddffdefe09b7321a1371.story,style,paraphrase,1,2,0.9217089414596558,0.8840322494506836,0.902477502822876,0.9685914516448975,0.970067024230957,0.9693286418914795
./cnn/stories/f5c70593825da66a07c3ddffdefe09b7321a1371.story,style,paraphrase,1,3,0.9178898334503174,0.878947377204895,0.8979966044425964,0.9622905254364014,0.96241295337677,0.9623517394065857
./cnn/stories/f5c70593825da66a07c3ddffdefe09b7321a1371.story,style,paraphrase,2,1,0.9227018356323242,0.8958430290222168,0.9090741276741028,0.9227018356323242,0.8958430290222168,0.9090741276741028
./cnn/stories/f5c70593825da66a07c3ddffdefe09b7321a1371.story,style,paraphrase,2,2,0.9176759719848633,0.8963850140571594,0.9069055914878845,0.95799320936203,0.9595582485198975,0.9587751030921936
./cnn/stories/f5c70593825da66a07c3ddffdefe09b7321a1371.story,style,paraphrase,2,3,0.914391815662384,0.8906214237213135,0.902350127696991,0.962155818939209,0.9574974775314331,0.9598209857940674
./cnn/stories/f5c70593825da66a07c3ddffdefe09b7321a1371.story,content,shorten,0,1,0.9303433895111084,0.8761957883834839,0.9024580717086792,0.9303433895111084,0.8761957883834839,0.9024580717086792
./cnn/stories/f5c70593825da66a07c3ddffdefe09b7321a1371.story,content,shorten,0,2,0.9227240085601807,0.8556756973266602,0.8879359364509583,0.9741005897521973,0.95198655128479,0.9629166126251221
./cnn/stories/f5c70593825da66a07c3ddffdefe09b7321a1371.story,content,shorten,0,3,0.91895991563797,0.8538244366645813,0.8851955533027649,0.9910738468170166,0.9896007776260376,0.9903367161750793
./cnn/stories/f5c70593825da66a07c3ddffdefe09b7321a1371.story,content,shorten,1,1,0.9264140725135803,0.8762142658233643,0.9006152153015137,0.9264140725135803,0.8762142658233643,0.9006152153015137
./cnn/stories/f5c70593825da66a07c3ddffdefe09b7321a1371.story,content,shorten,1,2,0.918361246585846,0.8670313358306885,0.8919584155082703,0.9705963134765625,0.9639242887496948,0.967248797416687
./cnn/stories/f5c70593825da66a07c3ddffdefe09b7321a1371.story,content,shorten,1,3,0.9173542857170105,0.863942563533783,0.8898476362228394,0.9811627864837646,0.9776917695999146,0.9794241786003113
./cnn/stories/f5c70593825da66a07c3ddffdefe09b7321a1371.story,content,shorten,2,1,0.9303094148635864,0.8886374235153198,0.9089961051940918,0.9303094148635864,0.8886374235153198,0.9089961051940918
./cnn/stories/f5c70593825da66a07c3ddffdefe09b7321a1371.story,content,shorten,2,2,0.9214290380477905,0.8800029754638672,0.9002396464347839,0.9667669534683228,0.9670681357383728,0.9669175148010254
./cnn/stories/f5c70593825da66a07c3ddffdefe09b7321a1371.story,content,shorten,2,3,0.9226666688919067,0.8799853920936584,0.9008207321166992,0.9811132550239563,0.9819967746734619,0.9815548658370972
./cnn/stories/f5c70593825da66a07c3ddffdefe09b7321a1371.story,content,elaborate,0,1,0.9046701192855835,0.8709920644760132,0.887511670589447,0.9046701192855835,0.8709920644760132,0.887511670589447
./cnn/stories/f5c70593825da66a07c3ddffdefe09b7321a1371.story,content,elaborate,0,2,0.8816207647323608,0.8665968775749207,0.8740442395210266,0.9170726537704468,0.9378291368484497,0.9273347854614258
./cnn/stories/f5c70593825da66a07c3ddffdefe09b7321a1371.story,content,elaborate,0,3,0.8766512274742126,0.865829586982727,0.8712068200111389,0.9386841058731079,0.9473469853401184,0.9429956674575806
./cnn/stories/f5c70593825da66a07c3ddffdefe09b7321a1371.story,content,elaborate,1,1,0.9190233945846558,0.884406566619873,0.9013827443122864,0.9190233945846558,0.884406566619873,0.9013827443122864
./cnn/stories/f5c70593825da66a07c3ddffdefe09b7321a1371.story,content,elaborate,1,2,0.9076838493347168,0.8848337531089783,0.8961130976676941,0.9527920484542847,0.9662783741950989,0.959487795829773
./cnn/stories/f5c70593825da66a07c3ddffdefe09b7321a1371.story,content,elaborate,1,3,0.8982265591621399,0.8699945211410522,0.8838851451873779,0.9426898956298828,0.9381760358810425,0.9404275417327881
./cnn/stories/f5c70593825da66a07c3ddffdefe09b7321a1371.story,content,elaborate,2,1,0.9257932901382446,0.8928643465042114,0.9090307354927063,0.9257932901382446,0.8928643465042114,0.9090307354927063
./cnn/stories/f5c70593825da66a07c3ddffdefe09b7321a1371.story,content,elaborate,2,2,0.9063736200332642,0.8834190368652344,0.894749104976654,0.9459351301193237,0.9579107165336609,0.9518852829933167
./cnn/stories/f5c70593825da66a07c3ddffdefe09b7321a1371.story,content,elaborate,2,3,0.9034505486488342,0.8808238506317139,0.8919937610626221,0.9672061800956726,0.9671502113342285,0.9671781659126282
./cnn/stories/dddcf4ea66a65993902f9a63b3e294dc1db04d45.story,style,formality,0,1,0.900580644607544,0.8856971263885498,0.8930768966674805,0.900580644607544,0.8856971263885498,0.8930768966674805
./cnn/stories/dddcf4ea66a65993902f9a63b3e294dc1db04d45.story,style,formality,0,2,0.8896033763885498,0.8784055709838867,0.8839690089225769,0.9691406488418579,0.9734865427017212,0.9713087677955627
./cnn/stories/dddcf4ea66a65993902f9a63b3e294dc1db04d45.story,style,formality,0,3,0.8926451206207275,0.8800357580184937,0.8862956166267395,0.9831798076629639,0.9815418720245361,0.9823601841926575
./cnn/stories/dddcf4ea66a65993902f9a63b3e294dc1db04d45.story,style,formality,1,1,0.9192460179328918,0.9007582664489746,0.9099082350730896,0.9192460179328918,0.9007582664489746,0.9099082350730896
./cnn/stories/dddcf4ea66a65993902f9a63b3e294dc1db04d45.story,style,formality,1,2,0.9052408933639526,0.8934900760650635,0.8993270993232727,0.9572097063064575,0.9645603895187378,0.9608709812164307
./cnn/stories/dddcf4ea66a65993902f9a63b3e294dc1db04d45.story,style,formality,1,3,0.8998704552650452,0.8894798159599304,0.8946449756622314,0.9697530269622803,0.9689615368843079,0.9693571925163269
./cnn/stories/dddcf4ea66a65993902f9a63b3e294dc1db04d45.story,style,formality,2,1,0.9035499691963196,0.8898155093193054,0.8966301083564758,0.9035499691963196,0.8898155093193054,0.8966301083564758
./cnn/stories/dddcf4ea66a65993902f9a63b3e294dc1db04d45.story,style,formality,2,2,0.8936421275138855,0.8719159364700317,0.8826454281806946,0.9441819190979004,0.932024359703064,0.9380637407302856
./cnn/stories/dddcf4ea66a65993902f9a63b3e294dc1db04d45.story,style,formality,2,3,0.8849098086357117,0.866203784942627,0.8754568696022034,0.9572312831878662,0.955412745475769,0.956321120262146
./cnn/stories/dddcf4ea66a65993902f9a63b3e294dc1db04d45.story,style,paraphrase,0,1,0.8941454887390137,0.8668810129165649,0.8803021907806396,0.8941454887390137,0.8668810129165649,0.8803021907806396
./cnn/stories/dddcf4ea66a65993902f9a63b3e294dc1db04d45.story,style,paraphrase,0,2,0.8889235258102417,0.8574687242507935,0.8729128837585449,0.9451141357421875,0.9372467398643494,0.941163957118988
./cnn/stories/dddcf4ea66a65993902f9a63b3e294dc1db04d45.story,style,paraphrase,0,3,0.8815172910690308,0.8501384258270264,0.86554354429245,0.9520619511604309,0.9508605599403381,0.9514608383178711
./cnn/stories/dddcf4ea66a65993902f9a63b3e294dc1db04d45.story,style,paraphrase,1,1,0.9228249788284302,0.8966895937919617,0.9095695614814758,0.9228249788284302,0.8966895937919617,0.9095695614814758
./cnn/stories/dddcf4ea66a65993902f9a63b3e294dc1db04d45.story,style,paraphrase,1,2,0.9095257520675659,0.8894716501235962,0.8993869423866272,0.9552168846130371,0.9604611396789551,0.957831859588623
./cnn/stories/dddcf4ea66a65993902f9a63b3e294dc1db04d45.story,style,paraphrase,1,3,0.9063539505004883,0.8832338452339172,0.8946446180343628,0.9627719521522522,0.958791971206665,0.9607778787612915
./cnn/stories/dddcf4ea66a65993902f9a63b3e294dc1db04d45.story,style,paraphrase,2,1,0.8969035744667053,0.8919887542724609,0.8944394588470459,0.8969035744667053,0.8919887542724609,0.8944394588470459
./cnn/stories/dddcf4ea66a65993902f9a63b3e294dc1db04d45.story,style,paraphrase,2,2,0.8964715003967285,0.889187216758728,0.8928145170211792,0.960666298866272,0.9616904854774475,0.9611781239509583
./cnn/stories/dddcf4ea66a65993902f9a63b3e294dc1db04d45.story,style,paraphrase,2,3,0.8920938968658447,0.8849853277206421,0.8885253667831421,0.9665265679359436,0.9655147194862366,0.966020405292511
./cnn/stories/dddcf4ea66a65993902f9a63b3e294dc1db04d45.story,content,shorten,0,1,0.8983992338180542,0.8443408608436584,0.8705315589904785,0.8983992338180542,0.8443408608436584,0.8705315589904785
./cnn/stories/dddcf4ea66a65993902f9a63b3e294dc1db04d45.story,content,shorten,0,2,0.895599901676178,0.8362929821014404,0.864931046962738,0.9752477407455444,0.9568153619766235,0.9659435749053955
./cnn/stories/dddcf4ea66a65993902f9a63b3e294dc1db04d45.story,content,shorten,0,3,0.8978257179260254,0.8381946682929993,0.866986095905304,0.9917142987251282,0.9923976063728333,0.9920558333396912
./cnn/stories/dddcf4ea66a65993902f9a63b3e294dc1db04d45.story,content,shorten,1,1,0.9026051163673401,0.8500763177871704,0.875553548336029,0.9026051163673401,0.8500763177871704,0.875553548336029
./cnn/stories/dddcf4ea66a65993902f9a63b3e294dc1db04d45.story,content,shorten,1,2,0.8930147886276245,0.8315045833587646,0.8611627221107483,0.9584433436393738,0.9388269782066345,0.9485337138175964
./cnn/stories/dddcf4ea66a65993902f9a63b3e294dc1db04d45.story,content,shorten,1,3,0.889846682548523,0.827519416809082,0.8575521111488342,0.9558638334274292,0.9419854879379272,0.9488739371299744
./cnn/stories/dddcf4ea66a65993902f9a63b3e294dc1db04d45.story,content,shorten,2,1,0.8940901756286621,0.8499956130981445,0.8714855313301086,0.8940901756286621,0.8499956130981445,0.8714855313301086
./cnn/stories/dddcf4ea66a65993902f9a63b3e294dc1db04d45.story,content,shorten,2,2,0.8961493372917175,0.8457088470458984,0.8701987266540527,0.9527335166931152,0.9440762996673584,0.9483851194381714
./cnn/stories/dddcf4ea66a65993902f9a63b3e294dc1db04d45.story,content,shorten,2,3,0.8915772438049316,0.8459988832473755,0.8681902885437012,0.9767373204231262,0.9771470427513123,0.9769421219825745
./cnn/stories/dddcf4ea66a65993902f9a63b3e294dc1db04d45.story,content,elaborate,0,1,0.8903385400772095,0.8788243532180786,0.8845440149307251,0.8903385400772095,0.8788243532180786,0.8845440149307251
./cnn/stories/dddcf4ea66a65993902f9a63b3e294dc1db04d45.story,content,elaborate,0,2,0.8704113960266113,0.8661834001541138,0.8682922124862671,0.9110094308853149,0.9169198870658875,0.9139551520347595
./cnn/stories/dddcf4ea66a65993902f9a63b3e294dc1db04d45.story,content,elaborate,0,3,0.8651788830757141,0.8622605204582214,0.863717257976532,0.9161587953567505,0.9175083637237549,0.9168331027030945
./cnn/stories/dddcf4ea66a65993902f9a63b3e294dc1db04d45.story,content,elaborate,1,1,0.9014620780944824,0.8789870142936707,0.8900826573371887,0.9014620780944824,0.8789870142936707,0.8900826573371887
./cnn/stories/dddcf4ea66a65993902f9a63b3e294dc1db04d45.story,content,elaborate,1,2,0.8788180351257324,0.8579111099243164,0.8682386875152588,0.9248408675193787,0.9159855842590332,0.9203919172286987
./cnn/stories/dddcf4ea66a65993902f9a63b3e294dc1db04d45.story,content,elaborate,1,3,0.8724880814552307,0.851650059223175,0.8619431257247925,0.9471297264099121,0.9465118050575256,0.9468206763267517
./cnn/stories/dddcf4ea66a65993902f9a63b3e294dc1db04d45.story,content,elaborate,2,1,0.8935251235961914,0.8688350915908813,0.881007194519043,0.8935251235961914,0.8688350915908813,0.881007194519043
./cnn/stories/dddcf4ea66a65993902f9a63b3e294dc1db04d45.story,content,elaborate,2,2,0.8814431428909302,0.8625943660736084,0.8719168901443481,0.9304260015487671,0.9361246824264526,0.9332666397094727
./cnn/stories/dddcf4ea66a65993902f9a63b3e294dc1db04d45.story,content,elaborate,2,3,0.8763128519058228,0.8580247163772583,0.8670724034309387,0.9527745246887207,0.9555696249008179,0.9541700482368469
./cnn/stories/e57030df902c8e2413762b34c13ce023057759ff.story,style,formality,0,1,0.9268063902854919,0.9072280526161194,0.9169127345085144,0.9268063902854919,0.9072280526161194,0.9169127345085144
./cnn/stories/e57030df902c8e2413762b34c13ce023057759ff.story,style,formality,0,2,0.9069228172302246,0.8894751667976379,0.8981143236160278,0.9597737193107605,0.9619148969650269,0.9608431458473206
./cnn/stories/e57030df902c8e2413762b34c13ce023057759ff.story,style,formality,0,3,0.9034942388534546,0.8828692436218262,0.8930626511573792,0.970207154750824,0.9658567905426025,0.9680270552635193
./cnn/stories/e57030df902c8e2413762b34c13ce023057759ff.story,style,formality,1,1,0.9251072406768799,0.8942391872406006,0.9094113707542419,0.9251072406768799,0.8942391872406006,0.9094113707542419
./cnn/stories/e57030df902c8e2413762b34c13ce023057759ff.story,style,formality,1,2,0.9174010157585144,0.8894304037094116,0.9031991958618164,0.971083402633667,0.9730604887008667,0.9720709323883057
./cnn/stories/e57030df902c8e2413762b34c13ce023057759ff.story,style,formality,1,3,0.9077029824256897,0.8772963285446167,0.8922406435012817,0.9736530184745789,0.9645197987556458,0.9690648913383484
./cnn/stories/e57030df902c8e2413762b34c13ce023057759ff.story,style,formality,2,1,0.9087659120559692,0.864836573600769,0.8862571716308594,0.9087659120559692,0.864836573600769,0.8862571716308594
./cnn/stories/e57030df902c8e2413762b34c13ce023057759ff.story,style,formality,2,2,0.8990554809570312,0.8615236282348633,0.8798894882202148,0.9560691118240356,0.9627106189727783,0.9593783617019653
./cnn/stories/e57030df902c8e2413762b34c13ce023057759ff.story,style,formality,2,3,0.8953080773353577,0.861664891242981,0.8781643509864807,0.9653893113136292,0.9679467678070068,0.9666663408279419
./cnn/stories/e57030df902c8e2413762b34c13ce023057759ff.story,style,paraphrase,0,1,0.9153648614883423,0.8575429916381836,0.885511040687561,0.9153648614883423,0.8575429916381836,0.885511040687561
./cnn/stories/e57030df902c8e2413762b34c13ce023057759ff.story,style,paraphrase,0,2,0.9073333144187927,0.852845311164856,0.8792459964752197,0.9577324986457825,0.9532229900360107,0.955472469329834
./cnn/stories/e57030df902c8e2413762b34c13ce023057759ff.story,style,paraphrase,0,3,0.9118607044219971,0.8498672246932983,0.8797731995582581,0.9444076418876648,0.9334677457809448,0.9389058947563171
./cnn/stories/e57030df902c8e2413762b34c13ce023057759ff.story,style,paraphrase,1,1,0.9191393852233887,0.8638064861297607,0.8906142711639404,0.9191393852233887,0.8638064861297607,0.8906142711639404
./cnn/stories/e57030df902c8e2413762b34c13ce023057759ff.story,style,paraphrase,1,2,0.9108918309211731,0.8599419593811035,0.8846839666366577,0.9666653871536255,0.9678217172622681,0.9672431945800781
./cnn/stories/e57030df902c8e2413762b34c13ce023057759ff.story,style,paraphrase,1,3,0.9124675989151001,0.857862114906311,0.8843227624893188,0.9655978679656982,0.9623802900314331,0.9639863967895508
./cnn/stories/e57030df902c8e2413762b34c13ce023057759ff.story,style,paraphrase,2,1,0.8996608257293701,0.8600695729255676,0.8794198632240295,0.8996608257293701,0.8600695729255676,0.8794198632240295
./cnn/stories/e57030df902c8e2413762b34c13ce023057759ff.story,style,paraphrase,2,2,0.885400652885437,0.8543113470077515,0.8695781826972961,0.9500786066055298,0.9518811702728271,0.9509790539741516
./cnn/stories/e57030df902c8e2413762b34c13ce023057759ff.story,style,paraphrase,2,3,0.887679934501648,0.8528735637664795,0.869928777217865,0.9609630107879639,0.9561687111854553,0.9585599303245544
./cnn/stories/e57030df902c8e2413762b34c13ce023057759ff.story,content,shorten,0,1,0.9132761359214783,0.8484894633293152,0.8796916007995605,0.9132761359214783,0.8484894633293152,0.8796916007995605
./cnn/stories/e57030df902c8e2413762b34c13ce023057759ff.story,content,shorten,0,2,0.9088590145111084,0.8349780440330505,0.8703534603118896,0.9726725816726685,0.9520174860954285,0.9622342586517334
./cnn/stories/e57030df902c8e2413762b34c13ce023057759ff.story,content,shorten,0,3,0.9079166650772095,0.8335075378417969,0.8691224455833435,0.9930983781814575,0.9909669756889343,0.9920315742492676
./cnn/stories/e57030df902c8e2413762b34c13ce023057759ff.story,content,shorten,1,1,0.9148489236831665,0.84957355260849,0.8810038566589355,0.9148489236831665,0.84957355260849,0.8810038566589355
./cnn/stories/e57030df902c8e2413762b34c13ce023057759ff.story,content,shorten,1,2,0.9026803970336914,0.8368707895278931,0.868530809879303,0.9666099548339844,0.9488829374313354,0.9576643705368042
./cnn/stories/e57030df902c8e2413762b34c13ce023057759ff.story,content,shorten,1,3,0.9002524018287659,0.8345852494239807,0.8661759495735168,0.9778534770011902,0.9744729995727539,0.9761602878570557
./cnn/stories/e57030df902c8e2413762b34c13ce023057759ff.story,content,shorten,2,1,0.9108261466026306,0.862030565738678,0.8857568502426147,0.9108261466026306,0.862030565738678,0.8857568502426147
./cnn/stories/e57030df902c8e2413762b34c13ce023057759ff.story,content,shorten,2,2,0.8996070623397827,0.8515688180923462,0.8749290704727173,0.958620548248291,0.9462961554527283,0.9524184465408325
./cnn/stories/e57030df902c8e2413762b34c13ce023057759ff.story,content,shorten,2,3,0.902586817741394,0.8540389537811279,0.8776419758796692,0.9769670367240906,0.9782242774963379,0.9775952100753784
./cnn/stories/e57030df902c8e2413762b34c13ce023057759ff.story,content,elaborate,0,1,0.8971768617630005,0.8761013746261597,0.886513888835907,0.8971768617630005,0.8761013746261597,0.886513888835907
./cnn/stories/e57030df902c8e2413762b34c13ce023057759ff.story,content,elaborate,0,2,0.877727746963501,0.8693188428878784,0.8735030889511108,0.9255690574645996,0.9377866983413696,0.9316377639770508
./cnn/stories/e57030df902c8e2413762b34c13ce023057759ff.story,content,elaborate,0,3,0.87200927734375,0.8675061464309692,0.8697518706321716,0.9311928749084473,0.9361597895622253,0.9336697459220886
./cnn/stories/e57030df902c8e2413762b34c13ce023057759ff.story,content,elaborate,1,1,0.9136847853660583,0.8691646456718445,0.8908688426017761,0.9136847853660583,0.8691646456718445,0.8908688426017761
./cnn/stories/e57030df902c8e2413762b34c13ce023057759ff.story,content,elaborate,1,2,0.8959525227546692,0.856072187423706,0.8755584955215454,0.9456050395965576,0.9418158531188965,0.9437066912651062
./cnn/stories/e57030df902c8e2413762b34c13ce023057759ff.story,content,elaborate,1,3,0.8865574598312378,0.8529722094535828,0.8694406747817993,0.9439334869384766,0.9515196084976196,0.9477114081382751
./cnn/stories/e57030df902c8e2413762b34c13ce023057759ff.story,content,elaborate,2,1,0.9080873727798462,0.865552544593811,0.8863099217414856,0.9080873727798462,0.865552544593811,0.8863099217414856
./cnn/stories/e57030df902c8e2413762b34c13ce023057759ff.story,content,elaborate,2,2,0.8943914175033569,0.8628839254379272,0.8783552050590515,0.9490306377410889,0.9604864120483398,0.954724133014679
./cnn/stories/e57030df902c8e2413762b34c13ce023057759ff.story,content,elaborate,2,3,0.8900641798973083,0.8575098514556885,0.8734837770462036,0.9674649238586426,0.9636969566345215,0.965577244758606
./cnn/stories/abebde7e04ba6280371812bffd3f698a8f4de125.story,style,formality,0,1,0.891607403755188,0.8862561583518982,0.8889237642288208,0.891607403755188,0.8862561583518982,0.8889237642288208
./cnn/stories/abebde7e04ba6280371812bffd3f698a8f4de125.story,style,formality,0,2,0.8828777074813843,0.8764918446540833,0.879673182964325,0.9492836594581604,0.9488791227340698,0.9490813612937927
./cnn/stories/abebde7e04ba6280371812bffd3f698a8f4de125.story,style,formality,0,3,0.8438047170639038,0.8354944586753845,0.839629054069519,0.9119584560394287,0.9059658646583557,0.9089522957801819
./cnn/stories/abebde7e04ba6280371812bffd3f698a8f4de125.story,style,formality,1,1,0.8906358480453491,0.8879194259643555,0.8892755508422852,0.8906358480453491,0.8879194259643555,0.8892755508422852
./cnn/stories/abebde7e04ba6280371812bffd3f698a8f4de125.story,style,formality,1,2,0.8824425339698792,0.8806262016296387,0.8815334439277649,0.9569319486618042,0.9578137397766113,0.9573726058006287
./cnn/stories/abebde7e04ba6280371812bffd3f698a8f4de125.story,style,formality,1,3,0.8777364492416382,0.8746211528778076,0.8761759996414185,0.9476179480552673,0.945343554019928,0.9464793801307678
./cnn/stories/abebde7e04ba6280371812bffd3f698a8f4de125.story,style,formality,2,1,0.8805485963821411,0.875320315361023,0.8779267072677612,0.8805485963821411,0.875320315361023,0.8779267072677612
./cnn/stories/abebde7e04ba6280371812bffd3f698a8f4de125.story,style,formality,2,2,0.8758455514907837,0.8682926893234253,0.872052788734436,0.9577319025993347,0.9567602872848511,0.9572458863258362
./cnn/stories/abebde7e04ba6280371812bffd3f698a8f4de125.story,style,formality,2,3,0.8677634596824646,0.8617963790893555,0.8647695779800415,0.9638054966926575,0.9639829397201538,0.9638941884040833
./cnn/stories/abebde7e04ba6280371812bffd3f698a8f4de125.story,style,paraphrase,0,1,0.861128568649292,0.8342304825782776,0.8474661707878113,0.861128568649292,0.8342304825782776,0.8474661707878113
./cnn/stories/abebde7e04ba6280371812bffd3f698a8f4de125.story,style,paraphrase,0,2,0.8579238653182983,0.8287835121154785,0.843101978302002,0.9335214495658875,0.9272862672805786,0.930393397808075
./cnn/stories/abebde7e04ba6280371812bffd3f698a8f4de125.story,style,paraphrase,0,3,0.8614836931228638,0.8281155824661255,0.8444701433181763,0.9535450339317322,0.9497238397598267,0.9516305923461914
./cnn/stories/abebde7e04ba6280371812bffd3f698a8f4de125.story,style,paraphrase,1,1,0.8473566770553589,0.8269497156143188,0.8370288610458374,0.8473566770553589,0.8269497156143188,0.8370288610458374
./cnn/stories/abebde7e04ba6280371812bffd3f698a8f4de125.story,style,paraphrase,1,2,0.8463044762611389,0.826194703578949,0.8361286520957947,0.9448904395103455,0.9438323974609375,0.9443610906600952
./cnn/stories/abebde7e04ba6280371812bffd3f698a8f4de125.story,style,paraphrase,1,3,0.8493651151657104,0.8255810141563416,0.8373042345046997,0.9552143812179565,0.9534852504730225,0.9543490409851074
./cnn/stories/abebde7e04ba6280371812bffd3f698a8f4de125.story,style,paraphrase,2,1,0.8577008843421936,0.8492559194564819,0.853457510471344,0.8577008843421936,0.8492559194564819,0.853457510471344
./cnn/stories/abebde7e04ba6280371812bffd3f698a8f4de125.story,style,paraphrase,2,2,0.8538252711296082,0.8430055379867554,0.8483809232711792,0.9401475191116333,0.9373705983161926,0.9387570023536682
./cnn/stories/abebde7e04ba6280371812bffd3f698a8f4de125.story,style,paraphrase,2,3,0.8571434617042542,0.8437684774398804,0.850403368473053,0.9487203359603882,0.9393419027328491,0.9440078139305115
./cnn/stories/abebde7e04ba6280371812bffd3f698a8f4de125.story,content,shorten,0,1,0.8788727521896362,0.8420706987380981,0.8600782155990601,0.8788727521896362,0.8420706987380981,0.8600782155990601
./cnn/stories/abebde7e04ba6280371812bffd3f698a8f4de125.story,content,shorten,0,2,0.8572434186935425,0.8144257068634033,0.8352862000465393,0.946702241897583,0.9164107441902161,0.9313102960586548
./cnn/stories/abebde7e04ba6280371812bffd3f698a8f4de125.story,content,shorten,0,3,0.8523690700531006,0.8045037984848022,0.8277450203895569,0.9460976123809814,0.9320770502090454,0.9390349984169006
./cnn/stories/abebde7e04ba6280371812bffd3f698a8f4de125.story,content,shorten,1,1,0.861099123954773,0.8432692885398865,0.8520910143852234,0.861099123954773,0.8432692885398865,0.8520910143852234
./cnn/stories/abebde7e04ba6280371812bffd3f698a8f4de125.story,content,shorten,1,2,0.8701885938644409,0.8345672488212585,0.8520058393478394,0.9544981122016907,0.9227931499481201,0.9383779168128967
./cnn/stories/abebde7e04ba6280371812bffd3f698a8f4de125.story,content,shorten,1,3,0.8759642839431763,0.8248352408409119,0.8496312499046326,0.9540141820907593,0.9242322444915771,0.9388871192932129
./cnn/stories/abebde7e04ba6280371812bffd3f698a8f4de125.story,content,shorten,2,1,0.8621817827224731,0.82936030626297,0.845452606678009,0.8621817827224731,0.82936030626297,0.845452606678009
./cnn/stories/abebde7e04ba6280371812bffd3f698a8f4de125.story,content,shorten,2,2,0.8629704713821411,0.8296244144439697,0.8459689617156982,0.9555835723876953,0.9529812335968018,0.95428067445755
./cnn/stories/abebde7e04ba6280371812bffd3f698a8f4de125.story,content,shorten,2,3,0.8607872724533081,0.826151967048645,0.8431140780448914,0.964388370513916,0.9594486355781555,0.961912214756012
./cnn/stories/abebde7e04ba6280371812bffd3f698a8f4de125.story,content,elaborate,0,1,0.8511687517166138,0.8357870578765869,0.8434077501296997,0.8511687517166138,0.8357870578765869,0.8434077501296997
./cnn/stories/abebde7e04ba6280371812bffd3f698a8f4de125.story,content,elaborate,0,2,0.8478127121925354,0.8372908234596252,0.8425189256668091,0.9015063047409058,0.9088577628135681,0.9051671624183655
./cnn/stories/abebde7e04ba6280371812bffd3f698a8f4de125.story,content,elaborate,0,3,0.8438005447387695,0.8342605829238892,0.8390034437179565,0.9328247904777527,0.9334105849266052,0.9331175684928894
./cnn/stories/abebde7e04ba6280371812bffd3f698a8f4de125.story,content,elaborate,1,1,0.8573404550552368,0.8469269275665283,0.8521019220352173,0.8573404550552368,0.8469269275665283,0.8521019220352173
./cnn/stories/abebde7e04ba6280371812bffd3f698a8f4de125.story,content,elaborate,1,2,0.8448046445846558,0.8402907848358154,0.8425416350364685,0.9072408676147461,0.917816162109375,0.912497878074646
./cnn/stories/abebde7e04ba6280371812bffd3f698a8f4de125.story,content,elaborate,1,3,0.8472608327865601,0.8310846090316772,0.8390947580337524,0.9265027046203613,0.9087514877319336,0.9175412654876709
./cnn/stories/abebde7e04ba6280371812bffd3f698a8f4de125.story,content,elaborate,2,1,0.853674054145813,0.8517398834228516,0.8527058959007263,0.853674054145813,0.8517398834228516,0.8527058959007263
./cnn/stories/abebde7e04ba6280371812bffd3f698a8f4de125.story,content,elaborate,2,2,0.847295880317688,0.8440960645675659,0.8456929326057434,0.9182791113853455,0.9164606332778931,0.91736900806427
./cnn/stories/abebde7e04ba6280371812bffd3f698a8f4de125.story,content,elaborate,2,3,0.8520985841751099,0.8475520014762878,0.8498191833496094,0.9391090869903564,0.9371709227561951,0.9381389617919922
./cnn/stories/8cbf1a494eb9a0b946cd58f1284482dd1a8a8ded.story,style,formality,0,1,0.9026012420654297,0.8998472094535828,0.9012221097946167,0.9026012420654297,0.8998472094535828,0.9012221097946167
./cnn/stories/8cbf1a494eb9a0b946cd58f1284482dd1a8a8ded.story,style,formality,0,2,0.8859047889709473,0.8823184370994568,0.8841079473495483,0.9291017055511475,0.9284988045692444,0.9288001656532288
./cnn/stories/8cbf1a494eb9a0b946cd58f1284482dd1a8a8ded.story,style,formality,0,3,0.8775016069412231,0.874153733253479,0.8758244514465332,0.9553136825561523,0.9585327506065369,0.9569204449653625
./cnn/stories/8cbf1a494eb9a0b946cd58f1284482dd1a8a8ded.story,style,formality,1,1,0.8602662086486816,0.8611427545547485,0.860704243183136,0.8602662086486816,0.8611427545547485,0.860704243183136
./cnn/stories/8cbf1a494eb9a0b946cd58f1284482dd1a8a8ded.story,style,formality,1,2,0.851111650466919,0.8507530093193054,0.8509323000907898,0.9570717811584473,0.9588339328765869,0.9579520225524902
./cnn/stories/8cbf1a494eb9a0b946cd58f1284482dd1a8a8ded.story,style,formality,1,3,0.8470971584320068,0.8477587103843689,0.8474277853965759,0.9541009664535522,0.9549488425254822,0.9545247554779053
./cnn/stories/8cbf1a494eb9a0b946cd58f1284482dd1a8a8ded.story,style,formality,2,1,0.8633196353912354,0.8612746596336365,0.8622958660125732,0.8633196353912354,0.8612746596336365,0.8622958660125732
./cnn/stories/8cbf1a494eb9a0b946cd58f1284482dd1a8a8ded.story,style,formality,2,2,0.8521023988723755,0.8485692143440247,0.8503321409225464,0.9379634857177734,0.9353018999099731,0.9366308450698853
./cnn/stories/8cbf1a494eb9a0b946cd58f1284482dd1a8a8ded.story,style,formality,2,3,0.8525407910346985,0.848880410194397,0.8507066369056702,0.9629275798797607,0.9632643461227417,0.9630959630012512
./cnn/stories/8cbf1a494eb9a0b946cd58f1284482dd1a8a8ded.story,style,paraphrase,0,1,0.8635601997375488,0.8470317721366882,0.8552161455154419,0.8635601997375488,0.8470317721366882,0.8552161455154419
./cnn/stories/8cbf1a494eb9a0b946cd58f1284482dd1a8a8ded.story,style,paraphrase,0,2,0.8622095584869385,0.8448244333267212,0.8534284830093384,0.9493600130081177,0.9449378848075867,0.9471438527107239
./cnn/stories/8cbf1a494eb9a0b946cd58f1284482dd1a8a8ded.story,style,paraphrase,0,3,0.8627516031265259,0.8461211919784546,0.8543554544448853,0.9566938877105713,0.9568753838539124,0.9567846059799194
./cnn/stories/8cbf1a494eb9a0b946cd58f1284482dd1a8a8ded.story,style,paraphrase,1,1,0.8790562152862549,0.8542047739028931,0.8664523363113403,0.8790562152862549,0.8542047739028931,0.8664523363113403
./cnn/stories/8cbf1a494eb9a0b946cd58f1284482dd1a8a8ded.story,style,paraphrase,1,2,0.8725108504295349,0.8513187170028687,0.8617845177650452,0.9546732902526855,0.9582785367965698,0.9564725160598755
./cnn/stories/8cbf1a494eb9a0b946cd58f1284482dd1a8a8ded.story,style,paraphrase,1,3,0.8629025816917419,0.8337886333465576,0.8480957746505737,0.9364844560623169,0.9249049425125122,0.9306586384773254
./cnn/stories/8cbf1a494eb9a0b946cd58f1284482dd1a8a8ded.story,style,paraphrase,2,1,0.8757731914520264,0.8815643191337585,0.878659188747406,0.8757731914520264,0.8815643191337585,0.878659188747406
./cnn/stories/8cbf1a494eb9a0b946cd58f1284482dd1a8a8ded.story,style,paraphrase,2,2,0.8610748052597046,0.8696839809417725,0.8653579950332642,0.9246547222137451,0.9240919947624207,0.924373209476471
./cnn/stories/8cbf1a494eb9a0b946cd58f1284482dd1a8a8ded.story,style,paraphrase,2,3,0.8584126234054565,0.8659811019897461,0.862180233001709,0.9506087303161621,0.9509481191635132,0.9507784247398376
./cnn/stories/8cbf1a494eb9a0b946cd58f1284482dd1a8a8ded.story,content,shorten,0,1,0.8727976083755493,0.8332205414772034,0.8525499701499939,0.8727976083755493,0.8332205414772034,0.8525499701499939
./cnn/stories/8cbf1a494eb9a0b946cd58f1284482dd1a8a8ded.story,content,shorten,0,2,0.870093822479248,0.8279714584350586,0.848510205745697,0.9721320867538452,0.9662399291992188,0.9691770076751709
./cnn/stories/8cbf1a494eb9a0b946cd58f1284482dd1a8a8ded.story,content,shorten,0,3,0.8606982231140137,0.8177303075790405,0.8386642932891846,0.9751916527748108,0.9561988115310669,0.9656018614768982
./cnn/stories/8cbf1a494eb9a0b946cd58f1284482dd1a8a8ded.story,content,shorten,1,1,0.874669075012207,0.8077020645141602,0.8398527503013611,0.874669075012207,0.8077020645141602,0.8398527503013611
./cnn/stories/8cbf1a494eb9a0b946cd58f1284482dd1a8a8ded.story,content,shorten,1,2,0.8791778683662415,0.807123064994812,0.8416110277175903,0.9670110940933228,0.9571226239204407,0.962041437625885
./cnn/stories/8cbf1a494eb9a0b946cd58f1284482dd1a8a8ded.story,content,shorten,1,3,0.8787436485290527,0.8004775047302246,0.8377866148948669,0.9630566835403442,0.9442923069000244,0.9535821676254272
./cnn/stories/8cbf1a494eb9a0b946cd58f1284482dd1a8a8ded.story,content,shorten,2,1,0.862633466720581,0.8386939764022827,0.8504952788352966,0.862633466720581,0.8386939764022827,0.8504952788352966
./cnn/stories/8cbf1a494eb9a0b946cd58f1284482dd1a8a8ded.story,content,shorten,2,2,0.860389232635498,0.8355367183685303,0.8477808833122253,0.9701480865478516,0.966203510761261,0.9681717753410339
./cnn/stories/8cbf1a494eb9a0b946cd58f1284482dd1a8a8ded.story,content,shorten,2,3,0.8570848703384399,0.833886444568634,0.8453264832496643,0.9757529497146606,0.9768641591072083,0.9763082265853882
./cnn/stories/8cbf1a494eb9a0b946cd58f1284482dd1a8a8ded.story,content,elaborate,0,1,0.8550275564193726,0.8553045988082886,0.8551660776138306,0.8550275564193726,0.8553045988082886,0.8551660776138306
./cnn/stories/8cbf1a494eb9a0b946cd58f1284482dd1a8a8ded.story,content,elaborate,0,2,0.8464279174804688,0.847090482711792,0.8467590808868408,0.9171288013458252,0.9172697067260742,0.9171992540359497
./cnn/stories/8cbf1a494eb9a0b946cd58f1284482dd1a8a8ded.story,content,elaborate,0,3,0.8393279314041138,0.8403486013412476,0.8398379683494568,0.9075455665588379,0.9087808728218079,0.9081628322601318
./cnn/stories/8cbf1a494eb9a0b946cd58f1284482dd1a8a8ded.story,content,elaborate,1,1,0.8725916147232056,0.871282696723938,0.8719366788864136,0.8725916147232056,0.871282696723938,0.8719366788864136
./cnn/stories/8cbf1a494eb9a0b946cd58f1284482dd1a8a8ded.story,content,elaborate,1,2,0.8629893064498901,0.8585330247879028,0.8607553839683533,0.9444603323936462,0.9438263177871704,0.9441432952880859
./cnn/stories/8cbf1a494eb9a0b946cd58f1284482dd1a8a8ded.story,content,elaborate,1,3,0.8589754700660706,0.852098822593689,0.8555232882499695,0.9397048950195312,0.9397766590118408,0.939740777015686
./cnn/stories/8cbf1a494eb9a0b946cd58f1284482dd1a8a8ded.story,content,elaborate,2,1,0.8778926134109497,0.875388503074646,0.8766387701034546,0.8778926134109497,0.875388503074646,0.8766387701034546
./cnn/stories/8cbf1a494eb9a0b946cd58f1284482dd1a8a8ded.story,content,elaborate,2,2,0.84437096118927,0.8435642123222351,0.8439673781394958,0.894618809223175,0.8965127468109131,0.8955647945404053
./cnn/stories/8cbf1a494eb9a0b946cd58f1284482dd1a8a8ded.story,content,elaborate,2,3,0.8366410732269287,0.8370699882507324,0.8368555307388306,0.9327307343482971,0.9291157722473145,0.9309197664260864
./cnn/stories/63ba4107135a1e077c9c64d06d14f8b4d48c6030.story,style,formality,0,1,0.8927714824676514,0.8897902965545654,0.8912783861160278,0.8927714824676514,0.8897902965545654,0.8912783861160278
./cnn/stories/63ba4107135a1e077c9c64d06d14f8b4d48c6030.story,style,formality,0,2,0.8863081336021423,0.8829892873764038,0.8846456408500671,0.9569616317749023,0.9557220935821533,0.9563414454460144
./cnn/stories/63ba4107135a1e077c9c64d06d14f8b4d48c6030.story,style,formality,0,3,0.8798394203186035,0.8790451288223267,0.8794420957565308,0.970899224281311,0.9717317819595337,0.971315324306488
./cnn/stories/63ba4107135a1e077c9c64d06d14f8b4d48c6030.story,style,formality,1,1,0.8841750621795654,0.8835423588752747,0.8838586211204529,0.8841750621795654,0.8835423588752747,0.8838586211204529
./cnn/stories/63ba4107135a1e077c9c64d06d14f8b4d48c6030.story,style,formality,1,2,0.8798717260360718,0.8778281807899475,0.8788487315177917,0.9435247778892517,0.9414706230163574,0.9424965381622314
./cnn/stories/63ba4107135a1e077c9c64d06d14f8b4d48c6030.story,style,formality,1,3,0.8737801313400269,0.8738045692443848,0.8737923502922058,0.9599335193634033,0.9604206085205078,0.9601770043373108
./cnn/stories/63ba4107135a1e077c9c64d06d14f8b4d48c6030.story,style,formality,2,1,0.8793949484825134,0.8737449645996094,0.8765608668327332,0.8793949484825134,0.8737449645996094,0.8765608668327332
./cnn/stories/63ba4107135a1e077c9c64d06d14f8b4d48c6030.story,style,formality,2,2,0.8632332682609558,0.8578900098800659,0.8605533838272095,0.9377323389053345,0.9374052286148071,0.937568724155426
./cnn/stories/63ba4107135a1e077c9c64d06d14f8b4d48c6030.story,style,formality,2,3,0.8610366582870483,0.8549221754074097,0.8579685091972351,0.9558433294296265,0.9557844400405884,0.9558138847351074
./cnn/stories/63ba4107135a1e077c9c64d06d14f8b4d48c6030.story,style,paraphrase,0,1,0.8693002462387085,0.8488059043884277,0.8589308261871338,0.8693002462387085,0.8488059043884277,0.8589308261871338
./cnn/stories/63ba4107135a1e077c9c64d06d14f8b4d48c6030.story,style,paraphrase,0,2,0.861822247505188,0.8407847285270691,0.8511735796928406,0.942912220954895,0.9433611631393433,0.9431366324424744
./cnn/stories/63ba4107135a1e077c9c64d06d14f8b4d48c6030.story,style,paraphrase,0,3,0.8636925220489502,0.8409134745597839,0.8521507978439331,0.9418216943740845,0.9410966038703918,0.9414590001106262
./cnn/stories/63ba4107135a1e077c9c64d06d14f8b4d48c6030.story,style,paraphrase,1,1,0.8626000881195068,0.8537857532501221,0.8581702709197998,0.8626000881195068,0.8537857532501221,0.8581702709197998
./cnn/stories/63ba4107135a1e077c9c64d06d14f8b4d48c6030.story,style,paraphrase,1,2,0.85992431640625,0.8486514091491699,0.8542506694793701,0.9509374499320984,0.946700930595398,0.9488144516944885
./cnn/stories/63ba4107135a1e077c9c64d06d14f8b4d48c6030.story,style,paraphrase,1,3,0.8608778119087219,0.8461381793022156,0.8534443378448486,0.959273636341095,0.9550747871398926,0.9571695923805237
./cnn/stories/63ba4107135a1e077c9c64d06d14f8b4d48c6030.story,style,paraphrase,2,1,0.8813878297805786,0.8788816928863525,0.8801329731941223,0.8813878297805786,0.8788816928863525,0.8801329731941223
./cnn/stories/63ba4107135a1e077c9c64d06d14f8b4d48c6030.story,style,paraphrase,2,2,0.8716660141944885,0.8696961402893066,0.870680034160614,0.9338886141777039,0.931067943572998,0.9324761033058167
./cnn/stories/63ba4107135a1e077c9c64d06d14f8b4d48c6030.story,style,paraphrase,2,3,0.859681248664856,0.8545193076133728,0.857092559337616,0.9442868232727051,0.9428494572639465,0.9435676336288452
./cnn/stories/63ba4107135a1e077c9c64d06d14f8b4d48c6030.story,content,shorten,0,1,0.8638250827789307,0.8357694149017334,0.8495656847953796,0.8638250827789307,0.8357694149017334,0.8495656847953796
./cnn/stories/63ba4107135a1e077c9c64d06d14f8b4d48c6030.story,content,shorten,0,2,0.8641985654830933,0.825302243232727,0.8443026542663574,0.964124858379364,0.9428961277008057,0.9533923268318176
./cnn/stories/63ba4107135a1e077c9c64d06d14f8b4d48c6030.story,content,shorten,0,3,0.8483266830444336,0.8047698140144348,0.8259744644165039,0.959598183631897,0.9211018085479736,0.93995600938797
./cnn/stories/63ba4107135a1e077c9c64d06d14f8b4d48c6030.story,content,shorten,1,1,0.8624778985977173,0.8255842924118042,0.8436279892921448,0.8624778985977173,0.8255842924118042,0.8436279892921448
./cnn/stories/63ba4107135a1e077c9c64d06d14f8b4d48c6030.story,content,shorten,1,2,0.8524609208106995,0.814192533493042,0.8328874111175537,0.9473468065261841,0.9366896748542786,0.9419881105422974
./cnn/stories/63ba4107135a1e077c9c64d06d14f8b4d48c6030.story,content,shorten,1,3,0.8477632999420166,0.811452329158783,0.8292104601860046,0.9664148092269897,0.9675047397613525,0.9669594764709473
./cnn/stories/63ba4107135a1e077c9c64d06d14f8b4d48c6030.story,content,shorten,2,1,0.8634741306304932,0.8513773679733276,0.857383131980896,0.8634741306304932,0.8513773679733276,0.857383131980896
./cnn/stories/63ba4107135a1e077c9c64d06d14f8b4d48c6030.story,content,shorten,2,2,0.8538731336593628,0.845429003238678,0.8496301174163818,0.9537445306777954,0.9537858366966248,0.9537652134895325
./cnn/stories/63ba4107135a1e077c9c64d06d14f8b4d48c6030.story,content,shorten,2,3,0.850826621055603,0.8409232497215271,0.8458459973335266,0.9705519676208496,0.9672119617462158,0.9688791036605835
./cnn/stories/63ba4107135a1e077c9c64d06d14f8b4d48c6030.story,content,elaborate,0,1,0.8841242790222168,0.878392219543457,0.8812488913536072,0.8841242790222168,0.878392219543457,0.8812488913536072
./cnn/stories/63ba4107135a1e077c9c64d06d14f8b4d48c6030.story,content,elaborate,0,2,0.859261155128479,0.850746750831604,0.8549827933311462,0.9024505615234375,0.898761510848999,0.9006022810935974
./cnn/stories/63ba4107135a1e077c9c64d06d14f8b4d48c6030.story,content,elaborate,0,3,0.8558717370033264,0.8489293456077576,0.8523864150047302,0.9416237473487854,0.9418402314186096,0.9417319893836975
./cnn/stories/63ba4107135a1e077c9c64d06d14f8b4d48c6030.story,content,elaborate,1,1,0.8633847236633301,0.8540953397750854,0.8587149381637573,0.8633847236633301,0.8540953397750854,0.8587149381637573
./cnn/stories/63ba4107135a1e077c9c64d06d14f8b4d48c6030.story,content,elaborate,1,2,0.8508591055870056,0.8452127575874329,0.8480265736579895,0.926563560962677,0.928199291229248,0.9273807406425476
./cnn/stories/63ba4107135a1e077c9c64d06d14f8b4d48c6030.story,content,elaborate,1,3,0.8479770421981812,0.8417558073997498,0.844855010509491,0.9257187843322754,0.9221663475036621,0.9239391684532166
./cnn/stories/63ba4107135a1e077c9c64d06d14f8b4d48c6030.story,content,elaborate,2,1,0.8710032105445862,0.8706268072128296,0.8708149194717407,0.8710032105445862,0.8706268072128296,0.8708149194717407
./cnn/stories/63ba4107135a1e077c9c64d06d14f8b4d48c6030.story,content,elaborate,2,2,0.871906042098999,0.8648492097854614,0.8683632612228394,0.9252934455871582,0.9148036241531372,0.9200186133384705
./cnn/stories/63ba4107135a1e077c9c64d06d14f8b4d48c6030.story,content,elaborate,2,3,0.8582316637039185,0.8534436821937561,0.8558309674263,0.9168581962585449,0.9183368682861328,0.9175969362258911
./cnn/stories/ecba4bd57a776abcb97795b4e4862daf2836d0c0.story,style,formality,0,1,0.924618124961853,0.9167799949645996,0.9206823706626892,0.924618124961853,0.9167799949645996,0.9206823706626892
./cnn/stories/ecba4bd57a776abcb97795b4e4862daf2836d0c0.story,style,formality,0,2,0.9189479351043701,0.9036245346069336,0.9112218022346497,0.9723256826400757,0.9654896259307861,0.9688956141471863
./cnn/stories/ecba4bd57a776abcb97795b4e4862daf2836d0c0.story,style,formality,0,3,0.915129542350769,0.9046183228492737,0.9098435640335083,0.9836121201515198,0.9865742325782776,0.9850909113883972
./cnn/stories/ecba4bd57a776abcb97795b4e4862daf2836d0c0.story,style,formality,1,1,0.9138070940971375,0.8803504705429077,0.8967668414115906,0.9138070940971375,0.8803504705429077,0.8967668414115906
./cnn/stories/ecba4bd57a776abcb97795b4e4862daf2836d0c0.story,style,formality,1,2,0.9064964652061462,0.8754032850265503,0.8906785845756531,0.9653213024139404,0.9637008905410767,0.9645103812217712
./cnn/stories/ecba4bd57a776abcb97795b4e4862daf2836d0c0.story,style,formality,1,3,0.8983285427093506,0.8734593391418457,0.8857194185256958,0.9658585786819458,0.9763163328170776,0.9710593223571777
./cnn/stories/ecba4bd57a776abcb97795b4e4862daf2836d0c0.story,style,formality,2,1,0.9096155762672424,0.8788734674453735,0.8939802646636963,0.9096155762672424,0.8788734674453735,0.8939802646636963
./cnn/stories/ecba4bd57a776abcb97795b4e4862daf2836d0c0.story,style,formality,2,2,0.9032573103904724,0.877822995185852,0.890358567237854,0.9646853804588318,0.973027765750885,0.968838632106781
./cnn/stories/ecba4bd57a776abcb97795b4e4862daf2836d0c0.story,style,formality,2,3,0.8979553580284119,0.8726611733436584,0.885127604007721,0.9720446467399597,0.9676880836486816,0.9698614478111267
./cnn/stories/ecba4bd57a776abcb97795b4e4862daf2836d0c0.story,style,paraphrase,0,1,0.9125083684921265,0.8542777299880981,0.8824334740638733,0.9125083684921265,0.8542777299880981,0.8824334740638733
./cnn/stories/ecba4bd57a776abcb97795b4e4862daf2836d0c0.story,style,paraphrase,0,2,0.9126604199409485,0.8558409214019775,0.8833379149436951,0.9555422067642212,0.9602267742156982,0.9578787684440613
./cnn/stories/ecba4bd57a776abcb97795b4e4862daf2836d0c0.story,style,paraphrase,0,3,0.9075327515602112,0.8534709215164185,0.8796719908714294,0.9595884084701538,0.9565909504890442,0.9580873250961304
./cnn/stories/ecba4bd57a776abcb97795b4e4862daf2836d0c0.story,style,paraphrase,1,1,0.9195282459259033,0.8672394752502441,0.8926187753677368,0.9195282459259033,0.8672394752502441,0.8926187753677368
./cnn/stories/ecba4bd57a776abcb97795b4e4862daf2836d0c0.story,style,paraphrase,1,2,0.9120321869850159,0.8641289472579956,0.8874345421791077,0.9685614705085754,0.9707527756690979,0.9696558713912964
./cnn/stories/ecba4bd57a776abcb97795b4e4862daf2836d0c0.story,style,paraphrase,1,3,0.9062283635139465,0.8627581596374512,0.8839592337608337,0.9686052799224854,0.970199465751648,0.9694017171859741
./cnn/stories/ecba4bd57a776abcb97795b4e4862daf2836d0c0.story,style,paraphrase,2,1,0.9098212718963623,0.8688318133354187,0.8888542056083679,0.9098212718963623,0.8688318133354187,0.8888542056083679
./cnn/stories/ecba4bd57a776abcb97795b4e4862daf2836d0c0.story,style,paraphrase,2,2,0.9062502384185791,0.8688545823097229,0.8871585130691528,0.9496757388114929,0.9562606811523438,0.9529567956924438
./cnn/stories/ecba4bd57a776abcb97795b4e4862daf2836d0c0.story,style,paraphrase,2,3,0.8921916484832764,0.8615716695785522,0.8766143918037415,0.957181453704834,0.9592406153678894,0.9582099318504333
./cnn/stories/ecba4bd57a776abcb97795b4e4862daf2836d0c0.story,content,shorten,0,1,0.9328362941741943,0.8515595197677612,0.890346884727478,0.9328362941741943,0.8515595197677612,0.890346884727478
./cnn/stories/ecba4bd57a776abcb97795b4e4862daf2836d0c0.story,content,shorten,0,2,0.9099777936935425,0.8404365181922913,0.87382572889328,0.9618028998374939,0.948050856590271,0.9548773765563965
./cnn/stories/ecba4bd57a776abcb97795b4e4862daf2836d0c0.story,content,shorten,0,3,0.9119503498077393,0.8369468450546265,0.8728402853012085,0.980553150177002,0.9689745903015137,0.9747294783592224
./cnn/stories/ecba4bd57a776abcb97795b4e4862daf2836d0c0.story,content,shorten,1,1,0.9270889163017273,0.857904314994812,0.8911558985710144,0.9270889163017273,0.857904314994812,0.8911558985710144
./cnn/stories/ecba4bd57a776abcb97795b4e4862daf2836d0c0.story,content,shorten,1,2,0.9219059944152832,0.8501123785972595,0.8845548033714294,0.973556637763977,0.9605588316917419,0.9670140743255615
./cnn/stories/ecba4bd57a776abcb97795b4e4862daf2836d0c0.story,content,shorten,1,3,0.9191745519638062,0.8457009196281433,0.8809084296226501,0.9884787797927856,0.9807252287864685,0.984586775302887
./cnn/stories/ecba4bd57a776abcb97795b4e4862daf2836d0c0.story,content,shorten,2,1,0.9308080673217773,0.863554060459137,0.8959207534790039,0.9308080673217773,0.863554060459137,0.8959207534790039
./cnn/stories/ecba4bd57a776abcb97795b4e4862daf2836d0c0.story,content,shorten,2,2,0.8873317241668701,0.8284264206886292,0.8568679690361023,0.929887592792511,0.9026240110397339,0.9160529375076294
./cnn/stories/ecba4bd57a776abcb97795b4e4862daf2836d0c0.story,content,shorten,2,3,0.8875184655189514,0.8213536143302917,0.8531551361083984,0.9713435769081116,0.9551778435707092,0.963192880153656
./cnn/stories/ecba4bd57a776abcb97795b4e4862daf2836d0c0.story,content,elaborate,0,1,0.9012326002120972,0.8734301924705505,0.887113630771637,0.9012326002120972,0.8734301924705505,0.887113630771637
./cnn/stories/ecba4bd57a776abcb97795b4e4862daf2836d0c0.story,content,elaborate,0,2,0.8694862127304077,0.8652712106704712,0.8673735857009888,0.9118833541870117,0.9402186870574951,0.9258342981338501
./cnn/stories/ecba4bd57a776abcb97795b4e4862daf2836d0c0.story,content,elaborate,0,3,0.8538621068000793,0.8618083596229553,0.8578168153762817,0.9098590016365051,0.9243479371070862,0.9170462489128113
./cnn/stories/ecba4bd57a776abcb97795b4e4862daf2836d0c0.story,content,elaborate,1,1,0.9250551462173462,0.8930907249450684,0.9087919592857361,0.9250551462173462,0.8930907249450684,0.9087919592857361
./cnn/stories/ecba4bd57a776abcb97795b4e4862daf2836d0c0.story,content,elaborate,1,2,0.9039417505264282,0.8871141672134399,0.8954489231109619,0.941658616065979,0.9549789428710938,0.9482719898223877
./cnn/stories/ecba4bd57a776abcb97795b4e4862daf2836d0c0.story,content,elaborate,1,3,0.8945335745811462,0.8789171576499939,0.8866565823554993,0.9538337588310242,0.9555586576461792,0.954695463180542
./cnn/stories/ecba4bd57a776abcb97795b4e4862daf2836d0c0.story,content,elaborate,2,1,0.9242247343063354,0.8953887224197388,0.909578263759613,0.9242247343063354,0.8953887224197388,0.909578263759613
./cnn/stories/ecba4bd57a776abcb97795b4e4862daf2836d0c0.story,content,elaborate,2,2,0.9163402318954468,0.8925403356552124,0.9042837023735046,0.9685847759246826,0.9752064943313599,0.9718843698501587
./cnn/stories/ecba4bd57a776abcb97795b4e4862daf2836d0c0.story,content,elaborate,2,3,0.886577308177948,0.8892505168914795,0.887911856174469,0.9304903745651245,0.9614749550819397,0.9457288980484009
./cnn/stories/2e375608e5d19dae176bd9203c6120997ac6c167.story,style,formality,0,1,0.8648099899291992,0.8726885318756104,0.8687314391136169,0.8648099899291992,0.8726885318756104,0.8687314391136169
./cnn/stories/2e375608e5d19dae176bd9203c6120997ac6c167.story,style,formality,0,2,0.851239800453186,0.8556093573570251,0.8534190654754639,0.9267816543579102,0.9288715124130249,0.927825391292572
./cnn/stories/2e375608e5d19dae176bd9203c6120997ac6c167.story,style,formality,0,3,0.8504774570465088,0.8539882302284241,0.8522292375564575,0.9666290283203125,0.9654361009597778,0.9660321474075317
./cnn/stories/2e375608e5d19dae176bd9203c6120997ac6c167.story,style,formality,1,1,0.8606131076812744,0.8664118051528931,0.8635026812553406,0.8606131076812744,0.8664118051528931,0.8635026812553406
./cnn/stories/2e375608e5d19dae176bd9203c6120997ac6c167.story,style,formality,1,2,0.8536006212234497,0.8535705804824829,0.8535856008529663,0.9411789178848267,0.9352172613143921,0.9381886124610901
./cnn/stories/2e375608e5d19dae176bd9203c6120997ac6c167.story,style,formality,1,3,0.8541393876075745,0.8530128002166748,0.8535757660865784,0.9697040915489197,0.9690172672271729,0.9693605303764343
./cnn/stories/2e375608e5d19dae176bd9203c6120997ac6c167.story,style,formality,2,1,0.8507898449897766,0.8465504050254822,0.8486648201942444,0.8507898449897766,0.8465504050254822,0.8486648201942444
./cnn/stories/2e375608e5d19dae176bd9203c6120997ac6c167.story,style,formality,2,2,0.8486325740814209,0.8384394645690918,0.8435052633285522,0.9445673227310181,0.9315808415412903,0.9380291104316711
./cnn/stories/2e375608e5d19dae176bd9203c6120997ac6c167.story,style,formality,2,3,0.849129319190979,0.8362191319465637,0.8426247239112854,0.9466778039932251,0.940115213394165,0.943385124206543
./cnn/stories/2e375608e5d19dae176bd9203c6120997ac6c167.story,style,paraphrase,0,1,0.8601716756820679,0.8418771028518677,0.8509260416030884,0.8601716756820679,0.8418771028518677,0.8509260416030884
./cnn/stories/2e375608e5d19dae176bd9203c6120997ac6c167.story,style,paraphrase,0,2,0.8585336804389954,0.8412083387374878,0.8497827053070068,0.9482515454292297,0.9557114839553833,0.9519668817520142
./cnn/stories/2e375608e5d19dae176bd9203c6120997ac6c167.story,style,paraphrase,0,3,0.8582152724266052,0.8411585688591003,0.8496013283729553,0.9557080268859863,0.9584905505180359,0.9570972919464111
./cnn/stories/2e375608e5d19dae176bd9203c6120997ac6c167.story,style,paraphrase,1,1,0.8689878582954407,0.8515580892562866,0.8601846694946289,0.8689878582954407,0.8515580892562866,0.8601846694946289
./cnn/stories/2e375608e5d19dae176bd9203c6120997ac6c167.story,style,paraphrase,1,2,0.865406334400177,0.8500169515609741,0.8576425909996033,0.9572044610977173,0.9581184983253479,0.9576612114906311
./cnn/stories/2e375608e5d19dae176bd9203c6120997ac6c167.story,style,paraphrase,1,3,0.8608392477035522,0.8465219736099243,0.8536205887794495,0.965809166431427,0.9647202491760254,0.9652643799781799
./cnn/stories/2e375608e5d19dae176bd9203c6120997ac6c167.story,style,paraphrase,2,1,0.8668429851531982,0.8643637895584106,0.8656015992164612,0.8668429851531982,0.8643637895584106,0.8656015992164612
./cnn/stories/2e375608e5d19dae176bd9203c6120997ac6c167.story,style,paraphrase,2,2,0.8603999614715576,0.8582031726837158,0.8593001365661621,0.9491173028945923,0.9493698477745056,0.9492435455322266
./cnn/stories/2e375608e5d19dae176bd9203c6120997ac6c167.story,style,paraphrase,2,3,0.8608659505844116,0.8551327586174011,0.8579897880554199,0.9488694667816162,0.9456767439842224,0.947270393371582
./cnn/stories/2e375608e5d19dae176bd9203c6120997ac6c167.story,content,shorten,0,1,0.874165415763855,0.8248134851455688,0.8487727046012878,0.874165415763855,0.8248134851455688,0.8487727046012878
./cnn/stories/2e375608e5d19dae176bd9203c6120997ac6c167.story,content,shorten,0,2,0.876185417175293,0.822985827922821,0.8487527370452881,0.9843610525131226,0.9800939559936523,0.982222855091095
./cnn/stories/2e375608e5d19dae176bd9203c6120997ac6c167.story,content,shorten,0,3,0.8721375465393066,0.8227993249893188,0.8467503786087036,0.9849193096160889,0.9879154562950134,0.9864150881767273
./cnn/stories/2e375608e5d19dae176bd9203c6120997ac6c167.story,content,shorten,1,1,0.868565559387207,0.8308793306350708,0.8493046164512634,0.868565559387207,0.8308793306350708,0.8493046164512634
./cnn/stories/2e375608e5d19dae176bd9203c6120997ac6c167.story,content,shorten,1,2,0.8643066883087158,0.8223469853401184,0.8428049087524414,0.9626434445381165,0.9611302018165588,0.9618862271308899
./cnn/stories/2e375608e5d19dae176bd9203c6120997ac6c167.story,content,shorten,1,3,0.8660628795623779,0.8190004229545593,0.8418744206428528,0.9656911492347717,0.9558823704719543,0.9607617259025574
./cnn/stories/2e375608e5d19dae176bd9203c6120997ac6c167.story,content,shorten,2,1,0.866653323173523,0.843181312084198,0.8547562956809998,0.866653323173523,0.843181312084198,0.8547562956809998
./cnn/stories/2e375608e5d19dae176bd9203c6120997ac6c167.story,content,shorten,2,2,0.8626819252967834,0.8389214277267456,0.8506357669830322,0.9725063443183899,0.969369113445282,0.9709351658821106
./cnn/stories/2e375608e5d19dae176bd9203c6120997ac6c167.story,content,shorten,2,3,0.8625942468643188,0.8380793333053589,0.8501600623130798,0.9644363522529602,0.9605854749679565,0.9625070095062256
./cnn/stories/2e375608e5d19dae176bd9203c6120997ac6c167.story,content,elaborate,0,1,0.8538501858711243,0.8606909513473511,0.8572568893432617,0.8538501858711243,0.8606909513473511,0.8572568893432617
./cnn/stories/2e375608e5d19dae176bd9203c6120997ac6c167.story,content,elaborate,0,2,0.8523771166801453,0.8522862195968628,0.8523316979408264,0.9093763828277588,0.9038996696472168,0.906629741191864
./cnn/stories/2e375608e5d19dae176bd9203c6120997ac6c167.story,content,elaborate,0,3,0.8383570909500122,0.8397748470306396,0.8390653133392334,0.8994709253311157,0.9017068147659302,0.9005874991416931
./cnn/stories/2e375608e5d19dae176bd9203c6120997ac6c167.story,content,elaborate,1,1,0.8508923053741455,0.8491023778915405,0.8499963879585266,0.8508923053741455,0.8491023778915405,0.8499963879585266
./cnn/stories/2e375608e5d19dae176bd9203c6120997ac6c167.story,content,elaborate,1,2,0.8414925932884216,0.8458958268165588,0.843688428401947,0.9240119457244873,0.937951922416687,0.9309297204017639
./cnn/stories/2e375608e5d19dae176bd9203c6120997ac6c167.story,content,elaborate,1,3,0.8371310830116272,0.8397525548934937,0.8384397625923157,0.9404548406600952,0.9385105967521667,0.9394817352294922
./cnn/stories/2e375608e5d19dae176bd9203c6120997ac6c167.story,content,elaborate,2,1,0.852584958076477,0.8518872261047363,0.8522359728813171,0.852584958076477,0.8518872261047363,0.8522359728813171
./cnn/stories/2e375608e5d19dae176bd9203c6120997ac6c167.story,content,elaborate,2,2,0.8471053242683411,0.8505370616912842,0.8488177061080933,0.9105453491210938,0.9117887020111084,0.9111666083335876
./cnn/stories/2e375608e5d19dae176bd9203c6120997ac6c167.story,content,elaborate,2,3,0.8379658460617065,0.8382545709609985,0.8381102085113525,0.9212136268615723,0.9249327182769775,0.923069417476654
./cnn/stories/af7116521155625b7b27a02b1b68d622fd3f6690.story,style,formality,0,1,0.9102950096130371,0.9075508117675781,0.9089208245277405,0.9102950096130371,0.9075508117675781,0.9089208245277405
./cnn/stories/af7116521155625b7b27a02b1b68d622fd3f6690.story,style,formality,0,2,0.8966606855392456,0.8929652571678162,0.8948091864585876,0.9529521465301514,0.9526301622390747,0.952791154384613
./cnn/stories/af7116521155625b7b27a02b1b68d622fd3f6690.story,style,formality,0,3,0.8524669408798218,0.8597936630249023,0.8561146259307861,0.8971574306488037,0.9092642664909363,0.9031702876091003
./cnn/stories/af7116521155625b7b27a02b1b68d622fd3f6690.story,style,formality,1,1,0.8931707143783569,0.8919158577919006,0.892542839050293,0.8931707143783569,0.8919158577919006,0.892542839050293
./cnn/stories/af7116521155625b7b27a02b1b68d622fd3f6690.story,style,formality,1,2,0.8679925203323364,0.8686931133270264,0.8683426976203918,0.9117822647094727,0.9162460565567017,0.9140087366104126
./cnn/stories/af7116521155625b7b27a02b1b68d622fd3f6690.story,style,formality,1,3,0.8594868183135986,0.8584491014480591,0.858967661857605,0.9599933624267578,0.9595956802368164,0.9597944617271423
./cnn/stories/af7116521155625b7b27a02b1b68d622fd3f6690.story,style,formality,2,1,0.8813565969467163,0.8776615858078003,0.8795051574707031,0.8813565969467163,0.8776615858078003,0.8795051574707031
./cnn/stories/af7116521155625b7b27a02b1b68d622fd3f6690.story,style,formality,2,2,0.8650332689285278,0.8593875169754028,0.8622011542320251,0.9236657619476318,0.9215927720069885,0.9226281046867371
./cnn/stories/af7116521155625b7b27a02b1b68d622fd3f6690.story,style,formality,2,3,0.8614716529846191,0.8591294288635254,0.8602989315986633,0.9701170325279236,0.9709944725036621,0.9705555438995361
./cnn/stories/af7116521155625b7b27a02b1b68d622fd3f6690.story,style,paraphrase,0,1,0.833377480506897,0.8319836854934692,0.8326799869537354,0.833377480506897,0.8319836854934692,0.8326799869537354
./cnn/stories/af7116521155625b7b27a02b1b68d622fd3f6690.story,style,paraphrase,0,2,0.831663966178894,0.8259421586990356,0.8287931680679321,0.9536077976226807,0.9416851997375488,0.947609007358551
./cnn/stories/af7116521155625b7b27a02b1b68d622fd3f6690.story,style,paraphrase,0,3,0.8318157196044922,0.8256092071533203,0.828700840473175,0.9613924622535706,0.9591943025588989,0.9602921009063721
./cnn/stories/af7116521155625b7b27a02b1b68d622fd3f6690.story,style,paraphrase,1,1,0.8884078860282898,0.8846310377120972,0.8865154385566711,0.8884078860282898,0.8846310377120972,0.8865154385566711
./cnn/stories/af7116521155625b7b27a02b1b68d622fd3f6690.story,style,paraphrase,1,2,0.8448294401168823,0.8438905477523804,0.8443596959114075,0.8854067325592041,0.8865132331848145,0.8859596848487854
./cnn/stories/af7116521155625b7b27a02b1b68d622fd3f6690.story,style,paraphrase,1,3,0.8452126383781433,0.8424938917160034,0.8438511490821838,0.9675096273422241,0.9638871550559998,0.9656950235366821
./cnn/stories/af7116521155625b7b27a02b1b68d622fd3f6690.story,style,paraphrase,2,1,0.8497586250305176,0.8529635667800903,0.8513581156730652,0.8497586250305176,0.8529635667800903,0.8513581156730652
./cnn/stories/af7116521155625b7b27a02b1b68d622fd3f6690.story,style,paraphrase,2,2,0.8465406894683838,0.8499183654785156,0.8482261300086975,0.946908712387085,0.9512579441070557,0.949078381061554
./cnn/stories/af7116521155625b7b27a02b1b68d622fd3f6690.story,style,paraphrase,2,3,0.8359848260879517,0.8462045788764954,0.8410636782646179,0.9338934421539307,0.9443467855453491,0.9390910267829895
./cnn/stories/af7116521155625b7b27a02b1b68d622fd3f6690.story,content,shorten,0,1,0.8630475401878357,0.8130249977111816,0.8372898101806641,0.8630475401878357,0.8130249977111816,0.8372898101806641
./cnn/stories/af7116521155625b7b27a02b1b68d622fd3f6690.story,content,shorten,0,2,0.8633772730827332,0.8060011863708496,0.8337031602859497,0.9733666181564331,0.9574264883995056,0.9653307795524597
./cnn/stories/af7116521155625b7b27a02b1b68d622fd3f6690.story,content,shorten,0,3,0.8672313690185547,0.8013730645179749,0.8330025672912598,0.9730917811393738,0.9538937211036682,0.9633970856666565
./cnn/stories/af7116521155625b7b27a02b1b68d622fd3f6690.story,content,shorten,1,1,0.8604203462600708,0.8298144340515137,0.8448402881622314,0.8604203462600708,0.8298144340515137,0.8448402881622314
./cnn/stories/af7116521155625b7b27a02b1b68d622fd3f6690.story,content,shorten,1,2,0.8518191576004028,0.8040554523468018,0.8272483944892883,0.9279253482818604,0.8849771022796631,0.9059424996376038
./cnn/stories/af7116521155625b7b27a02b1b68d622fd3f6690.story,content,shorten,1,3,0.8475301265716553,0.8000405430793762,0.8231009244918823,0.9711412787437439,0.9633225202560425,0.9672161340713501
./cnn/stories/af7116521155625b7b27a02b1b68d622fd3f6690.story,content,shorten,2,1,0.8495523929595947,0.8344652056694031,0.8419411778450012,0.8495523929595947,0.8344652056694031,0.8419411778450012
./cnn/stories/af7116521155625b7b27a02b1b68d622fd3f6690.story,content,shorten,2,2,0.8512903451919556,0.8312375545501709,0.8411444425582886,0.9746545553207397,0.9626014232635498,0.968590497970581
./cnn/stories/af7116521155625b7b27a02b1b68d622fd3f6690.story,content,shorten,2,3,0.8519514799118042,0.8310756683349609,0.8413840532302856,0.9860036373138428,0.9858713150024414,0.9859374761581421
./cnn/stories/af7116521155625b7b27a02b1b68d622fd3f6690.story,content,elaborate,0,1,0.8662070035934448,0.8665779829025269,0.8663924336433411,0.8662070035934448,0.8665779829025269,0.8663924336433411
./cnn/stories/af7116521155625b7b27a02b1b68d622fd3f6690.story,content,elaborate,0,2,0.8603204488754272,0.8583549857139587,0.8593366146087646,0.9277604222297668,0.9247395396232605,0.9262475371360779
./cnn/stories/af7116521155625b7b27a02b1b68d622fd3f6690.story,content,elaborate,0,3,0.8539367318153381,0.8488829135894775,0.8514024019241333,0.9382196068763733,0.9371191263198853,0.9376689791679382
./cnn/stories/af7116521155625b7b27a02b1b68d622fd3f6690.story,content,elaborate,1,1,0.8511183261871338,0.8528413772583008,0.8519790172576904,0.8511183261871338,0.8528413772583008,0.8519790172576904
./cnn/stories/af7116521155625b7b27a02b1b68d622fd3f6690.story,content,elaborate,1,2,0.8541051745414734,0.8526257872581482,0.8533648252487183,0.9426066875457764,0.9395907521247864,0.941096305847168
./cnn/stories/af7116521155625b7b27a02b1b68d622fd3f6690.story,content,elaborate,1,3,0.8476934432983398,0.8468908071517944,0.8472919464111328,0.9380847215652466,0.9380660057067871,0.9380753636360168
./cnn/stories/af7116521155625b7b27a02b1b68d622fd3f6690.story,content,elaborate,2,1,0.9013826251029968,0.8971635103225708,0.8992681503295898,0.9013826251029968,0.8971635103225708,0.8992681503295898
./cnn/stories/af7116521155625b7b27a02b1b68d622fd3f6690.story,content,elaborate,2,2,0.8959251642227173,0.8907018899917603,0.8933058977127075,0.9373579025268555,0.9362000226974487,0.9367786049842834
./cnn/stories/af7116521155625b7b27a02b1b68d622fd3f6690.story,content,elaborate,2,3,0.8869853615760803,0.8833795785903931,0.885178804397583,0.9504215717315674,0.949936032295227,0.9501787424087524
./cnn/stories/e6e18ab37963a8c075a503055061a3ca6745abdc.story,style,formality,0,1,0.889613926410675,0.89384925365448,0.891726553440094,0.889613926410675,0.89384925365448,0.891726553440094
./cnn/stories/e6e18ab37963a8c075a503055061a3ca6745abdc.story,style,formality,0,2,0.8866668939590454,0.890164852142334,0.8884124159812927,0.9740372896194458,0.9735727310180664,0.9738049507141113
./cnn/stories/e6e18ab37963a8c075a503055061a3ca6745abdc.story,style,formality,0,3,0.8816606998443604,0.8857247829437256,0.8836880326271057,0.9683126211166382,0.9693546295166016,0.968833327293396
./cnn/stories/e6e18ab37963a8c075a503055061a3ca6745abdc.story,style,formality,1,1,0.8901793360710144,0.8924760818481445,0.8913261890411377,0.8901793360710144,0.8924760818481445,0.8913261890411377
./cnn/stories/e6e18ab37963a8c075a503055061a3ca6745abdc.story,style,formality,1,2,0.8897014856338501,0.8893203735351562,0.8895108699798584,0.9694375395774841,0.9682985544204712,0.9688677191734314
./cnn/stories/e6e18ab37963a8c075a503055061a3ca6745abdc.story,style,formality,1,3,0.8885409235954285,0.8883099555969238,0.888425350189209,0.9750497341156006,0.9746545553207397,0.9748521447181702
./cnn/stories/e6e18ab37963a8c075a503055061a3ca6745abdc.story,style,formality,2,1,0.8916573524475098,0.8974060416221619,0.8945224285125732,0.8916573524475098,0.8974060416221619,0.8945224285125732
./cnn/stories/e6e18ab37963a8c075a503055061a3ca6745abdc.story,style,formality,2,2,0.8828043937683105,0.8892433643341064,0.8860121369361877,0.9584156274795532,0.9581372141838074,0.9582763910293579
./cnn/stories/e6e18ab37963a8c075a503055061a3ca6745abdc.story,style,formality,2,3,0.8836534023284912,0.8859279155731201,0.884789228439331,0.9553496837615967,0.9464487433433533,0.950878381729126
./cnn/stories/e6e18ab37963a8c075a503055061a3ca6745abdc.story,style,paraphrase,0,1,0.887818455696106,0.8809067606925964,0.8843491673469543,0.887818455696106,0.8809067606925964,0.8843491673469543
./cnn/stories/e6e18ab37963a8c075a503055061a3ca6745abdc.story,style,paraphrase,0,2,0.8733408451080322,0.8640141487121582,0.8686524629592896,0.9370970129966736,0.927945613861084,0.9324988722801208
./cnn/stories/e6e18ab37963a8c075a503055061a3ca6745abdc.story,style,paraphrase,0,3,0.8683013319969177,0.8593505620956421,0.8638027906417847,0.956483781337738,0.9574953317642212,0.9569893479347229
./cnn/stories/e6e18ab37963a8c075a503055061a3ca6745abdc.story,style,paraphrase,1,1,0.8700775504112244,0.8581463098526001,0.8640707731246948,0.8700775504112244,0.8581463098526001,0.8640707731246948
./cnn/stories/e6e18ab37963a8c075a503055061a3ca6745abdc.story,style,paraphrase,1,2,0.8715561628341675,0.8580090999603271,0.8647295236587524,0.9665902853012085,0.9622833132743835,0.9644320011138916
./cnn/stories/e6e18ab37963a8c075a503055061a3ca6745abdc.story,style,paraphrase,1,3,0.8712354898452759,0.8583492040634155,0.8647443652153015,0.9714174270629883,0.9717767834663391,0.9715970754623413
./cnn/stories/e6e18ab37963a8c075a503055061a3ca6745abdc.story,style,paraphrase,2,1,0.8689080476760864,0.8743118047714233,0.8716015219688416,0.8689080476760864,0.8743118047714233,0.8716015219688416
./cnn/stories/e6e18ab37963a8c075a503055061a3ca6745abdc.story,style,paraphrase,2,2,0.8705787062644958,0.8663613796234131,0.8684648871421814,0.948086142539978,0.9386667013168335,0.9433528780937195
./cnn/stories/e6e18ab37963a8c075a503055061a3ca6745abdc.story,style,paraphrase,2,3,0.8700631856918335,0.8675344586372375,0.8687969446182251,0.9591953158378601,0.9588106870651245,0.9590030312538147
./cnn/stories/e6e18ab37963a8c075a503055061a3ca6745abdc.story,content,shorten,0,1,0.8773562908172607,0.8592613935470581,0.8682146072387695,0.8773562908172607,0.8592613935470581,0.8682146072387695
./cnn/stories/e6e18ab37963a8c075a503055061a3ca6745abdc.story,content,shorten,0,2,0.8705986738204956,0.8436318635940552,0.8569031357765198,0.9640485048294067,0.9390750527381897,0.9513978958129883
./cnn/stories/e6e18ab37963a8c075a503055061a3ca6745abdc.story,content,shorten,0,3,0.8694967031478882,0.8413028120994568,0.8551675081253052,0.9869264364242554,0.984266996383667,0.9855949282646179
./cnn/stories/e6e18ab37963a8c075a503055061a3ca6745abdc.story,content,shorten,1,1,0.8964755535125732,0.8709758520126343,0.8835417628288269,0.8964755535125732,0.8709758520126343,0.8835417628288269
./cnn/stories/e6e18ab37963a8c075a503055061a3ca6745abdc.story,content,shorten,1,2,0.8906601667404175,0.8602705597877502,0.8752015829086304,0.9578635692596436,0.9424957633018494,0.9501175284385681
./cnn/stories/e6e18ab37963a8c075a503055061a3ca6745abdc.story,content,shorten,1,3,0.8817261457443237,0.846457839012146,0.8637321591377258,0.9652811288833618,0.9611887335777283,0.9632306098937988
./cnn/stories/e6e18ab37963a8c075a503055061a3ca6745abdc.story,content,shorten,2,1,0.8771284818649292,0.8618565797805786,0.8694254755973816,0.8771284818649292,0.8618565797805786,0.8694254755973816
./cnn/stories/e6e18ab37963a8c075a503055061a3ca6745abdc.story,content,shorten,2,2,0.8735554814338684,0.8585371375083923,0.8659811615943909,0.9618985652923584,0.9618721604347229,0.961885392665863
./cnn/stories/e6e18ab37963a8c075a503055061a3ca6745abdc.story,content,shorten,2,3,0.8782929182052612,0.8561179041862488,0.8670637011528015,0.9762967228889465,0.9591459035873413,0.9676452875137329
./cnn/stories/e6e18ab37963a8c075a503055061a3ca6745abdc.story,content,elaborate,0,1,0.8785279989242554,0.8807016611099243,0.87961345911026,0.8785279989242554,0.8807016611099243,0.87961345911026
./cnn/stories/e6e18ab37963a8c075a503055061a3ca6745abdc.story,content,elaborate,0,2,0.8681418299674988,0.8731265068054199,0.8706269860267639,0.9333963990211487,0.9342532157897949,0.9338246583938599
./cnn/stories/e6e18ab37963a8c075a503055061a3ca6745abdc.story,content,elaborate,0,3,0.8662563562393188,0.8710596561431885,0.8686513304710388,0.9490488767623901,0.9493269920349121,0.9491878747940063
./cnn/stories/e6e18ab37963a8c075a503055061a3ca6745abdc.story,content,elaborate,1,1,0.8710813522338867,0.8511838912963867,0.8610177040100098,0.8710813522338867,0.8511838912963867,0.8610177040100098
./cnn/stories/e6e18ab37963a8c075a503055061a3ca6745abdc.story,content,elaborate,1,2,0.8653465509414673,0.8470187187194824,0.8560845851898193,0.9390402436256409,0.9425060749053955,0.9407699704170227
./cnn/stories/e6e18ab37963a8c075a503055061a3ca6745abdc.story,content,elaborate,1,3,0.848041296005249,0.8476670980453491,0.8478541374206543,0.9213695526123047,0.9410316348075867,0.9310967922210693
./cnn/stories/e6e18ab37963a8c075a503055061a3ca6745abdc.story,content,elaborate,2,1,0.8756513595581055,0.878096342086792,0.8768721222877502,0.8756513595581055,0.878096342086792,0.8768721222877502
./cnn/stories/e6e18ab37963a8c075a503055061a3ca6745abdc.story,content,elaborate,2,2,0.867867112159729,0.872117817401886,0.8699872493743896,0.9343162775039673,0.9392344355583191,0.9367689490318298
./cnn/stories/e6e18ab37963a8c075a503055061a3ca6745abdc.story,content,elaborate,2,3,0.8581169247627258,0.8639630079269409,0.8610300421714783,0.9238178133964539,0.9234268665313721,0.9236222505569458
./cnn/stories/240b5c5c0a82be745f6cb38394f12aa380a181bb.story,style,formality,0,1,0.912009596824646,0.9099876284599304,0.9109975099563599,0.912009596824646,0.9099876284599304,0.9109975099563599
./cnn/stories/240b5c5c0a82be745f6cb38394f12aa380a181bb.story,style,formality,0,2,0.912068247795105,0.9072307348251343,0.9096430540084839,0.9697040319442749,0.9665701985359192,0.9681345820426941
./cnn/stories/240b5c5c0a82be745f6cb38394f12aa380a181bb.story,style,formality,0,3,0.9025716781616211,0.8913761377334595,0.8969389796257019,0.9485364556312561,0.9401154518127441,0.9443072080612183
./cnn/stories/240b5c5c0a82be745f6cb38394f12aa380a181bb.story,style,formality,1,1,0.9142042398452759,0.9136251211166382,0.9139145612716675,0.9142042398452759,0.9136251211166382,0.9139145612716675
./cnn/stories/240b5c5c0a82be745f6cb38394f12aa380a181bb.story,style,formality,1,2,0.9014837741851807,0.8952491283416748,0.8983556032180786,0.9447401762008667,0.9390935301780701,0.9419084191322327
./cnn/stories/240b5c5c0a82be745f6cb38394f12aa380a181bb.story,style,formality,1,3,0.8919764161109924,0.8908020257949829,0.8913887739181519,0.9499778747558594,0.9528894424438477,0.9514314532279968
./cnn/stories/240b5c5c0a82be745f6cb38394f12aa380a181bb.story,style,formality,2,1,0.9052141904830933,0.9024562239646912,0.9038330912590027,0.9052141904830933,0.9024562239646912,0.9038330912590027
./cnn/stories/240b5c5c0a82be745f6cb38394f12aa380a181bb.story,style,formality,2,2,0.8971008658409119,0.8969248533248901,0.8970128893852234,0.9549026489257812,0.9560374617576599,0.9554696679115295
./cnn/stories/240b5c5c0a82be745f6cb38394f12aa380a181bb.story,style,formality,2,3,0.8990187644958496,0.8963924646377563,0.8977037072181702,0.9640703201293945,0.9619327783584595,0.9630003571510315
./cnn/stories/240b5c5c0a82be745f6cb38394f12aa380a181bb.story,style,paraphrase,0,1,0.8958362936973572,0.8732979893684387,0.8844236135482788,0.8958362936973572,0.8732979893684387,0.8844236135482788
./cnn/stories/240b5c5c0a82be745f6cb38394f12aa380a181bb.story,style,paraphrase,0,2,0.880539059638977,0.8557938933372498,0.8679901957511902,0.9393953084945679,0.9334781169891357,0.9364273548126221
./cnn/stories/240b5c5c0a82be745f6cb38394f12aa380a181bb.story,style,paraphrase,0,3,0.8805238604545593,0.8555923700332642,0.8678791522979736,0.9606738686561584,0.9580512046813965,0.9593607783317566
./cnn/stories/240b5c5c0a82be745f6cb38394f12aa380a181bb.story,style,paraphrase,1,1,0.8803824186325073,0.8859151005744934,0.8831400275230408,0.8803824186325073,0.8859151005744934,0.8831400275230408
./cnn/stories/240b5c5c0a82be745f6cb38394f12aa380a181bb.story,style,paraphrase,1,2,0.8748787045478821,0.8619536757469177,0.8683680891990662,0.9376924633979797,0.9148845672607422,0.9261481165885925
./cnn/stories/240b5c5c0a82be745f6cb38394f12aa380a181bb.story,style,paraphrase,1,3,0.8731868267059326,0.8560131788253784,0.8645147085189819,0.947951078414917,0.9433953762054443,0.9456677436828613
./cnn/stories/240b5c5c0a82be745f6cb38394f12aa380a181bb.story,style,paraphrase,2,1,0.8988606929779053,0.8951280117034912,0.8969904780387878,0.8988606929779053,0.8951280117034912,0.8969904780387878
./cnn/stories/240b5c5c0a82be745f6cb38394f12aa380a181bb.story,style,paraphrase,2,2,0.8835221529006958,0.8814743161201477,0.8824970126152039,0.9354500770568848,0.9367188215255737,0.936083972454071
./cnn/stories/240b5c5c0a82be745f6cb38394f12aa380a181bb.story,style,paraphrase,2,3,0.8871608376502991,0.8815310001373291,0.8843370079994202,0.95656818151474,0.9545308947563171,0.9555484652519226
./cnn/stories/240b5c5c0a82be745f6cb38394f12aa380a181bb.story,content,shorten,0,1,0.8897772431373596,0.8471207618713379,0.867925226688385,0.8897772431373596,0.8471207618713379,0.867925226688385
./cnn/stories/240b5c5c0a82be745f6cb38394f12aa380a181bb.story,content,shorten,0,2,0.8931927680969238,0.8334932327270508,0.8623109459877014,0.9487413167953491,0.9164323806762695,0.9323070049285889
./cnn/stories/240b5c5c0a82be745f6cb38394f12aa380a181bb.story,content,shorten,0,3,0.8910677433013916,0.8319332599639893,0.8604857325553894,0.9871687293052673,0.9803345799446106,0.9837397336959839
./cnn/stories/240b5c5c0a82be745f6cb38394f12aa380a181bb.story,content,shorten,1,1,0.8881186246871948,0.8447535037994385,0.8658934831619263,0.8881186246871948,0.8447535037994385,0.8658934831619263
./cnn/stories/240b5c5c0a82be745f6cb38394f12aa380a181bb.story,content,shorten,1,2,0.8927785754203796,0.8334553241729736,0.8620975613594055,0.9542403221130371,0.9363947510719299,0.9452333450317383
./cnn/stories/240b5c5c0a82be745f6cb38394f12aa380a181bb.story,content,shorten,1,3,0.895389199256897,0.8271501660346985,0.8599179983139038,0.9670945405960083,0.9393611550331116,0.9530260562896729
./cnn/stories/240b5c5c0a82be745f6cb38394f12aa380a181bb.story,content,shorten,2,1,0.8780360221862793,0.8494900465011597,0.8635271787643433,0.8780360221862793,0.8494900465011597,0.8635271787643433
./cnn/stories/240b5c5c0a82be745f6cb38394f12aa380a181bb.story,content,shorten,2,2,0.880624532699585,0.8440829515457153,0.8619666695594788,0.9669852256774902,0.9536919593811035,0.9602925777435303
./cnn/stories/240b5c5c0a82be745f6cb38394f12aa380a181bb.story,content,shorten,2,3,0.8800642490386963,0.8425644040107727,0.860906183719635,0.9738063216209412,0.9735593795776367,0.9736828207969666
./cnn/stories/240b5c5c0a82be745f6cb38394f12aa380a181bb.story,content,elaborate,0,1,0.8687751889228821,0.8641202449798584,0.8664414882659912,0.8687751889228821,0.8641202449798584,0.8664414882659912
./cnn/stories/240b5c5c0a82be745f6cb38394f12aa380a181bb.story,content,elaborate,0,2,0.8604037165641785,0.855800211429596,0.8580957651138306,0.9391240477561951,0.9377220869064331,0.9384225606918335
./cnn/stories/240b5c5c0a82be745f6cb38394f12aa380a181bb.story,content,elaborate,0,3,0.855679988861084,0.8525533676147461,0.8541138172149658,0.9119998216629028,0.9118998050689697,0.9119498133659363
./cnn/stories/240b5c5c0a82be745f6cb38394f12aa380a181bb.story,content,elaborate,1,1,0.8725389242172241,0.8730965852737427,0.8728176951408386,0.8725389242172241,0.8730965852737427,0.8728176951408386
./cnn/stories/240b5c5c0a82be745f6cb38394f12aa380a181bb.story,content,elaborate,1,2,0.8671594858169556,0.8656880855560303,0.8664231300354004,0.9360049962997437,0.9338425993919373,0.9349225759506226
./cnn/stories/240b5c5c0a82be745f6cb38394f12aa380a181bb.story,content,elaborate,1,3,0.8584128618240356,0.8484506607055664,0.8534026741981506,0.9295817017555237,0.9186564683914185,0.9240867495536804
./cnn/stories/240b5c5c0a82be745f6cb38394f12aa380a181bb.story,content,elaborate,2,1,0.8619665503501892,0.8630744814872742,0.862520158290863,0.8619665503501892,0.8630744814872742,0.862520158290863
./cnn/stories/240b5c5c0a82be745f6cb38394f12aa380a181bb.story,content,elaborate,2,2,0.8498201370239258,0.8501986861228943,0.8500093221664429,0.9354189038276672,0.937177836894989,0.9362975358963013
./cnn/stories/240b5c5c0a82be745f6cb38394f12aa380a181bb.story,content,elaborate,2,3,0.8464338183403015,0.8424967527389526,0.8444607257843018,0.9208731651306152,0.9164578914642334,0.9186601638793945
./cnn/stories/4c4b37d29f2eeefef8b626dd9d6c7cf73c8a0280.story,style,formality,0,1,0.8811770677566528,0.869783878326416,0.8754433989524841,0.8811770677566528,0.869783878326416,0.8754433989524841
./cnn/stories/4c4b37d29f2eeefef8b626dd9d6c7cf73c8a0280.story,style,formality,0,2,0.8757496476173401,0.8646349906921387,0.8701568841934204,0.962835431098938,0.963898777961731,0.9633668065071106
./cnn/stories/4c4b37d29f2eeefef8b626dd9d6c7cf73c8a0280.story,style,formality,0,3,0.874238133430481,0.8645533323287964,0.8693687915802002,0.9771682024002075,0.9795128107070923,0.9783391356468201
./cnn/stories/4c4b37d29f2eeefef8b626dd9d6c7cf73c8a0280.story,style,formality,1,1,0.8870258927345276,0.8736562132835388,0.8802903294563293,0.8870258927345276,0.8736562132835388,0.8802903294563293
./cnn/stories/4c4b37d29f2eeefef8b626dd9d6c7cf73c8a0280.story,style,formality,1,2,0.8809122443199158,0.8671780824661255,0.8739912509918213,0.9690216779708862,0.9687020778656006,0.9688618183135986
./cnn/stories/4c4b37d29f2eeefef8b626dd9d6c7cf73c8a0280.story,style,formality,1,3,0.8778097033500671,0.8652915954589844,0.8715056777000427,0.9718552827835083,0.9726996421813965,0.9722772836685181
./cnn/stories/4c4b37d29f2eeefef8b626dd9d6c7cf73c8a0280.story,style,formality,2,1,0.8823693990707397,0.8618388175964355,0.8719832897186279,0.8823693990707397,0.8618388175964355,0.8719832897186279
./cnn/stories/4c4b37d29f2eeefef8b626dd9d6c7cf73c8a0280.story,style,formality,2,2,0.875756025314331,0.8567156791687012,0.8661312460899353,0.9670742750167847,0.9669232368469238,0.9669987559318542
./cnn/stories/4c4b37d29f2eeefef8b626dd9d6c7cf73c8a0280.story,style,formality,2,3,0.8748228549957275,0.8544995784759521,0.8645418286323547,0.969882607460022,0.9685999155044556,0.9692408442497253
./cnn/stories/4c4b37d29f2eeefef8b626dd9d6c7cf73c8a0280.story,style,paraphrase,0,1,0.8735772371292114,0.8445231914520264,0.8588045835494995,0.8735772371292114,0.8445231914520264,0.8588045835494995
./cnn/stories/4c4b37d29f2eeefef8b626dd9d6c7cf73c8a0280.story,style,paraphrase,0,2,0.8713580369949341,0.8430959582328796,0.856994092464447,0.9493379592895508,0.9502084851264954,0.9497730135917664
./cnn/stories/4c4b37d29f2eeefef8b626dd9d6c7cf73c8a0280.story,style,paraphrase,0,3,0.8685807585716248,0.8373737335205078,0.8526917695999146,0.9569807648658752,0.9541570544242859,0.9555668234825134
./cnn/stories/4c4b37d29f2eeefef8b626dd9d6c7cf73c8a0280.story,style,paraphrase,1,1,0.8744727969169617,0.8577017784118652,0.866006076335907,0.8744727969169617,0.8577017784118652,0.866006076335907
./cnn/stories/4c4b37d29f2eeefef8b626dd9d6c7cf73c8a0280.story,style,paraphrase,1,2,0.8699551820755005,0.8466264605522156,0.8581323623657227,0.9579236507415771,0.9506566524505615,0.9542763233184814
./cnn/stories/4c4b37d29f2eeefef8b626dd9d6c7cf73c8a0280.story,style,paraphrase,1,3,0.8651680946350098,0.8449823260307312,0.8549560308456421,0.9692997336387634,0.9684213399887085,0.968860387802124
./cnn/stories/4c4b37d29f2eeefef8b626dd9d6c7cf73c8a0280.story,style,paraphrase,2,1,0.8595489859580994,0.8442001938819885,0.8518054485321045,0.8595489859580994,0.8442001938819885,0.8518054485321045
./cnn/stories/4c4b37d29f2eeefef8b626dd9d6c7cf73c8a0280.story,style,paraphrase,2,2,0.8586649894714355,0.842918872833252,0.8507190942764282,0.9564225673675537,0.9572145342826843,0.9568183422088623
./cnn/stories/4c4b37d29f2eeefef8b626dd9d6c7cf73c8a0280.story,style,paraphrase,2,3,0.8562944531440735,0.8416129946708679,0.8488902449607849,0.9568189382553101,0.9622205495834351,0.9595121741294861
./cnn/stories/4c4b37d29f2eeefef8b626dd9d6c7cf73c8a0280.story,content,shorten,0,1,0.8802377581596375,0.8352720737457275,0.8571655750274658,0.8802377581596375,0.8352720737457275,0.8571655750274658
./cnn/stories/4c4b37d29f2eeefef8b626dd9d6c7cf73c8a0280.story,content,shorten,0,2,0.8787079453468323,0.830507755279541,0.85392826795578,0.9714823961257935,0.9583606719970703,0.9648768901824951
./cnn/stories/4c4b37d29f2eeefef8b626dd9d6c7cf73c8a0280.story,content,shorten,0,3,0.8761456608772278,0.82743239402771,0.8510926365852356,0.9762279391288757,0.9758695363998413,0.9760487675666809
./cnn/stories/4c4b37d29f2eeefef8b626dd9d6c7cf73c8a0280.story,content,shorten,1,1,0.8756116628646851,0.8374038338661194,0.8560816049575806,0.8756116628646851,0.8374038338661194,0.8560816049575806
./cnn/stories/4c4b37d29f2eeefef8b626dd9d6c7cf73c8a0280.story,content,shorten,1,2,0.878097414970398,0.8349947929382324,0.8560038208961487,0.9668376445770264,0.957922637462616,0.9623594880104065
./cnn/stories/4c4b37d29f2eeefef8b626dd9d6c7cf73c8a0280.story,content,shorten,1,3,0.8741546869277954,0.8307298421859741,0.8518892526626587,0.9674910306930542,0.9642554521560669,0.9658704996109009
./cnn/stories/4c4b37d29f2eeefef8b626dd9d6c7cf73c8a0280.story,content,shorten,2,1,0.8679860234260559,0.8382370471954346,0.8528522253036499,0.8679860234260559,0.8382370471954346,0.8528522253036499
./cnn/stories/4c4b37d29f2eeefef8b626dd9d6c7cf73c8a0280.story,content,shorten,2,2,0.866770327091217,0.8343613743782043,0.8502570986747742,0.9490543603897095,0.9437093734741211,0.9463742971420288
./cnn/stories/4c4b37d29f2eeefef8b626dd9d6c7cf73c8a0280.story,content,shorten,2,3,0.8651978969573975,0.8335146903991699,0.8490608334541321,0.9628267288208008,0.9635976552963257,0.9632120728492737
./cnn/stories/4c4b37d29f2eeefef8b626dd9d6c7cf73c8a0280.story,content,elaborate,0,1,0.8663464784622192,0.8565461039543152,0.8614184856414795,0.8663464784622192,0.8565461039543152,0.8614184856414795
./cnn/stories/4c4b37d29f2eeefef8b626dd9d6c7cf73c8a0280.story,content,elaborate,0,2,0.8550839424133301,0.8471599221229553,0.8511034846305847,0.9198354482650757,0.9227682948112488,0.9212995767593384
./cnn/stories/4c4b37d29f2eeefef8b626dd9d6c7cf73c8a0280.story,content,elaborate,0,3,0.8500045537948608,0.8407412767410278,0.8453475832939148,0.9163058996200562,0.919011116027832,0.9176565408706665
./cnn/stories/4c4b37d29f2eeefef8b626dd9d6c7cf73c8a0280.story,content,elaborate,1,1,0.868188738822937,0.8568458557128906,0.8624800443649292,0.868188738822937,0.8568458557128906,0.8624800443649292
./cnn/stories/4c4b37d29f2eeefef8b626dd9d6c7cf73c8a0280.story,content,elaborate,1,2,0.8574747443199158,0.8376543521881104,0.8474486470222473,0.9199801683425903,0.9099326729774475,0.9149287939071655
./cnn/stories/4c4b37d29f2eeefef8b626dd9d6c7cf73c8a0280.story,content,elaborate,1,3,0.8580287098884583,0.8373050093650818,0.8475401401519775,0.945178747177124,0.9426409602165222,0.943908154964447
./cnn/stories/4c4b37d29f2eeefef8b626dd9d6c7cf73c8a0280.story,content,elaborate,2,1,0.8577771782875061,0.8493815660476685,0.8535587191581726,0.8577771782875061,0.8493815660476685,0.8535587191581726
./cnn/stories/4c4b37d29f2eeefef8b626dd9d6c7cf73c8a0280.story,content,elaborate,2,2,0.8475634455680847,0.844681441783905,0.8461199998855591,0.9250348806381226,0.9310967326164246,0.9280559420585632
./cnn/stories/4c4b37d29f2eeefef8b626dd9d6c7cf73c8a0280.story,content,elaborate,2,3,0.8481855988502502,0.8451837301254272,0.8466820120811462,0.952767014503479,0.9517098069190979,0.9522380828857422
./cnn/stories/e2c03b6485be15913dd0829b548c92cc75ff5b7c.story,style,formality,0,1,0.9176538586616516,0.9087230563163757,0.9131666421890259,0.9176538586616516,0.9087230563163757,0.9131666421890259
./cnn/stories/e2c03b6485be15913dd0829b548c92cc75ff5b7c.story,style,formality,0,2,0.9093079566955566,0.8942685723304749,0.9017255902290344,0.9681469202041626,0.9620047807693481,0.9650660753250122
./cnn/stories/e2c03b6485be15913dd0829b548c92cc75ff5b7c.story,style,formality,0,3,0.9080067276954651,0.892875075340271,0.9003773331642151,0.9773352146148682,0.9751818776130676,0.9762573838233948
./cnn/stories/e2c03b6485be15913dd0829b548c92cc75ff5b7c.story,style,formality,1,1,0.9255489110946655,0.9118471741676331,0.9186469316482544,0.9255489110946655,0.9118471741676331,0.9186469316482544
./cnn/stories/e2c03b6485be15913dd0829b548c92cc75ff5b7c.story,style,formality,1,2,0.9176123142242432,0.906785786151886,0.912166953086853,0.9633522629737854,0.9686720371246338,0.9660048484802246
./cnn/stories/e2c03b6485be15913dd0829b548c92cc75ff5b7c.story,style,formality,1,3,0.914971649646759,0.905181348323822,0.9100502133369446,0.9744396209716797,0.974014401435852,0.9742269515991211
./cnn/stories/e2c03b6485be15913dd0829b548c92cc75ff5b7c.story,style,formality,2,1,0.914932131767273,0.8929995894432068,0.9038328528404236,0.914932131767273,0.8929995894432068,0.9038328528404236
./cnn/stories/e2c03b6485be15913dd0829b548c92cc75ff5b7c.story,style,formality,2,2,0.9051613211631775,0.889652669429779,0.8973399996757507,0.9696827530860901,0.9762673377990723,0.9729639291763306
./cnn/stories/e2c03b6485be15913dd0829b548c92cc75ff5b7c.story,style,formality,2,3,0.9058552980422974,0.8879860639572144,0.8968316316604614,0.9732731580734253,0.9707053899765015,0.9719876050949097
./cnn/stories/e2c03b6485be15913dd0829b548c92cc75ff5b7c.story,style,paraphrase,0,1,0.9274303317070007,0.8903945088386536,0.9085351824760437,0.9274303317070007,0.8903945088386536,0.9085351824760437
./cnn/stories/e2c03b6485be15913dd0829b548c92cc75ff5b7c.story,style,paraphrase,0,2,0.918951153755188,0.8854486346244812,0.901888906955719,0.9610745906829834,0.963072657585144,0.9620726108551025
./cnn/stories/e2c03b6485be15913dd0829b548c92cc75ff5b7c.story,style,paraphrase,0,3,0.9179671406745911,0.8782871961593628,0.8976888656616211,0.9654607772827148,0.9539382457733154,0.9596648812294006
./cnn/stories/e2c03b6485be15913dd0829b548c92cc75ff5b7c.story,style,paraphrase,1,1,0.9375576972961426,0.9191840887069702,0.9282799363136292,0.9375576972961426,0.9191840887069702,0.9282799363136292
./cnn/stories/e2c03b6485be15913dd0829b548c92cc75ff5b7c.story,style,paraphrase,1,2,0.9236210584640503,0.9098004102706909,0.9166586399078369,0.9636780023574829,0.9652809500694275,0.9644788503646851
./cnn/stories/e2c03b6485be15913dd0829b548c92cc75ff5b7c.story,style,paraphrase,1,3,0.9225376844406128,0.9028666019439697,0.9125961661338806,0.9726436734199524,0.9673935174942017,0.9700114727020264
./cnn/stories/e2c03b6485be15913dd0829b548c92cc75ff5b7c.story,style,paraphrase,2,1,0.9088336229324341,0.8985881805419922,0.9036818742752075,0.9088336229324341,0.8985881805419922,0.9036818742752075
./cnn/stories/e2c03b6485be15913dd0829b548c92cc75ff5b7c.story,style,paraphrase,2,2,0.9019036293029785,0.891924262046814,0.8968861699104309,0.955757737159729,0.9550768136978149,0.9554171562194824
./cnn/stories/e2c03b6485be15913dd0829b548c92cc75ff5b7c.story,style,paraphrase,2,3,0.898510754108429,0.8891905546188354,0.8938263058662415,0.9622506499290466,0.957217276096344,0.95972740650177
./cnn/stories/e2c03b6485be15913dd0829b548c92cc75ff5b7c.story,content,shorten,0,1,0.9214622378349304,0.8743135333061218,0.8972689509391785,0.9214622378349304,0.8743135333061218,0.8972689509391785
./cnn/stories/e2c03b6485be15913dd0829b548c92cc75ff5b7c.story,content,shorten,0,2,0.9127520322799683,0.8631798028945923,0.8872740268707275,0.9815378189086914,0.9765127897262573,0.9790188670158386
./cnn/stories/e2c03b6485be15913dd0829b548c92cc75ff5b7c.story,content,shorten,0,3,0.9136044979095459,0.8556885719299316,0.8836986422538757,0.9704304337501526,0.9569694399833679,0.9636529088020325
./cnn/stories/e2c03b6485be15913dd0829b548c92cc75ff5b7c.story,content,shorten,1,1,0.9244935512542725,0.8813618421554565,0.9024125933647156,0.9244935512542725,0.8813618421554565,0.9024125933647156
./cnn/stories/e2c03b6485be15913dd0829b548c92cc75ff5b7c.story,content,shorten,1,2,0.9140855073928833,0.8667483329772949,0.8897877931594849,0.97344970703125,0.9614417552947998,0.9674084186553955
./cnn/stories/e2c03b6485be15913dd0829b548c92cc75ff5b7c.story,content,shorten,1,3,0.9062598943710327,0.8597704172134399,0.8824032545089722,0.9814577102661133,0.9807755947113037,0.981116533279419
./cnn/stories/e2c03b6485be15913dd0829b548c92cc75ff5b7c.story,content,shorten,2,1,0.9256055355072021,0.8801423907279968,0.9023016095161438,0.9256055355072021,0.8801423907279968,0.9023016095161438
./cnn/stories/e2c03b6485be15913dd0829b548c92cc75ff5b7c.story,content,shorten,2,2,0.9182733297348022,0.8633562326431274,0.8899684548377991,0.9726660251617432,0.9501094818115234,0.9612554311752319
./cnn/stories/e2c03b6485be15913dd0829b548c92cc75ff5b7c.story,content,shorten,2,3,0.9128935933113098,0.8589208722114563,0.8850851655006409,0.9878303408622742,0.9842585921287537,0.986041247844696
./cnn/stories/e2c03b6485be15913dd0829b548c92cc75ff5b7c.story,content,elaborate,0,1,0.9178603291511536,0.8870754241943359,0.9022054076194763,0.9178603291511536,0.8870754241943359,0.9022054076194763
./cnn/stories/e2c03b6485be15913dd0829b548c92cc75ff5b7c.story,content,elaborate,0,2,0.8972671031951904,0.8900926113128662,0.8936654329299927,0.9270585775375366,0.9410304427146912,0.9339922666549683
./cnn/stories/e2c03b6485be15913dd0829b548c92cc75ff5b7c.story,content,elaborate,0,3,0.893688440322876,0.8895562887191772,0.8916175961494446,0.9444617629051208,0.9475083947181702,0.9459825754165649
./cnn/stories/e2c03b6485be15913dd0829b548c92cc75ff5b7c.story,content,elaborate,1,1,0.9241419434547424,0.9067962169647217,0.9153869152069092,0.9241419434547424,0.9067962169647217,0.9153869152069092
./cnn/stories/e2c03b6485be15913dd0829b548c92cc75ff5b7c.story,content,elaborate,1,2,0.9140567779541016,0.9006510972976685,0.9073044061660767,0.9640434980392456,0.9718652963638306,0.9679386019706726
./cnn/stories/e2c03b6485be15913dd0829b548c92cc75ff5b7c.story,content,elaborate,1,3,0.9105291366577148,0.9006415605545044,0.9055583477020264,0.9555782079696655,0.9587491154670715,0.957161009311676
./cnn/stories/e2c03b6485be15913dd0829b548c92cc75ff5b7c.story,content,elaborate,2,1,0.9163165092468262,0.9054362177848816,0.9108438491821289,0.9163165092468262,0.9054362177848816,0.9108438491821289
./cnn/stories/e2c03b6485be15913dd0829b548c92cc75ff5b7c.story,content,elaborate,2,2,0.9052314162254333,0.8948941230773926,0.9000330567359924,0.9528860449790955,0.9544777274131775,0.953681230545044
./cnn/stories/e2c03b6485be15913dd0829b548c92cc75ff5b7c.story,content,elaborate,2,3,0.9010986089706421,0.8954042196273804,0.8982424139976501,0.9710994958877563,0.9743504524230957,0.9727222919464111
